category,rank,source_class,source_relative_path,output_relative_path,leaf_area_ratio,disease_ratio,background_complexity_score,occlusion_score
healthy_leaves,1,Pepper__bell___healthy,Pepper__bell___healthy/dfeb1e66-f94b-4ad4-9ad3-ba50d9ac1a2d___JR_HL 7752.JPG,selected_dataset/healthy_leaves/001__Pepper_bell_healthy__dfeb1e66-f94b-4ad4-9ad3-ba50d9ac1a2d_JR_HL_7752.jpg,0.6573638916015625,0.038671340033889647,0.21259253642903703,0.26789528510116073
healthy_leaves,2,Potato___healthy,Potato___healthy/0f4ebc5a-d646-436a-919d-961342997cde___RS_HL 4183.JPG,selected_dataset/healthy_leaves/002__Potato_healthy__0f4ebc5a-d646-436a-919d-961342997cde_RS_HL_4183.jpg,0.56134033203125,0.0,0.22185307789515918,0.05545791059666047
healthy_leaves,3,Tomato_healthy,Tomato_healthy/2ee6d2c6-a766-422c-a710-e89582d8155e___GH_HL Leaf 470.JPG,selected_dataset/healthy_leaves/003__Tomato_healthy__2ee6d2c6-a766-422c-a710-e89582d8155e_GH_HL_Leaf_470.jpg,0.520904541015625,0.012244419708243014,0.2575092688061922,0.09099931701509696
healthy_leaves,4,Pepper__bell___healthy,Pepper__bell___healthy/2e9037ac-b030-4837-bf2f-56b89c4b66bf___JR_HL 7603.JPG,selected_dataset/healthy_leaves/004__Pepper_bell_healthy__2e9037ac-b030-4837-bf2f-56b89c4b66bf_JR_HL_7603.jpg,0.610382080078125,0.06502174891255437,0.1358948706071524,0.3897620087844756
healthy_leaves,5,Potato___healthy,Potato___healthy/dca8ac5c-b925-435a-a5e9-da09fa8938a1___RS_HL 4182.JPG,selected_dataset/healthy_leaves/005__Potato_healthy__dca8ac5c-b925-435a-a5e9-da09fa8938a1_RS_HL_4182.jpg,0.521087646484375,0.0,0.17742873747106902,0.06971381738708018
healthy_leaves,6,Tomato_healthy,Tomato_healthy/5fdf7f4f-4847-4492-bda8-01995d192e75___GH_HL Leaf 405.JPG,selected_dataset/healthy_leaves/006__Tomato_healthy__5fdf7f4f-4847-4492-bda8-01995d192e75_GH_HL_Leaf_405.jpg,0.4903411865234375,0.0,0.31586862781803837,0.0766685014175488
healthy_leaves,7,Pepper__bell___healthy,Pepper__bell___healthy/df451c9c-6b43-4ed7-9f21-9df981439c8e___JR_HL 8253.JPG,selected_dataset/healthy_leaves/007__Pepper_bell_healthy__df451c9c-6b43-4ed7-9f21-9df981439c8e_JR_HL_8253.jpg,0.64849853515625,0.0,0.2540964382285723,0.22665613526628914
healthy_leaves,8,Potato___healthy,Potato___healthy/2d98cbc8-cbe6-423c-b2ab-3f7f8bcea5d5___RS_HL 1945.JPG,selected_dataset/healthy_leaves/008__Potato_healthy__2d98cbc8-cbe6-423c-b2ab-3f7f8bcea5d5_RS_HL_1945.jpg,0.49432373046875,0.0074391900234596865,0.12407541886911803,0.07736083723337019
healthy_leaves,9,Tomato_healthy,Tomato_healthy/7ee078a8-218e-4ebf-8935-ec9f844ab744___GH_HL Leaf 212.9.JPG,selected_dataset/healthy_leaves/009__Tomato_healthy__7ee078a8-218e-4ebf-8935-ec9f844ab744_GH_HL_Leaf_212.9.jpg,0.5904998779296875,0.0,0.5556863146746311,0.24226814567529809
healthy_leaves,10,Pepper__bell___healthy,Pepper__bell___healthy/3b0f8dbb-905b-4bdc-b4c6-231a22a47287___JR_HL 7610.JPG,selected_dataset/healthy_leaves/010__Pepper_bell_healthy__3b0f8dbb-905b-4bdc-b4c6-231a22a47287_JR_HL_7610.jpg,0.596099853515625,0.01392515230635335,0.09766808866958944,0.23605901583594657
healthy_leaves,11,Potato___healthy,Potato___healthy/7948ada9-eabc-4cb7-a579-b73e938eb716___RS_HL 4185.JPG,selected_dataset/healthy_leaves/011__Potato_healthy__7948ada9-eabc-4cb7-a579-b73e938eb716_RS_HL_4185.jpg,0.5807952880859375,0.03016052334287891,0.40107264933042747,0.22035627556228973
healthy_leaves,12,Tomato_healthy,Tomato_healthy/f44c5128-2575-4fda-82c7-9954ead65027___GH_HL Leaf 384.JPG,selected_dataset/healthy_leaves/012__Tomato_healthy__f44c5128-2575-4fda-82c7-9954ead65027_GH_HL_Leaf_384.jpg,0.4604644775390625,0.0,0.21416776450536767,0.1052256563668576
healthy_leaves,13,Pepper__bell___healthy,Pepper__bell___healthy/b81f901d-c870-43fd-b7c7-9b699d10d27e___JR_HL 8316.JPG,selected_dataset/healthy_leaves/013__Pepper_bell_healthy__b81f901d-c870-43fd-b7c7-9b699d10d27e_JR_HL_8316.jpg,0.6569061279296875,0.0,0.234922128238563,0.49071757665536675
healthy_leaves,14,Potato___healthy,Potato___healthy/b925ad3e-fc49-497d-a6eb-115f0de20800___RS_HL 4170.JPG,selected_dataset/healthy_leaves/014__Potato_healthy__b925ad3e-fc49-497d-a6eb-115f0de20800_RS_HL_4170.jpg,0.627838134765625,0.0036698585524716863,0.48034481669072293,0.22737711616404274
healthy_leaves,15,Tomato_healthy,Tomato_healthy/37203047-d8ba-43f7-b31e-d496c41c569c___GH_HL Leaf 389.JPG,selected_dataset/healthy_leaves/015__Tomato_healthy__37203047-d8ba-43f7-b31e-d496c41c569c_GH_HL_Leaf_389.jpg,0.4509429931640625,0.038405576422021456,0.25634761957300967,0.08737392721640537
healthy_leaves,16,Pepper__bell___healthy,Pepper__bell___healthy/37a48c05-400a-487c-a64d-d90da02d0ef8___JR_HL 7961.JPG,selected_dataset/healthy_leaves/016__Pepper_bell_healthy__37a48c05-400a-487c-a64d-d90da02d0ef8_JR_HL_7961.jpg,0.627410888671875,0.0971593949122039,0.3262306612000323,0.22323744296266534
healthy_leaves,17,Potato___healthy,Potato___healthy/907f26b7-a14f-463f-a41e-f35d6e0f1417___RS_HL 1757.JPG,selected_dataset/healthy_leaves/017__Potato_healthy__907f26b7-a14f-463f-a41e-f35d6e0f1417_RS_HL_1757.jpg,0.5448150634765625,0.0,0.2227771685032844,0.24798428693903635
healthy_leaves,18,Tomato_healthy,Tomato_healthy/505465db-407b-4e0a-8110-7479dad5261c___GH_HL Leaf 389.JPG,selected_dataset/healthy_leaves/018__Tomato_healthy__505465db-407b-4e0a-8110-7479dad5261c_GH_HL_Leaf_389.jpg,0.4509429931640625,0.038405576422021456,0.25634761957300967,0.08737392721640537
healthy_leaves,19,Pepper__bell___healthy,Pepper__bell___healthy/4498790b-0f2a-42bd-be32-509229d8593c___JR_HL 8667.JPG,selected_dataset/healthy_leaves/019__Pepper_bell_healthy__4498790b-0f2a-42bd-be32-509229d8593c_JR_HL_8667.jpg,0.5607147216796875,0.015946880017416388,0.08822543249434672,0.23301594036645346
healthy_leaves,20,Potato___healthy,Potato___healthy/b42621c3-f751-46e1-a8d2-83ed85b90554___RS_HL 1740.JPG,selected_dataset/healthy_leaves/020__Potato_healthy__b42621c3-f751-46e1-a8d2-83ed85b90554_RS_HL_1740.jpg,0.558624267578125,0.009669489210598197,0.29038081143029204,0.08423585908616657
healthy_leaves,21,Tomato_healthy,Tomato_healthy/a2317e6a-8548-432c-b69f-0f6daada41fa___GH_HL Leaf 469.1.JPG,selected_dataset/healthy_leaves/021__Tomato_healthy__a2317e6a-8548-432c-b69f-0f6daada41fa_GH_HL_Leaf_469.1.jpg,0.4312286376953125,0.005201514454548671,0.2082588782736356,0.09373995209060855
healthy_leaves,22,Pepper__bell___healthy,Pepper__bell___healthy/e82c0356-bcb1-4d19-9ce2-a9b9bf9ccb16___JR_HL 8668.JPG,selected_dataset/healthy_leaves/022__Pepper_bell_healthy__e82c0356-bcb1-4d19-9ce2-a9b9bf9ccb16_JR_HL_8668.jpg,0.542083740234375,0.0,0.08800993232396628,0.23425079611036193
healthy_leaves,23,Potato___healthy,Potato___healthy/c07db642-c675-4066-99b6-56bc8207fb37___RS_HL 4164.JPG,selected_dataset/healthy_leaves/023__Potato_healthy__c07db642-c675-4066-99b6-56bc8207fb37_RS_HL_4164.jpg,0.4837188720703125,0.04463581590486104,0.2141065938125654,0.0593268378097531
healthy_leaves,24,Tomato_healthy,Tomato_healthy/9a5d3900-8707-4088-8ec0-1fad45d8bd11___GH_HL Leaf 339.JPG,selected_dataset/healthy_leaves/024__Tomato_healthy__9a5d3900-8707-4088-8ec0-1fad45d8bd11_GH_HL_Leaf_339.jpg,0.3647918701171875,0.010791818295896599,0.16960301910104295,0.0730470013670749
healthy_leaves,25,Pepper__bell___healthy,Pepper__bell___healthy/acfdebad-66f9-4f9d-b302-55fd79345b2a___JR_HL 8672.JPG,selected_dataset/healthy_leaves/025__Pepper_bell_healthy__acfdebad-66f9-4f9d-b302-55fd79345b2a_JR_HL_8672.jpg,0.588134765625,0.0,0.14996403336182018,0.2482925181555362
healthy_leaves,26,Potato___healthy,Potato___healthy/d287be3d-cac6-4485-8c31-674fb8b459be___RS_HL 1973.JPG,selected_dataset/healthy_leaves/026__Potato_healthy__d287be3d-cac6-4485-8c31-674fb8b459be_RS_HL_1973.jpg,0.531524658203125,0.0031291267152781764,0.2765331632020386,0.07753300369624888
healthy_leaves,27,Tomato_healthy,Tomato_healthy/04483b12-5e9c-4e74-a5b6-e8c87f60b43f___GH_HL Leaf 439.JPG,selected_dataset/healthy_leaves/027__Tomato_healthy__04483b12-5e9c-4e74-a5b6-e8c87f60b43f_GH_HL_Leaf_439.jpg,0.4405364990234375,0.009871497350282291,0.25879107372538807,0.0902760093674639
healthy_leaves,28,Pepper__bell___healthy,Pepper__bell___healthy/8e68dd51-f132-4aed-ad05-1ae0d743d984___JR_HL 8623.JPG,selected_dataset/healthy_leaves/028__Pepper_bell_healthy__8e68dd51-f132-4aed-ad05-1ae0d743d984_JR_HL_8623.jpg,0.569732666015625,0.01194493545449676,0.14130176839902453,0.2547697949139934
healthy_leaves,29,Potato___healthy,Potato___healthy/f66af6c0-6fc6-4020-b1de-a73685d497c2___RS_HL 4181.JPG,selected_dataset/healthy_leaves/029__Potato_healthy__f66af6c0-6fc6-4020-b1de-a73685d497c2_RS_HL_4181.jpg,0.5008697509765625,0.0029855293221629857,0.1669326101927353,0.08995027412318085
healthy_leaves,30,Tomato_healthy,Tomato_healthy/68955a6d-9454-49ba-8924-a5ed69dcd820___GH_HL Leaf 276.JPG,selected_dataset/healthy_leaves/030__Tomato_healthy__68955a6d-9454-49ba-8924-a5ed69dcd820_GH_HL_Leaf_276.jpg,0.5823516845703125,0.0,0.681393989516444,0.232601838097216
healthy_leaves,31,Pepper__bell___healthy,Pepper__bell___healthy/31394cd0-c576-4d84-9318-63e7a4ee4170___JR_HL 8640.JPG,selected_dataset/healthy_leaves/031__Pepper_bell_healthy__31394cd0-c576-4d84-9318-63e7a4ee4170_JR_HL_8640.jpg,0.5818328857421875,0.01951168340720149,0.18750500913468643,0.25504090849440214
healthy_leaves,32,Potato___healthy,Potato___healthy/3a1dbeee-089c-43f0-8f51-a92d3687a515___RS_HL 1754.JPG,selected_dataset/healthy_leaves/032__Potato_healthy__3a1dbeee-089c-43f0-8f51-a92d3687a515_RS_HL_1754.jpg,0.57147216796875,0.029317526433835308,0.39412650664119964,0.22970006685975533
healthy_leaves,33,Tomato_healthy,Tomato_healthy/45a1e50e-e504-40a6-8378-39c28914ca43___GH_HL Leaf 448.1.JPG,selected_dataset/healthy_leaves/033__Tomato_healthy__45a1e50e-e504-40a6-8378-39c28914ca43_GH_HL_Leaf_448.1.jpg,0.4233856201171875,0.0,0.3039508056852554,0.07550658552464114
healthy_leaves,34,Pepper__bell___healthy,Pepper__bell___healthy/68c3951b-fb90-4181-9a12-441b47698db3___JR_HL 5998.JPG,selected_dataset/healthy_leaves/034__Pepper_bell_healthy__68c3951b-fb90-4181-9a12-441b47698db3_JR_HL_5998.jpg,0.6078643798828125,0.031026432713306726,0.35000736114455744,0.22537469581809982
healthy_leaves,35,Potato___healthy,Potato___healthy/949cafd0-098b-497f-9590-f0fb8ccafc94___RS_HL 4168.JPG,selected_dataset/healthy_leaves/035__Potato_healthy__949cafd0-098b-497f-9590-f0fb8ccafc94_RS_HL_4168.jpg,0.5344696044921875,0.03882719045307905,0.347420281135633,0.23625731981438952
healthy_leaves,36,Tomato_healthy,Tomato_healthy/52325034-c2a2-4f00-b49d-e67cafcd2828___GH_HL Leaf 399.1.JPG,selected_dataset/healthy_leaves/036__Tomato_healthy__52325034-c2a2-4f00-b49d-e67cafcd2828_GH_HL_Leaf_399.1.jpg,0.4252166748046875,0.0,0.1867102494864537,0.12056900497473577
healthy_leaves,37,Pepper__bell___healthy,Pepper__bell___healthy/d368d083-8244-490d-8220-7f3327e57e74___JR_HL 8624.JPG,selected_dataset/healthy_leaves/037__Pepper_bell_healthy__d368d083-8244-490d-8220-7f3327e57e74_JR_HL_8624.jpg,0.5768585205078125,0.05591852929506679,0.16297658042239022,0.25741213851065964
healthy_leaves,38,Potato___healthy,Potato___healthy/a8d687be-3777-403f-bae7-5c8c19340b3f___RS_HL 1738.JPG,selected_dataset/healthy_leaves/038__Potato_healthy__a8d687be-3777-403f-bae7-5c8c19340b3f_RS_HL_1738.jpg,0.5291748046875,0.008506343713956172,0.27439507899112686,0.08679624960587035
healthy_leaves,39,Tomato_healthy,Tomato_healthy/bc0e8e3d-0cd4-4650-ac73-c099a0b75d4e___GH_HL Leaf 426.1.JPG,selected_dataset/healthy_leaves/039__Tomato_healthy__bc0e8e3d-0cd4-4650-ac73-c099a0b75d4e_GH_HL_Leaf_426.1.jpg,0.48004150390625,0.0,0.406430467789651,0.08061134635721934
healthy_leaves,40,Pepper__bell___healthy,Pepper__bell___healthy/565744a9-b6ab-46c2-bc42-f92731c6ff4c___JR_HL 7850.JPG,selected_dataset/healthy_leaves/040__Pepper_bell_healthy__565744a9-b6ab-46c2-bc42-f92731c6ff4c_JR_HL_7850.jpg,0.6565399169921875,0.02668092128198573,0.44570394794653867,0.23157206291584265
healthy_leaves,41,Potato___healthy,Potato___healthy/e693354a-053c-4093-8642-cc8f5f9eb2cc___RS_HL 1746.JPG,selected_dataset/healthy_leaves/041__Potato_healthy__e693354a-053c-4093-8642-cc8f5f9eb2cc_RS_HL_1746.jpg,0.4842529296875,0.0,0.18897408344724004,0.08590208689094957
healthy_leaves,42,Tomato_healthy,Tomato_healthy/1e8c2c4d-e787-45ff-87ac-56484ac8d3d4___GH_HL Leaf 472.JPG,selected_dataset/healthy_leaves/042__Tomato_healthy__1e8c2c4d-e787-45ff-87ac-56484ac8d3d4_GH_HL_Leaf_472.jpg,0.4944915771484375,0.0,0.4848698580255194,0.07553958724859729
healthy_leaves,43,Pepper__bell___healthy,Pepper__bell___healthy/f4c9f089-0129-4aee-968a-d3348b5a2145___JR_HL 7647.JPG,selected_dataset/healthy_leaves/043__Pepper_bell_healthy__f4c9f089-0129-4aee-968a-d3348b5a2145_JR_HL_7647.jpg,0.6376800537109375,0.02727860065564356,0.43145877847890807,0.22988112937189512
healthy_leaves,44,Potato___healthy,Potato___healthy/bb328d40-e4e6-4b84-a92a-e7cb3922c19d___RS_HL 1829.JPG,selected_dataset/healthy_leaves/044__Potato_healthy__bb328d40-e4e6-4b84-a92a-e7cb3922c19d_RS_HL_1829.jpg,0.519866943359375,0.021719988259465806,0.33019207649244364,0.231666175242344
healthy_leaves,45,Tomato_healthy,Tomato_healthy/b6fa2d79-dac1-42c6-a074-9d013843bb11___GH_HL Leaf 276.1.JPG,selected_dataset/healthy_leaves/045__Tomato_healthy__b6fa2d79-dac1-42c6-a074-9d013843bb11_GH_HL_Leaf_276.1.jpg,0.5150604248046875,0.0,0.5500915311937447,0.07572131693888065
healthy_leaves,46,Pepper__bell___healthy,Pepper__bell___healthy/2a510a2e-0e15-4ee3-9a66-a7bc27710c91___JR_HL 7704.JPG,selected_dataset/healthy_leaves/046__Pepper_bell_healthy__2a510a2e-0e15-4ee3-9a66-a7bc27710c91_JR_HL_7704.jpg,0.615997314453125,0.023705722070844686,0.30770898354451903,0.2488765767721662
healthy_leaves,47,Potato___healthy,Potato___healthy/d227e4c8-e203-4aa4-b813-25b96baa2869___RS_HL 1831.JPG,selected_dataset/healthy_leaves/047__Potato_healthy__d227e4c8-e203-4aa4-b813-25b96baa2869_RS_HL_1831.jpg,0.515625,0.17548532196969696,0.21790256713475653,0.07493844470546925
healthy_leaves,48,Tomato_healthy,Tomato_healthy/8c4cf935-765a-4689-a093-08e8c64fb124___GH_HL Leaf 369.JPG,selected_dataset/healthy_leaves/048__Tomato_healthy__8c4cf935-765a-4689-a093-08e8c64fb124_GH_HL_Leaf_369.jpg,0.4398956298828125,0.0,0.31312401611927654,0.08390154431928512
healthy_leaves,49,Pepper__bell___healthy,Pepper__bell___healthy/55e00e04-c002-48cb-b163-a7b0826e3106___JR_HL 7649.JPG,selected_dataset/healthy_leaves/049__Pepper_bell_healthy__55e00e04-c002-48cb-b163-a7b0826e3106_JR_HL_7649.jpg,0.6348114013671875,0.012114510972766387,0.4008616151279447,0.23821642097667795
healthy_leaves,50,Potato___healthy,Potato___healthy/762672f4-17e6-4fd6-84f1-3bcb091b3ca5___RS_HL 5417.JPG,selected_dataset/healthy_leaves/050__Potato_healthy__762672f4-17e6-4fd6-84f1-3bcb091b3ca5_RS_HL_5417.jpg,0.5055084228515625,0.015092517130006942,0.28888327656844515,0.07139328030537043
healthy_leaves,51,Tomato_healthy,Tomato_healthy/0184dc6b-bfc1-4515-ac59-bbadaf524e1a___GH_HL Leaf 422.1.JPG,selected_dataset/healthy_leaves/051__Tomato_healthy__0184dc6b-bfc1-4515-ac59-bbadaf524e1a_GH_HL_Leaf_422.1.jpg,0.447601318359375,0.0,0.24044294089348578,0.11071842599287433
healthy_leaves,52,Pepper__bell___healthy,Pepper__bell___healthy/e2181b5a-c576-48d9-8e03-ab8a9c6ff952___JR_HL 7812.JPG,selected_dataset/healthy_leaves/052__Pepper_bell_healthy__e2181b5a-c576-48d9-8e03-ab8a9c6ff952_JR_HL_7812.jpg,0.65411376953125,0.09939815246804143,0.3949134215696586,0.25480978950533995
healthy_leaves,53,Potato___healthy,Potato___healthy/0be9d721-82f5-42c3-b535-7494afe01dbe___RS_HL 1814.JPG,selected_dataset/healthy_leaves/053__Potato_healthy__0be9d721-82f5-42c3-b535-7494afe01dbe_RS_HL_1814.jpg,0.5534820556640625,0.053235188707854326,0.4650150412952021,0.49230197223545297
healthy_leaves,54,Tomato_healthy,Tomato_healthy/c4a30e2a-f520-4cdc-a58d-7ea1eb7c22e6___GH_HL Leaf 454.JPG,selected_dataset/healthy_leaves/054__Tomato_healthy__c4a30e2a-f520-4cdc-a58d-7ea1eb7c22e6_GH_HL_Leaf_454.jpg,0.4641265869140625,0.0,0.3491668709015476,0.0945025170700976
healthy_leaves,55,Pepper__bell___healthy,Pepper__bell___healthy/5ee3b3d6-51d7-4106-a7be-c194dd0b762a___JR_HL 7656.JPG,selected_dataset/healthy_leaves/055__Pepper_bell_healthy__5ee3b3d6-51d7-4106-a7be-c194dd0b762a_JR_HL_7656.jpg,0.6026458740234375,0.048689707557918724,0.3514914492066742,0.2330166885043818
healthy_leaves,56,Potato___healthy,Potato___healthy/20ac28d6-5708-4e31-8676-1b1979de094f___RS_HL 1735.JPG,selected_dataset/healthy_leaves/056__Potato_healthy__20ac28d6-5708-4e31-8676-1b1979de094f_RS_HL_1735.jpg,0.548126220703125,0.08966649963810479,0.2837135448473527,0.2515608480587793
healthy_leaves,57,Tomato_healthy,Tomato_healthy/87a77f4d-38bd-42dc-bdd3-5f2a1fa95ca7___GH_HL Leaf 469.3.JPG,selected_dataset/healthy_leaves/057__Tomato_healthy__87a77f4d-38bd-42dc-bdd3-5f2a1fa95ca7_GH_HL_Leaf_469.3.jpg,0.3945159912109375,0.004757300328756527,0.19414019021797918,0.09652838989403978
healthy_leaves,58,Pepper__bell___healthy,Pepper__bell___healthy/2a5eb7c8-4c8b-43a6-9448-b3983beef06c___JR_HL 8248.JPG,selected_dataset/healthy_leaves/058__Pepper_bell_healthy__2a5eb7c8-4c8b-43a6-9448-b3983beef06c_JR_HL_8248.jpg,0.5509033203125,0.0,0.2196466444283933,0.2352794406670745
healthy_leaves,59,Potato___healthy,Potato___healthy/43fd6ace-3712-494a-9aba-de5482d22561___RS_HL 1968.JPG,selected_dataset/healthy_leaves/059__Potato_healthy__43fd6ace-3712-494a-9aba-de5482d22561_RS_HL_1968.jpg,0.60198974609375,0.0,0.5418256181233878,0.23112307456913336
healthy_leaves,60,Tomato_healthy,Tomato_healthy/b91da997-c7c4-44aa-b00c-e558887d0ba6___GH_HL Leaf 368.1.JPG,selected_dataset/healthy_leaves/060__Tomato_healthy__b91da997-c7c4-44aa-b00c-e558887d0ba6_GH_HL_Leaf_368.1.jpg,0.4558258056640625,0.0,0.322407881791653,0.2556733267068613
healthy_leaves,61,Pepper__bell___healthy,Pepper__bell___healthy/83368e06-d46a-4f4b-972a-99b3a8db8963___JR_HL 7705.JPG,selected_dataset/healthy_leaves/061__Pepper_bell_healthy__83368e06-d46a-4f4b-972a-99b3a8db8963_JR_HL_7705.jpg,0.5992279052734375,0.030276794581243157,0.31073647069434396,0.24503794107579072
healthy_leaves,62,Potato___healthy,Potato___healthy/5df30492-0b54-474d-8883-bba9474ca88f___RS_HL 1801.JPG,selected_dataset/healthy_leaves/062__Potato_healthy__5df30492-0b54-474d-8883-bba9474ca88f_RS_HL_1801.jpg,0.50885009765625,0.02195034184958618,0.28551715624950186,0.08798336094937413
healthy_leaves,63,Tomato_healthy,Tomato_healthy/63612a6e-c1f1-4ae1-9741-52c28b264dfa___GH_HL Leaf 464.JPG,selected_dataset/healthy_leaves/063__Tomato_healthy__63612a6e-c1f1-4ae1-9741-52c28b264dfa_GH_HL_Leaf_464.jpg,0.453704833984375,0.03635568709221766,0.28535047347975495,0.10542298650887924
healthy_leaves,64,Pepper__bell___healthy,Pepper__bell___healthy/01d03cb9-4505-458c-a6dc-648dedccd71a___JR_HL 8474.JPG,selected_dataset/healthy_leaves/064__Pepper_bell_healthy__01d03cb9-4505-458c-a6dc-648dedccd71a_JR_HL_8474.jpg,0.5666046142578125,0.04448872970134382,0.23895169411084477,0.23648945068208374
healthy_leaves,65,Potato___healthy,Potato___healthy/71c06efe-089f-49b3-beed-095bd7640e32___RS_HL 1947.JPG,selected_dataset/healthy_leaves/065__Potato_healthy__71c06efe-089f-49b3-beed-095bd7640e32_RS_HL_1947.jpg,0.613067626953125,0.0,0.5863595667203138,0.23129463384702176
healthy_leaves,66,Tomato_healthy,Tomato_healthy/c52610f1-e253-49ac-bb6f-af3dc1d9c396___GH_HL Leaf 363.1.JPG,selected_dataset/healthy_leaves/066__Tomato_healthy__c52610f1-e253-49ac-bb6f-af3dc1d9c396_GH_HL_Leaf_363.1.jpg,0.404998779296875,0.014316931655489413,0.20710040496736765,0.10811549037332358
healthy_leaves,67,Pepper__bell___healthy,Pepper__bell___healthy/1518ab95-b80e-422f-bf88-d3b3a9fb7095___JR_HL 8009.JPG,selected_dataset/healthy_leaves/067__Pepper_bell_healthy__1518ab95-b80e-422f-bf88-d3b3a9fb7095_JR_HL_8009.jpg,0.659332275390625,0.1444110159685258,0.40308582107114954,0.2969558705682724
healthy_leaves,68,Potato___healthy,Potato___healthy/b8b7b98a-eb1a-4213-9b0b-aeef4df427e8___RS_HL 1858.JPG,selected_dataset/healthy_leaves/068__Potato_healthy__b8b7b98a-eb1a-4213-9b0b-aeef4df427e8_RS_HL_1858.jpg,0.5981597900390625,0.0,0.5277278868906423,0.23874617886049695
healthy_leaves,69,Tomato_healthy,Tomato_healthy/2f07c3a8-90db-4d61-b8e3-55b3c016c510___GH_HL Leaf 382.1.JPG,selected_dataset/healthy_leaves/069__Tomato_healthy__2f07c3a8-90db-4d61-b8e3-55b3c016c510_GH_HL_Leaf_382.1.jpg,0.458892822265625,0.0,0.33250430943811204,0.09607267311151824
healthy_leaves,70,Pepper__bell___healthy,Pepper__bell___healthy/dd7055a8-fe9e-4cc3-9b5f-79cc32e2f73d___JR_HL 8752.JPG,selected_dataset/healthy_leaves/070__Pepper_bell_healthy__dd7055a8-fe9e-4cc3-9b5f-79cc32e2f73d_JR_HL_8752.jpg,0.566802978515625,0.004764981424648684,0.1858329649709966,0.27904845250441335
healthy_leaves,71,Potato___healthy,Potato___healthy/bf2bffbb-cd8f-4d36-bd58-847808397c75___RS_HL 1786.JPG,selected_dataset/healthy_leaves/071__Potato_healthy__bf2bffbb-cd8f-4d36-bd58-847808397c75_RS_HL_1786.jpg,0.4716339111328125,0.02750008088259083,0.1985109633988425,0.24956757945771607
healthy_leaves,72,Tomato_healthy,Tomato_healthy/7a73a7f9-27e3-4898-be48-97ddcaa094a4___GH_HL Leaf 381.JPG,selected_dataset/healthy_leaves/072__Tomato_healthy__7a73a7f9-27e3-4898-be48-97ddcaa094a4_GH_HL_Leaf_381.jpg,0.45013427734375,0.0,0.35985993477503075,0.09183645127088448
healthy_leaves,73,Pepper__bell___healthy,Pepper__bell___healthy/c242dc1e-a2ab-4b51-8a81-0e6e1c8df833___JR_HL 7629.JPG,selected_dataset/healthy_leaves/073__Pepper_bell_healthy__c242dc1e-a2ab-4b51-8a81-0e6e1c8df833_JR_HL_7629.jpg,0.59649658203125,0.037859408574644426,0.3201651586108517,0.24184796237267758
healthy_leaves,74,Potato___healthy,Potato___healthy/2dee1571-ef6b-40ef-8c46-334e89aad3f1___RS_HL 1950.JPG,selected_dataset/healthy_leaves/074__Potato_healthy__2dee1571-ef6b-40ef-8c46-334e89aad3f1_RS_HL_1950.jpg,0.523284912109375,0.006677552924709861,0.38292347554215667,0.24159838823056104
healthy_leaves,75,Tomato_healthy,Tomato_healthy/28200010-ba2b-41f7-9dff-94d86019488e___GH_HL Leaf 366.JPG,selected_dataset/healthy_leaves/075__Tomato_healthy__28200010-ba2b-41f7-9dff-94d86019488e_GH_HL_Leaf_366.jpg,0.4733734130859375,0.004093736904877026,0.4026960154270909,0.09198187200109086
healthy_leaves,76,Pepper__bell___healthy,Pepper__bell___healthy/ae63319c-d90a-4fbe-b11a-cbc8b2a1db23___JR_HL 8669.JPG,selected_dataset/healthy_leaves/076__Pepper_bell_healthy__ae63319c-d90a-4fbe-b11a-cbc8b2a1db23_JR_HL_8669.jpg,0.558258056640625,0.0,0.24975880552944985,0.23314979773385275
healthy_leaves,77,Potato___healthy,Potato___healthy/1a1184f8-c414-4ead-a4c4-41ae78e29a82___RS_HL 1971.JPG,selected_dataset/healthy_leaves/077__Potato_healthy__1a1184f8-c414-4ead-a4c4-41ae78e29a82_RS_HL_1971.jpg,0.5508270263671875,0.01473725033934458,0.4322075780977931,0.2390236530687729
healthy_leaves,78,Tomato_healthy,Tomato_healthy/eb047146-6e86-44bf-a9b5-f668cb2f301b___GH_HL Leaf 225.1.JPG,selected_dataset/healthy_leaves/078__Tomato_healthy__eb047146-6e86-44bf-a9b5-f668cb2f301b_GH_HL_Leaf_225.1.jpg,0.46661376953125,0.0,0.3951885194771778,0.09820764581023535
healthy_leaves,79,Pepper__bell___healthy,Pepper__bell___healthy/ee475461-4920-4243-bacd-7a2aa297c80e___JR_HL 7611.JPG,selected_dataset/healthy_leaves/079__Pepper_bell_healthy__ee475461-4920-4243-bacd-7a2aa297c80e_JR_HL_7611.jpg,0.583038330078125,0.04480502486260141,0.27339979379591745,0.2535970214363317
healthy_leaves,80,Potato___healthy,Potato___healthy/683b04ad-7941-4819-9965-ba32c725eb22___RS_HL 1861.JPG,selected_dataset/healthy_leaves/080__Potato_healthy__683b04ad-7941-4819-9965-ba32c725eb22_RS_HL_1861.jpg,0.551849365234375,0.0,0.5157984852427144,0.23454263081072124
healthy_leaves,81,Tomato_healthy,Tomato_healthy/6900666d-da67-433d-a8bd-5a131c7ea4a9___GH_HL Leaf 467.JPG,selected_dataset/healthy_leaves/081__Tomato_healthy__6900666d-da67-433d-a8bd-5a131c7ea4a9_GH_HL_Leaf_467.jpg,0.471771240234375,0.0,0.3565347890122167,0.11249481889578389
healthy_leaves,82,Pepper__bell___healthy,Pepper__bell___healthy/3b79de24-6a09-4d8d-a49e-610438a4de32___JR_HL 8606.JPG,selected_dataset/healthy_leaves/082__Pepper_bell_healthy__3b79de24-6a09-4d8d-a49e-610438a4de32_JR_HL_8606.jpg,0.6061553955078125,0.0,0.3314758221641242,0.252352234840899
healthy_leaves,83,Potato___healthy,Potato___healthy/3c0d6888-c7e1-4cf8-9c25-9a0b8c62ba72___RS_HL 1780.JPG,selected_dataset/healthy_leaves/083__Potato_healthy__3c0d6888-c7e1-4cf8-9c25-9a0b8c62ba72_RS_HL_1780.jpg,0.5290985107421875,0.08870944484498919,0.312588801086023,0.25539843130141165
healthy_leaves,84,Tomato_healthy,Tomato_healthy/8ed42b66-acb0-42d9-a1d8-f624573e07d0___GH_HL Leaf 212.8.JPG,selected_dataset/healthy_leaves/084__Tomato_healthy__8ed42b66-acb0-42d9-a1d8-f624573e07d0_GH_HL_Leaf_212.8.jpg,0.5460052490234375,0.0,0.593873407252022,0.24327681669434176
healthy_leaves,85,Pepper__bell___healthy,Pepper__bell___healthy/d001c6f1-3c5a-470b-b4a2-7996b9c68cd6___JR_HL 7695.JPG,selected_dataset/healthy_leaves/085__Pepper_bell_healthy__d001c6f1-3c5a-470b-b4a2-7996b9c68cd6_JR_HL_7695.jpg,0.5877227783203125,0.01794013033206117,0.26845506960787796,0.25341975771796255
healthy_leaves,86,Potato___healthy,Potato___healthy/03da9931-e514-4cc7-b04a-8f474a133ce5___RS_HL 1830.JPG,selected_dataset/healthy_leaves/086__Potato_healthy__03da9931-e514-4cc7-b04a-8f474a133ce5_RS_HL_1830.jpg,0.5222930908203125,0.12363785094510503,0.37458391271889424,0.0754296211154029
healthy_leaves,87,Tomato_healthy,Tomato_healthy/085cbe78-1d5c-45eb-877f-f409526032d5___GH_HL Leaf 469.JPG,selected_dataset/healthy_leaves/087__Tomato_healthy__085cbe78-1d5c-45eb-877f-f409526032d5_GH_HL_Leaf_469.jpg,0.40081787109375,0.004263742957210294,0.24967396684437373,0.0909452060652936
healthy_leaves,88,Pepper__bell___healthy,Pepper__bell___healthy/e1b69d9c-2827-497f-9ff5-fb0908720a7e___JR_HL 8505.JPG,selected_dataset/healthy_leaves/088__Pepper_bell_healthy__e1b69d9c-2827-497f-9ff5-fb0908720a7e_JR_HL_8505.jpg,0.6203765869140625,0.03433603069582114,0.3872070918746142,0.24070668722128474
healthy_leaves,89,Potato___healthy,Potato___healthy/7bfda067-6e35-4af5-a9c4-4b3b5f357871___RS_HL 1813.JPG,selected_dataset/healthy_leaves/089__Potato_healthy__7bfda067-6e35-4af5-a9c4-4b3b5f357871_RS_HL_1813.jpg,0.5068817138671875,0.004425178361780908,0.3940509572799053,0.07996334392730302
healthy_leaves,90,Tomato_healthy,Tomato_healthy/2bd08574-9555-42a5-93b1-7fab8f9f8786___GH_HL Leaf 475.2.JPG,selected_dataset/healthy_leaves/090__Tomato_healthy__2bd08574-9555-42a5-93b1-7fab8f9f8786_GH_HL_Leaf_475.2.jpg,0.434906005859375,0.0,0.2766389079000726,0.11243543302972961
healthy_leaves,91,Pepper__bell___healthy,Pepper__bell___healthy/035746b5-cbe6-4e5d-9c3a-4bfc5c6cf5a1___JR_HL 7728.JPG,selected_dataset/healthy_leaves/091__Pepper_bell_healthy__035746b5-cbe6-4e5d-9c3a-4bfc5c6cf5a1_JR_HL_7728.jpg,0.5806121826171875,0.06454495282646974,0.26308333719400445,0.24663602255192324
healthy_leaves,92,Potato___healthy,Potato___healthy/d340704d-cc00-4068-bb8a-ae70840b7bfa___RS_HL 1773.JPG,selected_dataset/healthy_leaves/092__Potato_healthy__d340704d-cc00-4068-bb8a-ae70840b7bfa_RS_HL_1773.jpg,0.5250396728515625,0.08291435380278415,0.40844014901456527,0.07468495340279926
healthy_leaves,93,Tomato_healthy,Tomato_healthy/70ae81f5-0d05-4b69-a182-fa35bb3fe0ad___GH_HL Leaf 339.1.JPG,selected_dataset/healthy_leaves/093__Tomato_healthy__70ae81f5-0d05-4b69-a182-fa35bb3fe0ad_GH_HL_Leaf_339.1.jpg,0.492340087890625,0.0,0.5495793301479076,0.08017580858223683
healthy_leaves,94,Pepper__bell___healthy,Pepper__bell___healthy/cbc69440-99b0-46b4-ba9d-faf487692528___JR_HL 8674.JPG,selected_dataset/healthy_leaves/094__Pepper_bell_healthy__cbc69440-99b0-46b4-ba9d-faf487692528_JR_HL_8674.jpg,0.5447235107421875,0.0,0.15746940472139687,0.25776954842731115
healthy_leaves,95,Potato___healthy,Potato___healthy/a3ec91aa-8503-4711-a912-0d1427e25686___RS_HL 5409.JPG,selected_dataset/healthy_leaves/095__Potato_healthy__a3ec91aa-8503-4711-a912-0d1427e25686_RS_HL_5409.jpg,0.5479736328125,0.04271552684339497,0.4845066749506699,0.08015097948545899
healthy_leaves,96,Tomato_healthy,Tomato_healthy/1480b935-0081-4052-a7e8-09ef0040d9b5___GH_HL Leaf 338.JPG,selected_dataset/healthy_leaves/096__Tomato_healthy__1480b935-0081-4052-a7e8-09ef0040d9b5_GH_HL_Leaf_338.jpg,0.464508056640625,0.0,0.43986940332714114,0.0805163973701979
healthy_leaves,97,Pepper__bell___healthy,Pepper__bell___healthy/9915883a-fcc4-457a-bcc3-404fd25ba386___JR_HL 7605.JPG,selected_dataset/healthy_leaves/097__Pepper_bell_healthy__9915883a-fcc4-457a-bcc3-404fd25ba386_JR_HL_7605.jpg,0.6025848388671875,0.016434124230837406,0.36673998375638894,0.24344415092638877
healthy_leaves,98,Potato___healthy,Potato___healthy/e51367c1-d582-45e3-acf6-b0e652b43d3a___RS_HL 1873.JPG,selected_dataset/healthy_leaves/098__Potato_healthy__e51367c1-d582-45e3-acf6-b0e652b43d3a_RS_HL_1873.jpg,0.6066131591796875,0.013482580807445604,0.7079737630248101,0.22613022092445334
healthy_leaves,99,Tomato_healthy,Tomato_healthy/84b9dbb3-98bb-48b0-893f-74627840a2b9___GH_HL Leaf 225.JPG,selected_dataset/healthy_leaves/099__Tomato_healthy__84b9dbb3-98bb-48b0-893f-74627840a2b9_GH_HL_Leaf_225.jpg,0.46209716796875,0.004292695812970546,0.40988623540243396,0.2548177569978303
healthy_leaves,100,Pepper__bell___healthy,Pepper__bell___healthy/7a09e4c9-bc66-4d7d-aee6-20181672ff28___JR_HL 7699.JPG,selected_dataset/healthy_leaves/100__Pepper_bell_healthy__7a09e4c9-bc66-4d7d-aee6-20181672ff28_JR_HL_7699.jpg,0.62200927734375,0.02259346482190168,0.425498890979658,0.2386866853517307
healthy_leaves,101,Potato___healthy,Potato___healthy/0b3e5032-8ae8-49ac-8157-a1cac3df01dd___RS_HL 1817.JPG,selected_dataset/healthy_leaves/101__Potato_healthy__0b3e5032-8ae8-49ac-8157-a1cac3df01dd_RS_HL_1817.jpg,0.55364990234375,0.13537647447910925,0.5016751848568805,0.07714756019191124
healthy_leaves,102,Tomato_healthy,Tomato_healthy/9bda0790-8cb2-4dce-8b8a-debdbd08a67d___GH_HL Leaf 388.JPG,selected_dataset/healthy_leaves/102__Tomato_healthy__9bda0790-8cb2-4dce-8b8a-debdbd08a67d_GH_HL_Leaf_388.jpg,0.4181365966796875,0.0,0.2944314175912856,0.09605206116169461
healthy_leaves,103,Pepper__bell___healthy,Pepper__bell___healthy/2a42396f-f9a9-47cc-9dd7-7149faf1e0e2___JR_HL 8544.JPG,selected_dataset/healthy_leaves/103__Pepper_bell_healthy__2a42396f-f9a9-47cc-9dd7-7149faf1e0e2_JR_HL_8544.jpg,0.60400390625,0.007124090541632983,0.36186239274130183,0.23963139575965978
healthy_leaves,104,Potato___healthy,Potato___healthy/f0fdde26-78b4-46f0-9eb8-7c2a743d34aa___RS_HL 4165.JPG,selected_dataset/healthy_leaves/104__Potato_healthy__f0fdde26-78b4-46f0-9eb8-7c2a743d34aa_RS_HL_4165.jpg,0.4693145751953125,0.01274506616380011,0.3106377568878578,0.2459007393430611
healthy_leaves,105,Tomato_healthy,Tomato_healthy/167247af-fd67-4b70-a72e-052dc5ea863b___GH_HL Leaf 388.1.JPG,selected_dataset/healthy_leaves/105__Tomato_healthy__167247af-fd67-4b70-a72e-052dc5ea863b_GH_HL_Leaf_388.1.jpg,0.3993377685546875,0.0,0.23697817591144993,0.10001082913824816
healthy_leaves,106,Pepper__bell___healthy,Pepper__bell___healthy/1ed45244-4767-4607-a59e-61342e8f4750___JR_HL 8601.JPG,selected_dataset/healthy_leaves/106__Pepper_bell_healthy__1ed45244-4767-4607-a59e-61342e8f4750_JR_HL_8601.jpg,0.5750885009765625,0.01883838785852636,0.25223030269355634,0.25643777127857564
healthy_leaves,107,Potato___healthy,Potato___healthy/6f4b9acd-f34d-4771-a6bc-2001de2dd1d3___RS_HL 1898.JPG,selected_dataset/healthy_leaves/107__Potato_healthy__6f4b9acd-f34d-4771-a6bc-2001de2dd1d3_RS_HL_1898.jpg,0.47265625,0.0,0.322131334755796,0.08901351303492211
healthy_leaves,108,Tomato_healthy,Tomato_healthy/8d3c1a28-27a6-4376-9390-2372dadb7264___GH_HL Leaf 395.JPG,selected_dataset/healthy_leaves/108__Tomato_healthy__8d3c1a28-27a6-4376-9390-2372dadb7264_GH_HL_Leaf_395.jpg,0.397064208984375,0.0,0.2595179418263134,0.09581695185506314
healthy_leaves,109,Pepper__bell___healthy,Pepper__bell___healthy/abc2d827-8c14-4a55-90d0-101d05624c5d___JR_HL 7839.JPG,selected_dataset/healthy_leaves/109__Pepper_bell_healthy__abc2d827-8c14-4a55-90d0-101d05624c5d_JR_HL_7839.jpg,0.639434814453125,0.010046294086765618,0.4585736890363028,0.2410549327580936
healthy_leaves,110,Potato___healthy,Potato___healthy/54f86311-9d76-421b-b401-0b02f6e738a5___RS_HL 4172.JPG,selected_dataset/healthy_leaves/110__Potato_healthy__54f86311-9d76-421b-b401-0b02f6e738a5_RS_HL_4172.jpg,0.4871673583984375,0.004698217809377642,0.43766954854350154,0.22770503365145728
healthy_leaves,111,Tomato_healthy,Tomato_healthy/4f334ff5-0f0a-4d15-8760-448bebddd4f2___GH_HL Leaf 527.JPG,selected_dataset/healthy_leaves/111__Tomato_healthy__4f334ff5-0f0a-4d15-8760-448bebddd4f2_GH_HL_Leaf_527.jpg,0.4071807861328125,0.0,0.31926069321763223,0.0837226485089052
healthy_leaves,112,Pepper__bell___healthy,Pepper__bell___healthy/55ece8d9-c71c-47ec-99f0-11fc9e726485___JR_HL 7768.JPG,selected_dataset/healthy_leaves/112__Pepper_bell_healthy__55ece8d9-c71c-47ec-99f0-11fc9e726485_JR_HL_7768.jpg,0.65386962890625,0.09901521515915243,0.5020307225816307,0.23550604928799476
healthy_leaves,113,Potato___healthy,Potato___healthy/3f369e63-81eb-4194-a145-df9ed91abc5d___RS_HL 1745.JPG,selected_dataset/healthy_leaves/113__Potato_healthy__3f369e63-81eb-4194-a145-df9ed91abc5d_RS_HL_1745.jpg,0.4570465087890625,0.007044369512235836,0.30899187030918596,0.09234721042417049
healthy_leaves,114,Tomato_healthy,Tomato_healthy/068e324c-faf6-40d6-8f83-578907f1cac5___GH_HL Leaf 466.1.JPG,selected_dataset/healthy_leaves/114__Tomato_healthy__068e324c-faf6-40d6-8f83-578907f1cac5_GH_HL_Leaf_466.1.jpg,0.4300537109375,0.0727717854101618,0.33337490042026596,0.2827394161309097
healthy_leaves,115,Pepper__bell___healthy,Pepper__bell___healthy/7f972870-1c00-4e0c-bc1e-53cd97acb2d5___JR_HL 7700.JPG,selected_dataset/healthy_leaves/115__Pepper_bell_healthy__7f972870-1c00-4e0c-bc1e-53cd97acb2d5_JR_HL_7700.jpg,0.569427490234375,0.026314379119995714,0.28949784689185865,0.24994149346913141
healthy_leaves,116,Potato___healthy,Potato___healthy/7e7b6ab4-9adb-4a3b-abfb-8716b0039879___RS_HL 1921.JPG,selected_dataset/healthy_leaves/116__Potato_healthy__7e7b6ab4-9adb-4a3b-abfb-8716b0039879_RS_HL_1921.jpg,0.5072021484375,0.04984957882069795,0.46318885653490977,0.07200624271836126
healthy_leaves,117,Tomato_healthy,Tomato_healthy/34c81c57-e1fa-49dd-a49d-34fe8b2385fe___GH_HL Leaf 466.1.JPG,selected_dataset/healthy_leaves/117__Tomato_healthy__34c81c57-e1fa-49dd-a49d-34fe8b2385fe_GH_HL_Leaf_466.1.jpg,0.4300537109375,0.0727717854101618,0.33337490042026596,0.2827394161309097
healthy_leaves,118,Pepper__bell___healthy,Pepper__bell___healthy/3ede2904-b21a-4b6a-940b-062c21ff71fa___JR_HL 7613.JPG,selected_dataset/healthy_leaves/118__Pepper_bell_healthy__3ede2904-b21a-4b6a-940b-062c21ff71fa_JR_HL_7613.jpg,0.5924224853515625,0.015093367675466839,0.32220298353391796,0.24892840734216087
healthy_leaves,119,Potato___healthy,Potato___healthy/77c75478-e1f0-4aaa-9cbc-af1fed928a74___RS_HL 1748.JPG,selected_dataset/healthy_leaves/119__Potato_healthy__77c75478-e1f0-4aaa-9cbc-af1fed928a74_RS_HL_1748.jpg,0.47857666015625,0.029046040045912512,0.4150214727665331,0.07280765127855059
healthy_leaves,120,Tomato_healthy,Tomato_healthy/8140c767-937d-450c-8070-2936aeb73834___GH_HL Leaf 439.1.JPG,selected_dataset/healthy_leaves/120__Tomato_healthy__8140c767-937d-450c-8070-2936aeb73834_GH_HL_Leaf_439.1.jpg,0.3774871826171875,0.0,0.2615669518156557,0.0881758460739211
healthy_leaves,121,Pepper__bell___healthy,Pepper__bell___healthy/b6d08201-b4f8-48e9-9c58-72b5675e50b8___JR_HL 7576.JPG,selected_dataset/healthy_leaves/121__Pepper_bell_healthy__b6d08201-b4f8-48e9-9c58-72b5675e50b8_JR_HL_7576.jpg,0.538848876953125,0.028883728832757548,0.21821118721107563,0.24573432722764288
healthy_leaves,122,Potato___healthy,Potato___healthy/af15ac00-67ff-4114-ace8-6dca48b94665___RS_HL 1865.JPG,selected_dataset/healthy_leaves/122__Potato_healthy__af15ac00-67ff-4114-ace8-6dca48b94665_RS_HL_1865.jpg,0.551177978515625,0.0027407120314489786,0.5957451486334251,0.23240919080885117
healthy_leaves,123,Tomato_healthy,Tomato_healthy/64518a58-5c06-4a14-9ab6-2c4f71456050___GH_HL Leaf 394.JPG,selected_dataset/healthy_leaves/123__Tomato_healthy__64518a58-5c06-4a14-9ab6-2c4f71456050_GH_HL_Leaf_394.jpg,0.446929931640625,0.0,0.3300429498635792,0.10237061608702819
healthy_leaves,124,Pepper__bell___healthy,Pepper__bell___healthy/48f5f336-54af-4415-be68-d23b38fcdd42___JR_HL 7631.JPG,selected_dataset/healthy_leaves/124__Pepper_bell_healthy__48f5f336-54af-4415-be68-d23b38fcdd42_JR_HL_7631.jpg,0.599884033203125,0.0,0.3537546835311731,0.25101246415508505
healthy_leaves,125,Potato___healthy,Potato___healthy/00fc2ee5-729f-4757-8aeb-65c3355874f2___RS_HL 1864.JPG,selected_dataset/healthy_leaves/125__Potato_healthy__00fc2ee5-729f-4757-8aeb-65c3355874f2_RS_HL_1864.jpg,0.5425872802734375,0.1795044855029669,0.5071463697843698,0.07583940144263698
healthy_leaves,126,Tomato_healthy,Tomato_healthy/1a0a5292-5e63-4afa-8611-38eef316f1e9___GH_HL Leaf 477.JPG,selected_dataset/healthy_leaves/126__Tomato_healthy__1a0a5292-5e63-4afa-8611-38eef316f1e9_GH_HL_Leaf_477.jpg,0.39276123046875,0.0,0.20970932950747828,0.11518267640209318
healthy_leaves,127,Pepper__bell___healthy,Pepper__bell___healthy/20239e3e-cf5a-40d0-a813-02989a7a92d5___JR_HL 7729.JPG,selected_dataset/healthy_leaves/127__Pepper_bell_healthy__20239e3e-cf5a-40d0-a813-02989a7a92d5_JR_HL_7729.jpg,0.5672760009765625,0.04906259246308201,0.2752789614275798,0.24308334661357198
healthy_leaves,128,Potato___healthy,Potato___healthy/170f1f57-0fd4-421f-9c82-3b1804be63ad___RS_HL 1771.JPG,selected_dataset/healthy_leaves/128__Potato_healthy__170f1f57-0fd4-421f-9c82-3b1804be63ad_RS_HL_1771.jpg,0.4834747314453125,0.019220451317658198,0.3628600532698435,0.24170160270721158
healthy_leaves,129,Tomato_healthy,Tomato_healthy/f437a6f0-4c35-4d6b-8eaa-ca57f18fad53___GH_HL Leaf 229.JPG,selected_dataset/healthy_leaves/129__Tomato_healthy__f437a6f0-4c35-4d6b-8eaa-ca57f18fad53_GH_HL_Leaf_229.jpg,0.48309326171875,0.0,0.45943563293247075,0.2507006336803784
healthy_leaves,130,Pepper__bell___healthy,Pepper__bell___healthy/3acd00fb-4abe-4762-8a73-07c909a5883d___JR_HL 7736.JPG,selected_dataset/healthy_leaves/130__Pepper_bell_healthy__3acd00fb-4abe-4762-8a73-07c909a5883d_JR_HL_7736.jpg,0.5937652587890625,0.05458330121039241,0.339411830368084,0.23971655534452596
healthy_leaves,131,Potato___healthy,Potato___healthy/c85bacb0-e5e8-4127-a0b0-a7342f2cab5f___RS_HL 5406.JPG,selected_dataset/healthy_leaves/131__Potato_healthy__c85bacb0-e5e8-4127-a0b0-a7342f2cab5f_RS_HL_5406.jpg,0.537078857421875,0.03173475765668504,0.5621345365100205,0.07023590249222697
healthy_leaves,132,Tomato_healthy,Tomato_healthy/45a1a63e-d00e-434d-b1b8-5b14dcde5b1e___GH_HL Leaf 250.JPG,selected_dataset/healthy_leaves/132__Tomato_healthy__45a1a63e-d00e-434d-b1b8-5b14dcde5b1e_GH_HL_Leaf_250.jpg,0.5515594482421875,0.0,0.6712011399084635,0.08229537679378193
healthy_leaves,133,Pepper__bell___healthy,Pepper__bell___healthy/2492565a-7851-43ab-a1c2-41b3e0117b4a___JR_HL 7701.JPG,selected_dataset/healthy_leaves/133__Pepper_bell_healthy__2492565a-7851-43ab-a1c2-41b3e0117b4a_JR_HL_7701.jpg,0.57281494140625,0.007778369738945125,0.30565577432822316,0.25112500347430866
healthy_leaves,134,Potato___healthy,Potato___healthy/1dcfeaa9-006d-470c-b3e5-d67609d07d4e___RS_HL 1808.JPG,selected_dataset/healthy_leaves/134__Potato_healthy__1dcfeaa9-006d-470c-b3e5-d67609d07d4e_RS_HL_1808.jpg,0.5172576904296875,0.06888108793769727,0.39445732526357147,0.10280757811937656
healthy_leaves,135,Tomato_healthy,Tomato_healthy/e225eb60-d018-4014-a4f5-eadd0aad06ef___GH_HL Leaf 438.JPG,selected_dataset/healthy_leaves/135__Tomato_healthy__e225eb60-d018-4014-a4f5-eadd0aad06ef_GH_HL_Leaf_438.jpg,0.424652099609375,0.0,0.390996834338703,0.08363600867780166
healthy_leaves,136,Pepper__bell___healthy,Pepper__bell___healthy/de022e24-cd3f-4bf0-a009-85ee86f75bb6___JR_HL 7651.JPG,selected_dataset/healthy_leaves/136__Pepper_bell_healthy__de022e24-cd3f-4bf0-a009-85ee86f75bb6_JR_HL_7651.jpg,0.612884521484375,0.0,0.44277555959690473,0.23884761622954193
healthy_leaves,137,Potato___healthy,Potato___healthy/8c1e1281-5937-4559-a02f-02817de6e122___RS_HL 4173.JPG,selected_dataset/healthy_leaves/137__Potato_healthy__8c1e1281-5937-4559-a02f-02817de6e122_RS_HL_4173.jpg,0.4742584228515625,0.0,0.3601970244489222,0.24888945748172825
healthy_leaves,138,Tomato_healthy,Tomato_healthy/d80d474d-1d8a-4381-8960-db93b611b5c8___GH_HL Leaf 390.JPG,selected_dataset/healthy_leaves/138__Tomato_healthy__d80d474d-1d8a-4381-8960-db93b611b5c8_GH_HL_Leaf_390.jpg,0.40570068359375,0.0,0.34377501984743347,0.08502369407701416
healthy_leaves,139,Pepper__bell___healthy,Pepper__bell___healthy/c1443eb8-9c20-46b7-8f19-cd9c78c76674___JR_HL 7745.JPG,selected_dataset/healthy_leaves/139__Pepper_bell_healthy__c1443eb8-9c20-46b7-8f19-cd9c78c76674_JR_HL_7745.jpg,0.6024627685546875,0.018970189701897018,0.39950429932306386,0.24249314937890953
healthy_leaves,140,Potato___healthy,Potato___healthy/de9a8669-d437-40f0-aa56-fe2d8276a1e0___RS_HL 1910.JPG,selected_dataset/healthy_leaves/140__Potato_healthy__de9a8669-d437-40f0-aa56-fe2d8276a1e0_RS_HL_1910.jpg,0.5544891357421875,0.0029169762514103304,0.5963091242222491,0.23690689768778567
healthy_leaves,141,Tomato_healthy,Tomato_healthy/a5e54e01-2cd5-482a-bfba-8728ca32473c___GH_HL Leaf 426.JPG,selected_dataset/healthy_leaves/141__Tomato_healthy__a5e54e01-2cd5-482a-bfba-8728ca32473c_GH_HL_Leaf_426.jpg,0.4673309326171875,0.0,0.5006076976245044,0.08027412984169534
healthy_leaves,142,Pepper__bell___healthy,Pepper__bell___healthy/d7b05154-5e02-41f1-b12a-2d1522c8f306___JR_HL 8636.JPG,selected_dataset/healthy_leaves/142__Pepper_bell_healthy__d7b05154-5e02-41f1-b12a-2d1522c8f306_JR_HL_8636.jpg,0.547515869140625,0.03154785129034056,0.16755102654862375,0.27361201081974607
healthy_leaves,143,Potato___healthy,Potato___healthy/3a00204c-5e53-4e5d-95a6-f8819031744e___RS_HL 5420.JPG,selected_dataset/healthy_leaves/143__Potato_healthy__3a00204c-5e53-4e5d-95a6-f8819031744e_RS_HL_5420.jpg,0.4597015380859375,0.008364589902745046,0.2755984677327741,0.09175944045444465
healthy_leaves,144,Tomato_healthy,Tomato_healthy/5ecf00da-161c-4e2f-a525-b9223adce0b6___GH_HL Leaf 252.1.JPG,selected_dataset/healthy_leaves/144__Tomato_healthy__5ecf00da-161c-4e2f-a525-b9223adce0b6_GH_HL_Leaf_252.1.jpg,0.511016845703125,0.0,0.5646176891029491,0.08888508370711924
healthy_leaves,145,Pepper__bell___healthy,Pepper__bell___healthy/53b9167d-744d-460e-b3fe-268a84b3427b___JR_HL 8655.JPG,selected_dataset/healthy_leaves/145__Pepper_bell_healthy__53b9167d-744d-460e-b3fe-268a84b3427b_JR_HL_8655.jpg,0.5758819580078125,0.0732889960520389,0.27892239107450256,0.25273304775540306
healthy_leaves,146,Potato___healthy,Potato___healthy/111cd9d8-4d27-4225-be9e-d29b21cf56b9___RS_HL 5419.JPG,selected_dataset/healthy_leaves/146__Potato_healthy__111cd9d8-4d27-4225-be9e-d29b21cf56b9_RS_HL_5419.jpg,0.5180816650390625,0.010308367449120844,0.5088258356655799,0.07519561582791441
healthy_leaves,147,Tomato_healthy,Tomato_healthy/d9974fa7-5337-4c75-af93-04828d6f503e___GH_HL Leaf 381.1.JPG,selected_dataset/healthy_leaves/147__Tomato_healthy__d9974fa7-5337-4c75-af93-04828d6f503e_GH_HL_Leaf_381.1.jpg,0.443878173828125,0.0,0.41410097104844595,0.08966843990253553
healthy_leaves,148,Pepper__bell___healthy,Pepper__bell___healthy/9d5afa2f-31ed-4f5b-aba4-f1f9725f97ef___JR_HL 7655.JPG,selected_dataset/healthy_leaves/148__Pepper_bell_healthy__9d5afa2f-31ed-4f5b-aba4-f1f9725f97ef_JR_HL_7655.jpg,0.608062744140625,0.027402760351317442,0.40728046668823703,0.24259992982716488
healthy_leaves,149,Potato___healthy,Potato___healthy/d50a580b-46bd-47f5-a0bf-8535da774104___RS_HL 5408.JPG,selected_dataset/healthy_leaves/149__Potato_healthy__d50a580b-46bd-47f5-a0bf-8535da774104_RS_HL_5408.jpg,0.5719451904296875,0.03919109996531761,0.6372554128737784,0.2335050180243512
healthy_leaves,150,Tomato_healthy,Tomato_healthy/45167988-3f78-4309-8ce2-633d7521847f___GH_HL Leaf 432.1.JPG,selected_dataset/healthy_leaves/150__Tomato_healthy__45167988-3f78-4309-8ce2-633d7521847f_GH_HL_Leaf_432.1.jpg,0.381927490234375,0.0,0.2911537064117824,0.08866717042915988
healthy_leaves,151,Pepper__bell___healthy,Pepper__bell___healthy/498c3933-65ca-487e-91d1-35c715d281f2___JR_HL 7706.JPG,selected_dataset/healthy_leaves/151__Pepper_bell_healthy__498c3933-65ca-487e-91d1-35c715d281f2_JR_HL_7706.jpg,0.576751708984375,0.022276310915921478,0.31148575155675107,0.25276998882782714
healthy_leaves,152,Potato___healthy,Potato___healthy/1f9870b3-899e-46fb-98c9-cfc2ce92895b___RS_HL 1816.JPG,selected_dataset/healthy_leaves/152__Potato_healthy__1f9870b3-899e-46fb-98c9-cfc2ce92895b_RS_HL_1816.jpg,0.5500030517578125,0.13116937161880982,0.5018349863523279,0.2442722908656621
healthy_leaves,153,Tomato_healthy,Tomato_healthy/5300bf32-485d-4978-9099-3175fb666da8___GH_HL Leaf 475.JPG,selected_dataset/healthy_leaves/153__Tomato_healthy__5300bf32-485d-4978-9099-3175fb666da8_GH_HL_Leaf_475.jpg,0.4476776123046875,0.012406694161355192,0.36357951982478076,0.11153133612825461
healthy_leaves,154,Pepper__bell___healthy,Pepper__bell___healthy/08af8792-fca1-451c-bf59-51cdd9d8b7e6___JR_HL 7740.JPG,selected_dataset/healthy_leaves/154__Pepper_bell_healthy__08af8792-fca1-451c-bf59-51cdd9d8b7e6_JR_HL_7740.jpg,0.6161041259765625,0.07008940733585953,0.3923220021042798,0.2555865651210817
healthy_leaves,155,Potato___healthy,Potato___healthy/9c620128-2872-4bbb-bc14-d5b785242cf6___RS_HL 1751.JPG,selected_dataset/healthy_leaves/155__Potato_healthy__9c620128-2872-4bbb-bc14-d5b785242cf6_RS_HL_1751.jpg,0.54620361328125,0.12255559280366521,0.4727192102563128,0.25675866488037014
healthy_leaves,156,Tomato_healthy,Tomato_healthy/48a36957-9e8e-4a17-b789-e775ea4bc523___GH_HL Leaf 254.1.JPG,selected_dataset/healthy_leaves/156__Tomato_healthy__48a36957-9e8e-4a17-b789-e775ea4bc523_GH_HL_Leaf_254.1.jpg,0.39556884765625,0.005863292701743558,0.27291651103041803,0.09541436339330063
healthy_leaves,157,Pepper__bell___healthy,Pepper__bell___healthy/0984b7ed-2a64-40fe-b0fa-ff440b0fc8e4___JR_HL 8600.JPG,selected_dataset/healthy_leaves/157__Pepper_bell_healthy__0984b7ed-2a64-40fe-b0fa-ff440b0fc8e4_JR_HL_8600.jpg,0.6154022216796875,0.03523344325704793,0.43574863867570873,0.2459207253047176
healthy_leaves,158,Potato___healthy,Potato___healthy/f4b5ec24-d318-4309-8294-9126450d5d7f___RS_HL 1824.JPG,selected_dataset/healthy_leaves/158__Potato_healthy__f4b5ec24-d318-4309-8294-9126450d5d7f_RS_HL_1824.jpg,0.49859619140625,0.008844411800710002,0.45525814675845455,0.2418065250244396
healthy_leaves,159,Tomato_healthy,Tomato_healthy/fccb58ad-1644-403e-851b-dd3a27c893ef___GH_HL Leaf 387.1.JPG,selected_dataset/healthy_leaves/159__Tomato_healthy__fccb58ad-1644-403e-851b-dd3a27c893ef_GH_HL_Leaf_387.1.jpg,0.3956756591796875,0.0,0.3351958641316821,0.08171892620362609
healthy_leaves,160,Pepper__bell___healthy,Pepper__bell___healthy/681d3ccb-7653-4f08-a483-f80e3d7724df___JR_HL 8688.JPG,selected_dataset/healthy_leaves/160__Pepper_bell_healthy__681d3ccb-7653-4f08-a483-f80e3d7724df_JR_HL_8688.jpg,0.561737060546875,0.0,0.24981649107746492,0.2610078811358205
healthy_leaves,161,Potato___healthy,Potato___healthy/c6abf1da-b06f-4cd2-8af6-d68be5eff6f9___RS_HL 1766.JPG,selected_dataset/healthy_leaves/161__Potato_healthy__c6abf1da-b06f-4cd2-8af6-d68be5eff6f9_RS_HL_1766.jpg,0.54254150390625,0.0,0.5686358556491482,0.2370479900803263
healthy_leaves,162,Tomato_healthy,Tomato_healthy/5546f7a3-67af-432a-9a09-35f02e6cc741___GH_HL Leaf 216.JPG,selected_dataset/healthy_leaves/162__Tomato_healthy__5546f7a3-67af-432a-9a09-35f02e6cc741_GH_HL_Leaf_216.jpg,0.5444793701171875,0.0,0.6013180712700282,0.27182202285805124
healthy_leaves,163,Pepper__bell___healthy,Pepper__bell___healthy/c291223d-c9bb-4089-b8ea-c479a28c9519___JR_HL 8612.JPG,selected_dataset/healthy_leaves/163__Pepper_bell_healthy__c291223d-c9bb-4089-b8ea-c479a28c9519_JR_HL_8612.jpg,0.559844970703125,0.02829108748977923,0.2999904416475694,0.24284884304938503
healthy_leaves,164,Potato___healthy,Potato___healthy/d325e580-5faa-4aea-927d-2700f52cc343___RS_HL 1872.JPG,selected_dataset/healthy_leaves/164__Potato_healthy__d325e580-5faa-4aea-927d-2700f52cc343_RS_HL_1872.jpg,0.5395965576171875,0.04298277861041201,0.6063102878561544,0.07166247134782244
healthy_leaves,165,Tomato_healthy,Tomato_healthy/ab1658d8-ef48-4068-b2b5-ce49fb3d06c0___GH_HL Leaf 397.1.JPG,selected_dataset/healthy_leaves/165__Tomato_healthy__ab1658d8-ef48-4068-b2b5-ce49fb3d06c0_GH_HL_Leaf_397.1.jpg,0.3779296875,0.012718023255813954,0.19696856204779395,0.11564604642860593
healthy_leaves,166,Pepper__bell___healthy,Pepper__bell___healthy/0e2afa6e-568c-4694-babd-dc15057b53b3___JR_HL 8475.JPG,selected_dataset/healthy_leaves/166__Pepper_bell_healthy__0e2afa6e-568c-4694-babd-dc15057b53b3_JR_HL_8475.jpg,0.59307861328125,0.1067459092312442,0.35958104942654406,0.2358960518921639
healthy_leaves,167,Potato___healthy,Potato___healthy/b536ea91-c5f8-413b-87f3-a22ac3d959d1___RS_HL 1825.JPG,selected_dataset/healthy_leaves/167__Potato_healthy__b536ea91-c5f8-413b-87f3-a22ac3d959d1_RS_HL_1825.jpg,0.55755615234375,0.057088122605363986,0.5840887317152766,0.2404406245395153
healthy_leaves,168,Tomato_healthy,Tomato_healthy/37081fee-4a04-4134-99d9-f9ac3801ad47___GH_HL Leaf 201.1.JPG,selected_dataset/healthy_leaves/168__Tomato_healthy__37081fee-4a04-4134-99d9-f9ac3801ad47_GH_HL_Leaf_201.1.jpg,0.440582275390625,0.0,0.4283393798840587,0.08799374571038686
healthy_leaves,169,Pepper__bell___healthy,Pepper__bell___healthy/6a6a7f87-4efb-43c7-ae36-1f9db31246f2___JR_HL 7703.JPG,selected_dataset/healthy_leaves/169__Pepper_bell_healthy__6a6a7f87-4efb-43c7-ae36-1f9db31246f2_JR_HL_7703.jpg,0.5798187255859375,0.03210610805547515,0.3394957743309255,0.25370617955882707
healthy_leaves,170,Potato___healthy,Potato___healthy/aa04db6d-645f-4e8a-88dc-c9f9396f0800___RS_HL 1975.JPG,selected_dataset/healthy_leaves/170__Potato_healthy__aa04db6d-645f-4e8a-88dc-c9f9396f0800_RS_HL_1975.jpg,0.4491729736328125,0.0,0.40184002333000834,0.23197551713961725
healthy_leaves,171,Tomato_healthy,Tomato_healthy/8809940a-a097-4488-9e49-3ffdc10d8d9a___GH_HL Leaf 245.JPG,selected_dataset/healthy_leaves/171__Tomato_healthy__8809940a-a097-4488-9e49-3ffdc10d8d9a_GH_HL_Leaf_245.jpg,0.407257080078125,0.0,0.3336421762449815,0.0915860250562827
healthy_leaves,172,Pepper__bell___healthy,Pepper__bell___healthy/96c6b91d-dbd3-4c64-8280-30e72cad1bff___JR_HL 8619.JPG,selected_dataset/healthy_leaves/172__Pepper_bell_healthy__96c6b91d-dbd3-4c64-8280-30e72cad1bff_JR_HL_8619.jpg,0.5406036376953125,0.037906799514522,0.2172078188044748,0.25505527412964457
healthy_leaves,173,Potato___healthy,Potato___healthy/1b434c52-7be4-40c4-90d5-13220f1a3eba___RS_HL 5418.JPG,selected_dataset/healthy_leaves/173__Potato_healthy__1b434c52-7be4-40c4-90d5-13220f1a3eba_RS_HL_5418.jpg,0.4997100830078125,0.030199395401386303,0.4519777766402576,0.23869699665858596
healthy_leaves,174,Tomato_healthy,Tomato_healthy/063d05a7-1a53-4631-818d-44b34126974e___GH_HL Leaf 453.JPG,selected_dataset/healthy_leaves/174__Tomato_healthy__063d05a7-1a53-4631-818d-44b34126974e_GH_HL_Leaf_453.jpg,0.462432861328125,0.0,0.5368039683654884,0.07957306434930345
healthy_leaves,175,Pepper__bell___healthy,Pepper__bell___healthy/f102520d-aa05-452f-9c24-6e480d59112e___JR_HL 7750.JPG,selected_dataset/healthy_leaves/175__Pepper_bell_healthy__f102520d-aa05-452f-9c24-6e480d59112e_JR_HL_7750.jpg,0.613037109375,0.08878434886499402,0.39021484390401423,0.26584996795437627
healthy_leaves,176,Potato___healthy,Potato___healthy/a4d1d8cb-26a2-413f-a229-021e2eea87ac___RS_HL 1819.JPG,selected_dataset/healthy_leaves/176__Potato_healthy__a4d1d8cb-26a2-413f-a229-021e2eea87ac_RS_HL_1819.jpg,0.4452972412109375,0.04327862111503272,0.39816726711503103,0.07558450769700925
healthy_leaves,177,Tomato_healthy,Tomato_healthy/f163df8f-6510-4520-82ee-779d2679af33___GH_HL Leaf 422.2.JPG,selected_dataset/healthy_leaves/177__Tomato_healthy__f163df8f-6510-4520-82ee-779d2679af33_GH_HL_Leaf_422.2.jpg,0.4030609130859375,0.0,0.26113425668697476,0.11046058425981659
healthy_leaves,178,Pepper__bell___healthy,Pepper__bell___healthy/e7d0f9a3-f28d-4c66-aba7-ce7c831590f5___JR_HL 8249.JPG,selected_dataset/healthy_leaves/178__Pepper_bell_healthy__e7d0f9a3-f28d-4c66-aba7-ce7c831590f5_JR_HL_8249.jpg,0.548980712890625,0.06484518316749124,0.25515295144182987,0.24649565956328612
healthy_leaves,179,Potato___healthy,Potato___healthy/046641c1-f837-49eb-b5f2-4109910a027c___RS_HL 1878.JPG,selected_dataset/healthy_leaves/179__Potato_healthy__046641c1-f837-49eb-b5f2-4109910a027c_RS_HL_1878.jpg,0.6006011962890625,0.04151317293767943,0.7033055488446573,0.239491471443545
healthy_leaves,180,Tomato_healthy,Tomato_healthy/0894c925-d193-412f-961d-d188b57ee337___GH_HL Leaf 393.JPG,selected_dataset/healthy_leaves/180__Tomato_healthy__0894c925-d193-412f-961d-d188b57ee337_GH_HL_Leaf_393.jpg,0.4245147705078125,0.0,0.29359495747238834,0.1262321236740623
healthy_leaves,181,Pepper__bell___healthy,Pepper__bell___healthy/8df9ced4-88b2-496e-8988-b82f7e94c103___JR_HL 7671.JPG,selected_dataset/healthy_leaves/181__Pepper_bell_healthy__8df9ced4-88b2-496e-8988-b82f7e94c103_JR_HL_7671.jpg,0.610748291015625,0.0776495278069255,0.4027318535134679,0.24340300265817227
healthy_leaves,182,Potato___healthy,Potato___healthy/a5050bde-febc-4931-b31d-45c9652df318___RS_HL 5373.JPG,selected_dataset/healthy_leaves/182__Potato_healthy__a5050bde-febc-4931-b31d-45c9652df318_RS_HL_5373.jpg,0.545806884765625,0.02700587084148728,0.5873378967894958,0.07634457121070257
healthy_leaves,183,Tomato_healthy,Tomato_healthy/e3b5600f-9c88-4060-826f-aa7c972c9325___GH_HL Leaf 291.JPG,selected_dataset/healthy_leaves/183__Tomato_healthy__e3b5600f-9c88-4060-826f-aa7c972c9325_GH_HL_Leaf_291.jpg,0.49969482421875,0.0,0.5505173903802523,0.25409217642791937
healthy_leaves,184,Pepper__bell___healthy,Pepper__bell___healthy/7bb213e0-2c58-43dc-9fb2-7c90474887eb___JR_HL 8689.JPG,selected_dataset/healthy_leaves/184__Pepper_bell_healthy__7bb213e0-2c58-43dc-9fb2-7c90474887eb_JR_HL_8689.jpg,0.5576019287109375,0.05199354185480119,0.2632640202841889,0.2633402668899074
healthy_leaves,185,Potato___healthy,Potato___healthy/144d2475-21ab-4bdc-a67c-9672a9b711e6___RS_HL 5376.JPG,selected_dataset/healthy_leaves/185__Potato_healthy__144d2475-21ab-4bdc-a67c-9672a9b711e6_RS_HL_5376.jpg,0.5181427001953125,0.03946167211473334,0.5087906333421783,0.24434371812697103
healthy_leaves,186,Tomato_healthy,Tomato_healthy/7f5c8018-c4c3-4471-aa30-defe910ea3d9___GH_HL Leaf 444.1.JPG,selected_dataset/healthy_leaves/186__Tomato_healthy__7f5c8018-c4c3-4471-aa30-defe910ea3d9_GH_HL_Leaf_444.1.jpg,0.4241943359375,0.0,0.3981376017474725,0.09050605319442881
healthy_leaves,187,Pepper__bell___healthy,Pepper__bell___healthy/e3762d61-1481-4161-9577-bbbd69742711___JR_HL 8660.JPG,selected_dataset/healthy_leaves/187__Pepper_bell_healthy__e3762d61-1481-4161-9577-bbbd69742711_JR_HL_8660.jpg,0.531646728515625,0.0,0.19088994021338446,0.26288374643951723
healthy_leaves,188,Potato___healthy,Potato___healthy/d1752ed4-a0a7-4075-917d-205c0e785dcf___RS_HL 1911.JPG,selected_dataset/healthy_leaves/188__Potato_healthy__d1752ed4-a0a7-4075-917d-205c0e785dcf_RS_HL_1911.jpg,0.496307373046875,0.029914529914529916,0.5483113283915257,0.06945328401373477
healthy_leaves,189,Tomato_healthy,Tomato_healthy/cd469bb3-30c8-4cad-9b4e-27c77a538dfa___GH_HL Leaf 392.JPG,selected_dataset/healthy_leaves/189__Tomato_healthy__cd469bb3-30c8-4cad-9b4e-27c77a538dfa_GH_HL_Leaf_392.jpg,0.3696441650390625,0.007760577915376677,0.3365257795413247,0.0817655940859535
healthy_leaves,190,Pepper__bell___healthy,Pepper__bell___healthy/118ec2cf-48d0-4bb9-9487-612ea61471a1___JR_HL 7730.JPG,selected_dataset/healthy_leaves/190__Pepper_bell_healthy__118ec2cf-48d0-4bb9-9487-612ea61471a1_JR_HL_7730.jpg,0.5635986328125,0.07472384665367121,0.241895053299568,0.26085015242692655
healthy_leaves,191,Potato___healthy,Potato___healthy/9a6eb7c4-6b43-477a-89e0-69f62ef67991___RS_HL 1846.JPG,selected_dataset/healthy_leaves/191__Potato_healthy__9a6eb7c4-6b43-477a-89e0-69f62ef67991_RS_HL_1846.jpg,0.49945068359375,0.13240865208358793,0.4129313535643269,0.0863715570534866
healthy_leaves,192,Tomato_healthy,Tomato_healthy/0f5a5880-c1f1-4356-8336-d65c69b54cc1___GH_HL Leaf 380.1JPG.JPG,selected_dataset/healthy_leaves/192__Tomato_healthy__0f5a5880-c1f1-4356-8336-d65c69b54cc1_GH_HL_Leaf_380.1JPG.jpg,0.4212646484375,0.0,0.3616799173074232,0.09611244280819596
healthy_leaves,193,Pepper__bell___healthy,Pepper__bell___healthy/0414429e-4295-4216-b2ed-96b21cb35928___JR_HL 8250.JPG,selected_dataset/healthy_leaves/193__Pepper_bell_healthy__0414429e-4295-4216-b2ed-96b21cb35928_JR_HL_8250.jpg,0.5491180419921875,0.08297440742490343,0.21931826864229875,0.25574293418586724
healthy_leaves,194,Potato___healthy,Potato___healthy/533abd3a-3e1d-42d0-ae9c-5189282b78af___RS_HL 5369.JPG,selected_dataset/healthy_leaves/194__Potato_healthy__533abd3a-3e1d-42d0-ae9c-5189282b78af_RS_HL_5369.jpg,0.523712158203125,0.06669191772041257,0.5205393817478172,0.24132232835077158
healthy_leaves,195,Tomato_healthy,Tomato_healthy/5216e02b-891f-4b00-9768-73f13e6d8ebf___GH_HL Leaf 433.1.JPG,selected_dataset/healthy_leaves/195__Tomato_healthy__5216e02b-891f-4b00-9768-73f13e6d8ebf_GH_HL_Leaf_433.1.jpg,0.430389404296875,0.0,0.39093666077261685,0.09009040114887973
healthy_leaves,196,Pepper__bell___healthy,Pepper__bell___healthy/3dbd080a-21d0-4fb0-8c31-9638c6030943___JR_HL 5817.JPG,selected_dataset/healthy_leaves/196__Pepper_bell_healthy__3dbd080a-21d0-4fb0-8c31-9638c6030943_JR_HL_5817.jpg,0.508026123046875,0.005106025109629363,0.13627953853853192,0.27078049673056204
healthy_leaves,197,Potato___healthy,Potato___healthy/56ae1281-5ee5-4f2a-8678-c2e4491878c6___RS_HL 1869.JPG,selected_dataset/healthy_leaves/197__Potato_healthy__56ae1281-5ee5-4f2a-8678-c2e4491878c6_RS_HL_1869.jpg,0.448333740234375,0.02232659451364781,0.4323989555479957,0.07839718442807049
healthy_leaves,198,Tomato_healthy,Tomato_healthy/87f08e15-5b2d-4d01-b83b-fd958eba02d4___GH_HL Leaf 434.2.JPG,selected_dataset/healthy_leaves/198__Tomato_healthy__87f08e15-5b2d-4d01-b83b-fd958eba02d4_GH_HL_Leaf_434.2.jpg,0.3833160400390625,0.0,0.2769142375194683,0.10976429723588342
healthy_leaves,199,Pepper__bell___healthy,Pepper__bell___healthy/c0f45b4c-fd37-4555-8e2f-4ab0f2622e6c___JR_HL 8546.JPG,selected_dataset/healthy_leaves/199__Pepper_bell_healthy__c0f45b4c-fd37-4555-8e2f-4ab0f2622e6c_JR_HL_8546.jpg,0.5340728759765625,0.01791377389217451,0.2245936847827398,0.25268668527071714
healthy_leaves,200,Potato___healthy,Potato___healthy/ef7005dc-1d44-412e-b858-145a2d7a6fa9___RS_HL 1951.JPG,selected_dataset/healthy_leaves/200__Potato_healthy__ef7005dc-1d44-412e-b858-145a2d7a6fa9_RS_HL_1951.jpg,0.53009033203125,0.015860679332181923,0.5890324935498034,0.07991142954914107
healthy_leaves,201,Tomato_healthy,Tomato_healthy/5576cac9-71e4-4ec3-96bd-9b5cfa94fef4___GH_HL Leaf 267.JPG,selected_dataset/healthy_leaves/201__Tomato_healthy__5576cac9-71e4-4ec3-96bd-9b5cfa94fef4_GH_HL_Leaf_267.jpg,0.4599151611328125,0.0,0.48783658475621927,0.24736359219876666
healthy_leaves,202,Pepper__bell___healthy,Pepper__bell___healthy/fae85a08-cbd5-4dae-9a03-474cd6ab7efe___JR_HL 7645.JPG,selected_dataset/healthy_leaves/202__Pepper_bell_healthy__fae85a08-cbd5-4dae-9a03-474cd6ab7efe_JR_HL_7645.jpg,0.629058837890625,0.045238441760054336,0.4485005796034014,0.29648418096081625
healthy_leaves,203,Potato___healthy,Potato___healthy/163ada72-4288-4f85-a3c1-feed23c8d1de___RS_HL 1940.JPG,selected_dataset/healthy_leaves/203__Potato_healthy__163ada72-4288-4f85-a3c1-feed23c8d1de_RS_HL_1940.jpg,0.490325927734375,0.0815646978278459,0.45177937019391046,0.08517082028956413
healthy_leaves,204,Tomato_healthy,Tomato_healthy/66534b5a-a6b7-46bb-bc09-a6bba9d9a61a___GH_HL Leaf 225.2.JPG,selected_dataset/healthy_leaves/204__Tomato_healthy__66534b5a-a6b7-46bb-bc09-a6bba9d9a61a_GH_HL_Leaf_225.2.jpg,0.453643798828125,0.0,0.46503523375442657,0.09960745136445393
healthy_leaves,205,Pepper__bell___healthy,Pepper__bell___healthy/f61b245c-cfa1-4505-b91b-c318de0c42a7___JR_HL 8625.JPG,selected_dataset/healthy_leaves/205__Pepper_bell_healthy__f61b245c-cfa1-4505-b91b-c318de0c42a7_JR_HL_8625.jpg,0.5425567626953125,0.00885901510251146,0.24857744111508756,0.2597473976414127
healthy_leaves,206,Potato___healthy,Potato___healthy/8b2ce6b6-f00a-4f25-ac6d-4249dd7dc5f6___RS_HL 1890.JPG,selected_dataset/healthy_leaves/206__Potato_healthy__8b2ce6b6-f00a-4f25-ac6d-4249dd7dc5f6_RS_HL_1890.jpg,0.487701416015625,0.0,0.5171384641993086,0.08738933303041303
healthy_leaves,207,Tomato_healthy,Tomato_healthy/8cc9bd20-8bc9-49c2-bef6-5d43644e7216___GH_HL Leaf 459.JPG,selected_dataset/healthy_leaves/207__Tomato_healthy__8cc9bd20-8bc9-49c2-bef6-5d43644e7216_GH_HL_Leaf_459.jpg,0.424835205078125,0.043675023346023994,0.3011734172458865,0.27364838897404287
healthy_leaves,208,Pepper__bell___healthy,Pepper__bell___healthy/a029b826-1974-448d-b4f5-6a2edb66f0a3___JR_HL 7792.JPG,selected_dataset/healthy_leaves/208__Pepper_bell_healthy__a029b826-1974-448d-b4f5-6a2edb66f0a3_JR_HL_7792.jpg,0.6051788330078125,0.10108166712891757,0.4025118311556731,0.24445376284959522
healthy_leaves,209,Potato___healthy,Potato___healthy/38faf81d-c83b-42ca-b4c3-e3bbfa070589___RS_HL 1805.JPG,selected_dataset/healthy_leaves/209__Potato_healthy__38faf81d-c83b-42ca-b4c3-e3bbfa070589_RS_HL_1805.jpg,0.4903717041015625,0.0,0.5045651015472418,0.24629330645963016
healthy_leaves,210,Tomato_healthy,Tomato_healthy/51e66b4b-c192-432f-bc52-d1c86a8da427___GH_HL Leaf 397.JPG,selected_dataset/healthy_leaves/210__Tomato_healthy__51e66b4b-c192-432f-bc52-d1c86a8da427_GH_HL_Leaf_397.jpg,0.404083251953125,0.006457216222339702,0.26694579724984735,0.11916521175932925
healthy_leaves,211,Pepper__bell___healthy,Pepper__bell___healthy/0c102dad-d31f-469b-89d1-6fe7bf93708c___JR_HL 7689.JPG,selected_dataset/healthy_leaves/211__Pepper_bell_healthy__0c102dad-d31f-469b-89d1-6fe7bf93708c_JR_HL_7689.jpg,0.6197662353515625,0.015756949060738115,0.4706272649923081,0.24854209220962561
healthy_leaves,212,Potato___healthy,Potato___healthy/b28c43f9-5844-4e9b-86bf-36bc114cae07___RS_HL 1736.JPG,selected_dataset/healthy_leaves/212__Potato_healthy__b28c43f9-5844-4e9b-86bf-36bc114cae07_RS_HL_1736.jpg,0.4392547607421875,0.10740959460867752,0.3079321820835016,0.09465089511831751
healthy_leaves,213,Tomato_healthy,Tomato_healthy/688c6cc1-16b4-4f4a-9491-afba5c8a64b6___GH_HL Leaf 347.JPG,selected_dataset/healthy_leaves/213__Tomato_healthy__688c6cc1-16b4-4f4a-9491-afba5c8a64b6_GH_HL_Leaf_347.jpg,0.4962921142578125,0.0,0.5113918628170563,0.2652383638490353
healthy_leaves,214,Pepper__bell___healthy,Pepper__bell___healthy/03a4f6f6-9c17-4310-921b-5dbf97df630a___JR_HL 8571.JPG,selected_dataset/healthy_leaves/214__Pepper_bell_healthy__03a4f6f6-9c17-4310-921b-5dbf97df630a_JR_HL_8571.jpg,0.552734375,0.00968970848056537,0.25592142643361127,0.2613744074574856
healthy_leaves,215,Potato___healthy,Potato___healthy/c3caa84b-6078-4489-80ac-919d92d25ff7___RS_HL 1772.JPG,selected_dataset/healthy_leaves/215__Potato_healthy__c3caa84b-6078-4489-80ac-919d92d25ff7_RS_HL_1772.jpg,0.5029754638671875,0.05500106179655978,0.5348472813531433,0.2321627792108369
healthy_leaves,216,Tomato_healthy,Tomato_healthy/1971e05b-fc5e-40c1-a4ff-c6a4c746693f___GH_HL Leaf 237.JPG,selected_dataset/healthy_leaves/216__Tomato_healthy__1971e05b-fc5e-40c1-a4ff-c6a4c746693f_GH_HL_Leaf_237.jpg,0.4882354736328125,0.0,0.523003119582784,0.256751279632957
healthy_leaves,217,Pepper__bell___healthy,Pepper__bell___healthy/9439a69a-66c9-48cc-8030-7ac35a92e2a2___JR_HL 8577.JPG,selected_dataset/healthy_leaves/217__Pepper_bell_healthy__9439a69a-66c9-48cc-8030-7ac35a92e2a2_JR_HL_8577.jpg,0.5655975341796875,0.02808427981762754,0.3101004577470635,0.254368009215486
healthy_leaves,218,Potato___healthy,Potato___healthy/b9ea902d-e557-4fa5-893b-39a7a57c0121___RS_HL 1893.JPG,selected_dataset/healthy_leaves/218__Potato_healthy__b9ea902d-e557-4fa5-893b-39a7a57c0121_RS_HL_1893.jpg,0.487548828125,0.0,0.47497858390487724,0.26388739914681736
healthy_leaves,219,Tomato_healthy,Tomato_healthy/d76f5b4a-9205-4a14-9181-5d3add326231___GH_HL Leaf 447.JPG,selected_dataset/healthy_leaves/219__Tomato_healthy__d76f5b4a-9205-4a14-9181-5d3add326231_GH_HL_Leaf_447.jpg,0.387359619140625,0.0,0.3489363661906863,0.08856965951912625
healthy_leaves,220,Pepper__bell___healthy,Pepper__bell___healthy/b6220cf3-e18d-4303-a7ed-cf60570bed93___JR_HL 5814.JPG,selected_dataset/healthy_leaves/220__Pepper_bell_healthy__b6220cf3-e18d-4303-a7ed-cf60570bed93_JR_HL_5814.jpg,0.512939453125,0.011988338886244645,0.11980277174060489,0.2878905446354408
healthy_leaves,221,Potato___healthy,Potato___healthy/b89db9d3-a413-4781-bc88-5f6c2085ab5f___RS_HL 1909.JPG,selected_dataset/healthy_leaves/221__Potato_healthy__b89db9d3-a413-4781-bc88-5f6c2085ab5f_RS_HL_1909.jpg,0.50347900390625,0.04452054794520548,0.6197499522112957,0.06841843412140759
healthy_leaves,222,Tomato_healthy,Tomato_healthy/3b05e678-aa3c-47c6-9ebd-0650efd82b16___GH_HL Leaf 399.JPG,selected_dataset/healthy_leaves/222__Tomato_healthy__3b05e678-aa3c-47c6-9ebd-0650efd82b16_GH_HL_Leaf_399.jpg,0.383148193359375,0.004022301871764237,0.253305839212976,0.12307804575507418
healthy_leaves,223,Pepper__bell___healthy,Pepper__bell___healthy/cdad1237-5d1e-46e8-a5fc-b0514aa994ab___JR_HL 8680.JPG,selected_dataset/healthy_leaves/223__Pepper_bell_healthy__cdad1237-5d1e-46e8-a5fc-b0514aa994ab_JR_HL_8680.jpg,0.5665435791015625,0.027256322551105605,0.307707568024024,0.26654632499868314
healthy_leaves,224,Potato___healthy,Potato___healthy/45bc0b37-ca59-4a89-8531-705af42a6fd5___RS_HL 1946.JPG,selected_dataset/healthy_leaves/224__Potato_healthy__45bc0b37-ca59-4a89-8531-705af42a6fd5_RS_HL_1946.jpg,0.5520172119140625,0.050667551206567706,0.6835750781204059,0.07525946734548106
healthy_leaves,225,Tomato_healthy,Tomato_healthy/631c137e-7cd2-4923-829c-ec7cacdd2d01___GH_HL Leaf 420.JPG,selected_dataset/healthy_leaves/225__Tomato_healthy__631c137e-7cd2-4923-829c-ec7cacdd2d01_GH_HL_Leaf_420.jpg,0.3950347900390625,0.0,0.34966872805358895,0.09538342803922932
healthy_leaves,226,Pepper__bell___healthy,Pepper__bell___healthy/57205d1c-04ed-4af8-a011-8b1beabb8295___JR_HL 5845.JPG,selected_dataset/healthy_leaves/226__Pepper_bell_healthy__57205d1c-04ed-4af8-a011-8b1beabb8295_JR_HL_5845.jpg,0.582000732421875,0.05828220858895705,0.412179649699194,0.24087915636204785
healthy_leaves,227,Potato___healthy,Potato___healthy/f0036dfd-9f46-4f2f-9001-5973495f2171___RS_HL 1849.JPG,selected_dataset/healthy_leaves/227__Potato_healthy__f0036dfd-9f46-4f2f-9001-5973495f2171_RS_HL_1849.jpg,0.4964141845703125,0.02830971628807672,0.49356670219750487,0.2447971054449578
healthy_leaves,228,Tomato_healthy,Tomato_healthy/b8b8bef0-e86c-47ae-ba47-7912b10beffe___GH_HL Leaf 302.JPG,selected_dataset/healthy_leaves/228__Tomato_healthy__b8b8bef0-e86c-47ae-ba47-7912b10beffe_GH_HL_Leaf_302.jpg,0.4677734375,0.0,0.4873227157996407,0.2646949141273578
healthy_leaves,229,Pepper__bell___healthy,Pepper__bell___healthy/2f2aa4d8-cb43-4745-8cac-7560829ba950___JR_HL 8020.JPG,selected_dataset/healthy_leaves/229__Pepper_bell_healthy__2f2aa4d8-cb43-4745-8cac-7560829ba950_JR_HL_8020.jpg,0.63177490234375,0.11428847454352237,0.4574471131516922,0.24695413437880975
healthy_leaves,230,Potato___healthy,Potato___healthy/2ccb9ee9-faac-4d32-9af5-29497fa2e028___RS_HL 1837.JPG,selected_dataset/healthy_leaves/230__Potato_healthy__2ccb9ee9-faac-4d32-9af5-29497fa2e028_RS_HL_1837.jpg,0.541229248046875,0.04274034395263603,0.5702153105202298,0.2504376369286462
healthy_leaves,231,Tomato_healthy,Tomato_healthy/a261cf1c-0bf5-4dec-b796-5dfe2ab0ee1b___GH_HL Leaf 322.JPG,selected_dataset/healthy_leaves/231__Tomato_healthy__a261cf1c-0bf5-4dec-b796-5dfe2ab0ee1b_GH_HL_Leaf_322.jpg,0.4713134765625,0.0,0.45510614439326524,0.2758178843781364
healthy_leaves,232,Pepper__bell___healthy,Pepper__bell___healthy/fe0d5adf-1935-45a9-b2ff-37b00d7421f8___JR_HL 7737.JPG,selected_dataset/healthy_leaves/232__Pepper_bell_healthy__fe0d5adf-1935-45a9-b2ff-37b00d7421f8_JR_HL_7737.jpg,0.5965118408203125,0.05151817460926508,0.3952168454452709,0.24924386864535125
healthy_leaves,233,Potato___healthy,Potato___healthy/51a03694-82cd-43a5-9877-ddce42c1a5ad___RS_HL 1779.JPG,selected_dataset/healthy_leaves/233__Potato_healthy__51a03694-82cd-43a5-9877-ddce42c1a5ad_RS_HL_1779.jpg,0.4786834716796875,0.09365337413534794,0.4308889607594467,0.09107171077949468
healthy_leaves,234,Tomato_healthy,Tomato_healthy/5a7de071-ba6b-4a06-a3d4-eab0abdc6ecf___GH_HL Leaf 398.1.JPG,selected_dataset/healthy_leaves/234__Tomato_healthy__5a7de071-ba6b-4a06-a3d4-eab0abdc6ecf_GH_HL_Leaf_398.1.jpg,0.3852386474609375,0.004119301303125124,0.22893995904588887,0.12399286810433888
healthy_leaves,235,Pepper__bell___healthy,Pepper__bell___healthy/0379e766-3bb9-4d00-8600-7d818a4b2ebf___JR_HL 7769.JPG,selected_dataset/healthy_leaves/235__Pepper_bell_healthy__0379e766-3bb9-4d00-8600-7d818a4b2ebf_JR_HL_7769.jpg,0.6070709228515625,0.0992836496166897,0.44303216120927463,0.23394817121011627
healthy_leaves,236,Potato___healthy,Potato___healthy/60e9a878-13e0-4345-964c-fd807cd20bbb___RS_HL 1876.JPG,selected_dataset/healthy_leaves/236__Potato_healthy__60e9a878-13e0-4345-964c-fd807cd20bbb_RS_HL_1876.jpg,0.5598907470703125,0.028125255498323933,0.7533210814070898,0.06695948398361094
healthy_leaves,237,Tomato_healthy,Tomato_healthy/000146ff-92a4-4db6-90ad-8fce2ae4fddd___GH_HL Leaf 259.1.JPG,selected_dataset/healthy_leaves/237__Tomato_healthy__000146ff-92a4-4db6-90ad-8fce2ae4fddd_GH_HL_Leaf_259.1.jpg,0.4304962158203125,0.0,0.47322466177530176,0.08031832044715354
healthy_leaves,238,Pepper__bell___healthy,Pepper__bell___healthy/9d62abba-a162-4bba-8b4d-da33a01a4347___JR_HL 8687.JPG,selected_dataset/healthy_leaves/238__Pepper_bell_healthy__9d62abba-a162-4bba-8b4d-da33a01a4347_JR_HL_8687.jpg,0.5865020751953125,0.022686473970393112,0.36970540998695245,0.25584542284104866
healthy_leaves,239,Potato___healthy,Potato___healthy/c6204cb3-cd9f-4d7b-92a6-9773fe562cab___RS_HL 1939.JPG,selected_dataset/healthy_leaves/239__Potato_healthy__c6204cb3-cd9f-4d7b-92a6-9773fe562cab_RS_HL_1939.jpg,0.53106689453125,0.08605332720376968,0.6414870318203797,0.07427812065393176
healthy_leaves,240,Tomato_healthy,Tomato_healthy/483659eb-d6da-4eb6-9106-cfe4240becbe___RS_HL 9895.JPG,selected_dataset/healthy_leaves/240__Tomato_healthy__483659eb-d6da-4eb6-9106-cfe4240becbe_RS_HL_9895.jpg,0.6001129150390625,0.07127056370617102,0.8665921547375748,0.2470219604066815
healthy_leaves,241,Pepper__bell___healthy,Pepper__bell___healthy/0e526c7b-72ee-4547-916b-5cba013097b6___JR_HL 7735.JPG,selected_dataset/healthy_leaves/241__Pepper_bell_healthy__0e526c7b-72ee-4547-916b-5cba013097b6_JR_HL_7735.jpg,0.58197021484375,0.057420031463030936,0.36064382114086546,0.2449453741772571
healthy_leaves,242,Potato___healthy,Potato___healthy/22322780-95b4-4b45-b626-26b22965d55e___RS_HL 1880.JPG,selected_dataset/healthy_leaves/242__Potato_healthy__22322780-95b4-4b45-b626-26b22965d55e_RS_HL_1880.jpg,0.502655029296875,0.00874263857689272,0.5580796346820288,0.24338479768798332
healthy_leaves,243,Tomato_healthy,Tomato_healthy/4e3e2f5a-04a7-4142-aad1-acfa13344e33___GH_HL Leaf 358.JPG,selected_dataset/healthy_leaves/243__Tomato_healthy__4e3e2f5a-04a7-4142-aad1-acfa13344e33_GH_HL_Leaf_358.jpg,0.432586669921875,0.009594356261022927,0.3669335823719966,0.2677974877529129
healthy_leaves,244,Pepper__bell___healthy,Pepper__bell___healthy/2359f487-7e4a-4480-a788-72fbc570afba___JR_HL 7739.JPG,selected_dataset/healthy_leaves/244__Pepper_bell_healthy__2359f487-7e4a-4480-a788-72fbc570afba_JR_HL_7739.jpg,0.618194580078125,0.09214098830034062,0.4556705761162584,0.2446524522990558
healthy_leaves,245,Potato___healthy,Potato___healthy/799b10e8-ba67-4e08-9abe-748789572ad1___RS_HL 1881.JPG,selected_dataset/healthy_leaves/245__Potato_healthy__799b10e8-ba67-4e08-9abe-748789572ad1_RS_HL_1881.jpg,0.5335235595703125,0.030802230802230803,0.6243627366808551,0.24157255884366569
healthy_leaves,246,Tomato_healthy,Tomato_healthy/70097a25-88b2-4c9a-800b-5a978cdf4c7c___GH_HL Leaf 384.1.JPG,selected_dataset/healthy_leaves/246__Tomato_healthy__70097a25-88b2-4c9a-800b-5a978cdf4c7c_GH_HL_Leaf_384.1.jpg,0.431976318359375,0.0,0.3842349039953581,0.264275547943836
healthy_leaves,247,Pepper__bell___healthy,Pepper__bell___healthy/0c93ef1a-ccc8-4a62-9353-308e7da3ac3e___JR_HL 8245.JPG,selected_dataset/healthy_leaves/247__Pepper_bell_healthy__0c93ef1a-ccc8-4a62-9353-308e7da3ac3e_JR_HL_8245.jpg,0.56597900390625,0.10511700636255797,0.2951088469951826,0.24909199717260186
healthy_leaves,248,Potato___healthy,Potato___healthy/9b5be0c5-7d7e-493d-88ba-c721c85f73ca___RS_HL 5405.JPG,selected_dataset/healthy_leaves/248__Potato_healthy__9b5be0c5-7d7e-493d-88ba-c721c85f73ca_RS_HL_5405.jpg,0.5146942138671875,0.015119622898817112,0.6211790830443142,0.07828772044616211
healthy_leaves,249,Tomato_healthy,Tomato_healthy/cd8d1ae6-2c8e-43ac-8314-77d88e1153c7___GH_HL Leaf 365.JPG,selected_dataset/healthy_leaves/249__Tomato_healthy__cd8d1ae6-2c8e-43ac-8314-77d88e1153c7_GH_HL_Leaf_365.jpg,0.4298858642578125,0.0,0.3734308733671714,0.11599990784917211
healthy_leaves,250,Pepper__bell___healthy,Pepper__bell___healthy/c2cc281d-3028-4541-aa16-ced901ed2530___JR_HL 7771.JPG,selected_dataset/healthy_leaves/250__Pepper_bell_healthy__c2cc281d-3028-4541-aa16-ced901ed2530_JR_HL_7771.jpg,0.613922119140625,0.0739424367450415,0.43734107860858684,0.2955351026341036
healthy_leaves,251,Potato___healthy,Potato___healthy/e1b49d1b-165b-4f4e-8a30-735e62bc39c5___RS_HL 1839.JPG,selected_dataset/healthy_leaves/251__Potato_healthy__e1b49d1b-165b-4f4e-8a30-735e62bc39c5_RS_HL_1839.jpg,0.5239410400390625,0.052363339837493084,0.6192627757853136,0.24519870671205135
healthy_leaves,252,Tomato_healthy,Tomato_healthy/488feb1c-4b9f-44e7-8aa6-4103a9601f5f___GH_HL Leaf 434.JPG,selected_dataset/healthy_leaves/252__Tomato_healthy__488feb1c-4b9f-44e7-8aa6-4103a9601f5f_GH_HL_Leaf_434.jpg,0.3912811279296875,0.0,0.288712985787726,0.11479404220367462
healthy_leaves,253,Pepper__bell___healthy,Pepper__bell___healthy/4265d731-d90c-42e8-961d-5784472b4e95___JR_HL 7794.JPG,selected_dataset/healthy_leaves/253__Pepper_bell_healthy__4265d731-d90c-42e8-961d-5784472b4e95_JR_HL_7794.jpg,0.5374755859375,0.08443106972518737,0.2872879004486174,0.23923124553355749
healthy_leaves,254,Potato___healthy,Potato___healthy/46b2555a-c0a6-48c2-af13-0816e147e4de___RS_HL 1943.JPG,selected_dataset/healthy_leaves/254__Potato_healthy__46b2555a-c0a6-48c2-af13-0816e147e4de_RS_HL_1943.jpg,0.5251312255859375,0.05169257591166643,0.6478765455515807,0.07788696378533871
healthy_leaves,255,Tomato_healthy,Tomato_healthy/a5de43e7-fc2f-4a14-a8e6-c0f2f94c84f1___GH_HL Leaf 434.JPG,selected_dataset/healthy_leaves/255__Tomato_healthy__a5de43e7-fc2f-4a14-a8e6-c0f2f94c84f1_GH_HL_Leaf_434.jpg,0.3912811279296875,0.0,0.288712985787726,0.11479404220367462
healthy_leaves,256,Pepper__bell___healthy,Pepper__bell___healthy/ed249004-bba6-4111-b96e-5189175ec8e5___JR_HL 8608.JPG,selected_dataset/healthy_leaves/256__Pepper_bell_healthy__ed249004-bba6-4111-b96e-5189175ec8e5_JR_HL_8608.jpg,0.5435333251953125,0.03318267314224755,0.29800235587280444,0.24563815456453586
healthy_leaves,257,Potato___healthy,Potato___healthy/9d7d1bb9-1b10-4a8f-a961-e404b9d5acf8___RS_HL 1960.JPG,selected_dataset/healthy_leaves/257__Potato_healthy__9d7d1bb9-1b10-4a8f-a961-e404b9d5acf8_RS_HL_1960.jpg,0.5337371826171875,0.04865776608822436,0.6346225952355188,0.2376851326645778
healthy_leaves,258,Tomato_healthy,Tomato_healthy/c52fd532-f7ee-43cc-a286-4ac512d4f5ca___GH_HL Leaf 282.JPG,selected_dataset/healthy_leaves/258__Tomato_healthy__c52fd532-f7ee-43cc-a286-4ac512d4f5ca_GH_HL_Leaf_282.jpg,0.4611358642578125,0.0,0.5244192911791146,0.0832159482749305
healthy_leaves,259,Pepper__bell___healthy,Pepper__bell___healthy/f41608e8-d125-4af9-b9d4-4ef1c97ceb88___JR_HL 7672.JPG,selected_dataset/healthy_leaves/259__Pepper_bell_healthy__f41608e8-d125-4af9-b9d4-4ef1c97ceb88_JR_HL_7672.jpg,0.5561065673828125,0.03215804637124434,0.3117439720000644,0.24884317134312292
healthy_leaves,260,Potato___healthy,Potato___healthy/30126310-39de-4c02-b10a-23409417a4f6___RS_HL 1826.JPG,selected_dataset/healthy_leaves/260__Potato_healthy__30126310-39de-4c02-b10a-23409417a4f6_RS_HL_1826.jpg,0.466064453125,0.13377422734415925,0.46020704405323676,0.07730918595863644
healthy_leaves,261,Tomato_healthy,Tomato_healthy/82a3d470-940b-431f-9d79-3963b4e41028___GH_HL Leaf 475.1.JPG,selected_dataset/healthy_leaves/261__Tomato_healthy__82a3d470-940b-431f-9d79-3963b4e41028_GH_HL_Leaf_475.1.jpg,0.4073486328125,0.0039706323044650885,0.34676452755440057,0.10787834093425418
healthy_leaves,262,Pepper__bell___healthy,Pepper__bell___healthy/aa4f86b1-6314-47c2-9e62-39c52a2967ba___JR_HL 5819.JPG,selected_dataset/healthy_leaves/262__Pepper_bell_healthy__aa4f86b1-6314-47c2-9e62-39c52a2967ba_JR_HL_5819.jpg,0.492919921875,0.054079990094105995,0.11742164365473762,0.2639633414971976
healthy_leaves,263,Potato___healthy,Potato___healthy/7e6c8297-dfe1-4826-826e-01d696cc263b___RS_HL 1863.JPG,selected_dataset/healthy_leaves/263__Potato_healthy__7e6c8297-dfe1-4826-826e-01d696cc263b_RS_HL_1863.jpg,0.5160064697265625,0.08791436259869297,0.570140981646712,0.0867925917888913
healthy_leaves,264,Tomato_healthy,Tomato_healthy/5104e988-bef6-45fe-9677-095a045239ad___GH_HL Leaf 449.JPG,selected_dataset/healthy_leaves/264__Tomato_healthy__5104e988-bef6-45fe-9677-095a045239ad_GH_HL_Leaf_449.jpg,0.36456298828125,0.005315586807299514,0.21875146881583457,0.1297926822425408
healthy_leaves,265,Pepper__bell___healthy,Pepper__bell___healthy/f3e7e5bc-bcdc-4dc8-a6cf-86a42df59c7f___JR_HL 7799.JPG,selected_dataset/healthy_leaves/265__Pepper_bell_healthy__f3e7e5bc-bcdc-4dc8-a6cf-86a42df59c7f_JR_HL_7799.jpg,0.6179962158203125,0.11404656675143823,0.44152780145684567,0.2458161346378142
healthy_leaves,266,Potato___healthy,Potato___healthy/a02b6205-b40a-4178-8b34-3494f84b9d1f___RS_HL 1958.JPG,selected_dataset/healthy_leaves/266__Potato_healthy__a02b6205-b40a-4178-8b34-3494f84b9d1f_RS_HL_1958.jpg,0.4642486572265625,0.00913722267871816,0.5485342178673774,0.08420273154069102
healthy_leaves,267,Tomato_healthy,Tomato_healthy/c2f44d15-cc56-44eb-afce-b53e919becb9___GH_HL Leaf 398.JPG,selected_dataset/healthy_leaves/267__Tomato_healthy__c2f44d15-cc56-44eb-afce-b53e919becb9_GH_HL_Leaf_398.jpg,0.389251708984375,0.018384947079576636,0.2649990840185314,0.11670080530356694
healthy_leaves,268,Pepper__bell___healthy,Pepper__bell___healthy/2d71f791-64fd-4f1a-97f6-812780014edd___JR_HL 7653.JPG,selected_dataset/healthy_leaves/268__Pepper_bell_healthy__2d71f791-64fd-4f1a-97f6-812780014edd_JR_HL_7653.jpg,0.5763092041015625,0.01284121898911806,0.4327025515770567,0.23916320785956718
healthy_leaves,269,Potato___healthy,Potato___healthy/23f1ab77-d664-49c4-92eb-41eb66c6d101___RS_HL 4169.JPG,selected_dataset/healthy_leaves/269__Potato_healthy__23f1ab77-d664-49c4-92eb-41eb66c6d101_RS_HL_4169.jpg,0.442047119140625,0.01915774939592682,0.5285063149407364,0.3541055464970969
healthy_leaves,270,Tomato_healthy,Tomato_healthy/c6acee22-6c56-41a8-ae90-26c6064e0261___GH_HL Leaf 468.JPG,selected_dataset/healthy_leaves/270__Tomato_healthy__c6acee22-6c56-41a8-ae90-26c6064e0261_GH_HL_Leaf_468.jpg,0.4190216064453125,0.006299843414296639,0.35176924059939607,0.11184218265558836
healthy_leaves,271,Pepper__bell___healthy,Pepper__bell___healthy/d59ef8c1-e6e7-44ea-8ada-36431c44c3c6___JR_HL 7648.JPG,selected_dataset/healthy_leaves/271__Pepper_bell_healthy__d59ef8c1-e6e7-44ea-8ada-36431c44c3c6_JR_HL_7648.jpg,0.6063995361328125,0.05357187790946378,0.42676016193439925,0.2560785807930124
healthy_leaves,272,Potato___healthy,Potato___healthy/ff700844-68ad-4e99-8427-58a39c07f817___RS_HL 1860.JPG,selected_dataset/healthy_leaves/272__Potato_healthy__ff700844-68ad-4e99-8427-58a39c07f817_RS_HL_1860.jpg,0.5549163818359375,0.042731047378117525,0.7114369913167622,0.23644352541210684
healthy_leaves,273,Tomato_healthy,Tomato_healthy/4ce6844e-2a92-47aa-9115-0eb1a9a0611c___GH_HL Leaf 464.1.JPG,selected_dataset/healthy_leaves/273__Tomato_healthy__4ce6844e-2a92-47aa-9115-0eb1a9a0611c_GH_HL_Leaf_464.1.jpg,0.429595947265625,0.033174682105562264,0.40883494223740924,0.10031568086994541
healthy_leaves,274,Pepper__bell___healthy,Pepper__bell___healthy/0d4e35c0-f6d6-4810-9522-14e1d491a05d___JR_HL 8673.JPG,selected_dataset/healthy_leaves/274__Pepper_bell_healthy__0d4e35c0-f6d6-4810-9522-14e1d491a05d_JR_HL_8673.jpg,0.5388336181640625,0.0,0.2560903354683598,0.2569249833618664
healthy_leaves,275,Potato___healthy,Potato___healthy/f30983c0-6e20-43cc-8672-4622ca34c830___RS_HL 1949.JPG,selected_dataset/healthy_leaves/275__Potato_healthy__f30983c0-6e20-43cc-8672-4622ca34c830_RS_HL_1949.jpg,0.52001953125,0.010328638497652582,0.6236628802951839,0.08697586948452547
healthy_leaves,276,Tomato_healthy,Tomato_healthy/e969c25d-8cc4-4730-a65b-330cd4d38c9a___GH_HL Leaf 427.JPG,selected_dataset/healthy_leaves/276__Tomato_healthy__e969c25d-8cc4-4730-a65b-330cd4d38c9a_GH_HL_Leaf_427.jpg,0.449249267578125,0.0,0.45983574383973874,0.1036679746569432
healthy_leaves,277,Pepper__bell___healthy,Pepper__bell___healthy/1b2c7e1e-2f0a-4e74-9932-d26118020ffc___JR_HL 8590.JPG,selected_dataset/healthy_leaves/277__Pepper_bell_healthy__1b2c7e1e-2f0a-4e74-9932-d26118020ffc_JR_HL_8590.jpg,0.5446929931640625,0.11342689861893156,0.2535680130008846,0.24802153937948002
healthy_leaves,278,Potato___healthy,Potato___healthy/8665efd2-fa3d-45f8-b1c0-746c99fb7d1e___RS_HL 1924.JPG,selected_dataset/healthy_leaves/278__Potato_healthy__8665efd2-fa3d-45f8-b1c0-746c99fb7d1e_RS_HL_1924.jpg,0.5713348388671875,0.12958363379002752,0.7412529292601816,0.2334252431513602
healthy_leaves,279,Tomato_healthy,Tomato_healthy/4ff18566-4ef0-4492-85c6-5f8c94a2c20f___GH_HL Leaf 418.JPG,selected_dataset/healthy_leaves/279__Tomato_healthy__4ff18566-4ef0-4492-85c6-5f8c94a2c20f_GH_HL_Leaf_418.jpg,0.4090118408203125,0.0,0.45994932459082455,0.08313765870248906
healthy_leaves,280,Pepper__bell___healthy,Pepper__bell___healthy/e8c23218-817b-49a4-ab02-95caed932ea6___JR_HL 7751.JPG,selected_dataset/healthy_leaves/280__Pepper_bell_healthy__e8c23218-817b-49a4-ab02-95caed932ea6_JR_HL_7751.jpg,0.581878662109375,0.06498138144438034,0.365539523639147,0.25257072046058215
healthy_leaves,281,Potato___healthy,Potato___healthy/5fcbde8f-52af-4963-b324-ff7f4dd6bd4c___RS_HL 1762.JPG,selected_dataset/healthy_leaves/281__Potato_healthy__5fcbde8f-52af-4963-b324-ff7f4dd6bd4c_RS_HL_1762.jpg,0.51385498046875,0.0,0.6496041011113668,0.0837586042576741
healthy_leaves,282,Tomato_healthy,Tomato_healthy/196e5fd8-8b4e-4a45-9db7-ae59c877e9a7___GH_HL Leaf 284.JPG,selected_dataset/healthy_leaves/282__Tomato_healthy__196e5fd8-8b4e-4a45-9db7-ae59c877e9a7_GH_HL_Leaf_284.jpg,0.4355926513671875,0.014467369601008863,0.4066188894656726,0.09743689603761947
healthy_leaves,283,Pepper__bell___healthy,Pepper__bell___healthy/ef16608c-6d3f-4974-b478-b45390a1e870___JR_HL 7772.JPG,selected_dataset/healthy_leaves/283__Pepper_bell_healthy__ef16608c-6d3f-4974-b478-b45390a1e870_JR_HL_7772.jpg,0.597381591796875,0.10469987228607919,0.4184378871458993,0.24009661895693057
healthy_leaves,284,Potato___healthy,Potato___healthy/e34e563f-7a4a-4b44-bdf2-b6f96cbcd929___RS_HL 5370.JPG,selected_dataset/healthy_leaves/284__Potato_healthy__e34e563f-7a4a-4b44-bdf2-b6f96cbcd929_RS_HL_5370.jpg,0.496856689453125,0.08199742030587802,0.5715938604055699,0.0835626952136311
healthy_leaves,285,Tomato_healthy,Tomato_healthy/1b477a6a-aa09-4c12-ad17-fbbc08cd76da___GH_HL Leaf 386.JPG,selected_dataset/healthy_leaves/285__Tomato_healthy__1b477a6a-aa09-4c12-ad17-fbbc08cd76da_GH_HL_Leaf_386.jpg,0.4666290283203125,0.0,0.5305568182955176,0.0905863012670022
healthy_leaves,286,Pepper__bell___healthy,Pepper__bell___healthy/af86218b-d013-4cf3-93ac-d4d57b769f84___JR_HL 8440.JPG,selected_dataset/healthy_leaves/286__Pepper_bell_healthy__af86218b-d013-4cf3-93ac-d4d57b769f84_JR_HL_8440.jpg,0.6359405517578125,0.030688389279458696,0.5599821934472617,0.23119873683314918
healthy_leaves,287,Potato___healthy,Potato___healthy/882798ca-67c3-45a3-86cf-4aed69388145___RS_HL 1750.JPG,selected_dataset/healthy_leaves/287__Potato_healthy__882798ca-67c3-45a3-86cf-4aed69388145_RS_HL_1750.jpg,0.4640045166015625,0.04314512151007925,0.48079835433211604,0.2513635668064157
healthy_leaves,288,Tomato_healthy,Tomato_healthy/532a6e3c-5dd5-4adf-9bc0-c13551dae536___GH_HL Leaf 354.JPG,selected_dataset/healthy_leaves/288__Tomato_healthy__532a6e3c-5dd5-4adf-9bc0-c13551dae536_GH_HL_Leaf_354.jpg,0.4377288818359375,0.0,0.43659518177971407,0.25998698960273425
healthy_leaves,289,Pepper__bell___healthy,Pepper__bell___healthy/a2e1074b-5078-4b5f-b5fe-fabc7d4d91bc___JR_HL 8613.JPG,selected_dataset/healthy_leaves/289__Pepper_bell_healthy__a2e1074b-5078-4b5f-b5fe-fabc7d4d91bc_JR_HL_8613.jpg,0.522125244140625,0.02869834589981881,0.2458027332232916,0.2740726081809136
healthy_leaves,290,Potato___healthy,Potato___healthy/52dd2fdd-6966-450c-a42b-ee14428d4271___RS_HL 1955.JPG,selected_dataset/healthy_leaves/290__Potato_healthy__52dd2fdd-6966-450c-a42b-ee14428d4271_RS_HL_1955.jpg,0.448211669921875,0.058657315993735956,0.47925809913336426,0.0803741436532716
healthy_leaves,291,Tomato_healthy,Tomato_healthy/2d4db3f7-a768-4a27-832c-fc72496e79b4___GH_HL Leaf 446.JPG,selected_dataset/healthy_leaves/291__Tomato_healthy__2d4db3f7-a768-4a27-832c-fc72496e79b4_GH_HL_Leaf_446.jpg,0.4141387939453125,0.01035333996536605,0.4254204994129751,0.0962407640517743
healthy_leaves,292,Pepper__bell___healthy,Pepper__bell___healthy/99af85d7-aac5-46e9-b60e-ef4f6a8e0898___JR_HL 7697.JPG,selected_dataset/healthy_leaves/292__Pepper_bell_healthy__99af85d7-aac5-46e9-b60e-ef4f6a8e0898_JR_HL_7697.jpg,0.5582275390625,0.014733216706757053,0.32147653269872506,0.25095111121588
healthy_leaves,293,Potato___healthy,Potato___healthy/369479a9-3c28-4d77-8731-9ae54e719af3___RS_HL 1785.JPG,selected_dataset/healthy_leaves/293__Potato_healthy__369479a9-3c28-4d77-8731-9ae54e719af3_RS_HL_1785.jpg,0.5041656494140625,0.0,0.6742753134418619,0.0792233867201444
healthy_leaves,294,Tomato_healthy,Tomato_healthy/7e3c7e5d-172c-4a25-ad05-2b32e49c7bd2___GH_HL Leaf 387.JPG,selected_dataset/healthy_leaves/294__Tomato_healthy__7e3c7e5d-172c-4a25-ad05-2b32e49c7bd2_GH_HL_Leaf_387.jpg,0.403656005859375,0.004876389203901111,0.409507562694464,0.08199031158304183
healthy_leaves,295,Pepper__bell___healthy,Pepper__bell___healthy/e00c6d8e-1363-4e9e-a30f-58c8972b1272___JR_HL 7636.JPG,selected_dataset/healthy_leaves/295__Pepper_bell_healthy__e00c6d8e-1363-4e9e-a30f-58c8972b1272_JR_HL_7636.jpg,0.57562255859375,0.0186088431767575,0.3662170264394511,0.24754237523135547
healthy_leaves,296,Potato___healthy,Potato___healthy/c9ad5c9a-c9b0-4e07-9e03-9e9edfd58a19___RS_HL 1755.JPG,selected_dataset/healthy_leaves/296__Potato_healthy__c9ad5c9a-c9b0-4e07-9e03-9e9edfd58a19_RS_HL_1755.jpg,0.4812774658203125,0.04483053802986589,0.5321265343516264,0.09575871049147196
healthy_leaves,297,Tomato_healthy,Tomato_healthy/3367a9a6-6841-45db-bfa9-9b7b9fed0fa2___GH_HL Leaf 421.1.JPG,selected_dataset/healthy_leaves/297__Tomato_healthy__3367a9a6-6841-45db-bfa9-9b7b9fed0fa2_GH_HL_Leaf_421.1.jpg,0.4246673583984375,0.0,0.4128685115481941,0.09537542247652071
healthy_leaves,298,Pepper__bell___healthy,Pepper__bell___healthy/f3c34e2d-5b85-44fc-96b6-e23cbae88046___JR_HL 7682.JPG,selected_dataset/healthy_leaves/298__Pepper_bell_healthy__f3c34e2d-5b85-44fc-96b6-e23cbae88046_JR_HL_7682.jpg,0.5725250244140625,0.08182084699235095,0.3031565954989492,0.25350045978951274
healthy_leaves,299,Potato___healthy,Potato___healthy/4ae82355-6885-40e7-9807-dabe46ed3441___RS_HL 5410.JPG,selected_dataset/healthy_leaves/299__Potato_healthy__4ae82355-6885-40e7-9807-dabe46ed3441_RS_HL_5410.jpg,0.4864044189453125,0.039401449320826926,0.5709493889723387,0.09221858088360749
healthy_leaves,300,Tomato_healthy,Tomato_healthy/2e96661f-a313-4deb-bf32-1eacbc10c48d___GH_HL Leaf 424.JPG,selected_dataset/healthy_leaves/300__Tomato_healthy__2e96661f-a313-4deb-bf32-1eacbc10c48d_GH_HL_Leaf_424.jpg,0.4690704345703125,0.0,0.5023735991653719,0.10173156503305619
small_diseased_regions,1,Pepper__bell___Bacterial_spot,Pepper__bell___Bacterial_spot/bd5f72f7-91de-43f7-a287-e4760518e045___JR_B.Spot 8847.JPG,selected_dataset/small_diseased_regions/001__Pepper_bell_Bacterial_spot__bd5f72f7-91de-43f7-a287-e4760518e045_JR_B.Spot_8847.jpg,0.474151611328125,0.05914912788826672,0.49731716752328503,0.28537147724811607
small_diseased_regions,2,Potato___Early_blight,Potato___Early_blight/c43a5fd7-c60c-4a04-9835-bd35b551ec44___RS_Early.B 6701.JPG,selected_dataset/small_diseased_regions/002__Potato_Early_blight__c43a5fd7-c60c-4a04-9835-bd35b551ec44_RS_Early.B_6701.jpg,0.52825927734375,0.060051993067590986,0.8161301853869903,0.23071470233695335
small_diseased_regions,3,Potato___Late_blight,Potato___Late_blight/21d8b66f-1ea5-48ad-92e2-9f708a969b7f___RS_LB 4097.JPG,selected_dataset/small_diseased_regions/003__Potato_Late_blight__21d8b66f-1ea5-48ad-92e2-9f708a969b7f_RS_LB_4097.jpg,0.5703582763671875,0.059819684849781965,0.4349804493255546,0.28314675042118964
small_diseased_regions,4,Tomato_Bacterial_spot,Tomato_Bacterial_spot/458fa745-af8d-48e2-aa5e-06b60f722f30___GCREC_Bact.Sp 6206.JPG,selected_dataset/small_diseased_regions/004__Tomato_Bacterial_spot__458fa745-af8d-48e2-aa5e-06b60f722f30_GCREC_Bact.Sp_6206.jpg,0.575164794921875,0.060195256539502306,0.42807228992108814,0.25633800450978683
small_diseased_regions,5,Tomato_Early_blight,Tomato_Early_blight/b857a91a-c6e2-4d47-a025-5a5c3254e0a2___RS_Erly.B 7662.JPG,selected_dataset/small_diseased_regions/005__Tomato_Early_blight__b857a91a-c6e2-4d47-a025-5a5c3254e0a2_RS_Erly.B_7662.jpg,0.4172515869140625,0.05690254159809837,0.4353447680015854,0.1264552136505509
small_diseased_regions,6,Tomato_Late_blight,Tomato_Late_blight/a7064909-ea8b-4775-8323-f76c774fa5b5___GHLB2 Leaf 85.1.JPG,selected_dataset/small_diseased_regions/006__Tomato_Late_blight__a7064909-ea8b-4775-8323-f76c774fa5b5_GHLB2_Leaf_85.1.jpg,0.3832550048828125,0.06003901739857467,0.14578890015398524,0.3531269991893711
small_diseased_regions,7,Tomato_Leaf_Mold,Tomato_Leaf_Mold/b26fc8e6-5d9f-4b96-b02b-f048c4b9e05a___Crnl_L.Mold 6735.JPG,selected_dataset/small_diseased_regions/007__Tomato_Leaf_Mold__b26fc8e6-5d9f-4b96-b02b-f048c4b9e05a_Crnl_L.Mold_6735.jpg,0.457366943359375,0.059651698138386604,0.6762684980516478,0.10105863136957274
small_diseased_regions,8,Tomato_Septoria_leaf_spot,Tomato_Septoria_leaf_spot/583887a3-a071-4735-8d92-821d1f2e5ef0___Matt.S_CG 6045.JPG,selected_dataset/small_diseased_regions/008__Tomato_Septoria_leaf_spot__583887a3-a071-4735-8d92-821d1f2e5ef0_Matt.S_CG_6045.jpg,0.4222259521484375,0.05988218712731741,0.391156984412118,0.10009055300617993
small_diseased_regions,9,Tomato_Spider_mites_Two_spotted_spider_mite,Tomato_Spider_mites_Two_spotted_spider_mite/2c0e3e42-3856-46e3-b12f-57719eeb5ef4___Com.G_SpM_FL 9598.JPG,selected_dataset/small_diseased_regions/009__Tomato_Spider_mites_Two_spotted_spider_mite__2c0e3e42-3856-46e3-b12f-57719eeb5ef4_Com.G_SpM_FL_9598.jpg,0.4315032958984375,0.059266593585346014,0.620147300466,0.09729315561976906
small_diseased_regions,10,Tomato__Target_Spot,Tomato__Target_Spot/b535d475-5112-432a-9309-57e97813b6ae___Com.G_TgS_FL 1028.JPG,selected_dataset/small_diseased_regions/010__Tomato_Target_Spot__b535d475-5112-432a-9309-57e97813b6ae_Com.G_TgS_FL_1028.jpg,0.44915771484375,0.05951895637994293,0.8025048995692861,0.3001078272424627
small_diseased_regions,11,Tomato__Tomato_YellowLeaf__Curl_Virus,Tomato__Tomato_YellowLeaf__Curl_Virus/4d9d5f92-32f5-4b3a-8de8-7df3b4df27ea___UF.GRC_YLCV_Lab 02031.JPG,selected_dataset/small_diseased_regions/011__Tomato_Tomato_YellowLeaf_Curl_Virus__4d9d5f92-32f5-4b3a-8de8-7df3b4df27ea_UF.GRC_YLCV_Lab_02031.jpg,0.3799285888671875,0.06000240973533073,0.0,0.11328401806952931
small_diseased_regions,12,Tomato__Tomato_mosaic_virus,Tomato__Tomato_mosaic_virus/2474f9d1-c3b6-4ec6-bb65-b5d1dd7021dc___PSU_CG 2201.JPG,selected_dataset/small_diseased_regions/012__Tomato_Tomato_mosaic_virus__2474f9d1-c3b6-4ec6-bb65-b5d1dd7021dc_PSU_CG_2201.jpg,0.36572265625,0.0683828437917223,0.31596432238750066,0.34390551056105007
small_diseased_regions,13,Pepper__bell___Bacterial_spot,Pepper__bell___Bacterial_spot/389480c3-0209-45e3-b3ee-2447b22de68f___JR_B.Spot 9016.JPG,selected_dataset/small_diseased_regions/013__Pepper_bell_Bacterial_spot__389480c3-0209-45e3-b3ee-2447b22de68f_JR_B.Spot_9016.jpg,0.50396728515625,0.05901053651447257,0.5252333151027556,0.2889056847080539
small_diseased_regions,14,Potato___Early_blight,Potato___Early_blight/654aaf22-e23a-441d-ad57-914843a36c64___RS_Early.B 7924.JPG,selected_dataset/small_diseased_regions/014__Potato_Early_blight__654aaf22-e23a-441d-ad57-914843a36c64_RS_Early.B_7924.jpg,0.5184173583984375,0.05986754966887417,0.8658856076524042,0.2511101700391565
small_diseased_regions,15,Potato___Late_blight,Potato___Late_blight/57a137da-7424-4a9d-9e28-bce63decbdcf___RS_LB 2761.JPG,selected_dataset/small_diseased_regions/015__Potato_Late_blight__57a137da-7424-4a9d-9e28-bce63decbdcf_RS_LB_2761.jpg,0.461090087890625,0.060295188298365214,0.639357528617635,0.11568537200127818
small_diseased_regions,16,Tomato_Bacterial_spot,Tomato_Bacterial_spot/04210e47-ad95-4648-8f1e-dc183581157c___UF.GRC_BS_Lab Leaf 0320.JPG,selected_dataset/small_diseased_regions/016__Tomato_Bacterial_spot__04210e47-ad95-4648-8f1e-dc183581157c_UF.GRC_BS_Lab_Leaf_0320.jpg,0.3553466796875,0.06024562006183442,0.23724089971318213,0.10075028483438361
small_diseased_regions,17,Tomato_Early_blight,Tomato_Early_blight/074bc781-f586-46b0-bef5-0237e3bf5043___RS_Erly.B 8375.JPG,selected_dataset/small_diseased_regions/017__Tomato_Early_blight__074bc781-f586-46b0-bef5-0237e3bf5043_RS_Erly.B_8375.jpg,0.6271820068359375,0.0562002773520181,0.7572695655212549,0.2365891777330076
small_diseased_regions,18,Tomato_Late_blight,Tomato_Late_blight/7ae76b22-7563-4fd9-a859-50b7ad906f64___GHLB2 Leaf 86.1.JPG,selected_dataset/small_diseased_regions/018__Tomato_Late_blight__7ae76b22-7563-4fd9-a859-50b7ad906f64_GHLB2_Leaf_86.1.jpg,0.4518890380859375,0.059834543305757215,0.30047149725310074,0.4085720155412089
small_diseased_regions,19,Tomato_Leaf_Mold,Tomato_Leaf_Mold/601c3e63-5248-414a-b08c-3aa66b9cc8f0___Crnl_L.Mold 8939.JPG,selected_dataset/small_diseased_regions/019__Tomato_Leaf_Mold__601c3e63-5248-414a-b08c-3aa66b9cc8f0_Crnl_L.Mold_8939.jpg,0.397491455078125,0.05950095969289827,0.32479777698838624,0.29997960947588104
small_diseased_regions,20,Tomato_Septoria_leaf_spot,Tomato_Septoria_leaf_spot/9ad5aed4-e5f2-45f9-bbe4-cbbce80e344c___Keller.St_CG 1925.JPG,selected_dataset/small_diseased_regions/020__Tomato_Septoria_leaf_spot__9ad5aed4-e5f2-45f9-bbe4-cbbce80e344c_Keller.St_CG_1925.jpg,0.35699462890625,0.06022396990938622,0.22022925764961343,0.13353727749500216
small_diseased_regions,21,Tomato_Spider_mites_Two_spotted_spider_mite,Tomato_Spider_mites_Two_spotted_spider_mite/66cfdeee-e596-411a-bca0-63d4512d21af___Com.G_SpM_FL 9578.JPG,selected_dataset/small_diseased_regions/021__Tomato_Spider_mites_Two_spotted_spider_mite__66cfdeee-e596-411a-bca0-63d4512d21af_Com.G_SpM_FL_9578.jpg,0.3553466796875,0.06097560975609756,0.5011923459892887,0.13247770863386
small_diseased_regions,22,Tomato__Target_Spot,Tomato__Target_Spot/b43bda6d-5066-4143-884b-533c0aedf6e7___Com.G_TgS_FL 9942.JPG,selected_dataset/small_diseased_regions/022__Tomato_Target_Spot__b43bda6d-5066-4143-884b-533c0aedf6e7_Com.G_TgS_FL_9942.jpg,0.3957366943359375,0.05949489107383844,0.6033451342854909,0.13652945718375187
small_diseased_regions,23,Tomato__Tomato_YellowLeaf__Curl_Virus,Tomato__Tomato_YellowLeaf__Curl_Virus/9244f1d0-c42b-49aa-99cf-eb2830a09939___UF.GRC_YLCV_Lab 02559.JPG,selected_dataset/small_diseased_regions/023__Tomato_Tomato_YellowLeaf_Curl_Virus__9244f1d0-c42b-49aa-99cf-eb2830a09939_UF.GRC_YLCV_Lab_02559.jpg,0.40777587890625,0.05957192037120192,0.0436569481058009,0.2950458407000711
small_diseased_regions,24,Tomato__Tomato_mosaic_virus,Tomato__Tomato_mosaic_virus/2767e072-0e76-4860-abc3-769fb4af3aae___PSU_CG 2257.JPG,selected_dataset/small_diseased_regions/024__Tomato_Tomato_mosaic_virus__2767e072-0e76-4860-abc3-769fb4af3aae_PSU_CG_2257.jpg,0.31683349609375,0.05899633981891736,0.6625461887347267,0.34785894516457083
small_diseased_regions,25,Pepper__bell___Bacterial_spot,Pepper__bell___Bacterial_spot/2fd2f664-70aa-40d6-b770-bb839944ce18___JR_B.Spot 3261.JPG,selected_dataset/small_diseased_regions/025__Pepper_bell_Bacterial_spot__2fd2f664-70aa-40d6-b770-bb839944ce18_JR_B.Spot_3261.jpg,0.6241455078125,0.05882065323684725,0.794112206509059,0.24273605105284665
small_diseased_regions,26,Potato___Early_blight,Potato___Early_blight/f400079a-ff67-45c2-8a50-5c5b1e08dc25___RS_Early.B 8491.JPG,selected_dataset/small_diseased_regions/026__Potato_Early_blight__f400079a-ff67-45c2-8a50-5c5b1e08dc25_RS_Early.B_8491.jpg,0.5723419189453125,0.0594790583593271,0.5758603456820798,0.07405993675580833
small_diseased_regions,27,Potato___Late_blight,Potato___Late_blight/20e59080-5a86-4aa8-b5b1-d886a4b273b7___RS_LB 3165.JPG,selected_dataset/small_diseased_regions/027__Potato_Late_blight__20e59080-5a86-4aa8-b5b1-d886a4b273b7_RS_LB_3165.jpg,0.404052734375,0.05962990936555891,0.6669319629232395,0.1550287173271652
small_diseased_regions,28,Tomato_Bacterial_spot,Tomato_Bacterial_spot/fd3a25ef-50f2-4ca2-a20d-d0a99bcbae13___GCREC_Bact.Sp 6394.JPG,selected_dataset/small_diseased_regions/028__Tomato_Bacterial_spot__fd3a25ef-50f2-4ca2-a20d-d0a99bcbae13_GCREC_Bact.Sp_6394.jpg,0.484222412109375,0.059463036490830026,0.4288110187712269,0.28840072768827113
small_diseased_regions,29,Tomato_Early_blight,Tomato_Early_blight/c2369b01-d04f-443c-b6ab-9e62e1480420___RS_Erly.B 8397.JPG,selected_dataset/small_diseased_regions/029__Tomato_Early_blight__c2369b01-d04f-443c-b6ab-9e62e1480420_RS_Erly.B_8397.jpg,0.672943115234375,0.06407872658836333,0.8283554130131838,0.30907904154912447
small_diseased_regions,30,Tomato_Late_blight,Tomato_Late_blight/92abb825-be04-4ddd-a5d6-68b5c3900ba6___RS_Late.B 7128.JPG,selected_dataset/small_diseased_regions/030__Tomato_Late_blight__92abb825-be04-4ddd-a5d6-68b5c3900ba6_RS_Late.B_7128.jpg,0.508209228515625,0.05965892031465802,0.5881217761696875,0.27949902490243095
small_diseased_regions,31,Tomato_Leaf_Mold,Tomato_Leaf_Mold/0595201b-049b-47ff-9e56-7e042932c0fe___Crnl_L.Mold 9179.JPG,selected_dataset/small_diseased_regions/031__Tomato_Leaf_Mold__0595201b-049b-47ff-9e56-7e042932c0fe_Crnl_L.Mold_9179.jpg,0.4500885009765625,0.06051462860629894,0.41070946441241474,0.12194263425608438
small_diseased_regions,32,Tomato_Septoria_leaf_spot,Tomato_Septoria_leaf_spot/3e06fe16-f6e0-4681-8049-f362ee0aafba___Matt.S_CG 2505.JPG,selected_dataset/small_diseased_regions/032__Tomato_Septoria_leaf_spot__3e06fe16-f6e0-4681-8049-f362ee0aafba_Matt.S_CG_2505.jpg,0.485443115234375,0.059313509775570504,0.5739798648230474,0.2782051563834734
small_diseased_regions,33,Tomato_Spider_mites_Two_spotted_spider_mite,Tomato_Spider_mites_Two_spotted_spider_mite/e6cfc638-fdee-4471-a0ce-994a33447558___Com.G_SpM_FL 1617.JPG,selected_dataset/small_diseased_regions/033__Tomato_Spider_mites_Two_spotted_spider_mite__e6cfc638-fdee-4471-a0ce-994a33447558_Com.G_SpM_FL_1617.jpg,0.3897705078125,0.06142342624491074,0.7280225411418852,0.09076745878794157
small_diseased_regions,34,Tomato__Target_Spot,Tomato__Target_Spot/8c37c82a-1eff-41f9-b485-8a889034d5cf___Com.G_TgS_FL 1050.JPG,selected_dataset/small_diseased_regions/034__Tomato_Target_Spot__8c37c82a-1eff-41f9-b485-8a889034d5cf_Com.G_TgS_FL_1050.jpg,0.508636474609375,0.059368812623747526,0.8644306093590113,0.279515711040113
small_diseased_regions,35,Tomato__Tomato_YellowLeaf__Curl_Virus,Tomato__Tomato_YellowLeaf__Curl_Virus/12a87d9e-367c-491c-a7bf-534dd723678b___UF.GRC_YLCV_Lab 01447.JPG,selected_dataset/small_diseased_regions/035__Tomato_Tomato_YellowLeaf_Curl_Virus__12a87d9e-367c-491c-a7bf-534dd723678b_UF.GRC_YLCV_Lab_01447.jpg,0.441375732421875,0.05908179492498099,0.21454574252026642,0.3523309870694439
small_diseased_regions,36,Tomato__Tomato_mosaic_virus,Tomato__Tomato_mosaic_virus/f833998e-f306-4f40-b702-3d4ab8f4ad27___PSU_CG 2331.JPG,selected_dataset/small_diseased_regions/036__Tomato_Tomato_mosaic_virus__f833998e-f306-4f40-b702-3d4ab8f4ad27_PSU_CG_2331.jpg,0.3007659912109375,0.058241590989802645,0.46395083292873385,0.17588042832751125
small_diseased_regions,37,Pepper__bell___Bacterial_spot,Pepper__bell___Bacterial_spot/2d5def2a-c79d-444e-88be-a5961c9107d0___JR_B.Spot 3249.JPG,selected_dataset/small_diseased_regions/037__Pepper_bell_Bacterial_spot__2d5def2a-c79d-444e-88be-a5961c9107d0_JR_B.Spot_3249.jpg,0.5764617919921875,0.06119802006405675,0.5195415903430702,0.24963328892857348
small_diseased_regions,38,Potato___Early_blight,Potato___Early_blight/b35e4c48-e54e-4e42-a399-b236209314f4___RS_Early.B 8231.JPG,selected_dataset/small_diseased_regions/038__Potato_Early_blight__b35e4c48-e54e-4e42-a399-b236209314f4_RS_Early.B_8231.jpg,0.5523681640625,0.060607734806629836,0.8542084864135736,0.2595796462922958
small_diseased_regions,39,Potato___Late_blight,Potato___Late_blight/ae52f85f-bce0-4fb9-a109-009e099a72e6___RS_LB 4972.JPG,selected_dataset/small_diseased_regions/039__Potato_Late_blight__ae52f85f-bce0-4fb9-a109-009e099a72e6_RS_LB_4972.jpg,0.4849853515625,0.05911779511704002,0.5277947936696658,0.07409353599198432
small_diseased_regions,40,Tomato_Bacterial_spot,Tomato_Bacterial_spot/311a6db6-e3a0-4e8c-bd17-9cbc62217770___GCREC_Bact.Sp 3107.JPG,selected_dataset/small_diseased_regions/040__Tomato_Bacterial_spot__311a6db6-e3a0-4e8c-bd17-9cbc62217770_GCREC_Bact.Sp_3107.jpg,0.42449951171875,0.060711718188353705,0.2986057778183173,0.16354042522557866
small_diseased_regions,41,Tomato_Early_blight,Tomato_Early_blight/64d0749a-a83f-41da-a321-b03d61167454___RS_Erly.B 7846.JPG,selected_dataset/small_diseased_regions/041__Tomato_Early_blight__64d0749a-a83f-41da-a321-b03d61167454_RS_Erly.B_7846.jpg,0.3984375,0.0642233455882353,0.6672664686109016,0.13280994357554216
small_diseased_regions,42,Tomato_Late_blight,Tomato_Late_blight/1ba00fc3-a45b-4d23-94da-5e090ba7f3d3___RS_Late.B 6403.JPG,selected_dataset/small_diseased_regions/042__Tomato_Late_blight__1ba00fc3-a45b-4d23-94da-5e090ba7f3d3_RS_Late.B_6403.jpg,0.431884765625,0.059072922555115884,0.7095276679706193,0.32053749233713735
small_diseased_regions,43,Tomato_Leaf_Mold,Tomato_Leaf_Mold/4cfebe0b-f6de-4114-b76c-57a06e3db769___Crnl_L.Mold 9085.JPG,selected_dataset/small_diseased_regions/043__Tomato_Leaf_Mold__4cfebe0b-f6de-4114-b76c-57a06e3db769_Crnl_L.Mold_9085.jpg,0.40301513671875,0.0612600333181887,0.7050796675823947,0.12746323243827962
small_diseased_regions,44,Tomato_Septoria_leaf_spot,Tomato_Septoria_leaf_spot/6eefe3d9-fe0a-4e1c-a297-4009e7d37d56___Matt.S_CG 6490.JPG,selected_dataset/small_diseased_regions/044__Tomato_Septoria_leaf_spot__6eefe3d9-fe0a-4e1c-a297-4009e7d37d56_Matt.S_CG_6490.jpg,0.4579315185546875,0.06081103595348372,0.18936061857451647,0.12881893978758988
small_diseased_regions,45,Tomato_Spider_mites_Two_spotted_spider_mite,Tomato_Spider_mites_Two_spotted_spider_mite/a1dd03db-9622-4ef3-877d-278c89ada38c___Com.G_SpM_FL 1370.JPG,selected_dataset/small_diseased_regions/045__Tomato_Spider_mites_Two_spotted_spider_mite__a1dd03db-9622-4ef3-877d-278c89ada38c_Com.G_SpM_FL_1370.jpg,0.38897705078125,0.06229405303624667,0.6334119021708311,0.11942859444588971
small_diseased_regions,46,Tomato__Target_Spot,Tomato__Target_Spot/34edeb32-db7b-4885-b55f-5aeba556997c___Com.G_TgS_FL 0008.JPG,selected_dataset/small_diseased_regions/046__Tomato_Target_Spot__34edeb32-db7b-4885-b55f-5aeba556997c_Com.G_TgS_FL_0008.jpg,0.3908538818359375,0.058949834081592815,0.5182037661924915,0.10726754212296688
small_diseased_regions,47,Tomato__Tomato_YellowLeaf__Curl_Virus,Tomato__Tomato_YellowLeaf__Curl_Virus/406a82f8-91ec-4729-9ac7-4d28122208bf___UF.GRC_YLCV_Lab 02453.JPG,selected_dataset/small_diseased_regions/047__Tomato_Tomato_YellowLeaf_Curl_Virus__406a82f8-91ec-4729-9ac7-4d28122208bf_UF.GRC_YLCV_Lab_02453.jpg,0.524932861328125,0.05895006104296262,0.21330111430163476,0.09980096286313125
small_diseased_regions,48,Tomato__Tomato_mosaic_virus,Tomato__Tomato_mosaic_virus/ffdb355f-1de6-4217-8aac-6695ee621512___PSU_CG 2342.JPG,selected_dataset/small_diseased_regions/048__Tomato_Tomato_mosaic_virus__ffdb355f-1de6-4217-8aac-6695ee621512_PSU_CG_2342.jpg,0.31109619140625,0.07077692760447322,0.60194754013318,0.1475382153268467
small_diseased_regions,49,Pepper__bell___Bacterial_spot,Pepper__bell___Bacterial_spot/b12cadfe-7823-40f6-9c50-87e509c9dcf7___JR_B.Spot 3393.JPG,selected_dataset/small_diseased_regions/049__Pepper_bell_Bacterial_spot__b12cadfe-7823-40f6-9c50-87e509c9dcf7_JR_B.Spot_3393.jpg,0.48492431640625,0.06129641283826306,0.836498908276944,0.30841288390684396
small_diseased_regions,50,Potato___Early_blight,Potato___Early_blight/1af20ff8-980d-4912-b337-804b09667de3___RS_Early.B 7392.JPG,selected_dataset/small_diseased_regions/050__Potato_Early_blight__1af20ff8-980d-4912-b337-804b09667de3_RS_Early.B_7392.jpg,0.5207366943359375,0.060743692677352246,0.7392507446160206,0.26441122005875906
small_diseased_regions,51,Potato___Late_blight,Potato___Late_blight/a7dc8b54-5e4a-4055-ae98-eba4268cf966___RS_LB 5243.JPG,selected_dataset/small_diseased_regions/051__Potato_Late_blight__a7dc8b54-5e4a-4055-ae98-eba4268cf966_RS_LB_5243.jpg,0.5540008544921875,0.05910705924477373,0.4360769105743405,0.2568519904354683
small_diseased_regions,52,Tomato_Bacterial_spot,Tomato_Bacterial_spot/927e4c4b-e6c6-41f1-aabb-255c624ae8f2___GCREC_Bact.Sp 3722.JPG,selected_dataset/small_diseased_regions/052__Tomato_Bacterial_spot__927e4c4b-e6c6-41f1-aabb-255c624ae8f2_GCREC_Bact.Sp_3722.jpg,0.5487518310546875,0.06081250173789728,0.3697181736999573,0.2714641095047391
small_diseased_regions,53,Tomato_Early_blight,Tomato_Early_blight/79c34498-d83f-4afd-a339-074b4dbb20bd___RS_Erly.B 8450.JPG,selected_dataset/small_diseased_regions/053__Tomato_Early_blight__79c34498-d83f-4afd-a339-074b4dbb20bd_RS_Erly.B_8450.jpg,0.4302520751953125,0.06490052133205661,0.7433127205703263,0.3575116125181143
small_diseased_regions,54,Tomato_Late_blight,Tomato_Late_blight/fc4eb42f-062f-4840-80f5-3244866a1e3a___GHLB2 Leaf 125.2.JPG,selected_dataset/small_diseased_regions/054__Tomato_Late_blight__fc4eb42f-062f-4840-80f5-3244866a1e3a_GHLB2_Leaf_125.2.jpg,0.4268798828125,0.06098084072061767,0.1681867917755121,0.36550684134587824
small_diseased_regions,55,Tomato_Leaf_Mold,Tomato_Leaf_Mold/b6bdf275-d731-415b-a68d-193bbd6c037a___Crnl_L.Mold 8772.JPG,selected_dataset/small_diseased_regions/055__Tomato_Leaf_Mold__b6bdf275-d731-415b-a68d-193bbd6c037a_Crnl_L.Mold_8772.jpg,0.4964447021484375,0.06236360842169971,0.6805090714389427,0.1356313179799098
small_diseased_regions,56,Tomato_Septoria_leaf_spot,Tomato_Septoria_leaf_spot/da74ea57-f6f1-4adb-8bcd-1a72c3f91bcf___Matt.S_CG 0920.JPG,selected_dataset/small_diseased_regions/056__Tomato_Septoria_leaf_spot__da74ea57-f6f1-4adb-8bcd-1a72c3f91bcf_Matt.S_CG_0920.jpg,0.4987030029296875,0.060857326438821406,0.337925266106993,0.2775464029521683
small_diseased_regions,57,Tomato_Spider_mites_Two_spotted_spider_mite,Tomato_Spider_mites_Two_spotted_spider_mite/329e5281-32c7-486b-86bc-1333ace123d0___Com.G_SpM_FL 1327.JPG,selected_dataset/small_diseased_regions/057__Tomato_Spider_mites_Two_spotted_spider_mite__329e5281-32c7-486b-86bc-1333ace123d0_Com.G_SpM_FL_1327.jpg,0.2965545654296875,0.06282480061744276,0.6115104850073589,0.2559640076441989
small_diseased_regions,58,Tomato__Target_Spot,Tomato__Target_Spot/453d7ca2-7e73-4460-96e9-d49fe6512f1e___Com.G_TgS_FL 9749.JPG,selected_dataset/small_diseased_regions/058__Tomato_Target_Spot__453d7ca2-7e73-4460-96e9-d49fe6512f1e_Com.G_TgS_FL_9749.jpg,0.404144287109375,0.058823529411764705,0.5948178739309788,0.27821997922348773
small_diseased_regions,59,Tomato__Tomato_YellowLeaf__Curl_Virus,Tomato__Tomato_YellowLeaf__Curl_Virus/6b9b1888-d553-4044-9b52-96bd2cccda0d___UF.GRC_YLCV_Lab 01540.JPG,selected_dataset/small_diseased_regions/059__Tomato_Tomato_YellowLeaf_Curl_Virus__6b9b1888-d553-4044-9b52-96bd2cccda0d_UF.GRC_YLCV_Lab_01540.jpg,0.4276275634765625,0.06123104371097235,0.2626992395778981,0.1339332418077418
small_diseased_regions,60,Tomato__Tomato_mosaic_virus,Tomato__Tomato_mosaic_virus/27000177-5a1d-4539-b78d-07a6f9a38089___PSU_CG 2168.JPG,selected_dataset/small_diseased_regions/060__Tomato_Tomato_mosaic_virus__27000177-5a1d-4539-b78d-07a6f9a38089_PSU_CG_2168.jpg,0.377349853515625,0.062232106752931664,0.665639325566733,0.6237639457010598
small_diseased_regions,61,Pepper__bell___Bacterial_spot,Pepper__bell___Bacterial_spot/8e0378a5-e4c7-406a-bc7d-b3844a7b8811___JR_B.Spot 8868.JPG,selected_dataset/small_diseased_regions/061__Pepper_bell_Bacterial_spot__8e0378a5-e4c7-406a-bc7d-b3844a7b8811_JR_B.Spot_8868.jpg,0.400177001953125,0.06192328223899947,0.6215530630187027,0.31643428092746884
small_diseased_regions,62,Potato___Early_blight,Potato___Early_blight/519e17be-a518-410a-ad3e-153d07fc3563___RS_Early.B 7711.JPG,selected_dataset/small_diseased_regions/062__Potato_Early_blight__519e17be-a518-410a-ad3e-153d07fc3563_RS_Early.B_7711.jpg,0.4500732421875,0.05899104963384866,0.819533589632303,0.29920057498332275
small_diseased_regions,63,Potato___Late_blight,Potato___Late_blight/8c1960cd-20e2-4a9c-a1ee-9800289b884f___RS_LB 3941.JPG,selected_dataset/small_diseased_regions/063__Potato_Late_blight__8c1960cd-20e2-4a9c-a1ee-9800289b884f_RS_LB_3941.jpg,0.484375,0.05900327620967742,0.23704196448984222,0.0839461070321062
small_diseased_regions,64,Tomato_Bacterial_spot,Tomato_Bacterial_spot/072f9c7d-c296-49d9-a432-6ec9448cab2a___GCREC_Bact.Sp 3558.JPG,selected_dataset/small_diseased_regions/064__Tomato_Bacterial_spot__072f9c7d-c296-49d9-a432-6ec9448cab2a_GCREC_Bact.Sp_3558.jpg,0.49615478515625,0.061508180588018206,0.3189698475033066,0.11358277204590275
small_diseased_regions,65,Tomato_Early_blight,Tomato_Early_blight/1bdb9ab4-1a7a-449a-b848-c446d7615d42___RS_Erly.B 8443.JPG,selected_dataset/small_diseased_regions/065__Tomato_Early_blight__1bdb9ab4-1a7a-449a-b848-c446d7615d42_RS_Erly.B_8443.jpg,0.411712646484375,0.06656289378103922,0.6430490793278821,0.37176110228760273
small_diseased_regions,66,Tomato_Late_blight,Tomato_Late_blight/a98fa7c9-5ed7-4232-8ea8-28cf75c7869e___RS_Late.B 6888.JPG,selected_dataset/small_diseased_regions/066__Tomato_Late_blight__a98fa7c9-5ed7-4232-8ea8-28cf75c7869e_RS_Late.B_6888.jpg,0.463836669921875,0.058457793275873415,0.5644979539356455,0.31613375606116156
small_diseased_regions,67,Tomato_Leaf_Mold,Tomato_Leaf_Mold/a37a63d6-d842-4049-b82b-f1d47c6f2f2c___Crnl_L.Mold 8646.JPG,selected_dataset/small_diseased_regions/067__Tomato_Leaf_Mold__a37a63d6-d842-4049-b82b-f1d47c6f2f2c_Crnl_L.Mold_8646.jpg,0.4485931396484375,0.06251913330385388,0.5946730828685212,0.11253733863035253
small_diseased_regions,68,Tomato_Septoria_leaf_spot,Tomato_Septoria_leaf_spot/d45a2219-7d01-49fc-a545-e7917596f35d___Matt.S_CG 7517.JPG,selected_dataset/small_diseased_regions/068__Tomato_Septoria_leaf_spot__d45a2219-7d01-49fc-a545-e7917596f35d_Matt.S_CG_7517.jpg,0.434906005859375,0.05901340256824082,0.7774674845423537,0.1281950716381013
small_diseased_regions,69,Tomato_Spider_mites_Two_spotted_spider_mite,Tomato_Spider_mites_Two_spotted_spider_mite/1beb7ab1-cb7c-4a42-a5d7-16a643c81100___Com.G_SpM_FL 9563.JPG,selected_dataset/small_diseased_regions/069__Tomato_Spider_mites_Two_spotted_spider_mite__1beb7ab1-cb7c-4a42-a5d7-16a643c81100_Com.G_SpM_FL_9563.jpg,0.29412841796875,0.06334301722349035,0.4624474027489116,0.13094009454515557
small_diseased_regions,70,Tomato__Target_Spot,Tomato__Target_Spot/50d1f78e-2d2d-41f4-ae65-c0888b4f6c1a___Com.G_TgS_FL 0914.JPG,selected_dataset/small_diseased_regions/070__Tomato_Target_Spot__50d1f78e-2d2d-41f4-ae65-c0888b4f6c1a_Com.G_TgS_FL_0914.jpg,0.5111541748046875,0.06143466969163259,0.742409046049501,0.2763632405531925
small_diseased_regions,71,Tomato__Tomato_YellowLeaf__Curl_Virus,Tomato__Tomato_YellowLeaf__Curl_Virus/2a276c6e-c072-4cc8-a1ff-8de64e4b8548___UF.GRC_YLCV_Lab 01361.JPG,selected_dataset/small_diseased_regions/071__Tomato_Tomato_YellowLeaf_Curl_Virus__2a276c6e-c072-4cc8-a1ff-8de64e4b8548_UF.GRC_YLCV_Lab_01361.jpg,0.5300140380859375,0.058384914351518644,0.17066076061423693,0.09921026298243249
small_diseased_regions,72,Tomato__Tomato_mosaic_virus,Tomato__Tomato_mosaic_virus/feabce4c-9bb1-4fca-bcbf-368cacd40a68___PSU_CG 2115.JPG,selected_dataset/small_diseased_regions/072__Tomato_Tomato_mosaic_virus__feabce4c-9bb1-4fca-bcbf-368cacd40a68_PSU_CG_2115.jpg,0.3422088623046875,0.048646720470861014,0.6714696073463832,0.16104430558260827
small_diseased_regions,73,Pepper__bell___Bacterial_spot,Pepper__bell___Bacterial_spot/f04c0c6c-ac82-4ac1-abbb-336630ea6363___JR_B.Spot 3129.JPG,selected_dataset/small_diseased_regions/073__Pepper_bell_Bacterial_spot__f04c0c6c-ac82-4ac1-abbb-336630ea6363_JR_B.Spot_3129.jpg,0.4506072998046875,0.05793911482848532,0.6426383622879713,0.29416402065159714
small_diseased_regions,74,Potato___Early_blight,Potato___Early_blight/8df7a062-73d6-468e-8354-baa641dd69b3___RS_Early.B 7072.JPG,selected_dataset/small_diseased_regions/074__Potato_Early_blight__8df7a062-73d6-468e-8354-baa641dd69b3_RS_Early.B_7072.jpg,0.5506439208984375,0.061074625211294926,0.8119483354017016,0.25874601192225344
small_diseased_regions,75,Potato___Late_blight,Potato___Late_blight/a0c129b8-4fb3-406d-b2f6-1309fec50c70___RS_LB 5139.JPG,selected_dataset/small_diseased_regions/075__Potato_Late_blight__a0c129b8-4fb3-406d-b2f6-1309fec50c70_RS_LB_5139.jpg,0.4529571533203125,0.06248947279770928,0.5506774371586843,0.24675522268732353
small_diseased_regions,76,Tomato_Bacterial_spot,Tomato_Bacterial_spot/91592d84-fcea-49ca-a09a-752c12b4d3fe___GCREC_Bact.Sp 3093.JPG,selected_dataset/small_diseased_regions/076__Tomato_Bacterial_spot__91592d84-fcea-49ca-a09a-752c12b4d3fe_GCREC_Bact.Sp_3093.jpg,0.5198516845703125,0.057999941295605976,0.3729730880443092,0.3009254981673256
small_diseased_regions,77,Tomato_Early_blight,Tomato_Early_blight/0cd17aff-13d8-439a-ac08-dae1aea55edb___RS_Erly.B 7828.JPG,selected_dataset/small_diseased_regions/077__Tomato_Early_blight__0cd17aff-13d8-439a-ac08-dae1aea55edb_RS_Erly.B_7828.jpg,0.4228515625,0.06679416859122402,0.5735976136017638,0.1463069138188307
small_diseased_regions,78,Tomato_Late_blight,Tomato_Late_blight/a67418bb-f556-4b1d-ac63-839c4ea89b43___RS_Late.B 6914.JPG,selected_dataset/small_diseased_regions/078__Tomato_Late_blight__a67418bb-f556-4b1d-ac63-839c4ea89b43_RS_Late.B_6914.jpg,0.382049560546875,0.062025720904225576,0.7796444580899,0.3708788788547585
small_diseased_regions,79,Tomato_Leaf_Mold,Tomato_Leaf_Mold/0eda4dc5-7f7b-4e27-9e53-1e0326eef88e___Crnl_L.Mold 8850.JPG,selected_dataset/small_diseased_regions/079__Tomato_Leaf_Mold__0eda4dc5-7f7b-4e27-9e53-1e0326eef88e_Crnl_L.Mold_8850.jpg,0.3958740234375,0.06386833179155103,0.5413691999529154,0.35185158638376396
small_diseased_regions,80,Tomato_Septoria_leaf_spot,Tomato_Septoria_leaf_spot/178dcc84-1b4a-4ca0-babc-3aff38a1d2de___Matt.S_CG 7394.JPG,selected_dataset/small_diseased_regions/080__Tomato_Septoria_leaf_spot__178dcc84-1b4a-4ca0-babc-3aff38a1d2de_Matt.S_CG_7394.jpg,0.5390625,0.058990036231884056,0.8392955446659797,0.2617134689942819
small_diseased_regions,81,Tomato_Spider_mites_Two_spotted_spider_mite,Tomato_Spider_mites_Two_spotted_spider_mite/f03ba5ea-8380-4386-9e30-2e588a27d94a___Com.G_SpM_FL 9526.JPG,selected_dataset/small_diseased_regions/081__Tomato_Spider_mites_Two_spotted_spider_mite__f03ba5ea-8380-4386-9e30-2e588a27d94a_Com.G_SpM_FL_9526.jpg,0.37420654296875,0.0634888272712445,0.5626235914759153,0.1363228120553461
small_diseased_regions,82,Tomato__Target_Spot,Tomato__Target_Spot/5f8a5bf7-8366-4f88-b5e1-bb832608e317___Com.G_TgS_FL 0696.JPG,selected_dataset/small_diseased_regions/082__Tomato_Target_Spot__5f8a5bf7-8366-4f88-b5e1-bb832608e317_Com.G_TgS_FL_0696.jpg,0.43084716796875,0.061694290976058934,0.6258751429080028,0.2755013480650469
small_diseased_regions,83,Tomato__Tomato_YellowLeaf__Curl_Virus,Tomato__Tomato_YellowLeaf__Curl_Virus/9051a11f-a72e-4adb-9fc3-8d738fb489d6___UF.GRC_YLCV_Lab 01925.JPG,selected_dataset/small_diseased_regions/083__Tomato_Tomato_YellowLeaf_Curl_Virus__9051a11f-a72e-4adb-9fc3-8d738fb489d6_UF.GRC_YLCV_Lab_01925.jpg,0.6119232177734375,0.061865695833229435,0.2736427248264024,0.2522380124626683
small_diseased_regions,84,Tomato__Tomato_mosaic_virus,Tomato__Tomato_mosaic_virus/6804695f-56f8-4ff9-90f8-69ee95097463___PSU_CG 2067.JPG,selected_dataset/small_diseased_regions/084__Tomato_Tomato_mosaic_virus__6804695f-56f8-4ff9-90f8-69ee95097463_PSU_CG_2067.jpg,0.382965087890625,0.046896167025260976,0.249344778432038,0.5202429717134927
small_diseased_regions,85,Pepper__bell___Bacterial_spot,Pepper__bell___Bacterial_spot/177e323a-7c1d-41f2-a6b3-8ea30795054f___JR_B.Spot 8941.JPG,selected_dataset/small_diseased_regions/085__Pepper_bell_Bacterial_spot__177e323a-7c1d-41f2-a6b3-8ea30795054f_JR_B.Spot_8941.jpg,0.505523681640625,0.05753093872623,0.40626924692556543,0.28396902349976916
small_diseased_regions,86,Potato___Early_blight,Potato___Early_blight/bf972aad-9f3f-40c8-9fc7-fdcf57a94c6f___RS_Early.B 7151.JPG,selected_dataset/small_diseased_regions/086__Potato_Early_blight__bf972aad-9f3f-40c8-9fc7-fdcf57a94c6f_RS_Early.B_7151.jpg,0.4835968017578125,0.058908907329694254,0.7308337656672943,0.2942137665727405
small_diseased_regions,87,Potato___Late_blight,Potato___Late_blight/cd04dd6c-fe7b-4587-ae2e-69228969d9d6___RS_LB 4824.JPG,selected_dataset/small_diseased_regions/087__Potato_Late_blight__cd04dd6c-fe7b-4587-ae2e-69228969d9d6_RS_LB_4824.jpg,0.457061767578125,0.05705414969620084,0.6692902654387064,0.10536914219354515
small_diseased_regions,88,Tomato_Bacterial_spot,Tomato_Bacterial_spot/aaa27c3b-ff24-4d91-9c0c-fe68862ab77e___GCREC_Bact.Sp 3616.JPG,selected_dataset/small_diseased_regions/088__Tomato_Bacterial_spot__aaa27c3b-ff24-4d91-9c0c-fe68862ab77e_GCREC_Bact.Sp_3616.jpg,0.494140625,0.05789896245059289,0.3648938800872876,0.08466507500482309
small_diseased_regions,89,Tomato_Early_blight,Tomato_Early_blight/603c6233-8cc0-4bb7-97f3-0e5db1614c63___RS_Erly.B 9398.JPG,selected_dataset/small_diseased_regions/089__Tomato_Early_blight__603c6233-8cc0-4bb7-97f3-0e5db1614c63_RS_Erly.B_9398.jpg,0.415374755859375,0.0677760634780692,0.623768339908814,0.13161670209499257
small_diseased_regions,90,Tomato_Late_blight,Tomato_Late_blight/4be05670-885c-4a87-a22a-dfb89f0b15d0___RS_Late.B 6588.JPG,selected_dataset/small_diseased_regions/090__Tomato_Late_blight__4be05670-885c-4a87-a22a-dfb89f0b15d0_RS_Late.B_6588.jpg,0.47222900390625,0.06323510404549568,0.5288665405898045,0.4947530690194752
small_diseased_regions,91,Tomato_Leaf_Mold,Tomato_Leaf_Mold/1c03ffcb-9476-453c-96be-5bd1f629b2d1___Crnl_L.Mold 8853.JPG,selected_dataset/small_diseased_regions/091__Tomato_Leaf_Mold__1c03ffcb-9476-453c-96be-5bd1f629b2d1_Crnl_L.Mold_8853.jpg,0.4991302490234375,0.06392345082693895,0.5692035111577337,0.29310787862374243
small_diseased_regions,92,Tomato_Septoria_leaf_spot,Tomato_Septoria_leaf_spot/ee3205cd-bafb-416b-b560-caef5586b96c___JR_Sept.L.S 2540.JPG,selected_dataset/small_diseased_regions/092__Tomato_Septoria_leaf_spot__ee3205cd-bafb-416b-b560-caef5586b96c_JR_Sept.L.S_2540.jpg,0.4595489501953125,0.06112826642759903,0.653074616770627,0.28232676846721155
small_diseased_regions,93,Tomato_Spider_mites_Two_spotted_spider_mite,Tomato_Spider_mites_Two_spotted_spider_mite/f702e4c1-fe56-41c5-9ee8-ccb06d8dce13___Com.G_SpM_FL 9528.JPG,selected_dataset/small_diseased_regions/093__Tomato_Spider_mites_Two_spotted_spider_mite__f702e4c1-fe56-41c5-9ee8-ccb06d8dce13_Com.G_SpM_FL_9528.jpg,0.3815765380859375,0.0642220178350062,0.5540797850755417,0.12735403072010124
small_diseased_regions,94,Tomato__Target_Spot,Tomato__Target_Spot/b32b022a-3404-4ebb-9456-d9fdfa7bfd27___Com.G_TgS_FL 7989.JPG,selected_dataset/small_diseased_regions/094__Tomato_Target_Spot__b32b022a-3404-4ebb-9456-d9fdfa7bfd27_Com.G_TgS_FL_7989.jpg,0.50616455078125,0.061919691305920656,0.7390563502904791,0.27574092936976924
small_diseased_regions,95,Tomato__Tomato_YellowLeaf__Curl_Virus,Tomato__Tomato_YellowLeaf__Curl_Virus/9270fe84-7eaf-45fb-8864-a8b582057342___UF.GRC_YLCV_Lab 01396.JPG,selected_dataset/small_diseased_regions/095__Tomato_Tomato_YellowLeaf_Curl_Virus__9270fe84-7eaf-45fb-8864-a8b582057342_UF.GRC_YLCV_Lab_01396.jpg,0.5046539306640625,0.06237716566383455,0.20358372982013437,0.2961350784216486
small_diseased_regions,96,Tomato__Tomato_mosaic_virus,Tomato__Tomato_mosaic_virus/b455e70e-1ff9-4081-a0bb-6d16c88402e3___PSU_CG 2105.JPG,selected_dataset/small_diseased_regions/096__Tomato_Tomato_mosaic_virus__b455e70e-1ff9-4081-a0bb-6d16c88402e3_PSU_CG_2105.jpg,0.2979736328125,0.05586849651782057,0.6775768774025761,0.16411842389960157
small_diseased_regions,97,Pepper__bell___Bacterial_spot,Pepper__bell___Bacterial_spot/e67a8a4a-e383-4eee-95e8-22443071ed6d___JR_B.Spot 9057.JPG,selected_dataset/small_diseased_regions/097__Pepper_bell_Bacterial_spot__e67a8a4a-e383-4eee-95e8-22443071ed6d_JR_B.Spot_9057.jpg,0.472686767578125,0.06268965071986571,0.43922947774393173,0.2942768309796553
small_diseased_regions,98,Potato___Early_blight,Potato___Early_blight/b8578828-0e34-4511-9739-9ef0170774b2___RS_Early.B 7416.JPG,selected_dataset/small_diseased_regions/098__Potato_Early_blight__b8578828-0e34-4511-9739-9ef0170774b2_RS_Early.B_7416.jpg,0.5450897216796875,0.05886963580886264,0.4915437315265305,0.24479482240469053
small_diseased_regions,99,Potato___Late_blight,Potato___Late_blight/3f30c40f-105b-4ce7-a376-d2e6f4681e3b___RS_LB 4921.JPG,selected_dataset/small_diseased_regions/099__Potato_Late_blight__3f30c40f-105b-4ce7-a376-d2e6f4681e3b_RS_LB_4921.jpg,0.4383392333984375,0.056915097295227486,0.5448130220778553,0.11324683636041734
small_diseased_regions,100,Tomato_Bacterial_spot,Tomato_Bacterial_spot/6dc57c16-e5f8-41c4-9188-83c8d60cf931___GCREC_Bact.Sp 3597.JPG,selected_dataset/small_diseased_regions/100__Tomato_Bacterial_spot__6dc57c16-e5f8-41c4-9188-83c8d60cf931_GCREC_Bact.Sp_3597.jpg,0.5182647705078125,0.06247607831591344,0.29261484287884276,0.26988387316362716
small_diseased_regions,101,Tomato_Early_blight,Tomato_Early_blight/28d9f1bd-ee80-46e1-b89c-5a855f0c8400___RS_Erly.B 7818.JPG,selected_dataset/small_diseased_regions/101__Tomato_Early_blight__28d9f1bd-ee80-46e1-b89c-5a855f0c8400_RS_Erly.B_7818.jpg,0.39227294921875,0.06834448420725066,0.725670519472872,0.12932843142113348
small_diseased_regions,102,Tomato_Late_blight,Tomato_Late_blight/a87b8e0c-2279-4cf7-85a4-0fba63130902___RS_Late.B 5323.JPG,selected_dataset/small_diseased_regions/102__Tomato_Late_blight__a87b8e0c-2279-4cf7-85a4-0fba63130902_RS_Late.B_5323.jpg,0.544921875,0.05656362007168459,0.7978088060262629,0.4174860575586389
small_diseased_regions,103,Tomato_Leaf_Mold,Tomato_Leaf_Mold/c1672351-bc9d-46b1-b9bc-332f9a9505bb___Crnl_L.Mold 8819.JPG,selected_dataset/small_diseased_regions/103__Tomato_Leaf_Mold__c1672351-bc9d-46b1-b9bc-332f9a9505bb_Crnl_L.Mold_8819.jpg,0.3811492919921875,0.06485447776131952,0.5728794704184492,0.3530599473617078
small_diseased_regions,104,Tomato_Septoria_leaf_spot,Tomato_Septoria_leaf_spot/e0bd1520-369e-4884-85a5-46dac6268e7a___Matt.S_CG 7709.JPG,selected_dataset/small_diseased_regions/104__Tomato_Septoria_leaf_spot__e0bd1520-369e-4884-85a5-46dac6268e7a_Matt.S_CG_7709.jpg,0.40142822265625,0.058689372054128025,0.4334377690844916,0.14626953142112314
small_diseased_regions,105,Tomato_Spider_mites_Two_spotted_spider_mite,Tomato_Spider_mites_Two_spotted_spider_mite/01854aac-d409-4136-b885-3df6943cc349___Com.G_SpM_FL 1374.JPG,selected_dataset/small_diseased_regions/105__Tomato_Spider_mites_Two_spotted_spider_mite__01854aac-d409-4136-b885-3df6943cc349_Com.G_SpM_FL_1374.jpg,0.3895721435546875,0.06521483686498766,0.6573610413826012,0.10045413172139302
small_diseased_regions,106,Tomato__Target_Spot,Tomato__Target_Spot/21c8de33-5db5-4cd9-8f69-c424c0b63414___Com.G_TgS_FL 9888.JPG,selected_dataset/small_diseased_regions/106__Tomato_Target_Spot__21c8de33-5db5-4cd9-8f69-c424c0b63414_Com.G_TgS_FL_9888.jpg,0.397705078125,0.062154696132596686,0.6693110545221137,0.132859459652833
small_diseased_regions,107,Tomato__Tomato_YellowLeaf__Curl_Virus,Tomato__Tomato_YellowLeaf__Curl_Virus/5fb985f8-4599-4275-aa1c-f9accb2d0bd3___UF.GRC_YLCV_Lab 08527.JPG,selected_dataset/small_diseased_regions/107__Tomato_Tomato_YellowLeaf_Curl_Virus__5fb985f8-4599-4275-aa1c-f9accb2d0bd3_UF.GRC_YLCV_Lab_08527.jpg,0.514007568359375,0.057234459419343346,0.026091828592909753,0.26403417585710726
small_diseased_regions,108,Tomato__Tomato_mosaic_virus,Tomato__Tomato_mosaic_virus/c9da2f9b-58f3-4715-8012-ee1fe722921f___PSU_CG 2199.JPG,selected_dataset/small_diseased_regions/108__Tomato_Tomato_mosaic_virus__c9da2f9b-58f3-4715-8012-ee1fe722921f_PSU_CG_2199.jpg,0.3379974365234375,0.055031375558665524,0.4243029359516731,0.4380234053196763
small_diseased_regions,109,Pepper__bell___Bacterial_spot,Pepper__bell___Bacterial_spot/7b371f7e-a8de-4b89-812d-0526237a6fea___JR_B.Spot 3404.JPG,selected_dataset/small_diseased_regions/109__Pepper_bell_Bacterial_spot__7b371f7e-a8de-4b89-812d-0526237a6fea_JR_B.Spot_3404.jpg,0.4284210205078125,0.05673683085799765,0.8864573963420928,0.1693769542405566
small_diseased_regions,110,Potato___Early_blight,Potato___Early_blight/acb84d77-5b1c-4beb-be27-99fee467bf1f___RS_Early.B 7577.JPG,selected_dataset/small_diseased_regions/110__Potato_Early_blight__acb84d77-5b1c-4beb-be27-99fee467bf1f_RS_Early.B_7577.jpg,0.49530029296875,0.06127541589648799,0.6843957665898251,0.10270911238099828
small_diseased_regions,111,Potato___Late_blight,Potato___Late_blight/2f419afc-a232-42c7-b0ff-92d928647a0f___RS_LB 4917.JPG,selected_dataset/small_diseased_regions/111__Potato_Late_blight__2f419afc-a232-42c7-b0ff-92d928647a0f_RS_LB_4917.jpg,0.405975341796875,0.0631060663008344,0.6358847400748779,0.11190308273547853
small_diseased_regions,112,Tomato_Bacterial_spot,Tomato_Bacterial_spot/e4ea3383-b5fc-45b6-a583-0363f632c3be___GCREC_Bact.Sp 3094.JPG,selected_dataset/small_diseased_regions/112__Tomato_Bacterial_spot__e4ea3383-b5fc-45b6-a583-0363f632c3be_GCREC_Bact.Sp_3094.jpg,0.466156005859375,0.05747954173486088,0.20507825198861743,0.3072423085336566
small_diseased_regions,113,Tomato_Early_blight,Tomato_Early_blight/407d9731-c2d8-48c1-8712-9719c185791c___RS_Erly.B 9496.JPG,selected_dataset/small_diseased_regions/113__Tomato_Early_blight__407d9731-c2d8-48c1-8712-9719c185791c_RS_Erly.B_9496.jpg,0.484100341796875,0.06868183823992939,0.6863542884760925,0.31563595292149754
small_diseased_regions,114,Tomato_Late_blight,Tomato_Late_blight/a3deb552-d098-4b15-992a-d6f2fc49ae4c___GHLB2 Leaf 109.1.JPG,selected_dataset/small_diseased_regions/114__Tomato_Late_blight__a3deb552-d098-4b15-992a-d6f2fc49ae4c_GHLB2_Leaf_109.1.jpg,0.4849700927734375,0.05644526948368625,0.45998877305347363,0.3124205746041953
small_diseased_regions,115,Tomato_Leaf_Mold,Tomato_Leaf_Mold/ceece521-8e6b-4f7b-b4bb-54369494e7a3___Crnl_L.Mold 6931.JPG,selected_dataset/small_diseased_regions/115__Tomato_Leaf_Mold__ceece521-8e6b-4f7b-b4bb-54369494e7a3_Crnl_L.Mold_6931.jpg,0.3499298095703125,0.06575676972049012,0.2028612188823378,0.34518958098570196
small_diseased_regions,116,Tomato_Septoria_leaf_spot,Tomato_Septoria_leaf_spot/c2c33819-8bcc-479b-8ee0-2b2858165764___Matt.S_CG 6345.JPG,selected_dataset/small_diseased_regions/116__Tomato_Septoria_leaf_spot__c2c33819-8bcc-479b-8ee0-2b2858165764_Matt.S_CG_6345.jpg,0.570953369140625,0.06138756748089155,0.49905008363596937,0.09740292252698093
small_diseased_regions,117,Tomato_Spider_mites_Two_spotted_spider_mite,Tomato_Spider_mites_Two_spotted_spider_mite/4d6d5c99-09de-4dea-a9af-802ce6a095b8___Com.G_SpM_FL 9649.JPG,selected_dataset/small_diseased_regions/117__Tomato_Spider_mites_Two_spotted_spider_mite__4d6d5c99-09de-4dea-a9af-802ce6a095b8_Com.G_SpM_FL_9649.jpg,0.3820343017578125,0.06594240524024444,0.5482972583799018,0.2900815876984959
small_diseased_regions,118,Tomato__Target_Spot,Tomato__Target_Spot/e8fae6c5-9d62-4f65-81a0-807e3082ea8d___Com.G_TgS_FL 0641.JPG,selected_dataset/small_diseased_regions/118__Tomato_Target_Spot__e8fae6c5-9d62-4f65-81a0-807e3082ea8d_Com.G_TgS_FL_0641.jpg,0.437164306640625,0.05780104712041885,0.6352785200465483,0.11921888299272732
small_diseased_regions,119,Tomato__Tomato_YellowLeaf__Curl_Virus,Tomato__Tomato_YellowLeaf__Curl_Virus/1989388c-8084-4046-8d6d-30143211f047___UF.GRC_YLCV_Lab 02333.JPG,selected_dataset/small_diseased_regions/119__Tomato_Tomato_YellowLeaf_Curl_Virus__1989388c-8084-4046-8d6d-30143211f047_UF.GRC_YLCV_Lab_02333.jpg,0.4410552978515625,0.06306867323992389,0.4298059696816441,0.10265130180849585
small_diseased_regions,120,Tomato__Tomato_mosaic_virus,Tomato__Tomato_mosaic_virus/67d62cc2-ac5e-4ad7-91a0-c097163df653___PSU_CG 2048.JPG,selected_dataset/small_diseased_regions/120__Tomato_Tomato_mosaic_virus__67d62cc2-ac5e-4ad7-91a0-c097163df653_PSU_CG_2048.jpg,0.3633270263671875,0.0652219562387132,0.40683179549042536,0.3089189407812639
small_diseased_regions,121,Pepper__bell___Bacterial_spot,Pepper__bell___Bacterial_spot/5528b2f7-3c8f-4c20-8fdc-5fa996e9a637___JR_B.Spot 3236.JPG,selected_dataset/small_diseased_regions/121__Pepper_bell_Bacterial_spot__5528b2f7-3c8f-4c20-8fdc-5fa996e9a637_JR_B.Spot_3236.jpg,0.5286712646484375,0.06349756111640258,0.730169488256777,0.2709948817005453
small_diseased_regions,122,Potato___Early_blight,Potato___Early_blight/5585ecfc-6e6e-4544-8e6d-180d958b7211___RS_Early.B 7619.JPG,selected_dataset/small_diseased_regions/122__Potato_Early_blight__5585ecfc-6e6e-4544-8e6d-180d958b7211_RS_Early.B_7619.jpg,0.4738616943359375,0.05841249396232491,0.7559471553158625,0.26185393164313503
small_diseased_regions,123,Potato___Late_blight,Potato___Late_blight/f5f41985-23db-4902-96a1-db4d7f95a26a___RS_LB 3177.JPG,selected_dataset/small_diseased_regions/123__Potato_Late_blight__f5f41985-23db-4902-96a1-db4d7f95a26a_RS_LB_3177.jpg,0.489166259765625,0.06313556678520182,0.48769878912943754,0.06948115275398446
small_diseased_regions,124,Tomato_Bacterial_spot,Tomato_Bacterial_spot/88cc038d-6215-45de-a0e7-26cb701e96e2___GCREC_Bact.Sp 3494.JPG,selected_dataset/small_diseased_regions/124__Tomato_Bacterial_spot__88cc038d-6215-45de-a0e7-26cb701e96e2_GCREC_Bact.Sp_3494.jpg,0.542999267578125,0.05693250154555162,0.35041326107975806,0.27953437757912636
small_diseased_regions,125,Tomato_Early_blight,Tomato_Early_blight/eea79799-a869-4a1f-bfa2-5c85a27716ae___RS_Erly.B 8391.JPG,selected_dataset/small_diseased_regions/125__Tomato_Early_blight__eea79799-a869-4a1f-bfa2-5c85a27716ae_RS_Erly.B_8391.jpg,0.64727783203125,0.05115511551155116,0.725371161443712,0.2574060280961322
small_diseased_regions,126,Tomato_Late_blight,Tomato_Late_blight/a8e0a1e2-02c7-4177-8ee6-e0c80743d6a8___GHLB2 Leaf 113.1.JPG,selected_dataset/small_diseased_regions/126__Tomato_Late_blight__a8e0a1e2-02c7-4177-8ee6-e0c80743d6a8_GHLB2_Leaf_113.1.jpg,0.31390380859375,0.06455376239548902,0.15531193710291885,0.3654156050524555
small_diseased_regions,127,Tomato_Leaf_Mold,Tomato_Leaf_Mold/a9fbf5e6-bec9-4845-9659-237d9c67f8eb___Crnl_L.Mold 8624.JPG,selected_dataset/small_diseased_regions/127__Tomato_Leaf_Mold__a9fbf5e6-bec9-4845-9659-237d9c67f8eb_Crnl_L.Mold_8624.jpg,0.3943023681640625,0.053132618706706394,0.6335992279465973,0.3062106294029959
small_diseased_regions,128,Tomato_Septoria_leaf_spot,Tomato_Septoria_leaf_spot/444b3794-ac77-4dab-a3d0-556086c7ec89___Matt.S_CG 1080.JPG,selected_dataset/small_diseased_regions/128__Tomato_Septoria_leaf_spot__444b3794-ac77-4dab-a3d0-556086c7ec89_Matt.S_CG_1080.jpg,0.5081634521484375,0.058553283487974055,0.09763386663351262,0.3282365905988749
small_diseased_regions,129,Tomato_Spider_mites_Two_spotted_spider_mite,Tomato_Spider_mites_Two_spotted_spider_mite/7ab3ac9c-629e-4ca0-af0e-07e84c4a8d13___Com.G_SpM_FL 9623.JPG,selected_dataset/small_diseased_regions/129__Tomato_Spider_mites_Two_spotted_spider_mite__7ab3ac9c-629e-4ca0-af0e-07e84c4a8d13_Com.G_SpM_FL_9623.jpg,0.34515380859375,0.053006189213085766,0.46079032334588876,0.18634411054174188
small_diseased_regions,130,Tomato__Target_Spot,Tomato__Target_Spot/e6efb6e3-7e58-441d-808f-bdb535f8ad70___Com.G_TgS_FL 9764.JPG,selected_dataset/small_diseased_regions/130__Tomato_Target_Spot__e6efb6e3-7e58-441d-808f-bdb535f8ad70_Com.G_TgS_FL_9764.jpg,0.400390625,0.06307164634146341,0.658933915469413,0.10066335661350985
small_diseased_regions,131,Tomato__Tomato_YellowLeaf__Curl_Virus,Tomato__Tomato_YellowLeaf__Curl_Virus/4055acd0-d1da-429c-a9f1-89cd9f897d9a___UF.GRC_YLCV_Lab 03087.JPG,selected_dataset/small_diseased_regions/131__Tomato_Tomato_YellowLeaf_Curl_Virus__4055acd0-d1da-429c-a9f1-89cd9f897d9a_UF.GRC_YLCV_Lab_03087.jpg,0.43048095703125,0.06312916489437119,0.16160478179995086,0.3012012262960939
small_diseased_regions,132,Tomato__Tomato_mosaic_virus,Tomato__Tomato_mosaic_virus/b9c75527-d6ee-4c24-b293-9618b378157c___PSU_CG 2130.JPG,selected_dataset/small_diseased_regions/132__Tomato_Tomato_mosaic_virus__b9c75527-d6ee-4c24-b293-9618b378157c_PSU_CG_2130.jpg,0.3154754638671875,0.05407496977025393,0.3262980726858102,0.42876094074589916
small_diseased_regions,133,Pepper__bell___Bacterial_spot,Pepper__bell___Bacterial_spot/55d4d62f-ed27-4225-8245-c0e732a5a01b___JR_B.Spot 8959.JPG,selected_dataset/small_diseased_regions/133__Pepper_bell_Bacterial_spot__55d4d62f-ed27-4225-8245-c0e732a5a01b_JR_B.Spot_8959.jpg,0.5291595458984375,0.055970472043599874,0.4155176350225871,0.27505977584795294
small_diseased_regions,134,Potato___Early_blight,Potato___Early_blight/d6ffc732-27cc-4391-9820-be9d386fb245___RS_Early.B 7032.JPG,selected_dataset/small_diseased_regions/134__Potato_Early_blight__d6ffc732-27cc-4391-9820-be9d386fb245_RS_Early.B_7032.jpg,0.5124053955078125,0.06164199994044251,0.7026978641885502,0.09214581826069858
small_diseased_regions,135,Potato___Late_blight,Potato___Late_blight/33baf253-755d-4e3f-8d52-5caf59d0835d___RS_LB 2867.JPG,selected_dataset/small_diseased_regions/135__Potato_Late_blight__33baf253-755d-4e3f-8d52-5caf59d0835d_RS_LB_2867.jpg,0.4002685546875,0.05558096980786825,0.5560576137024624,0.1330737118858643
small_diseased_regions,136,Tomato_Bacterial_spot,Tomato_Bacterial_spot/7fa9aeec-445b-4211-9a30-862070925330___GCREC_Bact.Sp 6396.JPG,selected_dataset/small_diseased_regions/136__Tomato_Bacterial_spot__7fa9aeec-445b-4211-9a30-862070925330_GCREC_Bact.Sp_6396.jpg,0.5166015625,0.056149574669187144,0.4159224521982872,0.12170950214518098
small_diseased_regions,137,Tomato_Early_blight,Tomato_Early_blight/0d5f65a3-b32f-4565-b63a-c6da73c1322b___RS_Erly.B 8310.JPG,selected_dataset/small_diseased_regions/137__Tomato_Early_blight__0d5f65a3-b32f-4565-b63a-c6da73c1322b_RS_Erly.B_8310.jpg,0.67755126953125,0.050738672191694444,0.48197058036559326,0.42437932339596607
small_diseased_regions,138,Tomato_Late_blight,Tomato_Late_blight/ce90a66b-6d07-4fc1-89bd-af0de0c5dee1___GHLB2 Leaf 108.JPG,selected_dataset/small_diseased_regions/138__Tomato_Late_blight__ce90a66b-6d07-4fc1-89bd-af0de0c5dee1_GHLB2_Leaf_108.jpg,0.59063720703125,0.06525782783920636,0.3996672133118878,0.47930667722590664
small_diseased_regions,139,Tomato_Leaf_Mold,Tomato_Leaf_Mold/9a1fc5b3-476a-4565-ad69-e054accd2dd6___Crnl_L.Mold 9030.JPG,selected_dataset/small_diseased_regions/139__Tomato_Leaf_Mold__9a1fc5b3-476a-4565-ad69-e054accd2dd6_Crnl_L.Mold_9030.jpg,0.3564300537109375,0.06721178132625541,0.3014151004574433,0.40630254907765984
small_diseased_regions,140,Tomato_Septoria_leaf_spot,Tomato_Septoria_leaf_spot/45c5dbd2-e45d-438b-ae11-04e96417cb2f___Matt.S_CG 0666.JPG,selected_dataset/small_diseased_regions/140__Tomato_Septoria_leaf_spot__45c5dbd2-e45d-438b-ae11-04e96417cb2f_Matt.S_CG_0666.jpg,0.5040130615234375,0.05836941055372226,0.41975319144496925,0.12713143466160984
small_diseased_regions,141,Tomato_Spider_mites_Two_spotted_spider_mite,Tomato_Spider_mites_Two_spotted_spider_mite/e2563da7-2594-44f2-9d21-b505a1a5831b___Com.G_SpM_FL 1725.JPG,selected_dataset/small_diseased_regions/141__Tomato_Spider_mites_Two_spotted_spider_mite__e2563da7-2594-44f2-9d21-b505a1a5831b_Com.G_SpM_FL_1725.jpg,0.403900146484375,0.05277672837174159,0.6796891570554936,0.11360546739566767
small_diseased_regions,142,Tomato__Target_Spot,Tomato__Target_Spot/856076c1-50ec-478d-81a2-4cb3fd26b5af___Com.G_TgS_FL 0750.JPG,selected_dataset/small_diseased_regions/142__Tomato_Target_Spot__856076c1-50ec-478d-81a2-4cb3fd26b5af_Com.G_TgS_FL_0750.jpg,0.492401123046875,0.05593430430740626,0.7114244094266776,0.26864810756454255
small_diseased_regions,143,Tomato__Tomato_YellowLeaf__Curl_Virus,Tomato__Tomato_YellowLeaf__Curl_Virus/45b1847e-011d-45d9-8627-c7a737e21192___UF.GRC_YLCV_Lab 03145.JPG,selected_dataset/small_diseased_regions/143__Tomato_Tomato_YellowLeaf_Curl_Virus__45b1847e-011d-45d9-8627-c7a737e21192_UF.GRC_YLCV_Lab_03145.jpg,0.46038818359375,0.0633368686199125,0.32229149977482546,0.3615356247154107
small_diseased_regions,144,Tomato__Tomato_mosaic_virus,Tomato__Tomato_mosaic_virus/d338ebb0-f140-48c6-b828-7349f43cf866___PSU_CG 2339.JPG,selected_dataset/small_diseased_regions/144__Tomato_Tomato_mosaic_virus__d338ebb0-f140-48c6-b828-7349f43cf866_PSU_CG_2339.jpg,0.3371124267578125,0.06662743855519848,0.6462239923521051,0.322783067156318
small_diseased_regions,145,Pepper__bell___Bacterial_spot,Pepper__bell___Bacterial_spot/092b3e29-d29a-482f-9207-3cd5fbed6710___JR_B.Spot 3238.JPG,selected_dataset/small_diseased_regions/145__Pepper_bell_Bacterial_spot__092b3e29-d29a-482f-9207-3cd5fbed6710_JR_B.Spot_3238.jpg,0.5318756103515625,0.05579940901397137,0.44316586097730315,0.27645200023362343
small_diseased_regions,146,Potato___Early_blight,Potato___Early_blight/6c5385cd-d362-4810-b4e8-58ab768c706c___RS_Early.B 8323.JPG,selected_dataset/small_diseased_regions/146__Potato_Early_blight__6c5385cd-d362-4810-b4e8-58ab768c706c_RS_Early.B_8323.jpg,0.3890838623046875,0.06168869367426173,0.8242933258736214,0.2086082267000171
small_diseased_regions,147,Potato___Late_blight,Potato___Late_blight/b3e1ec14-6de4-4afc-9ceb-254469c8ce15___RS_LB 3910.JPG,selected_dataset/small_diseased_regions/147__Potato_Late_blight__b3e1ec14-6de4-4afc-9ceb-254469c8ce15_RS_LB_3910.jpg,0.4554443359375,0.05501206110962208,0.4062663424955184,0.0975379079395394
small_diseased_regions,148,Tomato_Bacterial_spot,Tomato_Bacterial_spot/d5b68019-d730-432d-80b5-dcd87b39742d___UF.GRC_BS_Lab Leaf 1200.JPG,selected_dataset/small_diseased_regions/148__Tomato_Bacterial_spot__d5b68019-d730-432d-80b5-dcd87b39742d_UF.GRC_BS_Lab_Leaf_1200.jpg,0.4251251220703125,0.06392448225117547,0.3326717528223949,0.3390786549699002
small_diseased_regions,149,Tomato_Early_blight,Tomato_Early_blight/c66ca8bd-a004-4efb-a66c-3be5168aaaca___RS_Erly.B 7826.JPG,selected_dataset/small_diseased_regions/149__Tomato_Early_blight__c66ca8bd-a004-4efb-a66c-3be5168aaaca_RS_Erly.B_7826.jpg,0.429168701171875,0.06108227263030648,0.6301946911907437,0.10643163749440183
small_diseased_regions,150,Tomato_Late_blight,Tomato_Late_blight/589aa880-2e56-4025-b997-6c495644302a___GHLB Leaf 2.1 Day 6.JPG,selected_dataset/small_diseased_regions/150__Tomato_Late_blight__589aa880-2e56-4025-b997-6c495644302a_GHLB_Leaf_2.1_Day_6.jpg,0.8235626220703125,0.05432345802530895,0.157427110019432,0.5311558389099403
small_diseased_regions,151,Tomato_Leaf_Mold,Tomato_Leaf_Mold/96ec6dc6-c3fb-4261-93ae-77d5dfaf8478___Crnl_L.Mold 8909.JPG,selected_dataset/small_diseased_regions/151__Tomato_Leaf_Mold__96ec6dc6-c3fb-4261-93ae-77d5dfaf8478_Crnl_L.Mold_8909.jpg,0.4071197509765625,0.052584235973164424,0.793024058519392,0.1413388544583275
small_diseased_regions,152,Tomato_Septoria_leaf_spot,Tomato_Septoria_leaf_spot/dc98cddf-6178-4199-8e81-d5e3987f67b6___Matt.S_CG 6335.JPG,selected_dataset/small_diseased_regions/152__Tomato_Septoria_leaf_spot__dc98cddf-6178-4199-8e81-d5e3987f67b6_Matt.S_CG_6335.jpg,0.49334716796875,0.061703575405171344,0.3626303391019431,0.08613444383730023
small_diseased_regions,153,Tomato_Spider_mites_Two_spotted_spider_mite,Tomato_Spider_mites_Two_spotted_spider_mite/d3efedb8-26f6-426f-87d8-f73f3534b5b7___Com.G_SpM_FL 9659.JPG,selected_dataset/small_diseased_regions/153__Tomato_Spider_mites_Two_spotted_spider_mite__d3efedb8-26f6-426f-87d8-f73f3534b5b7_Com.G_SpM_FL_9659.jpg,0.3254547119140625,0.06760748276993764,0.5255346459043286,0.13130126248806212
small_diseased_regions,154,Tomato__Target_Spot,Tomato__Target_Spot/eaf8dfbd-d480-46b6-afd4-7821c540c648___Com.G_TgS_FL 8297.JPG,selected_dataset/small_diseased_regions/154__Tomato_Target_Spot__eaf8dfbd-d480-46b6-afd4-7821c540c648_Com.G_TgS_FL_8297.jpg,0.450653076171875,0.05576623552515744,0.7773911026157947,0.2831522716583629
small_diseased_regions,155,Tomato__Tomato_YellowLeaf__Curl_Virus,Tomato__Tomato_YellowLeaf__Curl_Virus/1b1762b5-7aef-463c-ab99-bcc49246407a___UF.GRC_YLCV_Lab 01470.JPG,selected_dataset/small_diseased_regions/155__Tomato_Tomato_YellowLeaf_Curl_Virus__1b1762b5-7aef-463c-ab99-bcc49246407a_UF.GRC_YLCV_Lab_01470.jpg,0.4877777099609375,0.06375324553445741,0.0842592412898838,0.32370940508912915
small_diseased_regions,156,Tomato__Tomato_mosaic_virus,Tomato__Tomato_mosaic_virus/453cf1e5-cfb7-4350-8257-c51a47fb36b8___PSU_CG 2111.JPG,selected_dataset/small_diseased_regions/156__Tomato_Tomato_mosaic_virus__453cf1e5-cfb7-4350-8257-c51a47fb36b8_PSU_CG_2111.jpg,0.3509979248046875,0.05225405381906708,0.3404848028755655,0.3405431571756733
small_diseased_regions,157,Pepper__bell___Bacterial_spot,Pepper__bell___Bacterial_spot/0705b53e-4c54-4fce-9bc0-833db0619f3d___JR_B.Spot 9068.JPG,selected_dataset/small_diseased_regions/157__Pepper_bell_Bacterial_spot__0705b53e-4c54-4fce-9bc0-833db0619f3d_JR_B.Spot_9068.jpg,0.5155181884765625,0.06434808346899512,0.3646253885447586,0.26905414398240346
small_diseased_regions,158,Potato___Early_blight,Potato___Early_blight/b17bf28e-c272-4a24-9f45-7d3a343de49f___RS_Early.B 7620.JPG,selected_dataset/small_diseased_regions/158__Potato_Early_blight__b17bf28e-c272-4a24-9f45-7d3a343de49f_RS_Early.B_7620.jpg,0.4964141845703125,0.061844895951802786,0.7455153671081788,0.09788522928736586
small_diseased_regions,159,Potato___Late_blight,Potato___Late_blight/87c99be5-a930-410f-8529-e79e030cba0c___RS_LB 5294.JPG,selected_dataset/small_diseased_regions/159__Potato_Late_blight__87c99be5-a930-410f-8529-e79e030cba0c_RS_LB_5294.jpg,0.4712982177734375,0.05497458477676692,0.5897790026768022,0.08725141306720567
small_diseased_regions,160,Tomato_Bacterial_spot,Tomato_Bacterial_spot/acbc36cd-9c39-419b-95da-7858806a063a___GCREC_Bact.Sp 3811.JPG,selected_dataset/small_diseased_regions/160__Tomato_Bacterial_spot__acbc36cd-9c39-419b-95da-7858806a063a_GCREC_Bact.Sp_3811.jpg,0.527587890625,0.056021517815826004,0.31651693946230963,0.3034985332381439
small_diseased_regions,161,Tomato_Early_blight,Tomato_Early_blight/21ad39db-c205-4220-a7e6-566042e70007___RS_Erly.B 7633.JPG,selected_dataset/small_diseased_regions/161__Tomato_Early_blight__21ad39db-c205-4220-a7e6-566042e70007_RS_Erly.B_7633.jpg,0.42218017578125,0.0702255312996964,0.2300617399357459,0.3273063009076563
small_diseased_regions,162,Tomato_Late_blight,Tomato_Late_blight/de4f6bd2-15df-45c2-aa3e-da9c42586e67___RS_Late.B 5100.JPG,selected_dataset/small_diseased_regions/162__Tomato_Late_blight__de4f6bd2-15df-45c2-aa3e-da9c42586e67_RS_Late.B_5100.jpg,0.4586181640625,0.06604338568006388,0.5792366825920364,0.29806645152399114
small_diseased_regions,163,Tomato_Leaf_Mold,Tomato_Leaf_Mold/a6ff3d28-9ffd-4ccd-8283-0d3d0718d311___Crnl_L.Mold 8799.JPG,selected_dataset/small_diseased_regions/163__Tomato_Leaf_Mold__a6ff3d28-9ffd-4ccd-8283-0d3d0718d311_Crnl_L.Mold_8799.jpg,0.3201904296875,0.05256385817765917,0.4869792237723003,0.6363814390298529
small_diseased_regions,164,Tomato_Septoria_leaf_spot,Tomato_Septoria_leaf_spot/8cf044ea-2e31-49b3-942e-2a74ce20dfe1___Matt.S_CG 7417.JPG,selected_dataset/small_diseased_regions/164__Tomato_Septoria_leaf_spot__8cf044ea-2e31-49b3-942e-2a74ce20dfe1_Matt.S_CG_7417.jpg,0.5201873779296875,0.06186383502977325,0.7605457091936669,0.28556866654301793
small_diseased_regions,165,Tomato_Spider_mites_Two_spotted_spider_mite,Tomato_Spider_mites_Two_spotted_spider_mite/63a325a3-94b4-401a-aba8-e902914a6477___Com.G_SpM_FL 1468.JPG,selected_dataset/small_diseased_regions/165__Tomato_Spider_mites_Two_spotted_spider_mite__63a325a3-94b4-401a-aba8-e902914a6477_Com.G_SpM_FL_1468.jpg,0.401336669921875,0.052353433198996276,0.780730656109393,0.08709466311382755
small_diseased_regions,166,Tomato__Target_Spot,Tomato__Target_Spot/b76a19d9-8059-4b55-9a0f-e5f8f2cfb3cb___Com.G_TgS_FL 9964.JPG,selected_dataset/small_diseased_regions/166__Tomato_Target_Spot__b76a19d9-8059-4b55-9a0f-e5f8f2cfb3cb_Com.G_TgS_FL_9964.jpg,0.401275634765625,0.06510000760514108,0.6894365862600322,0.12108219210944296
small_diseased_regions,167,Tomato__Tomato_YellowLeaf__Curl_Virus,Tomato__Tomato_YellowLeaf__Curl_Virus/200ad4af-a0c5-4585-981c-1c4a5d963cba___UF.GRC_YLCV_Lab 02454.JPG,selected_dataset/small_diseased_regions/167__Tomato_Tomato_YellowLeaf_Curl_Virus__200ad4af-a0c5-4585-981c-1c4a5d963cba_UF.GRC_YLCV_Lab_02454.jpg,0.4155120849609375,0.05618596452572436,0.20797789926459645,0.10080997962810251
small_diseased_regions,168,Tomato__Tomato_mosaic_virus,Tomato__Tomato_mosaic_virus/2afd76a3-68f8-42cf-a68a-2f3076168dc0___PSU_CG 2260.JPG,selected_dataset/small_diseased_regions/168__Tomato_Tomato_mosaic_virus__2afd76a3-68f8-42cf-a68a-2f3076168dc0_PSU_CG_2260.jpg,0.37127685546875,0.07714121321716258,0.60428631814097,0.19225605350120595
small_diseased_regions,169,Pepper__bell___Bacterial_spot,Pepper__bell___Bacterial_spot/5f4f7469-3f1c-4f29-a5f7-68f2e57ce261___JR_B.Spot 9030.JPG,selected_dataset/small_diseased_regions/169__Pepper_bell_Bacterial_spot__5f4f7469-3f1c-4f29-a5f7-68f2e57ce261_JR_B.Spot_9030.jpg,0.5226593017578125,0.06554170437625902,0.476898037013179,0.273351342828187
small_diseased_regions,170,Potato___Early_blight,Potato___Early_blight/ad8c76f3-16b3-4d7f-a9e9-cbec8c398d34___RS_Early.B 6694.JPG,selected_dataset/small_diseased_regions/170__Potato_Early_blight__ad8c76f3-16b3-4d7f-a9e9-cbec8c398d34_RS_Early.B_6694.jpg,0.5546417236328125,0.058048364466697845,0.8103124503064556,0.07397123137205906
small_diseased_regions,171,Potato___Late_blight,Potato___Late_blight/e0a559bf-6345-4c5a-8b42-5545b52a2f1b___RS_LB 5456.JPG,selected_dataset/small_diseased_regions/171__Potato_Late_blight__e0a559bf-6345-4c5a-8b42-5545b52a2f1b_RS_LB_5456.jpg,0.5335235595703125,0.05451165451165451,0.46271825001065725,0.0886806202367803
small_diseased_regions,172,Tomato_Bacterial_spot,Tomato_Bacterial_spot/7007e815-078b-4025-8aaf-89570d8300c4___UF.GRC_BS_Lab Leaf 1203.JPG,selected_dataset/small_diseased_regions/172__Tomato_Bacterial_spot__7007e815-078b-4025-8aaf-89570d8300c4_UF.GRC_BS_Lab_Leaf_1203.jpg,0.438629150390625,0.06400890558686426,0.28170638470757003,0.33196284599562853
small_diseased_regions,173,Tomato_Early_blight,Tomato_Early_blight/69ec13bc-48bf-4a91-adc0-acb4386979ac___RS_Erly.B 7732.JPG,selected_dataset/small_diseased_regions/173__Tomato_Early_blight__69ec13bc-48bf-4a91-adc0-acb4386979ac_RS_Erly.B_7732.jpg,0.44305419921875,0.0704642512742802,0.6150086233325218,0.27402106674231913
small_diseased_regions,174,Tomato_Late_blight,Tomato_Late_blight/7fc96574-d320-4622-9695-1478156c6b76___GHLB2 Leaf 164.2.JPG,selected_dataset/small_diseased_regions/174__Tomato_Late_blight__7fc96574-d320-4622-9695-1478156c6b76_GHLB2_Leaf_164.2.jpg,0.4920501708984375,0.05367941203832915,0.4265271228824844,0.3459892518015374
small_diseased_regions,175,Tomato_Leaf_Mold,Tomato_Leaf_Mold/35f38d23-ae26-4feb-a076-6fd6571db043___Crnl_L.Mold 6814.JPG,selected_dataset/small_diseased_regions/175__Tomato_Leaf_Mold__35f38d23-ae26-4feb-a076-6fd6571db043_Crnl_L.Mold_6814.jpg,0.4129486083984375,0.06880242397369102,0.556720627535592,0.10276956863115988
small_diseased_regions,176,Tomato_Septoria_leaf_spot,Tomato_Septoria_leaf_spot/eefa43ba-728d-42e7-96c3-a032c9542f94___Matt.S_CG 7508.JPG,selected_dataset/small_diseased_regions/176__Tomato_Septoria_leaf_spot__eefa43ba-728d-42e7-96c3-a032c9542f94_Matt.S_CG_7508.jpg,0.3600006103515625,0.06205230364938753,0.5715959121282297,0.33479349305361217
small_diseased_regions,177,Tomato_Spider_mites_Two_spotted_spider_mite,Tomato_Spider_mites_Two_spotted_spider_mite/574e7e72-bfae-4c60-81f4-e5cbda59f5db___Com.G_SpM_FL 1151.JPG,selected_dataset/small_diseased_regions/177__Tomato_Spider_mites_Two_spotted_spider_mite__574e7e72-bfae-4c60-81f4-e5cbda59f5db_Com.G_SpM_FL_1151.jpg,0.406402587890625,0.06769542689795,0.7716838983012926,0.26858948121087706
small_diseased_regions,178,Tomato__Target_Spot,Tomato__Target_Spot/cd5c1ad0-87cc-49a7-b192-ec9beadb67a9___Com.G_TgS_FL 9960.JPG,selected_dataset/small_diseased_regions/178__Tomato_Target_Spot__cd5c1ad0-87cc-49a7-b192-ec9beadb67a9_Com.G_TgS_FL_9960.jpg,0.4125518798828125,0.05488774642157044,0.6950835506917078,0.13607514666640147
small_diseased_regions,179,Tomato__Tomato_YellowLeaf__Curl_Virus,Tomato__Tomato_YellowLeaf__Curl_Virus/85f426b9-d5be-433b-aef8-d1a36f91db58___UF.GRC_YLCV_Lab 09508.JPG,selected_dataset/small_diseased_regions/179__Tomato_Tomato_YellowLeaf_Curl_Virus__85f426b9-d5be-433b-aef8-d1a36f91db58_UF.GRC_YLCV_Lab_09508.jpg,0.4364013671875,0.06405594405594406,0.26897590803907157,0.38854130463801023
small_diseased_regions,180,Tomato__Tomato_mosaic_virus,Tomato__Tomato_mosaic_virus/e8900c28-b9e9-41d4-b8f6-5c4be8db1296___PSU_CG 2352.JPG,selected_dataset/small_diseased_regions/180__Tomato_Tomato_mosaic_virus__e8900c28-b9e9-41d4-b8f6-5c4be8db1296_PSU_CG_2352.jpg,0.3372344970703125,0.06886566218723135,0.33557925540134675,0.20283509553824353
small_diseased_regions,181,Pepper__bell___Bacterial_spot,Pepper__bell___Bacterial_spot/78dbe7fe-0821-4c19-922f-0e330f0cd3bd___JR_B.Spot 8856.JPG,selected_dataset/small_diseased_regions/181__Pepper_bell_Bacterial_spot__78dbe7fe-0821-4c19-922f-0e330f0cd3bd_JR_B.Spot_8856.jpg,0.523284912109375,0.06689216772613285,0.5113804197517432,0.27892782415025474
small_diseased_regions,182,Potato___Early_blight,Potato___Early_blight/f5fca019-b28f-4000-9d5e-b0b5fd061304___RS_Early.B 7503.JPG,selected_dataset/small_diseased_regions/182__Potato_Early_blight__f5fca019-b28f-4000-9d5e-b0b5fd061304_RS_Early.B_7503.jpg,0.5286102294921875,0.062090465606327395,0.6142492986518685,0.0828504969829604
small_diseased_regions,183,Potato___Late_blight,Potato___Late_blight/d98195f0-bdf8-4e0d-9fd5-af86cfed2a6c___RS_LB 4790.JPG,selected_dataset/small_diseased_regions/183__Potato_Late_blight__d98195f0-bdf8-4e0d-9fd5-af86cfed2a6c_RS_LB_4790.jpg,0.5423126220703125,0.05438789004248614,0.7392164811451948,0.08700214276215792
small_diseased_regions,184,Tomato_Bacterial_spot,Tomato_Bacterial_spot/8c3a26fe-2c28-4f55-9a5b-3d8b2be54502___GCREC_Bact.Sp 3682.JPG,selected_dataset/small_diseased_regions/184__Tomato_Bacterial_spot__8c3a26fe-2c28-4f55-9a5b-3d8b2be54502_GCREC_Bact.Sp_3682.jpg,0.528778076171875,0.05589542332775437,0.4129196621972949,0.2742830539737291
small_diseased_regions,185,Tomato_Early_blight,Tomato_Early_blight/0401adc0-0998-4d8e-90de-4eae8caf4248___RS_Erly.B 8446.JPG,selected_dataset/small_diseased_regions/185__Tomato_Early_blight__0401adc0-0998-4d8e-90de-4eae8caf4248_RS_Erly.B_8446.jpg,0.56787109375,0.061478933791917455,0.5352309148676477,0.28741838238102335
small_diseased_regions,186,Tomato_Late_blight,Tomato_Late_blight/3e1ddc38-64bb-4976-950d-7e228638d70e___GHLB2ES Leaf 65.1.JPG,selected_dataset/small_diseased_regions/186__Tomato_Late_blight__3e1ddc38-64bb-4976-950d-7e228638d70e_GHLB2ES_Leaf_65.1.jpg,0.4809722900390625,0.06643190254116303,0.281225267982538,0.5847483750136184
small_diseased_regions,187,Tomato_Leaf_Mold,Tomato_Leaf_Mold/791aae0d-94d2-4d06-b696-6ffd297f2ccb___Crnl_L.Mold 8888.JPG,selected_dataset/small_diseased_regions/187__Tomato_Leaf_Mold__791aae0d-94d2-4d06-b696-6ffd297f2ccb_Crnl_L.Mold_8888.jpg,0.415924072265625,0.07051140949446034,0.7171257253292762,0.31474425177859644
small_diseased_regions,188,Tomato_Septoria_leaf_spot,Tomato_Septoria_leaf_spot/0ea8a7c0-74f4-404b-81f4-233e501dab60___Matt.S_CG 6731.JPG,selected_dataset/small_diseased_regions/188__Tomato_Septoria_leaf_spot__0ea8a7c0-74f4-404b-81f4-233e501dab60_Matt.S_CG_6731.jpg,0.524200439453125,0.06226349187867497,0.4382358837949783,0.11006475584214
small_diseased_regions,189,Tomato_Spider_mites_Two_spotted_spider_mite,Tomato_Spider_mites_Two_spotted_spider_mite/f03d3d30-cc06-48e0-9a8f-978f705cc2e8___Com.G_SpM_FL 1278.JPG,selected_dataset/small_diseased_regions/189__Tomato_Spider_mites_Two_spotted_spider_mite__f03d3d30-cc06-48e0-9a8f-978f705cc2e8_Com.G_SpM_FL_1278.jpg,0.407928466796875,0.0679658861375028,0.734083478506345,0.09044329000906022
small_diseased_regions,190,Tomato__Target_Spot,Tomato__Target_Spot/de3db84e-e8a6-482e-b06d-3ebc28876ec1___Com.G_TgS_FL 8163.JPG,selected_dataset/small_diseased_regions/190__Tomato_Target_Spot__de3db84e-e8a6-482e-b06d-3ebc28876ec1_Com.G_TgS_FL_8163.jpg,0.40380859375,0.05486698911729142,0.6772066179061125,0.177471854549298
small_diseased_regions,191,Tomato__Tomato_YellowLeaf__Curl_Virus,Tomato__Tomato_YellowLeaf__Curl_Virus/1805c888-a04f-43cd-98ce-dd06024e0365___UF.GRC_YLCV_Lab 03106.JPG,selected_dataset/small_diseased_regions/191__Tomato_Tomato_YellowLeaf_Curl_Virus__1805c888-a04f-43cd-98ce-dd06024e0365_UF.GRC_YLCV_Lab_03106.jpg,0.4832763671875,0.06478908815357413,0.19583997538819553,0.2978156411664443
small_diseased_regions,192,Tomato__Tomato_mosaic_virus,Tomato__Tomato_mosaic_virus/ca62b320-b16a-4c41-aae6-0b9492c499f6___PSU_CG 2165.JPG,selected_dataset/small_diseased_regions/192__Tomato_Tomato_mosaic_virus__ca62b320-b16a-4c41-aae6-0b9492c499f6_PSU_CG_2165.jpg,0.3056640625,0.0792232428115016,0.3057164672629561,0.37200830786564815
small_diseased_regions,193,Pepper__bell___Bacterial_spot,Pepper__bell___Bacterial_spot/15f3b9e4-9127-4404-904b-173dbe878fd6___JR_B.Spot 3226.JPG,selected_dataset/small_diseased_regions/193__Pepper_bell_Bacterial_spot__15f3b9e4-9127-4404-904b-173dbe878fd6_JR_B.Spot_3226.jpg,0.4673614501953125,0.06774625355055666,0.7872760774906378,0.31562284917764294
small_diseased_regions,194,Potato___Early_blight,Potato___Early_blight/c91060f7-f9dd-4930-ad0a-8a4a6bd803d2___RS_Early.B 7869.JPG,selected_dataset/small_diseased_regions/194__Potato_Early_blight__c91060f7-f9dd-4930-ad0a-8a4a6bd803d2_RS_Early.B_7869.jpg,0.5593109130859375,0.05789114718319465,0.8191510301713548,0.24414898019848963
small_diseased_regions,195,Potato___Late_blight,Potato___Late_blight/4eaf1f96-f7f4-4a92-ba67-0147de20ab72___RS_LB 4830.JPG,selected_dataset/small_diseased_regions/195__Potato_Late_blight__4eaf1f96-f7f4-4a92-ba67-0147de20ab72_RS_LB_4830.jpg,0.5348358154296875,0.06641750591994522,0.6601353366613436,0.2597441123489131
small_diseased_regions,196,Tomato_Bacterial_spot,Tomato_Bacterial_spot/47798da0-ff59-497e-a2bb-e169c9138a7e___GCREC_Bact.Sp 3120.JPG,selected_dataset/small_diseased_regions/196__Tomato_Bacterial_spot__47798da0-ff59-497e-a2bb-e169c9138a7e_GCREC_Bact.Sp_3120.jpg,0.478363037109375,0.05511961722488038,0.18412751267390973,0.10042934087877292
small_diseased_regions,197,Tomato_Early_blight,Tomato_Early_blight/c78483c5-424f-4a5f-aab3-5b909b62a7e6___RS_Erly.B 7541.JPG,selected_dataset/small_diseased_regions/197__Tomato_Early_blight__c78483c5-424f-4a5f-aab3-5b909b62a7e6_RS_Erly.B_7541.jpg,0.42095947265625,0.07090039147455415,0.37998318709445766,0.3067404354427831
small_diseased_regions,198,Tomato_Late_blight,Tomato_Late_blight/0931f7e6-8481-4d03-8fe6-d4ae7637142d___RS_Late.B 4917.JPG,selected_dataset/small_diseased_regions/198__Tomato_Late_blight__0931f7e6-8481-4d03-8fe6-d4ae7637142d_RS_Late.B_4917.jpg,0.53466796875,0.06646689497716896,0.6782619379431541,0.09441239397822299
small_diseased_regions,199,Tomato_Leaf_Mold,Tomato_Leaf_Mold/9829462d-ce9d-4f1e-a44c-bb586a4a5f83___Crnl_L.Mold 6948.JPG,selected_dataset/small_diseased_regions/199__Tomato_Leaf_Mold__9829462d-ce9d-4f1e-a44c-bb586a4a5f83_Crnl_L.Mold_6948.jpg,0.3930206298828125,0.061614318437706254,0.18861084073912635,0.13006145406887507
small_diseased_regions,200,Tomato_Septoria_leaf_spot,Tomato_Septoria_leaf_spot/c8a40d22-b47a-48a3-8450-e17dafd9a095___Matt.S_CG 7610.JPG,selected_dataset/small_diseased_regions/200__Tomato_Septoria_leaf_spot__c8a40d22-b47a-48a3-8450-e17dafd9a095_Matt.S_CG_7610.jpg,0.4960174560546875,0.05761835912265051,0.6421344313149238,0.31065047412642
small_diseased_regions,201,Tomato_Spider_mites_Two_spotted_spider_mite,Tomato_Spider_mites_Two_spotted_spider_mite/e3687cbd-21d5-4560-a527-c0693c48d806___Com.G_SpM_FL 8454.JPG,selected_dataset/small_diseased_regions/201__Tomato_Spider_mites_Two_spotted_spider_mite__e3687cbd-21d5-4560-a527-c0693c48d806_Com.G_SpM_FL_8454.jpg,0.4537811279296875,0.0682941591849087,0.6043087614238168,0.1043910815505529
small_diseased_regions,202,Tomato__Target_Spot,Tomato__Target_Spot/cb4790fd-6ccf-472e-bc21-ec76a382871e___Com.G_TgS_FL 0048.JPG,selected_dataset/small_diseased_regions/202__Tomato_Target_Spot__cb4790fd-6ccf-472e-bc21-ec76a382871e_Com.G_TgS_FL_0048.jpg,0.4810791015625,0.06575107840649581,0.502709225328153,0.10840861005144657
small_diseased_regions,203,Tomato__Tomato_YellowLeaf__Curl_Virus,Tomato__Tomato_YellowLeaf__Curl_Virus/038d757b-d3ae-497b-9a96-00a1d60a8a20___UF.GRC_YLCV_Lab 01358.JPG,selected_dataset/small_diseased_regions/203__Tomato_Tomato_YellowLeaf_Curl_Virus__038d757b-d3ae-497b-9a96-00a1d60a8a20_UF.GRC_YLCV_Lab_01358.jpg,0.5670928955078125,0.0648190501816225,0.251188404020424,0.2771091435584205
small_diseased_regions,204,Tomato__Tomato_mosaic_virus,Tomato__Tomato_mosaic_virus/c03d1596-7911-42f1-bbf3-3f3c052b3e76___PSU_CG 2223.JPG,selected_dataset/small_diseased_regions/204__Tomato_Tomato_mosaic_virus__c03d1596-7911-42f1-bbf3-3f3c052b3e76_PSU_CG_2223.jpg,0.31005859375,0.07923228346456693,0.7212326710449977,0.14676315555130592
small_diseased_regions,205,Pepper__bell___Bacterial_spot,Pepper__bell___Bacterial_spot/ba9e7d81-876f-4c05-9578-ddd45d8b3526___JR_B.Spot 3330.JPG,selected_dataset/small_diseased_regions/205__Pepper_bell_Bacterial_spot__ba9e7d81-876f-4c05-9578-ddd45d8b3526_JR_B.Spot_3330.jpg,0.5660400390625,0.06782402415354755,0.8651627153600145,0.2647660825061853
small_diseased_regions,206,Potato___Early_blight,Potato___Early_blight/7a7ff9ee-1d6f-4ca8-a393-9c56ca74d7bb___RS_Early.B 8158.JPG,selected_dataset/small_diseased_regions/206__Potato_Early_blight__7a7ff9ee-1d6f-4ca8-a393-9c56ca74d7bb_RS_Early.B_8158.jpg,0.5714263916015625,0.06224465272770968,0.6477334205480945,0.2570118771312868
small_diseased_regions,207,Potato___Late_blight,Potato___Late_blight/8ee9f477-92a7-43a0-9377-0535b218a21d___RS_LB 5266.JPG,selected_dataset/small_diseased_regions/207__Potato_Late_blight__8ee9f477-92a7-43a0-9377-0535b218a21d_RS_LB_5266.jpg,0.4571990966796875,0.05353269031805894,0.4602867871445844,0.2703477884151487
small_diseased_regions,208,Tomato_Bacterial_spot,Tomato_Bacterial_spot/0296e043-c805-47e4-bce5-b2326048ac67___GCREC_Bact.Sp 5680.JPG,selected_dataset/small_diseased_regions/208__Tomato_Bacterial_spot__0296e043-c805-47e4-bce5-b2326048ac67_GCREC_Bact.Sp_5680.jpg,0.44903564453125,0.0657197227130624,0.469062481251424,0.10800662923652259
small_diseased_regions,209,Tomato_Early_blight,Tomato_Early_blight/f4d4fe0b-d711-4a2c-b331-213787eda9b0___RS_Erly.B 6665.JPG,selected_dataset/small_diseased_regions/209__Tomato_Early_blight__f4d4fe0b-d711-4a2c-b331-213787eda9b0_RS_Erly.B_6665.jpg,0.516143798828125,0.04756696032637616,0.7294325283507826,0.36781003583917127
small_diseased_regions,210,Tomato_Late_blight,Tomato_Late_blight/3b66a8ec-5828-4bd0-9893-9f00ee22d394___RS_Late.B 5535.JPG,selected_dataset/small_diseased_regions/210__Tomato_Late_blight__3b66a8ec-5828-4bd0-9893-9f00ee22d394_RS_Late.B_5535.jpg,0.394073486328125,0.05324092000309765,0.3391306940872425,0.11084235019221926
small_diseased_regions,211,Tomato_Leaf_Mold,Tomato_Leaf_Mold/3fdba933-d33b-45e3-877c-aaf869a83df4___Crnl_L.Mold 8952.JPG,selected_dataset/small_diseased_regions/211__Tomato_Leaf_Mold__3fdba933-d33b-45e3-877c-aaf869a83df4_Crnl_L.Mold_8952.jpg,0.394775390625,0.07084879406307978,0.14351506875748096,0.3751192898590342
small_diseased_regions,212,Tomato_Septoria_leaf_spot,Tomato_Septoria_leaf_spot/f8f528ee-f9c3-47cb-b67f-a9265d86d9d1___Matt.S_CG 1446.JPG,selected_dataset/small_diseased_regions/212__Tomato_Septoria_leaf_spot__f8f528ee-f9c3-47cb-b67f-a9265d86d9d1_Matt.S_CG_1446.jpg,0.4936065673828125,0.06272218615722279,0.6176914810524397,0.11701151547051936
small_diseased_regions,213,Tomato_Spider_mites_Two_spotted_spider_mite,Tomato_Spider_mites_Two_spotted_spider_mite/f83250d9-6b08-4a6c-b135-8d80cc4f258e___Com.G_SpM_FL 1170.JPG,selected_dataset/small_diseased_regions/213__Tomato_Spider_mites_Two_spotted_spider_mite__f83250d9-6b08-4a6c-b135-8d80cc4f258e_Com.G_SpM_FL_1170.jpg,0.4369964599609375,0.05995321065679667,0.7544314975361118,0.1025339582567055
small_diseased_regions,214,Tomato__Target_Spot,Tomato__Target_Spot/1c449341-6c92-4eeb-b83a-536d23ebbe96___Com.G_TgS_FL 8011.JPG,selected_dataset/small_diseased_regions/214__Tomato_Target_Spot__1c449341-6c92-4eeb-b83a-536d23ebbe96_Com.G_TgS_FL_8011.jpg,0.45037841796875,0.05424176717712427,0.5266760231702605,0.25522612932512223
small_diseased_regions,215,Tomato__Tomato_YellowLeaf__Curl_Virus,Tomato__Tomato_YellowLeaf__Curl_Virus/83afa77a-0593-41f4-a395-63d59df33d5d___UF.GRC_YLCV_Lab 01606.JPG,selected_dataset/small_diseased_regions/215__Tomato_Tomato_YellowLeaf_Curl_Virus__83afa77a-0593-41f4-a395-63d59df33d5d_UF.GRC_YLCV_Lab_01606.jpg,0.3858184814453125,0.05509195175004944,0.05549480924614213,0.1475966806757188
small_diseased_regions,216,Tomato__Tomato_mosaic_virus,Tomato__Tomato_mosaic_virus/f3d26b9f-7999-4b20-8503-0e1d3a878742___PSU_CG 2304.JPG,selected_dataset/small_diseased_regions/216__Tomato_Tomato_mosaic_virus__f3d26b9f-7999-4b20-8503-0e1d3a878742_PSU_CG_2304.jpg,0.349945068359375,0.07927095142583064,0.5138868198333189,0.16251214587339693
small_diseased_regions,217,Pepper__bell___Bacterial_spot,Pepper__bell___Bacterial_spot/5979f1be-c7a6-47c5-b438-60c3eab4218e___JR_B.Spot 9093.JPG,selected_dataset/small_diseased_regions/217__Pepper_bell_Bacterial_spot__5979f1be-c7a6-47c5-b438-60c3eab4218e_JR_B.Spot_9093.jpg,0.456634521484375,0.06806790082202767,0.29071380117976564,0.33199472417315007
small_diseased_regions,218,Potato___Early_blight,Potato___Early_blight/034959c1-f1e8-4a79-a6d5-3c1d14efa2f3___RS_Early.B 7136.JPG,selected_dataset/small_diseased_regions/218__Potato_Early_blight__034959c1-f1e8-4a79-a6d5-3c1d14efa2f3_RS_Early.B_7136.jpg,0.4485626220703125,0.057726978943429604,0.817986450394437,0.09888877983794878
small_diseased_regions,219,Potato___Late_blight,Potato___Late_blight/c7853012-d4e6-4c0d-a14d-1220a0a6d3b1___RS_LB 3871.JPG,selected_dataset/small_diseased_regions/219__Potato_Late_blight__c7853012-d4e6-4c0d-a14d-1220a0a6d3b1_RS_LB_3871.jpg,0.45220947265625,0.06657443649615333,0.2773956062460742,0.10360401043693282
small_diseased_regions,220,Tomato_Bacterial_spot,Tomato_Bacterial_spot/b0fc7984-f1bf-4d50-b495-0a363445158f___UF.GRC_BS_Lab Leaf 9102.JPG,selected_dataset/small_diseased_regions/220__Tomato_Bacterial_spot__b0fc7984-f1bf-4d50-b495-0a363445158f_UF.GRC_BS_Lab_Leaf_9102.jpg,0.4204254150390625,0.0659456320545857,0.27352865816155064,0.29242796047003256
small_diseased_regions,221,Tomato_Early_blight,Tomato_Early_blight/e7120235-6ae1-4642-8ec8-a16812aedce5___RS_Erly.B 9507.JPG,selected_dataset/small_diseased_regions/221__Tomato_Early_blight__e7120235-6ae1-4642-8ec8-a16812aedce5_RS_Erly.B_9507.jpg,0.4097900390625,0.06404527852249031,0.6888747413721484,0.15587571907053918
small_diseased_regions,222,Tomato_Late_blight,Tomato_Late_blight/c14302ad-0333-4038-8b4f-a4f75049fbaa___RS_Late.B 6939.JPG,selected_dataset/small_diseased_regions/222__Tomato_Late_blight__c14302ad-0333-4038-8b4f-a4f75049fbaa_RS_Late.B_6939.jpg,0.401458740234375,0.06735081717977955,0.8268036074406981,0.3393351377662934
small_diseased_regions,223,Tomato_Leaf_Mold,Tomato_Leaf_Mold/e52d4992-f924-4b08-afea-8bbdb4766089___Crnl_L.Mold 9010.JPG,selected_dataset/small_diseased_regions/223__Tomato_Leaf_Mold__e52d4992-f924-4b08-afea-8bbdb4766089_Crnl_L.Mold_9010.jpg,0.3978729248046875,0.07148609779482262,0.27846645999842085,0.15396927957191897
small_diseased_regions,224,Tomato_Septoria_leaf_spot,Tomato_Septoria_leaf_spot/82f42bc1-a98e-42b3-aa2a-bbdb07ef71b4___Matt.S_CG 7661.JPG,selected_dataset/small_diseased_regions/224__Tomato_Septoria_leaf_spot__82f42bc1-a98e-42b3-aa2a-bbdb07ef71b4_Matt.S_CG_7661.jpg,0.4828643798828125,0.06285353136356454,0.6232357250802237,0.13121488500441458
small_diseased_regions,225,Tomato_Spider_mites_Two_spotted_spider_mite,Tomato_Spider_mites_Two_spotted_spider_mite/8d3bb7dc-a5fa-42c2-8bb0-f5703c9125de___Com.G_SpM_FL 1666.JPG,selected_dataset/small_diseased_regions/225__Tomato_Spider_mites_Two_spotted_spider_mite__8d3bb7dc-a5fa-42c2-8bb0-f5703c9125de_Com.G_SpM_FL_1666.jpg,0.45635986328125,0.050855958272034235,0.7528587610880879,0.08501379518678197
small_diseased_regions,226,Tomato__Target_Spot,Tomato__Target_Spot/92d6e053-7bed-4d98-9fb8-070325e8cf60___Com.G_TgS_FL 1129.JPG,selected_dataset/small_diseased_regions/226__Tomato_Target_Spot__92d6e053-7bed-4d98-9fb8-070325e8cf60_Com.G_TgS_FL_1129.jpg,0.4850921630859375,0.0657733320751156,0.7821781798043079,0.2749706241772585
small_diseased_regions,227,Tomato__Tomato_YellowLeaf__Curl_Virus,Tomato__Tomato_YellowLeaf__Curl_Virus/06485576-7a6f-468b-b35d-f4473897fc84___UF.GRC_YLCV_Lab 01485.JPG,selected_dataset/small_diseased_regions/227__Tomato_Tomato_YellowLeaf_Curl_Virus__06485576-7a6f-468b-b35d-f4473897fc84_UF.GRC_YLCV_Lab_01485.jpg,0.462860107421875,0.055053735082745435,0.10280044311442779,0.30261404036260964
small_diseased_regions,228,Tomato__Tomato_mosaic_virus,Tomato__Tomato_mosaic_virus/0b5e2269-7b37-43ac-9a96-c62b9bba2383___PSU_CG 2243.JPG,selected_dataset/small_diseased_regions/228__Tomato_Tomato_mosaic_virus__0b5e2269-7b37-43ac-9a96-c62b9bba2383_PSU_CG_2243.jpg,0.336669921875,0.04051849166062364,0.43425783890582476,0.35872258408112495
small_diseased_regions,229,Pepper__bell___Bacterial_spot,Pepper__bell___Bacterial_spot/656dbf3a-3aee-46a5-80b9-a86953fc82c5___JR_B.Spot 8879.JPG,selected_dataset/small_diseased_regions/229__Pepper_bell_Bacterial_spot__656dbf3a-3aee-46a5-80b9-a86953fc82c5_JR_B.Spot_8879.jpg,0.5238494873046875,0.0681017156505782,0.4191863828891253,0.28312861398611866
small_diseased_regions,230,Potato___Early_blight,Potato___Early_blight/21ca5caf-147b-4a1a-a2da-edfc1c81b62e___RS_Early.B 8926.JPG,selected_dataset/small_diseased_regions/230__Potato_Early_blight__21ca5caf-147b-4a1a-a2da-edfc1c81b62e_RS_Early.B_8926.jpg,0.5139007568359375,0.06238308738382969,0.7911278285292032,0.27967610658147823
small_diseased_regions,231,Potato___Late_blight,Potato___Late_blight/f1a2b03a-d724-4f81-a8d7-d7f38f26ea29___RS_LB 3039.JPG,selected_dataset/small_diseased_regions/231__Potato_Late_blight__f1a2b03a-d724-4f81-a8d7-d7f38f26ea29_RS_LB_3039.jpg,0.4520416259765625,0.0529957805907173,0.5089578124718568,0.13008506833248315
small_diseased_regions,232,Tomato_Bacterial_spot,Tomato_Bacterial_spot/7d5c4263-84e6-40c1-ac2d-bb9bfae35890___UF.GRC_BS_Lab Leaf 0905.JPG,selected_dataset/small_diseased_regions/232__Tomato_Bacterial_spot__7d5c4263-84e6-40c1-ac2d-bb9bfae35890_UF.GRC_BS_Lab_Leaf_0905.jpg,0.549346923828125,0.06605188600633298,0.41963215060532044,0.2703930011043327
small_diseased_regions,233,Tomato_Early_blight,Tomato_Early_blight/64fd8cac-b985-45c1-9a5d-5f2f49381047___RS_Erly.B 9494.JPG,selected_dataset/small_diseased_regions/233__Tomato_Early_blight__64fd8cac-b985-45c1-9a5d-5f2f49381047_RS_Erly.B_9494.jpg,0.414459228515625,0.07388999337309476,0.6765599946884191,0.3457127643265515
small_diseased_regions,234,Tomato_Late_blight,Tomato_Late_blight/052ec825-37a3-4467-a5ea-2e0601c29fbd___RS_Late.B 6786.JPG,selected_dataset/small_diseased_regions/234__Tomato_Late_blight__052ec825-37a3-4467-a5ea-2e0601c29fbd_RS_Late.B_6786.jpg,0.5767822265625,0.0676984126984127,0.6496202496414492,0.2618596650129242
small_diseased_regions,235,Tomato_Leaf_Mold,Tomato_Leaf_Mold/1b35b99c-c7c0-4f2c-975e-148e4b6e18b3___Crnl_L.Mold 8820.JPG,selected_dataset/small_diseased_regions/235__Tomato_Leaf_Mold__1b35b99c-c7c0-4f2c-975e-148e4b6e18b3_Crnl_L.Mold_8820.jpg,0.3945770263671875,0.057504157159982985,0.6024653993188598,0.32860930978314384
small_diseased_regions,236,Tomato_Septoria_leaf_spot,Tomato_Septoria_leaf_spot/d16a363b-66e1-4206-89f8-31b2b4fadd5b___Matt.S_CG 7491.JPG,selected_dataset/small_diseased_regions/236__Tomato_Septoria_leaf_spot__d16a363b-66e1-4206-89f8-31b2b4fadd5b_Matt.S_CG_7491.jpg,0.45501708984375,0.06338028169014084,0.7676914014428979,0.3227393770823148
small_diseased_regions,237,Tomato_Spider_mites_Two_spotted_spider_mite,Tomato_Spider_mites_Two_spotted_spider_mite/4423cc33-fa85-4d37-bc9f-b0ee47e55607___Com.G_SpM_FL 1714.JPG,selected_dataset/small_diseased_regions/237__Tomato_Spider_mites_Two_spotted_spider_mite__4423cc33-fa85-4d37-bc9f-b0ee47e55607_Com.G_SpM_FL_1714.jpg,0.403778076171875,0.06953367092434434,0.6177051142946257,0.10703253613732183
small_diseased_regions,238,Tomato__Target_Spot,Tomato__Target_Spot/421329db-4c95-4900-9e1f-c68be8473701___Com.G_TgS_FL 0640.JPG,selected_dataset/small_diseased_regions/238__Tomato_Target_Spot__421329db-4c95-4900-9e1f-c68be8473701_Com.G_TgS_FL_0640.jpg,0.4338531494140625,0.06597967150845849,0.6294674320440308,0.11731433961906276
small_diseased_regions,239,Tomato__Tomato_YellowLeaf__Curl_Virus,Tomato__Tomato_YellowLeaf__Curl_Virus/10fa4e01-9f51-4840-b432-d0027f547ccd___UF.GRC_YLCV_Lab 03252.JPG,selected_dataset/small_diseased_regions/239__Tomato_Tomato_YellowLeaf_Curl_Virus__10fa4e01-9f51-4840-b432-d0027f547ccd_UF.GRC_YLCV_Lab_03252.jpg,0.462493896484375,0.05499835037941273,0.067653822402835,0.3293792802530992
small_diseased_regions,240,Tomato__Tomato_mosaic_virus,Tomato__Tomato_mosaic_virus/a4453e9a-4ede-4377-be38-fd77e9bf16f0___PSU_CG 2308.JPG,selected_dataset/small_diseased_regions/240__Tomato_Tomato_mosaic_virus__a4453e9a-4ede-4377-be38-fd77e9bf16f0_PSU_CG_2308.jpg,0.3931732177734375,0.07971436333294524,0.39705017777887947,0.1583233045053204
small_diseased_regions,241,Pepper__bell___Bacterial_spot,Pepper__bell___Bacterial_spot/3b58322b-64c3-4354-8612-93a6f50a096e___JR_B.Spot 3291.JPG,selected_dataset/small_diseased_regions/241__Pepper_bell_Bacterial_spot__3b58322b-64c3-4354-8612-93a6f50a096e_JR_B.Spot_3291.jpg,0.6062164306640625,0.05170026932467467,0.7030881448493259,0.24701876444318394
small_diseased_regions,242,Potato___Early_blight,Potato___Early_blight/fd5b1e1f-48a8-42bd-82b5-cf762504708b___RS_Early.B 8149.JPG,selected_dataset/small_diseased_regions/242__Potato_Early_blight__fd5b1e1f-48a8-42bd-82b5-cf762504708b_RS_Early.B_8149.jpg,0.5796051025390625,0.057206792154797945,0.7931465162423268,0.24748009646980515
small_diseased_regions,243,Potato___Late_blight,Potato___Late_blight/0f824e18-3821-486c-81a1-f1f64cf6e767___RS_LB 4894.JPG,selected_dataset/small_diseased_regions/243__Potato_Late_blight__0f824e18-3821-486c-81a1-f1f64cf6e767_RS_LB_4894.jpg,0.4851837158203125,0.05292952165298613,0.43264784381752364,0.08264859523291829
small_diseased_regions,244,Tomato_Bacterial_spot,Tomato_Bacterial_spot/803dada3-6a01-491a-b743-b1bb21a9af6b___GCREC_Bact.Sp 6093.JPG,selected_dataset/small_diseased_regions/244__Tomato_Bacterial_spot__803dada3-6a01-491a-b743-b1bb21a9af6b_GCREC_Bact.Sp_6093.jpg,0.5461883544921875,0.053666713228104485,0.3607425642201688,0.26916975294485895
small_diseased_regions,245,Tomato_Early_blight,Tomato_Early_blight/be847eed-94b5-4f0e-9b34-68cc842565a2___RS_Erly.B 7831.JPG,selected_dataset/small_diseased_regions/245__Tomato_Early_blight__be847eed-94b5-4f0e-9b34-68cc842565a2_RS_Erly.B_7831.jpg,0.4032745361328125,0.07537175072836656,0.5646899403746093,0.11010761531833527
small_diseased_regions,246,Tomato_Late_blight,Tomato_Late_blight/792a3e5e-d5f8-467d-a266-66834b4b7036___GHLB2 Leaf 129.1.JPG,selected_dataset/small_diseased_regions/246__Tomato_Late_blight__792a3e5e-d5f8-467d-a266-66834b4b7036_GHLB2_Leaf_129.1.jpg,0.3409271240234375,0.06771695833146847,0.42932526343468436,0.38823961839727805
small_diseased_regions,247,Tomato_Leaf_Mold,Tomato_Leaf_Mold/a961a718-36c3-4050-a5ef-eea64ae152ce___Crnl_L.Mold 9058.JPG,selected_dataset/small_diseased_regions/247__Tomato_Leaf_Mold__a961a718-36c3-4050-a5ef-eea64ae152ce_Crnl_L.Mold_9058.jpg,0.411590576171875,0.0716986727960258,0.2439645139138909,0.2731312740895086
small_diseased_regions,248,Tomato_Septoria_leaf_spot,Tomato_Septoria_leaf_spot/76d19414-641c-4c03-8039-52bc491ca7a3___Matt.S_CG 7606.JPG,selected_dataset/small_diseased_regions/248__Tomato_Septoria_leaf_spot__76d19414-641c-4c03-8039-52bc491ca7a3_Matt.S_CG_7606.jpg,0.440704345703125,0.05633266394294024,0.6051625016704174,0.3378851342581458
small_diseased_regions,249,Tomato_Spider_mites_Two_spotted_spider_mite,Tomato_Spider_mites_Two_spotted_spider_mite/54461621-21aa-4ae7-92e1-800c74162441___Com.G_SpM_FL 1721.JPG,selected_dataset/small_diseased_regions/249__Tomato_Spider_mites_Two_spotted_spider_mite__54461621-21aa-4ae7-92e1-800c74162441_Com.G_SpM_FL_1721.jpg,0.38555908203125,0.059403197720436916,0.649699213741907,0.10589536387076282
small_diseased_regions,250,Tomato__Target_Spot,Tomato__Target_Spot/9246e5ab-5329-4b96-8718-0909998f4531___Com.G_TgS_FL 7975.JPG,selected_dataset/small_diseased_regions/250__Tomato_Target_Spot__9246e5ab-5329-4b96-8718-0909998f4531_Com.G_TgS_FL_7975.jpg,0.4911651611328125,0.06638913914691354,0.6204673622212773,0.1252053946507195
small_diseased_regions,251,Tomato__Tomato_YellowLeaf__Curl_Virus,Tomato__Tomato_YellowLeaf__Curl_Virus/504c37bd-2cd9-4025-8a7a-176801048e5e___UF.GRC_YLCV_Lab 02902.JPG,selected_dataset/small_diseased_regions/251__Tomato_Tomato_YellowLeaf_Curl_Virus__504c37bd-2cd9-4025-8a7a-176801048e5e_UF.GRC_YLCV_Lab_02902.jpg,0.3898773193359375,0.06508551524402176,0.25295821457595996,0.30683271551119023
small_diseased_regions,252,Tomato__Tomato_mosaic_virus,Tomato__Tomato_mosaic_virus/20182b2d-dfda-4ef1-89cc-17856e051b00___PSU_CG 2072.JPG,selected_dataset/small_diseased_regions/252__Tomato_Tomato_mosaic_virus__20182b2d-dfda-4ef1-89cc-17856e051b00_PSU_CG_2072.jpg,0.355682373046875,0.055855855855855854,0.34993521415130097,0.5882003636113332
small_diseased_regions,253,Pepper__bell___Bacterial_spot,Pepper__bell___Bacterial_spot/0d8421cd-eebc-4018-b591-12352dd970a7___JR_B.Spot 3234.JPG,selected_dataset/small_diseased_regions/253__Pepper_bell_Bacterial_spot__0d8421cd-eebc-4018-b591-12352dd970a7_JR_B.Spot_3234.jpg,0.57952880859375,0.05163243812532912,0.41442015556342077,0.267284234540313
small_diseased_regions,254,Potato___Early_blight,Potato___Early_blight/91008080-0b15-41f0-ab72-5b6a3582239d___RS_Early.B 6954.JPG,selected_dataset/small_diseased_regions/254__Potato_Early_blight__91008080-0b15-41f0-ab72-5b6a3582239d_RS_Early.B_6954.jpg,0.487579345703125,0.056988170495086685,0.7448775268576743,0.25241459289543305
small_diseased_regions,255,Potato___Late_blight,Potato___Late_blight/74d5c9b6-c99f-4ba2-8180-6c35bb5de820___RS_LB 2811.JPG,selected_dataset/small_diseased_regions/255__Potato_Late_blight__74d5c9b6-c99f-4ba2-8180-6c35bb5de820_RS_LB_2811.jpg,0.4981842041015625,0.06729149437961346,0.7356513569209207,0.27698992327561156
small_diseased_regions,256,Tomato_Bacterial_spot,Tomato_Bacterial_spot/d96166b8-e301-4613-adbb-66eb792a16b6___GCREC_Bact.Sp 3792.JPG,selected_dataset/small_diseased_regions/256__Tomato_Bacterial_spot__d96166b8-e301-4613-adbb-66eb792a16b6_GCREC_Bact.Sp_3792.jpg,0.5340576171875,0.0664,0.35069705444634913,0.24950352039006485
small_diseased_regions,257,Tomato_Early_blight,Tomato_Early_blight/197fa869-c124-436e-b3cd-bced95f52a8e___RS_Erly.B 7834.JPG,selected_dataset/small_diseased_regions/257__Tomato_Early_blight__197fa869-c124-436e-b3cd-bced95f52a8e_RS_Erly.B_7834.jpg,0.3946075439453125,0.07582846757665984,0.6084566064354439,0.3040911984040715
small_diseased_regions,258,Tomato_Late_blight,Tomato_Late_blight/a5f089d1-5a8e-4c1f-bcc2-c1154c28e824___GHLB2 Leaf 8926.JPG,selected_dataset/small_diseased_regions/258__Tomato_Late_blight__a5f089d1-5a8e-4c1f-bcc2-c1154c28e824_GHLB2_Leaf_8926.jpg,0.30419921875,0.06801765650080256,0.14854680439294518,0.36498585577871034
small_diseased_regions,259,Tomato_Leaf_Mold,Tomato_Leaf_Mold/13611825-494e-4068-8be4-68de001adbf8___Crnl_L.Mold 6965.JPG,selected_dataset/small_diseased_regions/259__Tomato_Leaf_Mold__13611825-494e-4068-8be4-68de001adbf8_Crnl_L.Mold_6965.jpg,0.298492431640625,0.05577139351804519,0.16830464467290654,0.16913172182790076
small_diseased_regions,260,Tomato_Septoria_leaf_spot,Tomato_Septoria_leaf_spot/1c7e9ef5-bf97-4e53-b6c1-7fd148d043d5___Matt.S_CG 6482.JPG,selected_dataset/small_diseased_regions/260__Tomato_Septoria_leaf_spot__1c7e9ef5-bf97-4e53-b6c1-7fd148d043d5_Matt.S_CG_6482.jpg,0.49700927734375,0.06401203487658111,0.3794032177102741,0.2989065520090171
small_diseased_regions,261,Tomato_Spider_mites_Two_spotted_spider_mite,Tomato_Spider_mites_Two_spotted_spider_mite/efdab5e4-a0bc-4af3-9179-2afd3b72e82a___Com.G_SpM_FL 1674.JPG,selected_dataset/small_diseased_regions/261__Tomato_Spider_mites_Two_spotted_spider_mite__efdab5e4-a0bc-4af3-9179-2afd3b72e82a_Com.G_SpM_FL_1674.jpg,0.3980560302734375,0.061026564955725074,0.6604937702438357,0.09380727367161215
small_diseased_regions,262,Tomato__Target_Spot,Tomato__Target_Spot/dd058cb8-9108-4660-a12f-568ac4d6ab48___Com.G_TgS_FL 0016.JPG,selected_dataset/small_diseased_regions/262__Tomato_Target_Spot__dd058cb8-9108-4660-a12f-568ac4d6ab48_Com.G_TgS_FL_0016.jpg,0.44744873046875,0.053505660892102035,0.49428300667521263,0.14321160102485453
small_diseased_regions,263,Tomato__Tomato_YellowLeaf__Curl_Virus,Tomato__Tomato_YellowLeaf__Curl_Virus/927f46b1-b59f-4d90-8ce9-2290db9d66ea___UF.GRC_YLCV_Lab 01383.JPG,selected_dataset/small_diseased_regions/263__Tomato_Tomato_YellowLeaf_Curl_Virus__927f46b1-b59f-4d90-8ce9-2290db9d66ea_UF.GRC_YLCV_Lab_01383.jpg,0.48834228515625,0.06546056742907137,0.0058568539489089215,0.2925850987833485
small_diseased_regions,264,Tomato__Tomato_mosaic_virus,Tomato__Tomato_mosaic_virus/f464b52d-2c7e-4086-abdb-99a2c5e1a9da___PSU_CG 2174.JPG,selected_dataset/small_diseased_regions/264__Tomato_Tomato_mosaic_virus__f464b52d-2c7e-4086-abdb-99a2c5e1a9da_PSU_CG_2174.jpg,0.297882080078125,0.055680770412867536,0.4610676168846264,0.29774084299673675
small_diseased_regions,265,Pepper__bell___Bacterial_spot,Pepper__bell___Bacterial_spot/57337b7c-f7b3-4ed0-a249-921df1351cf1___JR_B.Spot 3243.JPG,selected_dataset/small_diseased_regions/265__Pepper_bell_Bacterial_spot__57337b7c-f7b3-4ed0-a249-921df1351cf1_JR_B.Spot_3243.jpg,0.5125885009765625,0.06870478968832792,0.6194160541352021,0.2938650244156914
small_diseased_regions,266,Potato___Early_blight,Potato___Early_blight/99d75573-472e-4f57-ab82-b49b78853d03___RS_Early.B 7847.JPG,selected_dataset/small_diseased_regions/266__Potato_Early_blight__99d75573-472e-4f57-ab82-b49b78853d03_RS_Early.B_7847.jpg,0.5016326904296875,0.05685171102661597,0.8616192347686831,0.2769520187620915
small_diseased_regions,267,Potato___Late_blight,Potato___Late_blight/0085ef03-aec3-431a-99a1-de286e10c0cf___RS_LB 2949.JPG,selected_dataset/small_diseased_regions/267__Potato_Late_blight__0085ef03-aec3-431a-99a1-de286e10c0cf_RS_LB_2949.jpg,0.410614013671875,0.05235971757710888,0.4473088870961139,0.168232808172174
small_diseased_regions,268,Tomato_Bacterial_spot,Tomato_Bacterial_spot/482ef065-ba2f-4492-b215-9a60138a0047___GCREC_Bact.Sp 3090.JPG,selected_dataset/small_diseased_regions/268__Tomato_Bacterial_spot__482ef065-ba2f-4492-b215-9a60138a0047_GCREC_Bact.Sp_3090.jpg,0.4478759765625,0.05359089670209866,0.2288936523999792,0.13952787587548038
small_diseased_regions,269,Tomato_Early_blight,Tomato_Early_blight/605e0af6-415f-4e25-8f0d-a8f36371732b___RS_Erly.B 7827.JPG,selected_dataset/small_diseased_regions/269__Tomato_Early_blight__605e0af6-415f-4e25-8f0d-a8f36371732b_RS_Erly.B_7827.jpg,0.530303955078125,0.05294354606663981,0.5746842943379744,0.2522606374075472
small_diseased_regions,270,Tomato_Late_blight,Tomato_Late_blight/de8d81c6-d032-4d55-92c3-690da726fa0c___GHLB2ES Leaf 119.1.JPG,selected_dataset/small_diseased_regions/270__Tomato_Late_blight__de8d81c6-d032-4d55-92c3-690da726fa0c_GHLB2ES_Leaf_119.1.jpg,0.304534912109375,0.051357851488125064,0.10971341320045255,0.5441519803892834
small_diseased_regions,271,Tomato_Leaf_Mold,Tomato_Leaf_Mold/962f3d89-f439-46ee-b4bb-65409ee76fe1___Crnl_L.Mold 6914.JPG,selected_dataset/small_diseased_regions/271__Tomato_Leaf_Mold__962f3d89-f439-46ee-b4bb-65409ee76fe1_Crnl_L.Mold_6914.jpg,0.37091064453125,0.07326805989797598,0.293779205775364,0.1486826267668624
small_diseased_regions,272,Tomato_Septoria_leaf_spot,Tomato_Septoria_leaf_spot/4e91dd84-5a88-4b2f-8c08-b48a1c0bfc4c___Matt.S_CG 6575.JPG,selected_dataset/small_diseased_regions/272__Tomato_Septoria_leaf_spot__4e91dd84-5a88-4b2f-8c08-b48a1c0bfc4c_Matt.S_CG_6575.jpg,0.4315185546875,0.0559052333804809,0.6015268208071405,0.31458686550505466
small_diseased_regions,273,Tomato_Spider_mites_Two_spotted_spider_mite,Tomato_Spider_mites_Two_spotted_spider_mite/92e113f7-cb96-47b7-a9a9-e03c29d0662c___Com.G_SpM_FL 1757.JPG,selected_dataset/small_diseased_regions/273__Tomato_Spider_mites_Two_spotted_spider_mite__92e113f7-cb96-47b7-a9a9-e03c29d0662c_Com.G_SpM_FL_1757.jpg,0.402496337890625,0.07096823110167563,0.6909734497637753,0.27504128513995074
small_diseased_regions,274,Tomato__Target_Spot,Tomato__Target_Spot/10d8b093-8309-4a2c-b801-4be4809aad2e___Com.G_TgS_FL 1034.JPG,selected_dataset/small_diseased_regions/274__Tomato_Target_Spot__10d8b093-8309-4a2c-b801-4be4809aad2e_Com.G_TgS_FL_1034.jpg,0.440399169921875,0.053495946226872704,0.844804527051747,0.2788177333281764
small_diseased_regions,275,Tomato__Tomato_YellowLeaf__Curl_Virus,Tomato__Tomato_YellowLeaf__Curl_Virus/8b2d1dc6-858b-452e-99a2-6ffbbc211051___UF.GRC_YLCV_Lab 09391.JPG,selected_dataset/small_diseased_regions/275__Tomato_Tomato_YellowLeaf_Curl_Virus__8b2d1dc6-858b-452e-99a2-6ffbbc211051_UF.GRC_YLCV_Lab_09391.jpg,0.49334716796875,0.06550785599406161,0.13329152617334547,0.3010056389238418
small_diseased_regions,276,Tomato__Tomato_mosaic_virus,Tomato__Tomato_mosaic_virus/c668017b-5c87-4f2e-90ab-021b81f48b1b___PSU_CG 2272.JPG,selected_dataset/small_diseased_regions/276__Tomato_Tomato_mosaic_virus__c668017b-5c87-4f2e-90ab-021b81f48b1b_PSU_CG_2272.jpg,0.3557586669921875,0.0823933090285224,0.7119898878265689,0.14545605495052177
small_diseased_regions,277,Pepper__bell___Bacterial_spot,Pepper__bell___Bacterial_spot/d890ffc6-e6c8-4ef6-bde4-980cf0a465e1___JR_B.Spot 8945.JPG,selected_dataset/small_diseased_regions/277__Pepper_bell_Bacterial_spot__d890ffc6-e6c8-4ef6-bde4-980cf0a465e1_JR_B.Spot_8945.jpg,0.4943084716796875,0.051211606729433555,0.12790555979250484,0.29131305447664374
small_diseased_regions,278,Potato___Early_blight,Potato___Early_blight/109730cd-03f3-4139-a464-5f9151483e8c___RS_Early.B 6738.JPG,selected_dataset/small_diseased_regions/278__Potato_Early_blight__109730cd-03f3-4139-a464-5f9151483e8c_RS_Early.B_6738.jpg,0.4910888671875,0.06335446184439474,0.8330854893949611,0.26708131104210736
small_diseased_regions,279,Potato___Late_blight,Potato___Late_blight/d4486c3c-6d93-4d08-a3f5-7f4ae1f7ef3b___RS_LB 2829.JPG,selected_dataset/small_diseased_regions/279__Potato_Late_blight__d4486c3c-6d93-4d08-a3f5-7f4ae1f7ef3b_RS_LB_2829.jpg,0.5888824462890625,0.06773249034799057,0.494069763313814,0.0736317599344754
small_diseased_regions,280,Tomato_Bacterial_spot,Tomato_Bacterial_spot/ab089362-3c95-4c44-9f33-60f1fbdb15a1___GCREC_Bact.Sp 6288.JPG,selected_dataset/small_diseased_regions/280__Tomato_Bacterial_spot__ab089362-3c95-4c44-9f33-60f1fbdb15a1_GCREC_Bact.Sp_6288.jpg,0.47503662109375,0.06681228318129256,0.5018546214411173,0.12417659338549965
small_diseased_regions,281,Tomato_Early_blight,Tomato_Early_blight/b58d7a66-097f-4167-abae-92f865407d90___RS_Erly.B 7845.JPG,selected_dataset/small_diseased_regions/281__Tomato_Early_blight__b58d7a66-097f-4167-abae-92f865407d90_RS_Erly.B_7845.jpg,0.3584442138671875,0.07649738197607595,0.704494455675597,0.149696911504996
small_diseased_regions,282,Tomato_Late_blight,Tomato_Late_blight/a06cd325-69d3-476c-a515-7e836bb39f3a___RS_Late.B 7126.JPG,selected_dataset/small_diseased_regions/282__Tomato_Late_blight__a06cd325-69d3-476c-a515-7e836bb39f3a_RS_Late.B_7126.jpg,0.597564697265625,0.050814565139676214,0.46414396065174857,0.2659221891197289
small_diseased_regions,283,Tomato_Leaf_Mold,Tomato_Leaf_Mold/bf1b824c-7a99-45a5-9b60-5da58b3fe47c___Crnl_L.Mold 8759.JPG,selected_dataset/small_diseased_regions/283__Tomato_Leaf_Mold__bf1b824c-7a99-45a5-9b60-5da58b3fe47c_Crnl_L.Mold_8759.jpg,0.465087890625,0.055446194225721786,0.8227055378850695,0.09516836737572894
small_diseased_regions,284,Tomato_Septoria_leaf_spot,Tomato_Septoria_leaf_spot/536674c5-35b0-4427-8478-27a6e81d94da___Keller.St_CG 2017.JPG,selected_dataset/small_diseased_regions/284__Tomato_Septoria_leaf_spot__536674c5-35b0-4427-8478-27a6e81d94da_Keller.St_CG_2017.jpg,0.3715362548828125,0.06415047845907429,0.13799148212733656,0.12111525783180438
small_diseased_regions,285,Tomato_Spider_mites_Two_spotted_spider_mite,Tomato_Spider_mites_Two_spotted_spider_mite/2e41a813-b5a7-4501-bec2-e0f2db310a2c___Com.G_SpM_FL 9570.JPG,selected_dataset/small_diseased_regions/285__Tomato_Spider_mites_Two_spotted_spider_mite__2e41a813-b5a7-4501-bec2-e0f2db310a2c_Com.G_SpM_FL_9570.jpg,0.3844451904296875,0.04873982933121651,0.5234014755891692,0.27036198494790586
small_diseased_regions,286,Tomato__Target_Spot,Tomato__Target_Spot/4f72435f-b379-4954-8c28-27e8ec20bc76___Com.G_TgS_FL 0011.JPG,selected_dataset/small_diseased_regions/286__Tomato_Target_Spot__4f72435f-b379-4954-8c28-27e8ec20bc76_Com.G_TgS_FL_0011.jpg,0.4540863037109375,0.05336200813199368,0.4518753851266625,0.2610744504484773
small_diseased_regions,287,Tomato__Tomato_YellowLeaf__Curl_Virus,Tomato__Tomato_YellowLeaf__Curl_Virus/95a71e07-6e97-4dc3-a9b0-0bd21c014c20___UF.GRC_YLCV_Lab 02885.JPG,selected_dataset/small_diseased_regions/287__Tomato_Tomato_YellowLeaf_Curl_Virus__95a71e07-6e97-4dc3-a9b0-0bd21c014c20_UF.GRC_YLCV_Lab_02885.jpg,0.3933563232421875,0.05419139609759882,0.06161652969562825,0.15704184409488361
small_diseased_regions,288,Tomato__Tomato_mosaic_virus,Tomato__Tomato_mosaic_virus/a5bc7391-adbd-4d94-89b0-e3aeb7ba81b9___PSU_CG 2368.JPG,selected_dataset/small_diseased_regions/288__Tomato_Tomato_mosaic_virus__a5bc7391-adbd-4d94-89b0-e3aeb7ba81b9_PSU_CG_2368.jpg,0.3089141845703125,0.05300074092368486,0.48377506992413466,0.5007725693963256
small_diseased_regions,289,Pepper__bell___Bacterial_spot,Pepper__bell___Bacterial_spot/d0776882-b233-48b9-a7dc-a426ffc7cd0e___JR_B.Spot 3227.JPG,selected_dataset/small_diseased_regions/289__Pepper_bell_Bacterial_spot__d0776882-b233-48b9-a7dc-a426ffc7cd0e_JR_B.Spot_3227.jpg,0.5952911376953125,0.06954092225668367,0.8048845861302079,0.254291287814107
small_diseased_regions,290,Potato___Early_blight,Potato___Early_blight/66a98640-59d3-4c9b-9853-773c78ac6375___RS_Early.B 6784.JPG,selected_dataset/small_diseased_regions/290__Potato_Early_blight__66a98640-59d3-4c9b-9853-773c78ac6375_RS_Early.B_6784.jpg,0.4532470703125,0.056457042822515485,0.8206680777209847,0.1265998557967965
small_diseased_regions,291,Potato___Late_blight,Potato___Late_blight/468629f7-6ca2-4823-9a39-d42b4d92c4bb___RS_LB 5312.JPG,selected_dataset/small_diseased_regions/291__Potato_Late_blight__468629f7-6ca2-4823-9a39-d42b4d92c4bb_RS_LB_5312.jpg,0.4867401123046875,0.06783911721370575,0.6921022518980844,0.2978572704453324
small_diseased_regions,292,Tomato_Bacterial_spot,Tomato_Bacterial_spot/c0a49d4f-501c-4a5f-a7cd-6164d1bddb45___GCREC_Bact.Sp 6157.JPG,selected_dataset/small_diseased_regions/292__Tomato_Bacterial_spot__c0a49d4f-501c-4a5f-a7cd-6164d1bddb45_GCREC_Bact.Sp_6157.jpg,0.4656829833984375,0.05311445329139225,0.22698941269291328,0.29250286379166013
small_diseased_regions,293,Tomato_Early_blight,Tomato_Early_blight/801083ae-26f9-4a9a-9e9a-f73fb18b67e5___RS_Erly.B 7363.JPG,selected_dataset/small_diseased_regions/293__Tomato_Early_blight__801083ae-26f9-4a9a-9e9a-f73fb18b67e5_RS_Erly.B_7363.jpg,0.3978424072265625,0.04257277643539294,0.2580949411238288,0.12344171472909829
small_diseased_regions,294,Tomato_Late_blight,Tomato_Late_blight/7e322351-379f-4b07-8001-01baf6bf589c___RS_Late.B 7038.JPG,selected_dataset/small_diseased_regions/294__Tomato_Late_blight__7e322351-379f-4b07-8001-01baf6bf589c_RS_Late.B_7038.jpg,0.5449981689453125,0.0696867038105104,0.6537338687406695,0.5034813499027266
small_diseased_regions,295,Tomato_Leaf_Mold,Tomato_Leaf_Mold/df5a282e-d66e-4fb3-8ce4-eddfe5253c50___Crnl_L.Mold 8940.JPG,selected_dataset/small_diseased_regions/295__Tomato_Leaf_Mold__df5a282e-d66e-4fb3-8ce4-eddfe5253c50_Crnl_L.Mold_8940.jpg,0.399566650390625,0.06465286794470328,0.3247372163857808,0.3016486909488825
small_diseased_regions,296,Tomato_Septoria_leaf_spot,Tomato_Septoria_leaf_spot/690452d3-64f5-474c-ba18-1f4e5f330da6___Matt.S_CG 7738.JPG,selected_dataset/small_diseased_regions/296__Tomato_Septoria_leaf_spot__690452d3-64f5-474c-ba18-1f4e5f330da6_Matt.S_CG_7738.jpg,0.4605865478515625,0.05575617028325327,0.6328493750965287,0.14469014416111275
small_diseased_regions,297,Tomato_Spider_mites_Two_spotted_spider_mite,Tomato_Spider_mites_Two_spotted_spider_mite/27074def-852f-45c0-8a45-006f8f7108c3___Com.G_SpM_FL 9633.JPG,selected_dataset/small_diseased_regions/297__Tomato_Spider_mites_Two_spotted_spider_mite__27074def-852f-45c0-8a45-006f8f7108c3_Com.G_SpM_FL_9633.jpg,0.3623809814453125,0.07128721209314076,0.5659670215192841,0.10974918526771085
small_diseased_regions,298,Tomato__Target_Spot,Tomato__Target_Spot/947d51e3-5c1f-4a54-b1bb-4e6f31f21140___Com.G_TgS_FL 0943.JPG,selected_dataset/small_diseased_regions/298__Tomato_Target_Spot__947d51e3-5c1f-4a54-b1bb-4e6f31f21140_Com.G_TgS_FL_0943.jpg,0.52911376953125,0.053149152151343866,0.5958949226961665,0.25429939872927254
small_diseased_regions,299,Tomato__Tomato_YellowLeaf__Curl_Virus,Tomato__Tomato_YellowLeaf__Curl_Virus/1d1f8ce2-c216-45b0-910d-07382bd1d27a___UF.GRC_YLCV_Lab 01353.JPG,selected_dataset/small_diseased_regions/299__Tomato_Tomato_YellowLeaf_Curl_Virus__1d1f8ce2-c216-45b0-910d-07382bd1d27a_UF.GRC_YLCV_Lab_01353.jpg,0.5040130615234375,0.05400986951651479,0.2046272492929802,0.2991619384041172
small_diseased_regions,300,Tomato__Tomato_mosaic_virus,Tomato__Tomato_mosaic_virus/59168647-7103-404e-86b4-2be640a85a98___PSU_CG 2156.JPG,selected_dataset/small_diseased_regions/300__Tomato_Tomato_mosaic_virus__59168647-7103-404e-86b4-2be640a85a98_PSU_CG_2156.jpg,0.31573486328125,0.07621302919002514,0.458296767657504,0.43782623412189015
large_diseased_regions,1,Pepper__bell___Bacterial_spot,Pepper__bell___Bacterial_spot/ff81e22a-09bf-49bd-b45a-c75606cd113b___NREC_B.Spot 1811.JPG,selected_dataset/large_diseased_regions/001__Pepper_bell_Bacterial_spot__ff81e22a-09bf-49bd-b45a-c75606cd113b_NREC_B.Spot_1811.jpg,0.4629364013671875,0.7382247272487558,0.6780087092619391,0.2719459717088667
large_diseased_regions,2,Potato___Early_blight,Potato___Early_blight/dcc9e3a4-04dc-46fd-9bc9-739334aa23d9___RS_Early.B 6799.JPG,selected_dataset/large_diseased_regions/002__Potato_Early_blight__dcc9e3a4-04dc-46fd-9bc9-739334aa23d9_RS_Early.B_6799.jpg,0.5368804931640625,0.2581497797356828,0.7828230166171433,0.08899744079323205
large_diseased_regions,3,Potato___Late_blight,Potato___Late_blight/bd586e94-fa36-4aed-be05-7a0028d40118___RS_LB 2650.JPG,selected_dataset/large_diseased_regions/003__Potato_Late_blight__bd586e94-fa36-4aed-be05-7a0028d40118_RS_LB_2650.jpg,0.4347991943359375,0.616599403404106,0.4852517606148989,0.11710178173768009
large_diseased_regions,4,Tomato_Bacterial_spot,Tomato_Bacterial_spot/d903df67-fe54-4892-be62-1db1a8bbe6d2___GCREC_Bact.Sp 5942.JPG,selected_dataset/large_diseased_regions/004__Tomato_Bacterial_spot__d903df67-fe54-4892-be62-1db1a8bbe6d2_GCREC_Bact.Sp_5942.jpg,0.4423370361328125,0.9823381282555452,0.27533582201213347,0.11855458635242985
large_diseased_regions,5,Tomato_Early_blight,Tomato_Early_blight/dc4e5770-ed70-4ff3-b61d-a6296faae7e1___RS_Erly.B 7568.JPG,selected_dataset/large_diseased_regions/005__Tomato_Early_blight__dc4e5770-ed70-4ff3-b61d-a6296faae7e1_RS_Erly.B_7568.jpg,0.407806396484375,0.961760083813515,0.48159259159592205,0.6199976224644778
large_diseased_regions,6,Tomato_Late_blight,Tomato_Late_blight/1869d21d-5461-4378-bddb-8de766b836f7___GHLB Leaf 12 Day 6.JPG,selected_dataset/large_diseased_regions/006__Tomato_Late_blight__1869d21d-5461-4378-bddb-8de766b836f7_GHLB_Leaf_12_Day_6.jpg,0.39276123046875,0.9430846930846931,0.12797207315908016,0.6580215963831925
large_diseased_regions,7,Tomato_Leaf_Mold,Tomato_Leaf_Mold/b155d628-2bce-404f-bd81-6916fd6100e3___Crnl_L.Mold 9067.JPG,selected_dataset/large_diseased_regions/007__Tomato_Leaf_Mold__b155d628-2bce-404f-bd81-6916fd6100e3_Crnl_L.Mold_9067.jpg,0.4148712158203125,0.8751701055573945,0.33582935423406957,0.27573331508723703
large_diseased_regions,8,Tomato_Septoria_leaf_spot,Tomato_Septoria_leaf_spot/b11ca2cb-b0eb-4ce7-831f-7a085c268ab1___JR_Sept.L.S 8543.JPG,selected_dataset/large_diseased_regions/008__Tomato_Septoria_leaf_spot__b11ca2cb-b0eb-4ce7-831f-7a085c268ab1_JR_Sept.L.S_8543.jpg,0.372467041015625,0.7562064727570668,0.4901040594335214,0.3528312803183249
large_diseased_regions,9,Tomato_Spider_mites_Two_spotted_spider_mite,Tomato_Spider_mites_Two_spotted_spider_mite/cd69a28b-61e1-476c-8a44-9c584cde6c2a___Com.G_SpM_FL 9481.JPG,selected_dataset/large_diseased_regions/009__Tomato_Spider_mites_Two_spotted_spider_mite__cd69a28b-61e1-476c-8a44-9c584cde6c2a_Com.G_SpM_FL_9481.jpg,0.3802032470703125,0.8820484006902918,0.19621867273065774,0.37376767202829486
large_diseased_regions,10,Tomato__Target_Spot,Tomato__Target_Spot/d7a7fc0c-131e-41ef-ac68-8c005f9123d0___Com.G_TgS_FL 8183.JPG,selected_dataset/large_diseased_regions/010__Tomato_Target_Spot__d7a7fc0c-131e-41ef-ac68-8c005f9123d0_Com.G_TgS_FL_8183.jpg,0.4151458740234375,0.8836328885948469,0.3284644535690866,0.3197260850596514
large_diseased_regions,11,Tomato__Tomato_YellowLeaf__Curl_Virus,Tomato__Tomato_YellowLeaf__Curl_Virus/5973fb5e-f34c-4fa0-9c27-190c517b964f___YLCV_GCREC 5428.JPG,selected_dataset/large_diseased_regions/011__Tomato_Tomato_YellowLeaf_Curl_Virus__5973fb5e-f34c-4fa0-9c27-190c517b964f_YLCV_GCREC_5428.jpg,0.4632720947265625,0.8410460788511578,0.4810901542147394,0.16930392564012475
large_diseased_regions,12,Tomato__Tomato_mosaic_virus,Tomato__Tomato_mosaic_virus/efc00b83-9c44-48f5-b6ff-3acc4f5b0875___PSU_CG 2345.JPG,selected_dataset/large_diseased_regions/012__Tomato_Tomato_mosaic_virus__efc00b83-9c44-48f5-b6ff-3acc4f5b0875_PSU_CG_2345.jpg,0.31158447265625,0.5997551420176298,0.5104025458199157,0.1551490871082027
large_diseased_regions,13,Pepper__bell___Bacterial_spot,Pepper__bell___Bacterial_spot/20531434-4064-4aeb-a839-d3bcfe0ecb3e___NREC_B.Spot 9104.JPG,selected_dataset/large_diseased_regions/013__Pepper_bell_Bacterial_spot__20531434-4064-4aeb-a839-d3bcfe0ecb3e_NREC_B.Spot_9104.jpg,0.4268341064453125,0.6844814642691166,0.6852279930162456,0.26268268226584524
large_diseased_regions,14,Potato___Early_blight,Potato___Early_blight/722bc78a-a1e0-481b-b5a3-cb3357f2f350___RS_Early.B 6803.JPG,selected_dataset/large_diseased_regions/014__Potato_Early_blight__722bc78a-a1e0-481b-b5a3-cb3357f2f350_RS_Early.B_6803.jpg,0.515472412109375,0.2273696051151501,0.6691290907074344,0.08470396754908163
large_diseased_regions,15,Potato___Late_blight,Potato___Late_blight/4664efe7-50ae-4a32-b818-2ec7f3881471___RS_LB 4478.JPG,selected_dataset/large_diseased_regions/015__Potato_Late_blight__4664efe7-50ae-4a32-b818-2ec7f3881471_RS_LB_4478.jpg,0.3770294189453125,0.5763486988546683,0.5319723462242293,0.313846821353999
large_diseased_regions,16,Tomato_Bacterial_spot,Tomato_Bacterial_spot/e4404de4-7958-4e77-a7ed-664dd0d7f2c9___GCREC_Bact.Sp 5906.JPG,selected_dataset/large_diseased_regions/016__Tomato_Bacterial_spot__e4404de4-7958-4e77-a7ed-664dd0d7f2c9_GCREC_Bact.Sp_5906.jpg,0.5202484130859375,0.9442146942366916,0.26597951672946885,0.26018785589985827
large_diseased_regions,17,Tomato_Early_blight,Tomato_Early_blight/6873f362-d13b-41f7-a44d-da51875e46f1___RS_Erly.B 9436.JPG,selected_dataset/large_diseased_regions/017__Tomato_Early_blight__6873f362-d13b-41f7-a44d-da51875e46f1_RS_Erly.B_9436.jpg,0.3516998291015625,0.9250292854353768,0.6109867038628812,0.16956323711805882
large_diseased_regions,18,Tomato_Late_blight,Tomato_Late_blight/1f38a263-cfb5-47fe-8c0e-f8d62141f922___GHLB_PS leaf 28 Day 12 .jpg,selected_dataset/large_diseased_regions/018__Tomato_Late_blight__1f38a263-cfb5-47fe-8c0e-f8d62141f922_GHLB_PS_leaf_28_Day_12.jpg,0.396240234375,0.9219038817005545,0.003941800931114457,0.3952327796759736
large_diseased_regions,19,Tomato_Leaf_Mold,Tomato_Leaf_Mold/790cfb1d-4926-46bb-bd50-b750e823c72a___Crnl_L.Mold 7130.JPG,selected_dataset/large_diseased_regions/019__Tomato_Leaf_Mold__790cfb1d-4926-46bb-bd50-b750e823c72a_Crnl_L.Mold_7130.jpg,0.26202392578125,0.8073025856044724,0.1741169826669443,0.16003720657788623
large_diseased_regions,20,Tomato_Septoria_leaf_spot,Tomato_Septoria_leaf_spot/2a803f39-ff07-4e5d-aabc-4941aaa81472___JR_Sept.L.S 2458.JPG,selected_dataset/large_diseased_regions/020__Tomato_Septoria_leaf_spot__2a803f39-ff07-4e5d-aabc-4941aaa81472_JR_Sept.L.S_2458.jpg,0.3792266845703125,0.6951675854021647,0.3853346249525237,0.3124565628038346
large_diseased_regions,21,Tomato_Spider_mites_Two_spotted_spider_mite,Tomato_Spider_mites_Two_spotted_spider_mite/2d213315-0896-4c0b-92a6-f7d84b17775f___Com.G_SpM_FL 8884.JPG,selected_dataset/large_diseased_regions/021__Tomato_Spider_mites_Two_spotted_spider_mite__2d213315-0896-4c0b-92a6-f7d84b17775f_Com.G_SpM_FL_8884.jpg,0.3910675048828125,0.8754145694330641,0.4752900652109518,0.11693992049644664
large_diseased_regions,22,Tomato__Target_Spot,Tomato__Target_Spot/557f4be7-2557-447e-9235-b41b15f93eca___Com.G_TgS_FL 8267.JPG,selected_dataset/large_diseased_regions/022__Tomato_Target_Spot__557f4be7-2557-447e-9235-b41b15f93eca_Com.G_TgS_FL_8267.jpg,0.3960113525390625,0.8497283551034562,0.4710013729373893,0.2746753622472183
large_diseased_regions,23,Tomato__Tomato_YellowLeaf__Curl_Virus,Tomato__Tomato_YellowLeaf__Curl_Virus/2935267e-a35b-42aa-a97c-c32665afe48a___YLCV_NREC 2885.JPG,selected_dataset/large_diseased_regions/023__Tomato_Tomato_YellowLeaf_Curl_Virus__2935267e-a35b-42aa-a97c-c32665afe48a_YLCV_NREC_2885.jpg,0.3423004150390625,0.8145589087505015,0.4061926690964116,0.17709370226109447
large_diseased_regions,24,Tomato__Tomato_mosaic_virus,Tomato__Tomato_mosaic_virus/c9bbf37c-d34f-41b7-9134-e3b81f4e739e___PSU_CG 2145.JPG,selected_dataset/large_diseased_regions/024__Tomato_Tomato_mosaic_virus__c9bbf37c-d34f-41b7-9134-e3b81f4e739e_PSU_CG_2145.jpg,0.3729095458984375,0.5189246695854985,0.38797681905883286,0.2976016498661019
large_diseased_regions,25,Pepper__bell___Bacterial_spot,Pepper__bell___Bacterial_spot/56d81c17-6145-4887-af27-ea9c6dd64b33___NREC_B.Spot 9068.JPG,selected_dataset/large_diseased_regions/025__Pepper_bell_Bacterial_spot__56d81c17-6145-4887-af27-ea9c6dd64b33_NREC_B.Spot_9068.jpg,0.430419921875,0.6505601247872944,0.6611981990109277,0.31347448525673616
large_diseased_regions,26,Potato___Early_blight,Potato___Early_blight/6edb7358-f41f-4fd2-8371-12700bdbc94c___RS_Early.B 6801.JPG,selected_dataset/large_diseased_regions/026__Potato_Early_blight__6edb7358-f41f-4fd2-8371-12700bdbc94c_RS_Early.B_6801.jpg,0.5467681884765625,0.17665280607261463,0.7388341034131618,0.06051980377748376
large_diseased_regions,27,Potato___Late_blight,Potato___Late_blight/a7dad20a-b0c0-408b-a961-17928319e17f___RS_LB 4645.JPG,selected_dataset/large_diseased_regions/027__Potato_Late_blight__a7dad20a-b0c0-408b-a961-17928319e17f_RS_LB_4645.jpg,0.38873291015625,0.5416862929816297,0.5295102009590199,0.09415643444151667
large_diseased_regions,28,Tomato_Bacterial_spot,Tomato_Bacterial_spot/d4e4f6a5-f887-48b1-83d5-44e6f834cab4___GCREC_Bact.Sp 6064.JPG,selected_dataset/large_diseased_regions/028__Tomato_Bacterial_spot__d4e4f6a5-f887-48b1-83d5-44e6f834cab4_GCREC_Bact.Sp_6064.jpg,0.60833740234375,0.9271847095414869,0.2767355657642433,0.23938723571374843
large_diseased_regions,29,Tomato_Early_blight,Tomato_Early_blight/64ef53fa-26cc-4734-8a94-6f83a108817f___RS_Erly.B 6348.JPG,selected_dataset/large_diseased_regions/029__Tomato_Early_blight__64ef53fa-26cc-4734-8a94-6f83a108817f_RS_Erly.B_6348.jpg,0.5880584716796875,0.906043228936921,0.23942502162887538,0.2763431406842401
large_diseased_regions,30,Tomato_Late_blight,Tomato_Late_blight/860b6c56-686a-4f21-8ae3-d7e45acd760b___GHLB_PS Leaf 25 Day 16.jpg,selected_dataset/large_diseased_regions/030__Tomato_Late_blight__860b6c56-686a-4f21-8ae3-d7e45acd760b_GHLB_PS_Leaf_25_Day_16.jpg,0.229583740234375,0.9098099162568124,0.0,0.20219867380639756
large_diseased_regions,31,Tomato_Leaf_Mold,Tomato_Leaf_Mold/82567342-f689-4e61-ac38-b25db55bb684___Crnl_L.Mold 7128.JPG,selected_dataset/large_diseased_regions/031__Tomato_Leaf_Mold__82567342-f689-4e61-ac38-b25db55bb684_Crnl_L.Mold_7128.jpg,0.3834381103515625,0.7627442397230292,0.2706181068651197,0.1287292853412122
large_diseased_regions,32,Tomato_Septoria_leaf_spot,Tomato_Septoria_leaf_spot/609fec75-fdd5-4adc-8748-121c9420e813___JR_Sept.L.S 2485.JPG,selected_dataset/large_diseased_regions/032__Tomato_Septoria_leaf_spot__609fec75-fdd5-4adc-8748-121c9420e813_JR_Sept.L.S_2485.jpg,0.38958740234375,0.6182437725207582,0.3241896762622104,0.27044148217881003
large_diseased_regions,33,Tomato_Spider_mites_Two_spotted_spider_mite,Tomato_Spider_mites_Two_spotted_spider_mite/bca81576-c729-4649-bfe0-1b37d8bd314f___Com.G_SpM_FL 8655.JPG,selected_dataset/large_diseased_regions/033__Tomato_Spider_mites_Two_spotted_spider_mite__bca81576-c729-4649-bfe0-1b37d8bd314f_Com.G_SpM_FL_8655.jpg,0.3831024169921875,0.7916119010634485,0.6729309546648852,0.26958384166301463
large_diseased_regions,34,Tomato__Target_Spot,Tomato__Target_Spot/41bb6805-695e-4c35-854c-ce4ed54388b3___Com.G_TgS_FL 9907.JPG,selected_dataset/large_diseased_regions/034__Tomato_Target_Spot__41bb6805-695e-4c35-854c-ce4ed54388b3_Com.G_TgS_FL_9907.jpg,0.3831634521484375,0.7190872525984628,0.4765356009176037,0.12052579670954217
large_diseased_regions,35,Tomato__Tomato_YellowLeaf__Curl_Virus,Tomato__Tomato_YellowLeaf__Curl_Virus/2c2cb9ca-97fd-4897-84d2-e37c6adc2ce2___YLCV_NREC 2832.JPG,selected_dataset/large_diseased_regions/035__Tomato_Tomato_YellowLeaf_Curl_Virus__2c2cb9ca-97fd-4897-84d2-e37c6adc2ce2_YLCV_NREC_2832.jpg,0.396881103515625,0.80399846212995,0.560439305465791,0.10614924925806268
large_diseased_regions,36,Tomato__Tomato_mosaic_virus,Tomato__Tomato_mosaic_virus/570486a0-abe0-4046-add9-14aab37de620___PSU_CG 2313.JPG,selected_dataset/large_diseased_regions/036__Tomato_Tomato_mosaic_virus__570486a0-abe0-4046-add9-14aab37de620_PSU_CG_2313.jpg,0.3006439208984375,0.5380398924021722,0.3737407732767634,0.1472508048083256
large_diseased_regions,37,Pepper__bell___Bacterial_spot,Pepper__bell___Bacterial_spot/d696fdd7-228b-41be-9401-9ab0f8053802___NREC_B.Spot 9116.JPG,selected_dataset/large_diseased_regions/037__Pepper_bell_Bacterial_spot__d696fdd7-228b-41be-9401-9ab0f8053802_NREC_B.Spot_9116.jpg,0.48199462890625,0.6385019627706724,0.6209711726247682,0.28018197076555684
large_diseased_regions,38,Potato___Early_blight,Potato___Early_blight/dbe05365-9166-45f7-94cf-cefca787215a___RS_Early.B 9144.JPG,selected_dataset/large_diseased_regions/038__Potato_Early_blight__dbe05365-9166-45f7-94cf-cefca787215a_RS_Early.B_9144.jpg,0.4042205810546875,0.17809822203767317,0.7764391618629898,0.3057886533895572
large_diseased_regions,39,Potato___Late_blight,Potato___Late_blight/f528b00d-99a6-41db-8d96-9eed58b519c1___RS_LB 4544.JPG,selected_dataset/large_diseased_regions/039__Potato_Late_blight__f528b00d-99a6-41db-8d96-9eed58b519c1_RS_LB_4544.jpg,0.3926544189453125,0.5403567403722846,0.4780593888581308,0.14336176580159252
large_diseased_regions,40,Tomato_Bacterial_spot,Tomato_Bacterial_spot/ef3bf2b8-ec6f-43ca-9153-c96444337dfa___GCREC_Bact.Sp 3418.JPG,selected_dataset/large_diseased_regions/040__Tomato_Bacterial_spot__ef3bf2b8-ec6f-43ca-9153-c96444337dfa_GCREC_Bact.Sp_3418.jpg,0.4065704345703125,0.9159692249953086,0.16981921475719747,0.3207639622644939
large_diseased_regions,41,Tomato_Early_blight,Tomato_Early_blight/d1668361-aac6-41e3-b729-c5e5092326c1___RS_Erly.B 7562.JPG,selected_dataset/large_diseased_regions/041__Tomato_Early_blight__d1668361-aac6-41e3-b729-c5e5092326c1_RS_Erly.B_7562.jpg,0.4773101806640625,0.8988203701927687,0.5650735086773189,0.29532080259936355
large_diseased_regions,42,Tomato_Late_blight,Tomato_Late_blight/d45e9f86-2819-4c41-886c-73b7012674b3___GHLB Leaf 2 Day 16 .JPG,selected_dataset/large_diseased_regions/042__Tomato_Late_blight__d45e9f86-2819-4c41-886c-73b7012674b3_GHLB_Leaf_2_Day_16.jpg,0.4680633544921875,0.8878565607171964,0.288799021632116,0.6409030235500862
large_diseased_regions,43,Tomato_Leaf_Mold,Tomato_Leaf_Mold/86bcc70f-66dd-40ec-8bf5-d260f58cb25d___Crnl_L.Mold 7004.JPG,selected_dataset/large_diseased_regions/043__Tomato_Leaf_Mold__86bcc70f-66dd-40ec-8bf5-d260f58cb25d_Crnl_L.Mold_7004.jpg,0.343597412109375,0.755440092370548,0.4467051129969384,0.1840944884229544
large_diseased_regions,44,Tomato_Septoria_leaf_spot,Tomato_Septoria_leaf_spot/0a5edec2-e297-4a25-86fc-78f03772c100___JR_Sept.L.S 8468.JPG,selected_dataset/large_diseased_regions/044__Tomato_Septoria_leaf_spot__0a5edec2-e297-4a25-86fc-78f03772c100_JR_Sept.L.S_8468.jpg,0.35516357421875,0.6118319298848599,0.5247402889527576,0.33552284815420874
large_diseased_regions,45,Tomato_Spider_mites_Two_spotted_spider_mite,Tomato_Spider_mites_Two_spotted_spider_mite/4ac9c932-72ee-45a7-8602-8fc1923e9e8e___Com.G_SpM_FL 9265.JPG,selected_dataset/large_diseased_regions/045__Tomato_Spider_mites_Two_spotted_spider_mite__4ac9c932-72ee-45a7-8602-8fc1923e9e8e_Com.G_SpM_FL_9265.jpg,0.3471832275390625,0.7893904100558168,0.33847673845552195,0.0993129624631882
large_diseased_regions,46,Tomato__Target_Spot,Tomato__Target_Spot/1c980f09-7e37-4e57-96e5-d18783691134___Com.G_TgS_FL 9908.JPG,selected_dataset/large_diseased_regions/046__Tomato_Target_Spot__1c980f09-7e37-4e57-96e5-d18783691134_Com.G_TgS_FL_9908.jpg,0.3817291259765625,0.5417116360874605,0.5644626696005187,0.26632668707045254
large_diseased_regions,47,Tomato__Tomato_YellowLeaf__Curl_Virus,Tomato__Tomato_YellowLeaf__Curl_Virus/28d69631-a796-49b8-8213-2e17e48a09c4___YLCV_GCREC 5221.JPG,selected_dataset/large_diseased_regions/047__Tomato_Tomato_YellowLeaf_Curl_Virus__28d69631-a796-49b8-8213-2e17e48a09c4_YLCV_GCREC_5221.jpg,0.38006591796875,0.8002248273647021,0.5239909739965577,0.10788924747038138
large_diseased_regions,48,Tomato__Tomato_mosaic_virus,Tomato__Tomato_mosaic_virus/eeeb214a-2f7d-4e91-991f-003a3a9508be___PSU_CG 2078.JPG,selected_dataset/large_diseased_regions/048__Tomato_Tomato_mosaic_virus__eeeb214a-2f7d-4e91-991f-003a3a9508be_PSU_CG_2078.jpg,0.227294921875,0.5020810955961332,0.48043882087860723,0.15172893843077837
large_diseased_regions,49,Pepper__bell___Bacterial_spot,Pepper__bell___Bacterial_spot/e2bc1ccf-bbc2-457b-89cb-6e7154ec3414___NREC_B.Spot 9092.JPG,selected_dataset/large_diseased_regions/049__Pepper_bell_Bacterial_spot__e2bc1ccf-bbc2-457b-89cb-6e7154ec3414_NREC_B.Spot_9092.jpg,0.459320068359375,0.5824862135406286,0.6660663534781109,0.251990724174582
large_diseased_regions,50,Potato___Late_blight,Potato___Late_blight/66473aff-3438-4a8c-8c05-5fed8a4255ae___RS_LB 4473.JPG,selected_dataset/large_diseased_regions/050__Potato_Late_blight__66473aff-3438-4a8c-8c05-5fed8a4255ae_RS_LB_4473.jpg,0.38385009765625,0.5356972491652091,0.45276551341770976,0.12001278659611991
large_diseased_regions,51,Tomato_Bacterial_spot,Tomato_Bacterial_spot/d2baf547-f447-4b60-b642-7e1008ac6187___GCREC_Bact.Sp 5920.JPG,selected_dataset/large_diseased_regions/051__Tomato_Bacterial_spot__d2baf547-f447-4b60-b642-7e1008ac6187_GCREC_Bact.Sp_5920.jpg,0.45611572265625,0.9066974441322093,0.29185341933632203,0.32333645758284957
large_diseased_regions,52,Tomato_Early_blight,Tomato_Early_blight/a67b9ba1-99ff-4826-8f7b-1b89ca61980e___RS_Erly.B 7597.JPG,selected_dataset/large_diseased_regions/052__Tomato_Early_blight__a67b9ba1-99ff-4826-8f7b-1b89ca61980e_RS_Erly.B_7597.jpg,0.3705596923828125,0.8866790199711756,0.39789208129369336,0.3085837101539586
large_diseased_regions,53,Tomato_Late_blight,Tomato_Late_blight/bb1cfbc3-b8eb-4a56-9313-86cffbea4524___GHLB_PS Leaf 30.1 Day 13.jpg,selected_dataset/large_diseased_regions/053__Tomato_Late_blight__bb1cfbc3-b8eb-4a56-9313-86cffbea4524_GHLB_PS_Leaf_30.1_Day_13.jpg,0.329742431640625,0.8358167515039334,0.0,0.1280995280808856
large_diseased_regions,54,Tomato_Leaf_Mold,Tomato_Leaf_Mold/be2680f9-cdba-44e5-8834-7bc5b615a0ea___Crnl_L.Mold 7158.JPG,selected_dataset/large_diseased_regions/054__Tomato_Leaf_Mold__be2680f9-cdba-44e5-8834-7bc5b615a0ea_Crnl_L.Mold_7158.jpg,0.3640899658203125,0.720548174845983,0.22860222662042812,0.3001548609573829
large_diseased_regions,55,Tomato_Septoria_leaf_spot,Tomato_Septoria_leaf_spot/d1787912-126a-44a6-bb47-66574fd44f4a___JR_Sept.L.S 8388.JPG,selected_dataset/large_diseased_regions/055__Tomato_Septoria_leaf_spot__d1787912-126a-44a6-bb47-66574fd44f4a_JR_Sept.L.S_8388.jpg,0.366790771484375,0.6137365837424078,0.29641734156343885,0.3423136271575339
large_diseased_regions,56,Tomato_Spider_mites_Two_spotted_spider_mite,Tomato_Spider_mites_Two_spotted_spider_mite/4f355304-d619-4594-8370-a0863049bf4d___Com.G_SpM_FL 8981.JPG,selected_dataset/large_diseased_regions/056__Tomato_Spider_mites_Two_spotted_spider_mite__4f355304-d619-4594-8370-a0863049bf4d_Com.G_SpM_FL_8981.jpg,0.399139404296875,0.7573591253153911,0.7916564613464399,0.1275577979858673
large_diseased_regions,57,Tomato__Target_Spot,Tomato__Target_Spot/8a4995ff-d091-47bc-90d6-eb0c6da66fcf___Com.G_TgS_FL 7876.JPG,selected_dataset/large_diseased_regions/057__Tomato_Target_Spot__8a4995ff-d091-47bc-90d6-eb0c6da66fcf_Com.G_TgS_FL_7876.jpg,0.4316253662109375,0.5316930038533602,0.6077534640912559,0.315766156350631
large_diseased_regions,58,Tomato__Tomato_YellowLeaf__Curl_Virus,Tomato__Tomato_YellowLeaf__Curl_Virus/110c50e6-039e-4f32-bda1-26262968ab8a___YLCV_GCREC 5539.JPG,selected_dataset/large_diseased_regions/058__Tomato_Tomato_YellowLeaf_Curl_Virus__110c50e6-039e-4f32-bda1-26262968ab8a_YLCV_GCREC_5539.jpg,0.40802001953125,0.7992894540014959,0.2535120882666542,0.12153664825001638
large_diseased_regions,59,Tomato__Tomato_mosaic_virus,Tomato__Tomato_mosaic_virus/932959d9-826b-465f-82d7-8b419d2ad040___PSU_CG 2187.JPG,selected_dataset/large_diseased_regions/059__Tomato_Tomato_mosaic_virus__932959d9-826b-465f-82d7-8b419d2ad040_PSU_CG_2187.jpg,0.3850250244140625,0.4697420045178932,0.41748643711815897,0.14320797897844847
large_diseased_regions,60,Pepper__bell___Bacterial_spot,Pepper__bell___Bacterial_spot/e40b2cd1-ef48-4cf7-b69a-8aedf75065fd___NREC_B.Spot 9050.JPG,selected_dataset/large_diseased_regions/060__Pepper_bell_Bacterial_spot__e40b2cd1-ef48-4cf7-b69a-8aedf75065fd_NREC_B.Spot_9050.jpg,0.4507598876953125,0.569276598625639,0.6865250404224101,0.2874556440853369
large_diseased_regions,61,Potato___Late_blight,Potato___Late_blight/d1ae329b-19bc-40c3-afb1-404ecf3c98ee___RS_LB 2613.JPG,selected_dataset/large_diseased_regions/061__Potato_Late_blight__d1ae329b-19bc-40c3-afb1-404ecf3c98ee_RS_LB_2613.jpg,0.4183502197265625,0.5219024692708903,0.45850341630631336,0.13417405323632897
large_diseased_regions,62,Tomato_Bacterial_spot,Tomato_Bacterial_spot/8571dec5-c1d3-4d91-8b7e-2d1c188bede6___GCREC_Bact.Sp 5683.JPG,selected_dataset/large_diseased_regions/062__Tomato_Bacterial_spot__8571dec5-c1d3-4d91-8b7e-2d1c188bede6_GCREC_Bact.Sp_5683.jpg,0.44940185546875,0.9001426049164742,0.27321339645962633,0.286995727000305
large_diseased_regions,63,Tomato_Early_blight,Tomato_Early_blight/54a33a0e-3bf6-44de-ba94-8b5096f1cb6e___RS_Erly.B 7668.JPG,selected_dataset/large_diseased_regions/063__Tomato_Early_blight__54a33a0e-3bf6-44de-ba94-8b5096f1cb6e_RS_Erly.B_7668.jpg,0.39251708984375,0.8820556678588088,0.3462921721328035,0.11557720461279498
large_diseased_regions,64,Tomato_Late_blight,Tomato_Late_blight/a4dd9b8a-c4bc-40c2-87f2-686a36789b2c___RS_Late.B 5500.JPG,selected_dataset/large_diseased_regions/064__Tomato_Late_blight__a4dd9b8a-c4bc-40c2-87f2-686a36789b2c_RS_Late.B_5500.jpg,0.37213134765625,0.8144579301295719,0.5231534526603088,0.17073064465290982
large_diseased_regions,65,Tomato_Leaf_Mold,Tomato_Leaf_Mold/c9bdd302-7a60-43a7-9850-b48861d021b4___Crnl_L.Mold 7129.JPG,selected_dataset/large_diseased_regions/065__Tomato_Leaf_Mold__c9bdd302-7a60-43a7-9850-b48861d021b4_Crnl_L.Mold_7129.jpg,0.3445281982421875,0.7130076619868019,0.153992339706435,0.36743909564816846
large_diseased_regions,66,Tomato_Septoria_leaf_spot,Tomato_Septoria_leaf_spot/5357b085-dcfe-4a9f-8e69-98b2481c8f7e___JR_Sept.L.S 8471.JPG,selected_dataset/large_diseased_regions/066__Tomato_Septoria_leaf_spot__5357b085-dcfe-4a9f-8e69-98b2481c8f7e_JR_Sept.L.S_8471.jpg,0.3774566650390625,0.6107046125237499,0.5115949126763839,0.4401181986867501
large_diseased_regions,67,Tomato_Spider_mites_Two_spotted_spider_mite,Tomato_Spider_mites_Two_spotted_spider_mite/634de1ee-96c6-4e48-8f23-13a61088fc95___Com.G_SpM_FL 8661.JPG,selected_dataset/large_diseased_regions/067__Tomato_Spider_mites_Two_spotted_spider_mite__634de1ee-96c6-4e48-8f23-13a61088fc95_Com.G_SpM_FL_8661.jpg,0.3911285400390625,0.7518043147505169,0.7250281463674666,0.12709449734145753
large_diseased_regions,68,Tomato__Target_Spot,Tomato__Target_Spot/c1f46832-8f04-4984-b911-f87f764727fe___Com.G_TgS_FL 7922.JPG,selected_dataset/large_diseased_regions/068__Tomato_Target_Spot__c1f46832-8f04-4984-b911-f87f764727fe_Com.G_TgS_FL_7922.jpg,0.446197509765625,0.47301826140482867,0.6863837318109881,0.10577481081936581
large_diseased_regions,69,Tomato__Tomato_YellowLeaf__Curl_Virus,Tomato__Tomato_YellowLeaf__Curl_Virus/2ced8bb2-5756-4c99-837f-3cb3a2e831ff___YLCV_GCREC 5430.JPG,selected_dataset/large_diseased_regions/069__Tomato_Tomato_YellowLeaf_Curl_Virus__2ced8bb2-5756-4c99-837f-3cb3a2e831ff_YLCV_GCREC_5430.jpg,0.3945159912109375,0.8252949139431445,0.4123826640788687,0.34763350300039314
large_diseased_regions,70,Tomato__Tomato_mosaic_virus,Tomato__Tomato_mosaic_virus/82a23930-4324-4d3e-b599-9861796f01db___PSU_CG 2366.JPG,selected_dataset/large_diseased_regions/070__Tomato_Tomato_mosaic_virus__82a23930-4324-4d3e-b599-9861796f01db_PSU_CG_2366.jpg,0.327362060546875,0.48876666355924303,0.5044537028008313,0.42572940556235694
large_diseased_regions,71,Pepper__bell___Bacterial_spot,Pepper__bell___Bacterial_spot/1d35e088-7147-4bac-9cce-9330a3f5906d___NREC_B.Spot 9096.JPG,selected_dataset/large_diseased_regions/071__Pepper_bell_Bacterial_spot__1d35e088-7147-4bac-9cce-9330a3f5906d_NREC_B.Spot_9096.jpg,0.5030670166015625,0.5511237829476174,0.588170985269343,0.0943014216190147
large_diseased_regions,72,Potato___Late_blight,Potato___Late_blight/8e1d2020-3d04-46b1-bd71-82922e1aeaa6___RS_LB 5017.JPG,selected_dataset/large_diseased_regions/072__Potato_Late_blight__8e1d2020-3d04-46b1-bd71-82922e1aeaa6_RS_LB_5017.jpg,0.404815673828125,0.4846211835657746,0.7250391639770317,0.4926343840554932
large_diseased_regions,73,Tomato_Bacterial_spot,Tomato_Bacterial_spot/4612d560-762e-4254-8e6d-bc48ee9a94f4___GCREC_Bact.Sp 5716.JPG,selected_dataset/large_diseased_regions/073__Tomato_Bacterial_spot__4612d560-762e-4254-8e6d-bc48ee9a94f4_GCREC_Bact.Sp_5716.jpg,0.4090423583984375,0.8902525459767971,0.19728006350770616,0.2785617277760501
large_diseased_regions,74,Tomato_Early_blight,Tomato_Early_blight/64fade29-cabf-4ec2-a5cf-8c7aeca19eea___RS_Erly.B 6427.JPG,selected_dataset/large_diseased_regions/074__Tomato_Early_blight__64fade29-cabf-4ec2-a5cf-8c7aeca19eea_RS_Erly.B_6427.jpg,0.4256591796875,0.869443647834815,0.4074579397290242,0.33696427668256485
large_diseased_regions,75,Tomato_Late_blight,Tomato_Late_blight/d2619e9f-172d-4c42-8513-0ab522c02824___GHLB Leaf 2.2 Day 16.JPG,selected_dataset/large_diseased_regions/075__Tomato_Late_blight__d2619e9f-172d-4c42-8513-0ab522c02824_GHLB_Leaf_2.2_Day_16.jpg,0.407196044921875,0.8017312448474856,0.30577140961791527,0.6108915897595898
large_diseased_regions,76,Tomato_Leaf_Mold,Tomato_Leaf_Mold/be1b7152-f0f2-431c-9635-29c4ca31fb5b___Crnl_L.Mold 7111.JPG,selected_dataset/large_diseased_regions/076__Tomato_Leaf_Mold__be1b7152-f0f2-431c-9635-29c4ca31fb5b_Crnl_L.Mold_7111.jpg,0.3857269287109375,0.6667985284228015,0.11316900413849401,0.13690399037494483
large_diseased_regions,77,Tomato_Septoria_leaf_spot,Tomato_Septoria_leaf_spot/f908f130-1a88-49da-9f6a-0cb7312da739___JR_Sept.L.S 2460.JPG,selected_dataset/large_diseased_regions/077__Tomato_Septoria_leaf_spot__f908f130-1a88-49da-9f6a-0cb7312da739_JR_Sept.L.S_2460.jpg,0.39288330078125,0.6209414323442598,0.44590122906084984,0.34685519164759726
large_diseased_regions,78,Tomato_Spider_mites_Two_spotted_spider_mite,Tomato_Spider_mites_Two_spotted_spider_mite/74433374-b410-426c-8752-c0e4ea7c9f71___Com.G_SpM_FL 8641.JPG,selected_dataset/large_diseased_regions/078__Tomato_Spider_mites_Two_spotted_spider_mite__74433374-b410-426c-8752-c0e4ea7c9f71_Com.G_SpM_FL_8641.jpg,0.3915252685546875,0.7417280486379049,0.7768692367552299,0.09086630947016841
large_diseased_regions,79,Tomato__Target_Spot,Tomato__Target_Spot/b9ca3f45-dbc3-43ac-b345-4b81c5fcb2b6___Com.G_TgS_FL 7916.JPG,selected_dataset/large_diseased_regions/079__Tomato_Target_Spot__b9ca3f45-dbc3-43ac-b345-4b81c5fcb2b6_Com.G_TgS_FL_7916.jpg,0.4531402587890625,0.44182914099067244,0.7519778610575313,0.2510587771414655
large_diseased_regions,80,Tomato__Tomato_YellowLeaf__Curl_Virus,Tomato__Tomato_YellowLeaf__Curl_Virus/4d2e9102-e3ab-430d-9e26-6bcabe2b2760___YLCV_GCREC 2664.JPG,selected_dataset/large_diseased_regions/080__Tomato_Tomato_YellowLeaf_Curl_Virus__4d2e9102-e3ab-430d-9e26-6bcabe2b2760_YLCV_GCREC_2664.jpg,0.3847503662109375,0.7874281181836209,0.3182057409514687,0.3335294763824176
large_diseased_regions,81,Tomato__Tomato_mosaic_virus,Tomato__Tomato_mosaic_virus/0a91f50b-1263-4b2c-a8c1-f2a6025b82f3___PSU_CG 2136.JPG,selected_dataset/large_diseased_regions/081__Tomato_Tomato_mosaic_virus__0a91f50b-1263-4b2c-a8c1-f2a6025b82f3_PSU_CG_2136.jpg,0.3284759521484375,0.4573326520183955,0.39192238587073835,0.24244882873296408
large_diseased_regions,82,Pepper__bell___Bacterial_spot,Pepper__bell___Bacterial_spot/c21c9506-e89f-4ff4-b9f1-7a666de39f50___NREC_B.Spot 9078.JPG,selected_dataset/large_diseased_regions/082__Pepper_bell_Bacterial_spot__c21c9506-e89f-4ff4-b9f1-7a666de39f50_NREC_B.Spot_9078.jpg,0.5086212158203125,0.5464254642546426,0.6728954057415972,0.2886469824364405
large_diseased_regions,83,Potato___Late_blight,Potato___Late_blight/04bbcc55-93d3-4a19-9137-8de036a8a4db___RS_LB 2647.JPG,selected_dataset/large_diseased_regions/083__Potato_Late_blight__04bbcc55-93d3-4a19-9137-8de036a8a4db_RS_LB_2647.jpg,0.4878997802734375,0.46308053166536356,0.5609101483423218,0.10827487086731741
large_diseased_regions,84,Tomato_Bacterial_spot,Tomato_Bacterial_spot/7712359a-9f55-4d3a-8bb5-c123ebf1957e___GCREC_Bact.Sp 6022.JPG,selected_dataset/large_diseased_regions/084__Tomato_Bacterial_spot__7712359a-9f55-4d3a-8bb5-c123ebf1957e_GCREC_Bact.Sp_6022.jpg,0.432861328125,0.8793006204173717,0.2335304045363965,0.10593246112991202
large_diseased_regions,85,Tomato_Early_blight,Tomato_Early_blight/c581e384-d3bd-4a55-a03a-761ebe1e4895___RS_Erly.B 7567.JPG,selected_dataset/large_diseased_regions/085__Tomato_Early_blight__c581e384-d3bd-4a55-a03a-761ebe1e4895_RS_Erly.B_7567.jpg,0.4229583740234375,0.8608174898084346,0.40138917806913266,0.5068282575529715
large_diseased_regions,86,Tomato_Late_blight,Tomato_Late_blight/16984239-2e67-407e-b600-4a3666500534___RS_Late.B 5182.JPG,selected_dataset/large_diseased_regions/086__Tomato_Late_blight__16984239-2e67-407e-b600-4a3666500534_RS_Late.B_5182.jpg,0.3956756591796875,0.7835409355597547,0.66950236780161,0.13618738795399105
large_diseased_regions,87,Tomato_Leaf_Mold,Tomato_Leaf_Mold/2d6f98ac-7545-4ea6-97f7-51374d16adc2___Crnl_L.Mold 7005.JPG,selected_dataset/large_diseased_regions/087__Tomato_Leaf_Mold__2d6f98ac-7545-4ea6-97f7-51374d16adc2_Crnl_L.Mold_7005.jpg,0.3603057861328125,0.6537500529369416,0.17394466547887757,0.171719414186596
large_diseased_regions,88,Tomato_Septoria_leaf_spot,Tomato_Septoria_leaf_spot/04c912dc-3e26-43ff-a6e3-69de49a6e529___JR_Sept.L.S 8519.JPG,selected_dataset/large_diseased_regions/088__Tomato_Septoria_leaf_spot__04c912dc-3e26-43ff-a6e3-69de49a6e529_JR_Sept.L.S_8519.jpg,0.39556884765625,0.5710152754204598,0.5130525326430881,0.12003723358518599
large_diseased_regions,89,Tomato_Spider_mites_Two_spotted_spider_mite,Tomato_Spider_mites_Two_spotted_spider_mite/3049a6ad-905d-4a96-92b4-2ec045c397a1___Com.G_SpM_FL 8796.JPG,selected_dataset/large_diseased_regions/089__Tomato_Spider_mites_Two_spotted_spider_mite__3049a6ad-905d-4a96-92b4-2ec045c397a1_Com.G_SpM_FL_8796.jpg,0.3871002197265625,0.692143955220939,0.6894191609031912,0.11907998664604048
large_diseased_regions,90,Tomato__Target_Spot,Tomato__Target_Spot/c9346c79-0dd0-45cc-a512-58abb339c932___Com.G_TgS_FL 8273.JPG,selected_dataset/large_diseased_regions/090__Tomato_Target_Spot__c9346c79-0dd0-45cc-a512-58abb339c932_Com.G_TgS_FL_8273.jpg,0.3879852294921875,0.41963267392928777,0.8374304457349406,0.1454554710489679
large_diseased_regions,91,Tomato__Tomato_YellowLeaf__Curl_Virus,Tomato__Tomato_YellowLeaf__Curl_Virus/81363c4e-78df-4540-8e9e-760155359b67___YLCV_NREC 2775.JPG,selected_dataset/large_diseased_regions/091__Tomato_Tomato_YellowLeaf_Curl_Virus__81363c4e-78df-4540-8e9e-760155359b67_YLCV_NREC_2775.jpg,0.3949127197265625,0.78640701673042,0.7112308242248658,0.1279628510622165
large_diseased_regions,92,Tomato__Tomato_mosaic_virus,Tomato__Tomato_mosaic_virus/3ecbb7b8-ad66-4944-886e-de2ae2c2c35e___PSU_CG 2095.JPG,selected_dataset/large_diseased_regions/092__Tomato_Tomato_mosaic_virus__3ecbb7b8-ad66-4944-886e-de2ae2c2c35e_PSU_CG_2095.jpg,0.2852630615234375,0.45926718373896763,0.5265395232561252,0.13124779706348194
large_diseased_regions,93,Pepper__bell___Bacterial_spot,Pepper__bell___Bacterial_spot/0f72db9c-d635-4415-9781-68937328aed2___NREC_B.Spot 9188.JPG,selected_dataset/large_diseased_regions/093__Pepper_bell_Bacterial_spot__0f72db9c-d635-4415-9781-68937328aed2_NREC_B.Spot_9188.jpg,0.448211669921875,0.5467760604616327,0.6967035110420773,0.33165572561142165
large_diseased_regions,94,Potato___Late_blight,Potato___Late_blight/63ec8c33-368c-433d-8953-f28f30e5985f___RS_LB 2943.JPG,selected_dataset/large_diseased_regions/094__Potato_Late_blight__63ec8c33-368c-433d-8953-f28f30e5985f_RS_LB_2943.jpg,0.4653167724609375,0.46253484177734056,0.43543532604136687,0.13306892059501157
large_diseased_regions,95,Tomato_Bacterial_spot,Tomato_Bacterial_spot/3926a14d-ed26-4c2b-9dcc-a15370eae355___GCREC_Bact.Sp 5647.JPG,selected_dataset/large_diseased_regions/095__Tomato_Bacterial_spot__3926a14d-ed26-4c2b-9dcc-a15370eae355_GCREC_Bact.Sp_5647.jpg,0.51336669921875,0.8770063012721436,0.28420430736483826,0.2777866014241779
large_diseased_regions,96,Tomato_Early_blight,Tomato_Early_blight/ad302c48-1f27-43d8-b004-4ca61dfa61c1___RS_Erly.B 7566.JPG,selected_dataset/large_diseased_regions/096__Tomato_Early_blight__ad302c48-1f27-43d8-b004-4ca61dfa61c1_RS_Erly.B_7566.jpg,0.4547271728515625,0.8526223952216369,0.5053761554049985,0.6193942936741416
large_diseased_regions,97,Tomato_Late_blight,Tomato_Late_blight/248676f8-84e6-42ad-9f06-dad7acd1ca4e___RS_Late.B 5146.JPG,selected_dataset/large_diseased_regions/097__Tomato_Late_blight__248676f8-84e6-42ad-9f06-dad7acd1ca4e_RS_Late.B_5146.jpg,0.39520263671875,0.7645559845559845,0.7560813285877843,0.33575628243328914
large_diseased_regions,98,Tomato_Leaf_Mold,Tomato_Leaf_Mold/8b4d7740-f9a9-4999-aadb-e017fed99f8b___Crnl_L.Mold 7075.JPG,selected_dataset/large_diseased_regions/098__Tomato_Leaf_Mold__8b4d7740-f9a9-4999-aadb-e017fed99f8b_Crnl_L.Mold_7075.jpg,0.31036376953125,0.6464601769911504,0.1559656087364128,0.21793071453472432
large_diseased_regions,99,Tomato_Septoria_leaf_spot,Tomato_Septoria_leaf_spot/c363173e-e72f-4aeb-937b-29f60598736d___JR_Sept.L.S 8563.JPG,selected_dataset/large_diseased_regions/099__Tomato_Septoria_leaf_spot__c363173e-e72f-4aeb-937b-29f60598736d_JR_Sept.L.S_8563.jpg,0.3688812255859375,0.5616959669079628,0.392737922145039,0.1743640083869763
large_diseased_regions,100,Tomato_Spider_mites_Two_spotted_spider_mite,Tomato_Spider_mites_Two_spotted_spider_mite/3b241fdb-8655-46c0-ad66-4010bca7c6f5___Com.G_SpM_FL 9017.JPG,selected_dataset/large_diseased_regions/100__Tomato_Spider_mites_Two_spotted_spider_mite__3b241fdb-8655-46c0-ad66-4010bca7c6f5_Com.G_SpM_FL_9017.jpg,0.3847198486328125,0.6827826914686868,0.7956686521735048,0.09281335242846481
large_diseased_regions,101,Tomato__Target_Spot,Tomato__Target_Spot/20515a64-1d49-4e91-b27f-2d150bd68db2___Com.G_TgS_FL 7926.JPG,selected_dataset/large_diseased_regions/101__Tomato_Target_Spot__20515a64-1d49-4e91-b27f-2d150bd68db2_Com.G_TgS_FL_7926.jpg,0.4042205810546875,0.40436374617794724,0.6798867150407941,0.11051178989840695
large_diseased_regions,102,Tomato__Tomato_YellowLeaf__Curl_Virus,Tomato__Tomato_YellowLeaf__Curl_Virus/5858e951-c9fd-47f8-8c01-88e7d7728e4e___YLCV_GCREC 5402.JPG,selected_dataset/large_diseased_regions/102__Tomato_Tomato_YellowLeaf_Curl_Virus__5858e951-c9fd-47f8-8c01-88e7d7728e4e_YLCV_GCREC_5402.jpg,0.393646240234375,0.7821148926273355,0.3138055088384489,0.13683652724133966
large_diseased_regions,103,Tomato__Tomato_mosaic_virus,Tomato__Tomato_mosaic_virus/4c518a8d-6ecc-45c2-b14c-f610a400c950___PSU_CG 2370.JPG,selected_dataset/large_diseased_regions/103__Tomato_Tomato_mosaic_virus__4c518a8d-6ecc-45c2-b14c-f610a400c950_PSU_CG_2370.jpg,0.3426361083984375,0.42516143397906925,0.23675634118909816,0.5852519444804788
large_diseased_regions,104,Pepper__bell___Bacterial_spot,Pepper__bell___Bacterial_spot/0b27c03f-b3bc-4d96-9b76-6fbd779404b9___NREC_B.Spot 1799.JPG,selected_dataset/large_diseased_regions/104__Pepper_bell_Bacterial_spot__0b27c03f-b3bc-4d96-9b76-6fbd779404b9_NREC_B.Spot_1799.jpg,0.532562255859375,0.5423184917769756,0.6693137185098543,0.2705246183085344
large_diseased_regions,105,Potato___Late_blight,Potato___Late_blight/fe72d959-6788-4b19-9285-e0b2919dc718___RS_LB 2516.JPG,selected_dataset/large_diseased_regions/105__Potato_Late_blight__fe72d959-6788-4b19-9285-e0b2919dc718_RS_LB_2516.jpg,0.4793548583984375,0.4255292057934108,0.5612261976075374,0.0789565412139953
large_diseased_regions,106,Tomato_Bacterial_spot,Tomato_Bacterial_spot/23dc9572-9fab-4847-b1dd-9c63e9ee010b___GCREC_Bact.Sp 5811.JPG,selected_dataset/large_diseased_regions/106__Tomato_Bacterial_spot__23dc9572-9fab-4847-b1dd-9c63e9ee010b_GCREC_Bact.Sp_5811.jpg,0.5174102783203125,0.8753133386416586,0.31485691698085105,0.2901252610654632
large_diseased_regions,107,Tomato_Early_blight,Tomato_Early_blight/04ddbde3-d33c-42bf-b849-dad24d64fd6f___RS_Erly.B 7664.JPG,selected_dataset/large_diseased_regions/107__Tomato_Early_blight__04ddbde3-d33c-42bf-b849-dad24d64fd6f_RS_Erly.B_7664.jpg,0.3922271728515625,0.8457498541139856,0.4030118261740202,0.12252145236538936
large_diseased_regions,108,Tomato_Late_blight,Tomato_Late_blight/0fca6d09-1931-4767-a195-1dd2b7cd10b7___GHLB Leaf 8 Day 12.JPG,selected_dataset/large_diseased_regions/108__Tomato_Late_blight__0fca6d09-1931-4767-a195-1dd2b7cd10b7_GHLB_Leaf_8_Day_12.jpg,0.42315673828125,0.7608178277801817,0.4121040435504857,0.3876176179948981
large_diseased_regions,109,Tomato_Leaf_Mold,Tomato_Leaf_Mold/bca2a85b-7b2a-42b5-9b7d-cba2a6bc9a70___Crnl_L.Mold 7003.JPG,selected_dataset/large_diseased_regions/109__Tomato_Leaf_Mold__bca2a85b-7b2a-42b5-9b7d-cba2a6bc9a70_Crnl_L.Mold_7003.jpg,0.3185272216796875,0.6432574850299401,0.45585382674249997,0.17302726255442957
large_diseased_regions,110,Tomato_Septoria_leaf_spot,Tomato_Septoria_leaf_spot/d6513bff-a877-4482-88d0-699396af3862___JR_Sept.L.S 8419.JPG,selected_dataset/large_diseased_regions/110__Tomato_Septoria_leaf_spot__d6513bff-a877-4482-88d0-699396af3862_JR_Sept.L.S_8419.jpg,0.3801116943359375,0.5528079964674241,0.3604190615486693,0.3278084415016095
large_diseased_regions,111,Tomato_Spider_mites_Two_spotted_spider_mite,Tomato_Spider_mites_Two_spotted_spider_mite/00c8e9a0-1fb8-434b-8981-25511358ddc9___Com.G_SpM_FL 8717.JPG,selected_dataset/large_diseased_regions/111__Tomato_Spider_mites_Two_spotted_spider_mite__00c8e9a0-1fb8-434b-8981-25511358ddc9_Com.G_SpM_FL_8717.jpg,0.38568115234375,0.6660864060769109,0.688643259084182,0.11847845654575581
large_diseased_regions,112,Tomato__Target_Spot,Tomato__Target_Spot/742c5518-9886-4d9c-98fd-ec5d18fd0275___Com.G_TgS_FL 8356.JPG,selected_dataset/large_diseased_regions/112__Tomato_Target_Spot__742c5518-9886-4d9c-98fd-ec5d18fd0275_Com.G_TgS_FL_8356.jpg,0.3824310302734375,0.41686948888800224,0.6866791140445812,0.11496384797338169
large_diseased_regions,113,Tomato__Tomato_YellowLeaf__Curl_Virus,Tomato__Tomato_YellowLeaf__Curl_Virus/2f3ee17d-5e55-4681-bdc2-4f66e2c582cd___YLCV_NREC 2934.JPG,selected_dataset/large_diseased_regions/113__Tomato_Tomato_YellowLeaf_Curl_Virus__2f3ee17d-5e55-4681-bdc2-4f66e2c582cd_YLCV_NREC_2934.jpg,0.377716064453125,0.7496162236406237,0.4392086229360825,0.10264754453507088
large_diseased_regions,114,Tomato__Tomato_mosaic_virus,Tomato__Tomato_mosaic_virus/3cb6ee9b-8550-4216-bde5-814807add4e5___PSU_CG 2395.JPG,selected_dataset/large_diseased_regions/114__Tomato_Tomato_mosaic_virus__3cb6ee9b-8550-4216-bde5-814807add4e5_PSU_CG_2395.jpg,0.3428192138671875,0.4929452085280634,0.455954569956055,0.18201783645900843
large_diseased_regions,115,Pepper__bell___Bacterial_spot,Pepper__bell___Bacterial_spot/4d9ffd2f-2740-42f0-9679-c00961ec8f71___NREC_B.Spot 9226.JPG,selected_dataset/large_diseased_regions/115__Pepper_bell_Bacterial_spot__4d9ffd2f-2740-42f0-9679-c00961ec8f71_NREC_B.Spot_9226.jpg,0.3978271484375,0.5518180423442773,0.6001530839639488,0.1316328357680166
large_diseased_regions,116,Potato___Late_blight,Potato___Late_blight/64fd9d16-28df-4dd7-9bb5-973bbd9ac6db___RS_LB 4654.JPG,selected_dataset/large_diseased_regions/116__Potato_Late_blight__64fd9d16-28df-4dd7-9bb5-973bbd9ac6db_RS_LB_4654.jpg,0.3922271728515625,0.4602606496790508,0.6106482792106693,0.45201617416789847
large_diseased_regions,117,Tomato_Bacterial_spot,Tomato_Bacterial_spot/fc594562-7b84-4049-8095-7e23b7ecba2f___GCREC_Bact.Sp 5910.JPG,selected_dataset/large_diseased_regions/117__Tomato_Bacterial_spot__fc594562-7b84-4049-8095-7e23b7ecba2f_GCREC_Bact.Sp_5910.jpg,0.54150390625,0.8582337691614067,0.24725454349405018,0.2643397199641728
large_diseased_regions,118,Tomato_Early_blight,Tomato_Early_blight/1c71757d-d351-4016-b5bb-06a63d0f2e24___RS_Erly.B 6388.JPG,selected_dataset/large_diseased_regions/118__Tomato_Early_blight__1c71757d-d351-4016-b5bb-06a63d0f2e24_RS_Erly.B_6388.jpg,0.62274169921875,0.8097128295599334,0.37240528774871,0.27169428685929803
large_diseased_regions,119,Tomato_Late_blight,Tomato_Late_blight/dbb9fbf0-e196-4730-ac80-859b7dd74188___RS_Late.B 5498.JPG,selected_dataset/large_diseased_regions/119__Tomato_Late_blight__dbb9fbf0-e196-4730-ac80-859b7dd74188_RS_Late.B_5498.jpg,0.3812255859375,0.76024655779699,0.6525277757686934,0.32453243254900377
large_diseased_regions,120,Tomato_Leaf_Mold,Tomato_Leaf_Mold/9445a483-85a6-465c-b9b0-1ff8bc519a43___Crnl_L.Mold 9035.JPG,selected_dataset/large_diseased_regions/120__Tomato_Leaf_Mold__9445a483-85a6-465c-b9b0-1ff8bc519a43_Crnl_L.Mold_9035.jpg,0.399261474609375,0.6221814568524039,0.2988631112862544,0.3317635872063163
large_diseased_regions,121,Tomato_Septoria_leaf_spot,Tomato_Septoria_leaf_spot/70aaa3d4-f817-48aa-a3b0-aee1c539c4f5___JR_Sept.L.S 8470.JPG,selected_dataset/large_diseased_regions/121__Tomato_Septoria_leaf_spot__70aaa3d4-f817-48aa-a3b0-aee1c539c4f5_JR_Sept.L.S_8470.jpg,0.312042236328125,0.5530073349633252,0.4069900188960469,0.3815228739019624
large_diseased_regions,122,Tomato_Spider_mites_Two_spotted_spider_mite,Tomato_Spider_mites_Two_spotted_spider_mite/b129abcf-f10f-49b0-8dc3-d5c3d4dbde16___Com.G_SpM_FL 8855.JPG,selected_dataset/large_diseased_regions/122__Tomato_Spider_mites_Two_spotted_spider_mite__b129abcf-f10f-49b0-8dc3-d5c3d4dbde16_Com.G_SpM_FL_8855.jpg,0.405303955078125,0.6582712145169791,0.733344713252982,0.11207192828834724
large_diseased_regions,123,Tomato__Target_Spot,Tomato__Target_Spot/451eda81-5134-4d6c-aa4b-2d0ce9341159___Com.G_TgS_FL 7898.JPG,selected_dataset/large_diseased_regions/123__Tomato_Target_Spot__451eda81-5134-4d6c-aa4b-2d0ce9341159_Com.G_TgS_FL_7898.jpg,0.553070068359375,0.4506428295536059,0.65591758984528,0.2477922621055444
large_diseased_regions,124,Tomato__Tomato_YellowLeaf__Curl_Virus,Tomato__Tomato_YellowLeaf__Curl_Virus/5e70b8f4-26db-4ac4-a23a-dac4fd0be93a___YLCV_GCREC 5401.JPG,selected_dataset/large_diseased_regions/124__Tomato_Tomato_YellowLeaf_Curl_Virus__5e70b8f4-26db-4ac4-a23a-dac4fd0be93a_YLCV_GCREC_5401.jpg,0.4014739990234375,0.7472540002280414,0.3346334877364168,0.13766778706997984
large_diseased_regions,125,Tomato__Tomato_mosaic_virus,Tomato__Tomato_mosaic_virus/a03ed170-8835-4339-9d11-ab36c11c4b5a___PSU_CG 2394.JPG,selected_dataset/large_diseased_regions/125__Tomato_Tomato_mosaic_virus__a03ed170-8835-4339-9d11-ab36c11c4b5a_PSU_CG_2394.jpg,0.3386383056640625,0.42905420628125984,0.6481565174130736,0.3565590471636848
large_diseased_regions,126,Pepper__bell___Bacterial_spot,Pepper__bell___Bacterial_spot/377f30e6-bf06-41d6-885e-85bfe5146a9b___NREC_B.Spot 9072.JPG,selected_dataset/large_diseased_regions/126__Pepper_bell_Bacterial_spot__377f30e6-bf06-41d6-885e-85bfe5146a9b_NREC_B.Spot_9072.jpg,0.4514617919921875,0.5329367627674316,0.6910743917216835,0.29611193385982104
large_diseased_regions,127,Potato___Late_blight,Potato___Late_blight/17ed933e-629f-4db2-b4f3-865f69d43589___RS_LB 2599.JPG,selected_dataset/large_diseased_regions/127__Potato_Late_blight__17ed933e-629f-4db2-b4f3-865f69d43589_RS_LB_2599.jpg,0.430145263671875,0.46410074494501596,0.41232710451565147,0.07587026927556938
large_diseased_regions,128,Tomato_Bacterial_spot,Tomato_Bacterial_spot/b72055e8-e855-4c88-a6b1-88955a1b8be3___GCREC_Bact.Sp 5992.JPG,selected_dataset/large_diseased_regions/128__Tomato_Bacterial_spot__b72055e8-e855-4c88-a6b1-88955a1b8be3_GCREC_Bact.Sp_5992.jpg,0.4953765869140625,0.8516556291390729,0.2598736108123423,0.27935799820306584
large_diseased_regions,129,Tomato_Early_blight,Tomato_Early_blight/248a61d1-ed39-452b-b985-77120c1edc7a___RS_Erly.B 7669.JPG,selected_dataset/large_diseased_regions/129__Tomato_Early_blight__248a61d1-ed39-452b-b985-77120c1edc7a_RS_Erly.B_7669.jpg,0.3719329833984375,0.8007794871794872,0.5409449133349733,0.10107618477001556
large_diseased_regions,130,Tomato_Late_blight,Tomato_Late_blight/cf724383-bfe7-454a-9f22-bb59072d56ae___RS_Late.B 5442.JPG,selected_dataset/large_diseased_regions/130__Tomato_Late_blight__cf724383-bfe7-454a-9f22-bb59072d56ae_RS_Late.B_5442.jpg,0.364227294921875,0.7585253456221198,0.4624481968884152,0.16141692067095162
large_diseased_regions,131,Tomato_Leaf_Mold,Tomato_Leaf_Mold/8f03cf41-751b-4dd9-9f74-e7bd40919d96___Crnl_L.Mold 7074.JPG,selected_dataset/large_diseased_regions/131__Tomato_Leaf_Mold__8f03cf41-751b-4dd9-9f74-e7bd40919d96_Crnl_L.Mold_7074.jpg,0.3097686767578125,0.6189842864883504,0.2218464862411974,0.10815868707928832
large_diseased_regions,132,Tomato_Septoria_leaf_spot,Tomato_Septoria_leaf_spot/07679a50-9d8d-4612-80f4-464785781d56___JR_Sept.L.S 2727.JPG,selected_dataset/large_diseased_regions/132__Tomato_Septoria_leaf_spot__07679a50-9d8d-4612-80f4-464785781d56_JR_Sept.L.S_2727.jpg,0.3468780517578125,0.6314168829454977,0.6264491492624961,0.6299895092222649
large_diseased_regions,133,Tomato_Spider_mites_Two_spotted_spider_mite,Tomato_Spider_mites_Two_spotted_spider_mite/9ff87248-eb27-4f0c-93b9-87eb7a86c32c___Com.G_SpM_FL 8471.JPG,selected_dataset/large_diseased_regions/133__Tomato_Spider_mites_Two_spotted_spider_mite__9ff87248-eb27-4f0c-93b9-87eb7a86c32c_Com.G_SpM_FL_8471.jpg,0.3918304443359375,0.6512325246310214,0.7040070795704062,0.15687411574250423
large_diseased_regions,134,Tomato__Target_Spot,Tomato__Target_Spot/17b9c917-6c33-4f94-a976-64812727073c___Com.G_TgS_FL 7875.JPG,selected_dataset/large_diseased_regions/134__Tomato_Target_Spot__17b9c917-6c33-4f94-a976-64812727073c_Com.G_TgS_FL_7875.jpg,0.4449615478515625,0.41432049655361614,0.5843850901412113,0.14502670088162883
large_diseased_regions,135,Tomato__Tomato_YellowLeaf__Curl_Virus,Tomato__Tomato_YellowLeaf__Curl_Virus/40583125-415e-441b-bb55-90f417bf9c5f___YLCV_GCREC 5432.JPG,selected_dataset/large_diseased_regions/135__Tomato_Tomato_YellowLeaf_Curl_Virus__40583125-415e-441b-bb55-90f417bf9c5f_YLCV_GCREC_5432.jpg,0.4994659423828125,0.7465860141141967,0.3538600180019631,0.12393997471889892
large_diseased_regions,136,Tomato__Tomato_mosaic_virus,Tomato__Tomato_mosaic_virus/0fefaaee-79e4-45a6-8606-5a4ab1ea43a2___PSU_CG 2398.JPG,selected_dataset/large_diseased_regions/136__Tomato_Tomato_mosaic_virus__0fefaaee-79e4-45a6-8606-5a4ab1ea43a2_PSU_CG_2398.jpg,0.2422943115234375,0.4589709679450847,0.5303535808429221,0.20925612269117977
large_diseased_regions,137,Pepper__bell___Bacterial_spot,Pepper__bell___Bacterial_spot/26ca895f-8155-4d26-a0ac-7e04a7487832___NREC_B.Spot 9222.JPG,selected_dataset/large_diseased_regions/137__Pepper_bell_Bacterial_spot__26ca895f-8155-4d26-a0ac-7e04a7487832_NREC_B.Spot_9222.jpg,0.4109344482421875,0.5312836508113327,0.6710266224074783,0.11678063967958016
large_diseased_regions,138,Potato___Late_blight,Potato___Late_blight/fc9b06c8-7c63-445d-9858-a5a0c7be719b___RS_LB 3273.JPG,selected_dataset/large_diseased_regions/138__Potato_Late_blight__fc9b06c8-7c63-445d-9858-a5a0c7be719b_RS_LB_3273.jpg,0.4522705078125,0.4229757085020243,0.4945675072898947,0.13502737089879469
large_diseased_regions,139,Tomato_Bacterial_spot,Tomato_Bacterial_spot/d1c0694d-0c25-41bf-9f19-64487795d52c___GCREC_Bact.Sp 5567.JPG,selected_dataset/large_diseased_regions/139__Tomato_Bacterial_spot__d1c0694d-0c25-41bf-9f19-64487795d52c_GCREC_Bact.Sp_5567.jpg,0.587371826171875,0.8460539304826726,0.2835133763654887,0.11214943022649136
large_diseased_regions,140,Tomato_Early_blight,Tomato_Early_blight/3596fc7f-e79e-44f5-862a-f177db2960f6___RS_Erly.B 6386.JPG,selected_dataset/large_diseased_regions/140__Tomato_Early_blight__3596fc7f-e79e-44f5-862a-f177db2960f6_RS_Erly.B_6386.jpg,0.611907958984375,0.7998603560919655,0.2945875440956568,0.24481052089394828
large_diseased_regions,141,Tomato_Late_blight,Tomato_Late_blight/4780f75c-a79a-47e6-89a0-7ecb5d18876e___RS_Late.B 5499.JPG,selected_dataset/large_diseased_regions/141__Tomato_Late_blight__4780f75c-a79a-47e6-89a0-7ecb5d18876e_RS_Late.B_5499.jpg,0.3690948486328125,0.7538963991897143,0.6168529190844099,0.15140368972079368
large_diseased_regions,142,Tomato_Leaf_Mold,Tomato_Leaf_Mold/18222964-4786-49a0-b865-9c8dce3621f3___Crnl_L.Mold 7046.JPG,selected_dataset/large_diseased_regions/142__Tomato_Leaf_Mold__18222964-4786-49a0-b865-9c8dce3621f3_Crnl_L.Mold_7046.jpg,0.3563385009765625,0.6194065002355158,0.16076602186466957,0.31261195062303426
large_diseased_regions,143,Tomato_Septoria_leaf_spot,Tomato_Septoria_leaf_spot/9604c3d8-1ccd-4aea-8e31-b90ad17bdae1___JR_Sept.L.S 8406.JPG,selected_dataset/large_diseased_regions/143__Tomato_Septoria_leaf_spot__9604c3d8-1ccd-4aea-8e31-b90ad17bdae1_JR_Sept.L.S_8406.jpg,0.343658447265625,0.5681111801793801,0.35556118764453537,0.4516041267672586
large_diseased_regions,144,Tomato_Spider_mites_Two_spotted_spider_mite,Tomato_Spider_mites_Two_spotted_spider_mite/05be6ebc-1641-4707-91da-9b5650b9641a___Com.G_SpM_FL 8857.JPG,selected_dataset/large_diseased_regions/144__Tomato_Spider_mites_Two_spotted_spider_mite__05be6ebc-1641-4707-91da-9b5650b9641a_Com.G_SpM_FL_8857.jpg,0.3969268798828125,0.6677430515511475,0.6937506698576787,0.3085554547919241
large_diseased_regions,145,Tomato__Target_Spot,Tomato__Target_Spot/ed316798-b007-4606-9f22-6a0c7ebf31fa___Com.G_TgS_FL 7923.JPG,selected_dataset/large_diseased_regions/145__Tomato_Target_Spot__ed316798-b007-4606-9f22-6a0c7ebf31fa_Com.G_TgS_FL_7923.jpg,0.544525146484375,0.39586952866670405,0.427764377042792,0.3148626505951907
large_diseased_regions,146,Tomato__Tomato_YellowLeaf__Curl_Virus,Tomato__Tomato_YellowLeaf__Curl_Virus/5231c3a1-29bb-4f2f-b242-94873599f46e___YLCV_NREC 2886.JPG,selected_dataset/large_diseased_regions/146__Tomato_Tomato_YellowLeaf_Curl_Virus__5231c3a1-29bb-4f2f-b242-94873599f46e_YLCV_NREC_2886.jpg,0.3340301513671875,0.7424055547942077,0.5850327302604689,0.17353763377038878
large_diseased_regions,147,Tomato__Tomato_mosaic_virus,Tomato__Tomato_mosaic_virus/bd533964-8188-49ba-92e8-334cdc4ecb70___PSU_CG 2369.JPG,selected_dataset/large_diseased_regions/147__Tomato_Tomato_mosaic_virus__bd533964-8188-49ba-92e8-334cdc4ecb70_PSU_CG_2369.jpg,0.302337646484375,0.4854143534874331,0.38621615277663157,0.33234247615992457
large_diseased_regions,148,Pepper__bell___Bacterial_spot,Pepper__bell___Bacterial_spot/dd1be385-6753-4a84-ab24-bf4b9ede3950___NREC_B.Spot 9198.JPG,selected_dataset/large_diseased_regions/148__Pepper_bell_Bacterial_spot__dd1be385-6753-4a84-ab24-bf4b9ede3950_NREC_B.Spot_9198.jpg,0.3995208740234375,0.5436351831340946,0.5186125108969586,0.1059772090409844
large_diseased_regions,149,Potato___Late_blight,Potato___Late_blight/357bfc61-bb46-4e77-b9eb-eafdd3af7f6f___RS_LB 3082.JPG,selected_dataset/large_diseased_regions/149__Potato_Late_blight__357bfc61-bb46-4e77-b9eb-eafdd3af7f6f_RS_LB_3082.jpg,0.3887481689453125,0.39623974565294184,0.4793343128967805,0.1663857711362498
large_diseased_regions,150,Tomato_Bacterial_spot,Tomato_Bacterial_spot/1fbc778e-9d12-4813-bba5-75a7275ab525___GCREC_Bact.Sp 5983.JPG,selected_dataset/large_diseased_regions/150__Tomato_Bacterial_spot__1fbc778e-9d12-4813-bba5-75a7275ab525_GCREC_Bact.Sp_5983.jpg,0.4638519287109375,0.8321984275798546,0.3800571963300112,0.29285690443033835
large_diseased_regions,151,Tomato_Early_blight,Tomato_Early_blight/87b9735b-4018-4b28-b0b3-422a184a6716___RS_Erly.B 7509.JPG,selected_dataset/large_diseased_regions/151__Tomato_Early_blight__87b9735b-4018-4b28-b0b3-422a184a6716_RS_Erly.B_7509.jpg,0.4918365478515625,0.7970403003133435,0.5034261798081251,0.30196647943512617
large_diseased_regions,152,Tomato_Late_blight,Tomato_Late_blight/ee85b4a0-f9ee-40a6-b612-66dd11414929___RS_Late.B 5069.JPG,selected_dataset/large_diseased_regions/152__Tomato_Late_blight__ee85b4a0-f9ee-40a6-b612-66dd11414929_RS_Late.B_5069.jpg,0.35321044921875,0.7528512182477968,0.40587266302262504,0.29832418169872177
large_diseased_regions,153,Tomato_Leaf_Mold,Tomato_Leaf_Mold/13287ee6-523d-4cc9-b537-6df918dae5a2___Crnl_L.Mold 6528.JPG,selected_dataset/large_diseased_regions/153__Tomato_Leaf_Mold__13287ee6-523d-4cc9-b537-6df918dae5a2_Crnl_L.Mold_6528.jpg,0.3597564697265625,0.6082622895194469,0.6677970159580827,0.15493911295378426
large_diseased_regions,154,Tomato_Septoria_leaf_spot,Tomato_Septoria_leaf_spot/604db609-ce1b-48e0-bf73-4f9c53ffa051___JR_Sept.L.S 8418.JPG,selected_dataset/large_diseased_regions/154__Tomato_Septoria_leaf_spot__604db609-ce1b-48e0-bf73-4f9c53ffa051_JR_Sept.L.S_8418.jpg,0.1238250732421875,0.552433764633395,0.31169436681870744,0.13836768542539907
large_diseased_regions,155,Tomato_Spider_mites_Two_spotted_spider_mite,Tomato_Spider_mites_Two_spotted_spider_mite/988ee8f8-285f-4b88-a37d-2876d964d07a___Com.G_SpM_FL 8652.JPG,selected_dataset/large_diseased_regions/155__Tomato_Spider_mites_Two_spotted_spider_mite__988ee8f8-285f-4b88-a37d-2876d964d07a_Com.G_SpM_FL_8652.jpg,0.35247802734375,0.6166233766233766,0.506387927407415,0.13055305657437638
large_diseased_regions,156,Tomato__Target_Spot,Tomato__Target_Spot/4d6e773b-af80-461b-b682-962579767e6b___Com.G_TgS_FL 8210.JPG,selected_dataset/large_diseased_regions/156__Tomato_Target_Spot__4d6e773b-af80-461b-b682-962579767e6b_Com.G_TgS_FL_8210.jpg,0.3934783935546875,0.4123783301663629,0.6666737559598399,0.4659464788690425
large_diseased_regions,157,Tomato__Tomato_YellowLeaf__Curl_Virus,Tomato__Tomato_YellowLeaf__Curl_Virus/6c4cb190-f0e4-4e02-a7cc-c42ecab50e56___YLCV_NREC 2948.JPG,selected_dataset/large_diseased_regions/157__Tomato_Tomato_YellowLeaf_Curl_Virus__6c4cb190-f0e4-4e02-a7cc-c42ecab50e56_YLCV_NREC_2948.jpg,0.4027557373046875,0.7421102481530593,0.5357841864128857,0.09179472731699806
large_diseased_regions,158,Tomato__Tomato_mosaic_virus,Tomato__Tomato_mosaic_virus/119554ae-c777-46da-abb7-591404fdc65f___PSU_CG 2393.JPG,selected_dataset/large_diseased_regions/158__Tomato_Tomato_mosaic_virus__119554ae-c777-46da-abb7-591404fdc65f_PSU_CG_2393.jpg,0.2611846923828125,0.455161535315768,0.4090862891366904,0.38714125852669157
large_diseased_regions,159,Pepper__bell___Bacterial_spot,Pepper__bell___Bacterial_spot/785a6edb-1d68-4fce-aa9f-2c8dbed92044___NREC_B.Spot 1822.JPG,selected_dataset/large_diseased_regions/159__Pepper_bell_Bacterial_spot__785a6edb-1d68-4fce-aa9f-2c8dbed92044_NREC_B.Spot_1822.jpg,0.4100341796875,0.5334548972908604,0.6337978066353938,0.31848987708926396
large_diseased_regions,160,Potato___Late_blight,Potato___Late_blight/f2bfd338-f718-4794-a115-3337a0669988___RS_LB 2944.JPG,selected_dataset/large_diseased_regions/160__Potato_Late_blight__f2bfd338-f718-4794-a115-3337a0669988_RS_LB_2944.jpg,0.45672607421875,0.38831351062408126,0.4818444756152588,0.1289010585735435
large_diseased_regions,161,Tomato_Bacterial_spot,Tomato_Bacterial_spot/1eb86f3d-7d18-41b8-b33c-807662b2d2df___GCREC_Bact.Sp 5555.JPG,selected_dataset/large_diseased_regions/161__Tomato_Bacterial_spot__1eb86f3d-7d18-41b8-b33c-807662b2d2df_GCREC_Bact.Sp_5555.jpg,0.4720001220703125,0.8252998415931206,0.36054022982778444,0.2660677248345809
large_diseased_regions,162,Tomato_Early_blight,Tomato_Early_blight/fe856320-407c-4390-9960-a6a539371182___RS_Erly.B 7624.JPG,selected_dataset/large_diseased_regions/162__Tomato_Early_blight__fe856320-407c-4390-9960-a6a539371182_RS_Erly.B_7624.jpg,0.3864898681640625,0.7870820008685696,0.520994243971083,0.3590331456204221
large_diseased_regions,163,Tomato_Late_blight,Tomato_Late_blight/ea5e3f60-2a08-45b9-94b7-f0b934a1a3e4___RS_Late.B 5055.JPG,selected_dataset/large_diseased_regions/163__Tomato_Late_blight__ea5e3f60-2a08-45b9-94b7-f0b934a1a3e4_RS_Late.B_5055.jpg,0.3957672119140625,0.7531325905077688,0.5033184122876275,0.09660823718995337
large_diseased_regions,164,Tomato_Leaf_Mold,Tomato_Leaf_Mold/73f77cb0-f4ee-4500-ac3f-2cd6c79585ed___Crnl_L.Mold 7000.JPG,selected_dataset/large_diseased_regions/164__Tomato_Leaf_Mold__73f77cb0-f4ee-4500-ac3f-2cd6c79585ed_Crnl_L.Mold_7000.jpg,0.3560028076171875,0.6060177446316061,0.36243479537004863,0.1330323795118366
large_diseased_regions,165,Tomato_Septoria_leaf_spot,Tomato_Septoria_leaf_spot/32ba0937-33b8-4f11-b337-f2c31f7ead30___JR_Sept.L.S 2680.JPG,selected_dataset/large_diseased_regions/165__Tomato_Septoria_leaf_spot__32ba0937-33b8-4f11-b337-f2c31f7ead30_JR_Sept.L.S_2680.jpg,0.353179931640625,0.5470059621532878,0.5070715941874351,0.4859079913203388
large_diseased_regions,166,Tomato_Spider_mites_Two_spotted_spider_mite,Tomato_Spider_mites_Two_spotted_spider_mite/f6a1f3ef-b8c7-4343-897e-8cffb513502a___Com.G_SpM_FL 8893.JPG,selected_dataset/large_diseased_regions/166__Tomato_Spider_mites_Two_spotted_spider_mite__f6a1f3ef-b8c7-4343-897e-8cffb513502a_Com.G_SpM_FL_8893.jpg,0.412506103515625,0.6170378042465045,0.7782175640459479,0.15466212787007014
large_diseased_regions,167,Tomato__Target_Spot,Tomato__Target_Spot/d9f7be9a-b808-459d-8ee8-b169634a94a6___Com.G_TgS_FL 8249.JPG,selected_dataset/large_diseased_regions/167__Tomato_Target_Spot__d9f7be9a-b808-459d-8ee8-b169634a94a6_Com.G_TgS_FL_8249.jpg,0.4261474609375,0.4384130621598396,0.4901907742613687,0.17285764660208053
large_diseased_regions,168,Tomato__Tomato_YellowLeaf__Curl_Virus,Tomato__Tomato_YellowLeaf__Curl_Virus/18113ad5-0f8c-40ec-8b7d-3f416cf21456___YLCV_GCREC 2690.JPG,selected_dataset/large_diseased_regions/168__Tomato_Tomato_YellowLeaf_Curl_Virus__18113ad5-0f8c-40ec-8b7d-3f416cf21456_YLCV_GCREC_2690.jpg,0.4535369873046875,0.7414796622144467,0.2841908486988597,0.1256924413524435
large_diseased_regions,169,Tomato__Tomato_mosaic_virus,Tomato__Tomato_mosaic_virus/6f020ba1-d1a7-41f4-95da-4ca61471b2e6___PSU_CG 2059.JPG,selected_dataset/large_diseased_regions/169__Tomato_Tomato_mosaic_virus__6f020ba1-d1a7-41f4-95da-4ca61471b2e6_PSU_CG_2059.jpg,0.3676910400390625,0.3889695812756775,0.49442885688917837,0.32411150870669314
large_diseased_regions,170,Pepper__bell___Bacterial_spot,Pepper__bell___Bacterial_spot/357afd4d-f9d0-433b-8082-d9318a7f674a___NREC_B.Spot 9134.JPG,selected_dataset/large_diseased_regions/170__Pepper_bell_Bacterial_spot__357afd4d-f9d0-433b-8082-d9318a7f674a_NREC_B.Spot_9134.jpg,0.408935546875,0.4968283582089552,0.4493322688275838,0.2877833471554143
large_diseased_regions,171,Potato___Late_blight,Potato___Late_blight/4a5c555b-3f00-4553-b6a4-3be268969d7f___RS_LB 4323.JPG,selected_dataset/large_diseased_regions/171__Potato_Late_blight__4a5c555b-3f00-4553-b6a4-3be268969d7f_RS_LB_4323.jpg,0.3650970458984375,0.3895181176077235,0.685264344984747,0.13737944979424715
large_diseased_regions,172,Tomato_Bacterial_spot,Tomato_Bacterial_spot/b54854bf-7cc6-4ee4-8189-122c26e75122___GCREC_Bact.Sp 5912.JPG,selected_dataset/large_diseased_regions/172__Tomato_Bacterial_spot__b54854bf-7cc6-4ee4-8189-122c26e75122_GCREC_Bact.Sp_5912.jpg,0.5099639892578125,0.8198438107776548,0.3676961986231159,0.09140918471174234
large_diseased_regions,173,Tomato_Early_blight,Tomato_Early_blight/8a089fe7-9e6a-4db7-b0e8-9792e4abc326___RS_Erly.B 7466.JPG,selected_dataset/large_diseased_regions/173__Tomato_Early_blight__8a089fe7-9e6a-4db7-b0e8-9792e4abc326_RS_Erly.B_7466.jpg,0.359100341796875,0.7881363134188833,0.3447811014357568,0.20926676420715595
large_diseased_regions,174,Tomato_Late_blight,Tomato_Late_blight/427af7ac-5593-4c8e-9a10-44978c009612___RS_Late.B 5452.JPG,selected_dataset/large_diseased_regions/174__Tomato_Late_blight__427af7ac-5593-4c8e-9a10-44978c009612_RS_Late.B_5452.jpg,0.3616790771484375,0.7531536092477745,0.6879012831349148,0.3847946158041895
large_diseased_regions,175,Tomato_Leaf_Mold,Tomato_Leaf_Mold/1071fb04-ba12-4c59-a6ef-b43cd16139e5___Crnl_L.Mold 7119.JPG,selected_dataset/large_diseased_regions/175__Tomato_Leaf_Mold__1071fb04-ba12-4c59-a6ef-b43cd16139e5_Crnl_L.Mold_7119.jpg,0.3404998779296875,0.6173425946672642,0.12010554774006997,0.14984238235246616
large_diseased_regions,176,Tomato_Septoria_leaf_spot,Tomato_Septoria_leaf_spot/25f7a39f-7fef-4f5d-af4f-cf21934f516a___JR_Sept.L.S 2493.JPG,selected_dataset/large_diseased_regions/176__Tomato_Septoria_leaf_spot__25f7a39f-7fef-4f5d-af4f-cf21934f516a_JR_Sept.L.S_2493.jpg,0.3764190673828125,0.5435161538773359,0.46752651890784297,0.6685058644253281
large_diseased_regions,177,Tomato_Spider_mites_Two_spotted_spider_mite,Tomato_Spider_mites_Two_spotted_spider_mite/bc948d02-7e65-4075-b2bc-cb0c29ebe90e___Com.G_SpM_FL 8416.JPG,selected_dataset/large_diseased_regions/177__Tomato_Spider_mites_Two_spotted_spider_mite__bc948d02-7e65-4075-b2bc-cb0c29ebe90e_Com.G_SpM_FL_8416.jpg,0.407928466796875,0.613638063888681,0.6074953626554469,0.2754793025907522
large_diseased_regions,178,Tomato__Target_Spot,Tomato__Target_Spot/b6e3ad53-ec65-434d-a012-82b0961f6b8a___Com.G_TgS_FL 1041.JPG,selected_dataset/large_diseased_regions/178__Tomato_Target_Spot__b6e3ad53-ec65-434d-a012-82b0961f6b8a_Com.G_TgS_FL_1041.jpg,0.410400390625,0.3758551457465794,0.8641550074946396,0.31219641576165885
large_diseased_regions,179,Tomato__Tomato_YellowLeaf__Curl_Virus,Tomato__Tomato_YellowLeaf__Curl_Virus/51da3ac0-c6e6-4895-ad69-57cddb2d9af8___YLCV_NREC 2900.JPG,selected_dataset/large_diseased_regions/179__Tomato_Tomato_YellowLeaf_Curl_Virus__51da3ac0-c6e6-4895-ad69-57cddb2d9af8_YLCV_NREC_2900.jpg,0.3402557373046875,0.7411543118525494,0.5498562035505983,0.1297369151941024
large_diseased_regions,180,Tomato__Tomato_mosaic_virus,Tomato__Tomato_mosaic_virus/f81551fc-f506-4217-8e73-0e81501ffa36___PSU_CG 2389.JPG,selected_dataset/large_diseased_regions/180__Tomato_Tomato_mosaic_virus__f81551fc-f506-4217-8e73-0e81501ffa36_PSU_CG_2389.jpg,0.2331390380859375,0.41573401400615223,0.6557421428643668,0.18751565522170094
large_diseased_regions,181,Pepper__bell___Bacterial_spot,Pepper__bell___Bacterial_spot/4eac0e27-27a7-49ad-80d7-6475aa904154___NREC_B.Spot 1896.JPG,selected_dataset/large_diseased_regions/181__Pepper_bell_Bacterial_spot__4eac0e27-27a7-49ad-80d7-6475aa904154_NREC_B.Spot_1896.jpg,0.517974853515625,0.4959052612973546,0.6920273431101874,0.09899158643775177
large_diseased_regions,182,Potato___Late_blight,Potato___Late_blight/8acd2e1a-f965-4abb-bd16-8c0a4e918d2c___RS_LB 4644.JPG,selected_dataset/large_diseased_regions/182__Potato_Late_blight__8acd2e1a-f965-4abb-bd16-8c0a4e918d2c_RS_LB_4644.jpg,0.4002685546875,0.4164379383958524,0.4406799952519884,0.11178940066020998
large_diseased_regions,183,Tomato_Bacterial_spot,Tomato_Bacterial_spot/1a017b74-a549-433b-979b-3e3ace67b50d___GCREC_Bact.Sp 5715.JPG,selected_dataset/large_diseased_regions/183__Tomato_Bacterial_spot__1a017b74-a549-433b-979b-3e3ace67b50d_GCREC_Bact.Sp_5715.jpg,0.531768798828125,0.8107317073170732,0.33565782661795623,0.2738023428664653
large_diseased_regions,184,Tomato_Early_blight,Tomato_Early_blight/19427ace-5a24-4e30-8a4d-228ab4a3b99b___RS_Erly.B 7403.JPG,selected_dataset/large_diseased_regions/184__Tomato_Early_blight__19427ace-5a24-4e30-8a4d-228ab4a3b99b_RS_Erly.B_7403.jpg,0.363128662109375,0.7814522228758719,0.31692286362568756,0.16164430175687627
large_diseased_regions,185,Tomato_Late_blight,Tomato_Late_blight/a5ef7726-d20f-4109-985f-7fc8989e4aa5___GHLB_PS Leaf 2.2 Day 8.jpg,selected_dataset/large_diseased_regions/185__Tomato_Late_blight__a5ef7726-d20f-4109-985f-7fc8989e4aa5_GHLB_PS_Leaf_2.2_Day_8.jpg,0.3603973388671875,0.7561285405817351,0.0,0.14265427739602157
large_diseased_regions,186,Tomato_Leaf_Mold,Tomato_Leaf_Mold/d33d8470-d090-474b-8c16-cd5e88d40f51___Crnl_L.Mold 6998.JPG,selected_dataset/large_diseased_regions/186__Tomato_Leaf_Mold__d33d8470-d090-474b-8c16-cd5e88d40f51_Crnl_L.Mold_6998.jpg,0.395355224609375,0.602933230412968,0.32294495318205574,0.1184381870521243
large_diseased_regions,187,Tomato_Septoria_leaf_spot,Tomato_Septoria_leaf_spot/b953a8c3-8f95-4c8d-9c82-7906eb23334f___JR_Sept.L.S 8469.JPG,selected_dataset/large_diseased_regions/187__Tomato_Septoria_leaf_spot__b953a8c3-8f95-4c8d-9c82-7906eb23334f_JR_Sept.L.S_8469.jpg,0.2513427734375,0.5311437591063624,0.5169568144636923,0.39804198083223663
large_diseased_regions,188,Tomato_Spider_mites_Two_spotted_spider_mite,Tomato_Spider_mites_Two_spotted_spider_mite/d4e45af9-ab53-4ed4-a534-ad10c11fb7c6___Com.G_SpM_FL 8469.JPG,selected_dataset/large_diseased_regions/188__Tomato_Spider_mites_Two_spotted_spider_mite__d4e45af9-ab53-4ed4-a534-ad10c11fb7c6_Com.G_SpM_FL_8469.jpg,0.4051666259765625,0.6203065566979249,0.7472631986005815,0.13822401921044444
large_diseased_regions,189,Tomato__Target_Spot,Tomato__Target_Spot/124f6318-c33b-4344-babd-d8f16be507c1___Com.G_TgS_FL 0857.JPG,selected_dataset/large_diseased_regions/189__Tomato_Target_Spot__124f6318-c33b-4344-babd-d8f16be507c1_Com.G_TgS_FL_0857.jpg,0.4009552001953125,0.3825779198538646,0.6891068731216411,0.2716459818669948
large_diseased_regions,190,Tomato__Tomato_YellowLeaf__Curl_Virus,Tomato__Tomato_YellowLeaf__Curl_Virus/087a92c4-5479-4cea-85f1-f0c3cc67a5a7___YLCV_GCREC 5399.JPG,selected_dataset/large_diseased_regions/190__Tomato_Tomato_YellowLeaf_Curl_Virus__087a92c4-5479-4cea-85f1-f0c3cc67a5a7_YLCV_GCREC_5399.jpg,0.3747406005859375,0.738303676859807,0.2955509274318483,0.30329068087769545
large_diseased_regions,191,Tomato__Tomato_mosaic_virus,Tomato__Tomato_mosaic_virus/d6e833a9-cf89-4d75-a524-7a52356b08de___PSU_CG 2358.JPG,selected_dataset/large_diseased_regions/191__Tomato_Tomato_mosaic_virus__d6e833a9-cf89-4d75-a524-7a52356b08de_PSU_CG_2358.jpg,0.3164520263671875,0.4226336853271614,0.5840693217051522,0.15362579159188622
large_diseased_regions,192,Pepper__bell___Bacterial_spot,Pepper__bell___Bacterial_spot/6499df20-fea2-4b02-bd62-a88c813dd3db___NREC_B.Spot 1841.JPG,selected_dataset/large_diseased_regions/192__Pepper_bell_Bacterial_spot__6499df20-fea2-4b02-bd62-a88c813dd3db_NREC_B.Spot_1841.jpg,0.4026031494140625,0.493992798938791,0.7116376082085508,0.3109747157507669
large_diseased_regions,193,Potato___Late_blight,Potato___Late_blight/80e39105-97cd-4368-9e3a-b5498ae1c0a2___RS_LB 4474.JPG,selected_dataset/large_diseased_regions/193__Potato_Late_blight__80e39105-97cd-4368-9e3a-b5498ae1c0a2_RS_LB_4474.jpg,0.39727783203125,0.41369642034106624,0.35618884752084634,0.15207354300345186
large_diseased_regions,194,Tomato_Bacterial_spot,Tomato_Bacterial_spot/d504f56f-b000-438e-a81a-e95870d70bb0___GCREC_Bact.Sp 5668.JPG,selected_dataset/large_diseased_regions/194__Tomato_Bacterial_spot__d504f56f-b000-438e-a81a-e95870d70bb0_GCREC_Bact.Sp_5668.jpg,0.5329437255859375,0.8114639104417786,0.2851294934537794,0.29295579726193033
large_diseased_regions,195,Tomato_Early_blight,Tomato_Early_blight/b165d0d3-726d-4913-8b92-3f14e1b99410___RS_Erly.B 6377.JPG,selected_dataset/large_diseased_regions/195__Tomato_Early_blight__b165d0d3-726d-4913-8b92-3f14e1b99410_RS_Erly.B_6377.jpg,0.4462432861328125,0.767276457514105,0.24089330875562803,0.33880439503714127
large_diseased_regions,196,Tomato_Late_blight,Tomato_Late_blight/eb1ee57d-0468-4a6c-941d-342cb60ea600___RS_Late.B 5420.JPG,selected_dataset/large_diseased_regions/196__Tomato_Late_blight__eb1ee57d-0468-4a6c-941d-342cb60ea600_RS_Late.B_5420.jpg,0.386505126953125,0.743742597710225,0.7335168349680196,0.3258147994887667
large_diseased_regions,197,Tomato_Leaf_Mold,Tomato_Leaf_Mold/e38c743b-d76a-4986-8992-9a1c4644abdf___Crnl_L.Mold 6511.JPG,selected_dataset/large_diseased_regions/197__Tomato_Leaf_Mold__e38c743b-d76a-4986-8992-9a1c4644abdf_Crnl_L.Mold_6511.jpg,0.3731231689453125,0.5945282787388051,0.4698450817073042,0.27791612758964973
large_diseased_regions,198,Tomato_Septoria_leaf_spot,Tomato_Septoria_leaf_spot/cbc521e4-3e95-4c0d-a806-56519afd72df___JR_Sept.L.S 8561.JPG,selected_dataset/large_diseased_regions/198__Tomato_Septoria_leaf_spot__cbc521e4-3e95-4c0d-a806-56519afd72df_JR_Sept.L.S_8561.jpg,0.36151123046875,0.5456272159378693,0.3989365130333394,0.3326019413035545
large_diseased_regions,199,Tomato_Spider_mites_Two_spotted_spider_mite,Tomato_Spider_mites_Two_spotted_spider_mite/08e9a879-8784-4775-aeef-21fbd62dd08e___Com.G_SpM_FL 8513.JPG,selected_dataset/large_diseased_regions/199__Tomato_Spider_mites_Two_spotted_spider_mite__08e9a879-8784-4775-aeef-21fbd62dd08e_Com.G_SpM_FL_8513.jpg,0.40936279296875,0.6332190248993589,0.6655876633811106,0.11277611934674533
large_diseased_regions,200,Tomato__Target_Spot,Tomato__Target_Spot/8c8e659d-009f-49bf-b2be-7972c3680a20___Com.G_TgS_FL 8362.JPG,selected_dataset/large_diseased_regions/200__Tomato_Target_Spot__8c8e659d-009f-49bf-b2be-7972c3680a20_Com.G_TgS_FL_8362.jpg,0.408843994140625,0.3782936478316041,0.7685464035076927,0.11491895661465393
large_diseased_regions,201,Tomato__Tomato_YellowLeaf__Curl_Virus,Tomato__Tomato_YellowLeaf__Curl_Virus/13e0f361-b8b7-442e-a73d-cfb45c2d73d4___YLCV_GCREC 5360.JPG,selected_dataset/large_diseased_regions/201__Tomato_Tomato_YellowLeaf_Curl_Virus__13e0f361-b8b7-442e-a73d-cfb45c2d73d4_YLCV_GCREC_5360.jpg,0.3354949951171875,0.7372083503888661,0.30259259540190675,0.24650191509333655
large_diseased_regions,202,Tomato__Tomato_mosaic_virus,Tomato__Tomato_mosaic_virus/b529189c-a83d-429e-ae68-5281906cd3a7___PSU_CG 2080.JPG,selected_dataset/large_diseased_regions/202__Tomato_Tomato_mosaic_virus__b529189c-a83d-429e-ae68-5281906cd3a7_PSU_CG_2080.jpg,0.2857666015625,0.4136052968816745,0.5628623445337593,0.1506297712261983
large_diseased_regions,203,Pepper__bell___Bacterial_spot,Pepper__bell___Bacterial_spot/45cfd1ee-052e-43ef-93ff-ae392eedd726___NREC_B.Spot 9084.JPG,selected_dataset/large_diseased_regions/203__Pepper_bell_Bacterial_spot__45cfd1ee-052e-43ef-93ff-ae392eedd726_NREC_B.Spot_9084.jpg,0.420654296875,0.513239988392339,0.7246656223172792,0.31643641729180616
large_diseased_regions,204,Potato___Late_blight,Potato___Late_blight/2565077d-44d3-4213-82c2-bf5ae9a64368___RS_LB 3295.JPG,selected_dataset/large_diseased_regions/204__Potato_Late_blight__2565077d-44d3-4213-82c2-bf5ae9a64368_RS_LB_3295.jpg,0.401885986328125,0.3910319690181487,0.643107202637414,0.13140986371007826
large_diseased_regions,205,Tomato_Bacterial_spot,Tomato_Bacterial_spot/c07fc97b-6fd7-4e55-a6e4-698184dbc5b8___GCREC_Bact.Sp 5686.JPG,selected_dataset/large_diseased_regions/205__Tomato_Bacterial_spot__c07fc97b-6fd7-4e55-a6e4-698184dbc5b8_GCREC_Bact.Sp_5686.jpg,0.4698028564453125,0.8043457078826853,0.21935916119966414,0.28918392489855027
large_diseased_regions,206,Tomato_Early_blight,Tomato_Early_blight/6e673a0a-ad79-489d-bd0a-d96479fd81b5___RS_Erly.B 7441.JPG,selected_dataset/large_diseased_regions/206__Tomato_Early_blight__6e673a0a-ad79-489d-bd0a-d96479fd81b5_RS_Erly.B_7441.jpg,0.3871307373046875,0.7705254030191951,0.4843513179780697,0.12796308020751077
large_diseased_regions,207,Tomato_Late_blight,Tomato_Late_blight/d4f41a97-4705-48e0-9707-2deeb12e4ef6___GHLB Leaf 8 Day 6.JPG,selected_dataset/large_diseased_regions/207__Tomato_Late_blight__d4f41a97-4705-48e0-9707-2deeb12e4ef6_GHLB_Leaf_8_Day_6.jpg,0.64556884765625,0.7411600642904416,0.28714516222686864,0.5381494822028702
large_diseased_regions,208,Tomato_Leaf_Mold,Tomato_Leaf_Mold/b0f88a05-dfca-4814-9080-fb0a3fa0ee0c___Crnl_L.Mold 6978.JPG,selected_dataset/large_diseased_regions/208__Tomato_Leaf_Mold__b0f88a05-dfca-4814-9080-fb0a3fa0ee0c_Crnl_L.Mold_6978.jpg,0.352203369140625,0.5747768824192011,0.15923984580276684,0.14460583421848483
large_diseased_regions,209,Tomato_Septoria_leaf_spot,Tomato_Septoria_leaf_spot/ab772665-1f53-48d3-997b-920c0b2b385f___JR_Sept.L.S 2661.JPG,selected_dataset/large_diseased_regions/209__Tomato_Septoria_leaf_spot__ab772665-1f53-48d3-997b-920c0b2b385f_JR_Sept.L.S_2661.jpg,0.380584716796875,0.5246972977307353,0.7429835102902753,0.3119017335423705
large_diseased_regions,210,Tomato_Spider_mites_Two_spotted_spider_mite,Tomato_Spider_mites_Two_spotted_spider_mite/fb5a5218-f752-49c5-8ae2-d54251b8177e___Com.G_SpM_FL 8701.JPG,selected_dataset/large_diseased_regions/210__Tomato_Spider_mites_Two_spotted_spider_mite__fb5a5218-f752-49c5-8ae2-d54251b8177e_Com.G_SpM_FL_8701.jpg,0.3940887451171875,0.6045611182096255,0.7382314007392103,0.21929660959187758
large_diseased_regions,211,Tomato__Target_Spot,Tomato__Target_Spot/772b737c-6b1f-4216-b44a-6c05b35283cb___Com.G_TgS_FL 8378.JPG,selected_dataset/large_diseased_regions/211__Tomato_Target_Spot__772b737c-6b1f-4216-b44a-6c05b35283cb_Com.G_TgS_FL_8378.jpg,0.4216766357421875,0.42815270490320245,0.6648357916069068,0.31585001439935073
large_diseased_regions,212,Tomato__Tomato_YellowLeaf__Curl_Virus,Tomato__Tomato_YellowLeaf__Curl_Virus/0f934304-9bca-4c2e-a198-ab667b8e7687___YLCV_GCREC 2683.JPG,selected_dataset/large_diseased_regions/212__Tomato_Tomato_YellowLeaf_Curl_Virus__0f934304-9bca-4c2e-a198-ab667b8e7687_YLCV_GCREC_2683.jpg,0.394622802734375,0.7242285979429278,0.37527217575837785,0.08444067544046877
large_diseased_regions,213,Tomato__Tomato_mosaic_virus,Tomato__Tomato_mosaic_virus/73d4d7e9-6565-468f-83f4-ce0652c23577___PSU_CG 2316.JPG,selected_dataset/large_diseased_regions/213__Tomato_Tomato_mosaic_virus__73d4d7e9-6565-468f-83f4-ce0652c23577_PSU_CG_2316.jpg,0.328857421875,0.4143930957683742,0.5433971978393014,0.35664185898270173
large_diseased_regions,214,Pepper__bell___Bacterial_spot,Pepper__bell___Bacterial_spot/bd57ab5b-41e2-4e27-8f11-de47b3b9bffb___NREC_B.Spot 9097.JPG,selected_dataset/large_diseased_regions/214__Pepper_bell_Bacterial_spot__bd57ab5b-41e2-4e27-8f11-de47b3b9bffb_NREC_B.Spot_9097.jpg,0.4381256103515625,0.4816981854908926,0.7030798583679279,0.2547719454286658
large_diseased_regions,215,Potato___Late_blight,Potato___Late_blight/4215b9d5-c554-4249-80e1-aeaf2106e966___RS_LB 2977.JPG,selected_dataset/large_diseased_regions/215__Potato_Late_blight__4215b9d5-c554-4249-80e1-aeaf2106e966_RS_LB_2977.jpg,0.454742431640625,0.39047714918461846,0.6363363035033722,0.1424303837121468
large_diseased_regions,216,Tomato_Bacterial_spot,Tomato_Bacterial_spot/0809f630-10f6-48b4-9aa2-6c08852aa83a___GCREC_Bact.Sp 5626.JPG,selected_dataset/large_diseased_regions/216__Tomato_Bacterial_spot__0809f630-10f6-48b4-9aa2-6c08852aa83a_GCREC_Bact.Sp_5626.jpg,0.543548583984375,0.8034922239065746,0.3326179928190305,0.28143812898737436
large_diseased_regions,217,Tomato_Early_blight,Tomato_Early_blight/f91230c1-b28c-46fe-ab7a-329fdb689a02___RS_Erly.B 9439.JPG,selected_dataset/large_diseased_regions/217__Tomato_Early_blight__f91230c1-b28c-46fe-ab7a-329fdb689a02_RS_Erly.B_9439.jpg,0.35284423828125,0.7634492302369832,0.49329439080186227,0.18253596100082187
large_diseased_regions,218,Tomato_Late_blight,Tomato_Late_blight/851d91ae-4a1f-448e-afdc-09a961345353___RS_Late.B 5466.JPG,selected_dataset/large_diseased_regions/218__Tomato_Late_blight__851d91ae-4a1f-448e-afdc-09a961345353_RS_Late.B_5466.jpg,0.3790130615234375,0.7718104593582672,0.6242104086101031,0.37134864610672685
large_diseased_regions,219,Tomato_Leaf_Mold,Tomato_Leaf_Mold/f9e451c7-e732-4c74-a0bd-94e7fa8016ac___Crnl_L.Mold 7093.JPG,selected_dataset/large_diseased_regions/219__Tomato_Leaf_Mold__f9e451c7-e732-4c74-a0bd-94e7fa8016ac_Crnl_L.Mold_7093.jpg,0.3080902099609375,0.575602991431826,0.10749537957688986,0.3107285370903011
large_diseased_regions,220,Tomato_Septoria_leaf_spot,Tomato_Septoria_leaf_spot/60e32ab3-a35e-4de9-b23b-ab88a6cbe021___JR_Sept.L.S 8542.JPG,selected_dataset/large_diseased_regions/220__Tomato_Septoria_leaf_spot__60e32ab3-a35e-4de9-b23b-ab88a6cbe021_JR_Sept.L.S_8542.jpg,0.3938140869140625,0.5586423340695106,0.5348726241051738,0.17197488300819447
large_diseased_regions,221,Tomato_Spider_mites_Two_spotted_spider_mite,Tomato_Spider_mites_Two_spotted_spider_mite/8e9d2760-5d55-4ec6-9a38-43327038d2b2___Com.G_SpM_FL 8647.JPG,selected_dataset/large_diseased_regions/221__Tomato_Spider_mites_Two_spotted_spider_mite__8e9d2760-5d55-4ec6-9a38-43327038d2b2_Com.G_SpM_FL_8647.jpg,0.39105224609375,0.6000078039644139,0.6624181813709245,0.09480760602783525
large_diseased_regions,222,Tomato__Target_Spot,Tomato__Target_Spot/d7d2bf3e-2e90-4f21-8c2f-df9baffac2e9___Com.G_TgS_FL 8354.JPG,selected_dataset/large_diseased_regions/222__Tomato_Target_Spot__d7d2bf3e-2e90-4f21-8c2f-df9baffac2e9_Com.G_TgS_FL_8354.jpg,0.386474609375,0.37547378395451675,0.7301125653549156,0.1374633738965663
large_diseased_regions,223,Tomato__Tomato_YellowLeaf__Curl_Virus,Tomato__Tomato_YellowLeaf__Curl_Virus/4bb48d8a-9dbd-4291-b588-d6ebf1fba9e3___YLCV_GCREC 5412.JPG,selected_dataset/large_diseased_regions/223__Tomato_Tomato_YellowLeaf_Curl_Virus__4bb48d8a-9dbd-4291-b588-d6ebf1fba9e3_YLCV_GCREC_5412.jpg,0.4501953125,0.7223427331887202,0.3799927844477523,0.13200591628601632
large_diseased_regions,224,Tomato__Tomato_mosaic_virus,Tomato__Tomato_mosaic_virus/d636946f-b3da-4b36-aeb6-f602ef86a245___PSU_CG 2101.JPG,selected_dataset/large_diseased_regions/224__Tomato_Tomato_mosaic_virus__d636946f-b3da-4b36-aeb6-f602ef86a245_PSU_CG_2101.jpg,0.2357635498046875,0.40139796776907644,0.3993193010540782,0.3162407462644842
large_diseased_regions,225,Pepper__bell___Bacterial_spot,Pepper__bell___Bacterial_spot/4fc91e77-fdbc-4041-a510-b267ebbc4bb9___NREC_B.Spot 9055.JPG,selected_dataset/large_diseased_regions/225__Pepper_bell_Bacterial_spot__4fc91e77-fdbc-4041-a510-b267ebbc4bb9_NREC_B.Spot_9055.jpg,0.5693511962890625,0.47610752284726504,0.7004927945731766,0.25032070724732175
large_diseased_regions,226,Potato___Late_blight,Potato___Late_blight/c16b698a-77b9-48f7-943a-457d475242ef___RS_LB 2918.JPG,selected_dataset/large_diseased_regions/226__Potato_Late_blight__c16b698a-77b9-48f7-943a-457d475242ef_RS_LB_2918.jpg,0.46307373046875,0.382035059971003,0.4723985566198525,0.11070308531961845
large_diseased_regions,227,Tomato_Bacterial_spot,Tomato_Bacterial_spot/43f48412-a4b0-496b-b482-da1a54482855___GCREC_Bact.Sp 5670.JPG,selected_dataset/large_diseased_regions/227__Tomato_Bacterial_spot__43f48412-a4b0-496b-b482-da1a54482855_GCREC_Bact.Sp_5670.jpg,0.5069122314453125,0.7966045573582975,0.3125900860237055,0.290106276781533
large_diseased_regions,228,Tomato_Early_blight,Tomato_Early_blight/7e236dc3-40e2-4ff9-8356-4fb7a3fcc0ff___RS_Erly.B 6426.JPG,selected_dataset/large_diseased_regions/228__Tomato_Early_blight__7e236dc3-40e2-4ff9-8356-4fb7a3fcc0ff_RS_Erly.B_6426.jpg,0.3917236328125,0.7633608600810221,0.359921819971156,0.4269272297220128
large_diseased_regions,229,Tomato_Late_blight,Tomato_Late_blight/8d611dca-11e1-4970-9806-599173ed158d___RS_Late.B 5181.JPG,selected_dataset/large_diseased_regions/229__Tomato_Late_blight__8d611dca-11e1-4970-9806-599173ed158d_RS_Late.B_5181.jpg,0.3832855224609375,0.732194752975835,0.6068398962008689,0.14668573627963477
large_diseased_regions,230,Tomato_Leaf_Mold,Tomato_Leaf_Mold/e7ebe82b-5573-47ff-acb8-f208462d0335___Crnl_L.Mold 7123.JPG,selected_dataset/large_diseased_regions/230__Tomato_Leaf_Mold__e7ebe82b-5573-47ff-acb8-f208462d0335_Crnl_L.Mold_7123.jpg,0.388275146484375,0.5878723571484713,0.1674390663907846,0.1595117645096855
large_diseased_regions,231,Tomato_Septoria_leaf_spot,Tomato_Septoria_leaf_spot/8b9ca191-719d-40cf-9077-89d9534dee6b___JR_Sept.L.S 8457.JPG,selected_dataset/large_diseased_regions/231__Tomato_Septoria_leaf_spot__8b9ca191-719d-40cf-9077-89d9534dee6b_JR_Sept.L.S_8457.jpg,0.34735107421875,0.5030311017395889,0.6858268153981095,0.17270087110722387
large_diseased_regions,232,Tomato_Spider_mites_Two_spotted_spider_mite,Tomato_Spider_mites_Two_spotted_spider_mite/b53f6bc0-afaf-41f5-bee3-2b8ff9925c18___Com.G_SpM_FL 8467.JPG,selected_dataset/large_diseased_regions/232__Tomato_Spider_mites_Two_spotted_spider_mite__b53f6bc0-afaf-41f5-bee3-2b8ff9925c18_Com.G_SpM_FL_8467.jpg,0.389312744140625,0.5854040918711296,0.4783021973990606,0.1197379862812804
large_diseased_regions,233,Tomato__Target_Spot,Tomato__Target_Spot/21979570-bcc3-481e-bde0-ca5e108d3844___Com.G_TgS_FL 8388.JPG,selected_dataset/large_diseased_regions/233__Tomato_Target_Spot__21979570-bcc3-481e-bde0-ca5e108d3844_Com.G_TgS_FL_8388.jpg,0.4025421142578125,0.35351199727076305,0.7338775333726167,0.11896492991890506
large_diseased_regions,234,Tomato__Tomato_YellowLeaf__Curl_Virus,Tomato__Tomato_YellowLeaf__Curl_Virus/88228c71-4e2e-4e58-8f57-d6c3f0dc1bb5___YLCV_GCREC 5410.JPG,selected_dataset/large_diseased_regions/234__Tomato_Tomato_YellowLeaf_Curl_Virus__88228c71-4e2e-4e58-8f57-d6c3f0dc1bb5_YLCV_GCREC_5410.jpg,0.3856658935546875,0.718971315529179,0.2766558281923602,0.327706573286703
large_diseased_regions,235,Tomato__Tomato_mosaic_virus,Tomato__Tomato_mosaic_virus/efd2cbd0-24dc-4c09-92b1-37963ae84721___PSU_CG 2379.JPG,selected_dataset/large_diseased_regions/235__Tomato_Tomato_mosaic_virus__efd2cbd0-24dc-4c09-92b1-37963ae84721_PSU_CG_2379.jpg,0.3065032958984375,0.4043908995867974,0.3545303999057477,0.4018610806963365
large_diseased_regions,236,Pepper__bell___Bacterial_spot,Pepper__bell___Bacterial_spot/cc54a954-8b9a-4b28-b3f9-d3a9c91486c7___NREC_B.Spot 1883.JPG,selected_dataset/large_diseased_regions/236__Pepper_bell_Bacterial_spot__cc54a954-8b9a-4b28-b3f9-d3a9c91486c7_NREC_B.Spot_1883.jpg,0.5225067138671875,0.48666880822357855,0.7060176708080473,0.26803171784384205
large_diseased_regions,237,Potato___Late_blight,Potato___Late_blight/f973bbe0-ce70-4215-8d5b-9e7adc099261___RS_LB 2507.JPG,selected_dataset/large_diseased_regions/237__Potato_Late_blight__f973bbe0-ce70-4215-8d5b-9e7adc099261_RS_LB_2507.jpg,0.4502716064453125,0.37141211155918535,0.43878163189751174,0.08689483430408179
large_diseased_regions,238,Tomato_Bacterial_spot,Tomato_Bacterial_spot/d7c6cfbf-059c-40b2-b920-8a1815c32374___GCREC_Bact.Sp 6063.JPG,selected_dataset/large_diseased_regions/238__Tomato_Bacterial_spot__d7c6cfbf-059c-40b2-b920-8a1815c32374_GCREC_Bact.Sp_6063.jpg,0.5048828125,0.7943665377176016,0.3570906578960607,0.0830342519910533
large_diseased_regions,239,Tomato_Early_blight,Tomato_Early_blight/0c221e01-a85e-4794-b45b-3a91e349a8d2___RS_Erly.B 6425.JPG,selected_dataset/large_diseased_regions/239__Tomato_Early_blight__0c221e01-a85e-4794-b45b-3a91e349a8d2_RS_Erly.B_6425.jpg,0.4114990234375,0.7604939187184812,0.3378765185013338,0.29385174553839755
large_diseased_regions,240,Tomato_Late_blight,Tomato_Late_blight/537465e6-a88a-44d9-aa89-4e3877cee904___RS_Late.B 5433.JPG,selected_dataset/large_diseased_regions/240__Tomato_Late_blight__537465e6-a88a-44d9-aa89-4e3877cee904_RS_Late.B_5433.jpg,0.404266357421875,0.7227296746433155,0.5764808336414302,0.13807939182663753
large_diseased_regions,241,Tomato_Leaf_Mold,Tomato_Leaf_Mold/030ea180-4eb5-4f91-918e-56c7cfe2c001___Crnl_L.Mold 7076.JPG,selected_dataset/large_diseased_regions/241__Tomato_Leaf_Mold__030ea180-4eb5-4f91-918e-56c7cfe2c001_Crnl_L.Mold_7076.jpg,0.369384765625,0.5614672835426305,0.2053236143394824,0.6422844139409856
large_diseased_regions,242,Tomato_Septoria_leaf_spot,Tomato_Septoria_leaf_spot/0745df82-cfd3-498c-add3-1a4d20f281b2___JR_Sept.L.S 8430.JPG,selected_dataset/large_diseased_regions/242__Tomato_Septoria_leaf_spot__0745df82-cfd3-498c-add3-1a4d20f281b2_JR_Sept.L.S_8430.jpg,0.315765380859375,0.4764666086788441,0.2708632973891535,0.2318449696259423
large_diseased_regions,243,Tomato_Spider_mites_Two_spotted_spider_mite,Tomato_Spider_mites_Two_spotted_spider_mite/8f2eedcb-2e42-4d92-8492-a45c1fb06991___Com.G_SpM_FL 8525.JPG,selected_dataset/large_diseased_regions/243__Tomato_Spider_mites_Two_spotted_spider_mite__8f2eedcb-2e42-4d92-8492-a45c1fb06991_Com.G_SpM_FL_8525.jpg,0.40301513671875,0.5764425261244889,0.6964723062497362,0.09894820314222605
large_diseased_regions,244,Tomato__Target_Spot,Tomato__Target_Spot/ad431cb2-5bf6-4fe4-870d-dbe2b92ba49d___Com.G_TgS_FL 0988.JPG,selected_dataset/large_diseased_regions/244__Tomato_Target_Spot__ad431cb2-5bf6-4fe4-870d-dbe2b92ba49d_Com.G_TgS_FL_0988.jpg,0.412811279296875,0.3476750203297109,0.6540647671362478,0.1302494208114201
large_diseased_regions,245,Tomato__Tomato_YellowLeaf__Curl_Virus,Tomato__Tomato_YellowLeaf__Curl_Virus/05ca8fb4-5ff0-4eb4-a93b-debf0aab85f5___YLCV_GCREC 5251.JPG,selected_dataset/large_diseased_regions/245__Tomato_Tomato_YellowLeaf_Curl_Virus__05ca8fb4-5ff0-4eb4-a93b-debf0aab85f5_YLCV_GCREC_5251.jpg,0.382568359375,0.7550255264837269,0.7177750001669772,0.1644025286208738
large_diseased_regions,246,Tomato__Tomato_mosaic_virus,Tomato__Tomato_mosaic_virus/2df35be7-ba8c-4ff6-a608-f7c481c59ede___PSU_CG 2202.JPG,selected_dataset/large_diseased_regions/246__Tomato_Tomato_mosaic_virus__2df35be7-ba8c-4ff6-a608-f7c481c59ede_PSU_CG_2202.jpg,0.2559967041015625,0.3904154497228348,0.3829336655890159,0.18887917322520642
large_diseased_regions,247,Pepper__bell___Bacterial_spot,Pepper__bell___Bacterial_spot/09ae534a-e931-4f83-8545-cf330dfebae9___NREC_B.Spot 9210.JPG,selected_dataset/large_diseased_regions/247__Pepper_bell_Bacterial_spot__09ae534a-e931-4f83-8545-cf330dfebae9_NREC_B.Spot_9210.jpg,0.3996734619140625,0.46909479631962736,0.6632244267830897,0.09605715276363214
large_diseased_regions,248,Potato___Late_blight,Potato___Late_blight/c4c1c25f-0594-4c81-a1e0-a609ee1f0808___RS_LB 2653.JPG,selected_dataset/large_diseased_regions/248__Potato_Late_blight__c4c1c25f-0594-4c81-a1e0-a609ee1f0808_RS_LB_2653.jpg,0.4954986572265625,0.3657500076987035,0.6392271645249114,0.09695720720694645
large_diseased_regions,249,Tomato_Bacterial_spot,Tomato_Bacterial_spot/cae55521-635e-4d8d-b67c-f178ba3f237a___GCREC_Bact.Sp 5904.JPG,selected_dataset/large_diseased_regions/249__Tomato_Bacterial_spot__cae55521-635e-4d8d-b67c-f178ba3f237a_GCREC_Bact.Sp_5904.jpg,0.4259490966796875,0.8043345871395308,0.2209678034956421,0.10815335580691672
large_diseased_regions,250,Tomato_Early_blight,Tomato_Early_blight/e9adf635-754d-4bc3-af3d-4b3e1bd81812___RS_Erly.B 9438.JPG,selected_dataset/large_diseased_regions/250__Tomato_Early_blight__e9adf635-754d-4bc3-af3d-4b3e1bd81812_RS_Erly.B_9438.jpg,0.336700439453125,0.7573189522342064,0.40105975611767514,0.13069302831215532
large_diseased_regions,251,Tomato_Late_blight,Tomato_Late_blight/376c3deb-3feb-425b-a6dd-ce0f95b7c763___RS_Late.B 5413.JPG,selected_dataset/large_diseased_regions/251__Tomato_Late_blight__376c3deb-3feb-425b-a6dd-ce0f95b7c763_RS_Late.B_5413.jpg,0.3582763671875,0.7133730834752982,0.7462070132534675,0.35222208726519555
large_diseased_regions,252,Tomato_Leaf_Mold,Tomato_Leaf_Mold/fbd446f3-6104-4ab8-8d3f-d4f69befecef___Crnl_L.Mold 7131.JPG,selected_dataset/large_diseased_regions/252__Tomato_Leaf_Mold__fbd446f3-6104-4ab8-8d3f-d4f69befecef_Crnl_L.Mold_7131.jpg,0.290802001953125,0.5439185643824116,0.2127450684033019,0.16588757714842445
large_diseased_regions,253,Tomato_Septoria_leaf_spot,Tomato_Septoria_leaf_spot/b6176eb3-1480-4d4e-b1d7-2d23e3e825c3___JR_Sept.L.S 8384.JPG,selected_dataset/large_diseased_regions/253__Tomato_Septoria_leaf_spot__b6176eb3-1480-4d4e-b1d7-2d23e3e825c3_JR_Sept.L.S_8384.jpg,0.3780670166015625,0.5605198369455543,0.3111324657537365,0.17377132357408287
large_diseased_regions,254,Tomato_Spider_mites_Two_spotted_spider_mite,Tomato_Spider_mites_Two_spotted_spider_mite/97b67701-3294-4612-8443-47c8f521ad55___Com.G_SpM_FL 8815.JPG,selected_dataset/large_diseased_regions/254__Tomato_Spider_mites_Two_spotted_spider_mite__97b67701-3294-4612-8443-47c8f521ad55_Com.G_SpM_FL_8815.jpg,0.4077911376953125,0.5702151543498597,0.792907283029052,0.08261800680947982
large_diseased_regions,255,Tomato__Target_Spot,Tomato__Target_Spot/54ee234a-85b3-4275-a4a8-8d0d81f70f31___Com.G_TgS_FL 7960.JPG,selected_dataset/large_diseased_regions/255__Tomato_Target_Spot__54ee234a-85b3-4275-a4a8-8d0d81f70f31_Com.G_TgS_FL_7960.jpg,0.4637298583984375,0.372939357046494,0.7312127306222452,0.40120280562324306
large_diseased_regions,256,Tomato__Tomato_YellowLeaf__Curl_Virus,Tomato__Tomato_YellowLeaf__Curl_Virus/4477a30e-5e5a-4de5-a405-f5e1ce9a0e36___YLCV_NREC 2795.JPG,selected_dataset/large_diseased_regions/256__Tomato_Tomato_YellowLeaf_Curl_Virus__4477a30e-5e5a-4de5-a405-f5e1ce9a0e36_YLCV_NREC_2795.jpg,0.35968017578125,0.7177159341591719,0.5772803869550143,0.10857189911537739
large_diseased_regions,257,Tomato__Tomato_mosaic_virus,Tomato__Tomato_mosaic_virus/1170f108-86a3-4bc6-8a06-c82e55178f91___PSU_CG 2327.JPG,selected_dataset/large_diseased_regions/257__Tomato_Tomato_mosaic_virus__1170f108-86a3-4bc6-8a06-c82e55178f91_PSU_CG_2327.jpg,0.3622589111328125,0.3980455751653258,0.464301165854228,0.33324327391970904
large_diseased_regions,258,Pepper__bell___Bacterial_spot,Pepper__bell___Bacterial_spot/98911982-d13f-45f3-a098-bacf2924c154___NREC_B.Spot 1851.JPG,selected_dataset/large_diseased_regions/258__Pepper_bell_Bacterial_spot__98911982-d13f-45f3-a098-bacf2924c154_NREC_B.Spot_1851.jpg,0.42364501953125,0.48501656821783606,0.7659127754746604,0.13904094122161603
large_diseased_regions,259,Potato___Late_blight,Potato___Late_blight/1f560f09-0b70-40c9-b907-4cac9ba47b8d___RS_LB 3184.JPG,selected_dataset/large_diseased_regions/259__Potato_Late_blight__1f560f09-0b70-40c9-b907-4cac9ba47b8d_RS_LB_3184.jpg,0.3934783935546875,0.3701477488657075,0.7008571990545229,0.12495959562008604
large_diseased_regions,260,Tomato_Bacterial_spot,Tomato_Bacterial_spot/04da1f61-623b-4878-86ed-3ea24723b515___GCREC_Bact.Sp 5700.JPG,selected_dataset/large_diseased_regions/260__Tomato_Bacterial_spot__04da1f61-623b-4878-86ed-3ea24723b515_GCREC_Bact.Sp_5700.jpg,0.4909820556640625,0.792025359728999,0.34132541303010977,0.2927881753996966
large_diseased_regions,261,Tomato_Early_blight,Tomato_Early_blight/cef9fa90-aca2-4354-b79e-2486409ac685___RS_Erly.B 7563.JPG,selected_dataset/large_diseased_regions/261__Tomato_Early_blight__cef9fa90-aca2-4354-b79e-2486409ac685_RS_Erly.B_7563.jpg,0.4060821533203125,0.7533911997895765,0.3832770905991879,0.31854992204329313
large_diseased_regions,262,Tomato_Late_blight,Tomato_Late_blight/697751e5-f4d4-448e-bf98-656ebfd01ba5___RS_Late.B 5180.JPG,selected_dataset/large_diseased_regions/262__Tomato_Late_blight__697751e5-f4d4-448e-bf98-656ebfd01ba5_RS_Late.B_5180.jpg,0.3911285400390625,0.7110755666523622,0.543575830571926,0.15394235182325933
large_diseased_regions,263,Tomato_Leaf_Mold,Tomato_Leaf_Mold/e401be04-ce62-4682-ae91-765fc4c2cc31___Crnl_L.Mold 7114.JPG,selected_dataset/large_diseased_regions/263__Tomato_Leaf_Mold__e401be04-ce62-4682-ae91-765fc4c2cc31_Crnl_L.Mold_7114.jpg,0.3948974609375,0.5320710973724884,0.2782585927187169,0.3204287254271399
large_diseased_regions,264,Tomato_Septoria_leaf_spot,Tomato_Septoria_leaf_spot/17c7e5bd-f44e-4dbd-9cd0-f0dbcc654306___JR_Sept.L.S 8557.JPG,selected_dataset/large_diseased_regions/264__Tomato_Septoria_leaf_spot__17c7e5bd-f44e-4dbd-9cd0-f0dbcc654306_JR_Sept.L.S_8557.jpg,0.4004364013671875,0.5105361429714591,0.5926684358381371,0.3241006741946147
large_diseased_regions,265,Tomato_Spider_mites_Two_spotted_spider_mite,Tomato_Spider_mites_Two_spotted_spider_mite/88dd407b-4ff6-4106-92a6-76d758e88c58___Com.G_SpM_FL 9027.JPG,selected_dataset/large_diseased_regions/265__Tomato_Spider_mites_Two_spotted_spider_mite__88dd407b-4ff6-4106-92a6-76d758e88c58_Com.G_SpM_FL_9027.jpg,0.331390380859375,0.5688369094760107,0.7717113366996919,0.5213794466772252
large_diseased_regions,266,Tomato__Target_Spot,Tomato__Target_Spot/e46de0d5-a376-4c3d-9076-5559595549fe___Com.G_TgS_FL 8180.JPG,selected_dataset/large_diseased_regions/266__Tomato_Target_Spot__e46de0d5-a376-4c3d-9076-5559595549fe_Com.G_TgS_FL_8180.jpg,0.4009552001953125,0.3576131217414469,0.6245531111573152,0.1117255039456314
large_diseased_regions,267,Tomato__Tomato_YellowLeaf__Curl_Virus,Tomato__Tomato_YellowLeaf__Curl_Virus/735e283b-4905-4e70-9858-94418ac2cdd5___YLCV_GCREC 1935.JPG,selected_dataset/large_diseased_regions/267__Tomato_Tomato_YellowLeaf_Curl_Virus__735e283b-4905-4e70-9858-94418ac2cdd5_YLCV_GCREC_1935.jpg,0.487945556640625,0.7165238601538558,0.36127273072826915,0.09424976394784003
large_diseased_regions,268,Tomato__Tomato_mosaic_virus,Tomato__Tomato_mosaic_virus/3790abe5-03cb-4d5c-bfaa-9dcbc64debb2___PSU_CG 2402.JPG,selected_dataset/large_diseased_regions/268__Tomato_Tomato_mosaic_virus__3790abe5-03cb-4d5c-bfaa-9dcbc64debb2_PSU_CG_2402.jpg,0.28131103515625,0.4025819049685398,0.6708900214226564,0.2002930621869924
large_diseased_regions,269,Pepper__bell___Bacterial_spot,Pepper__bell___Bacterial_spot/81d96896-2e99-4eaf-b86e-c2d8c6a3eabb___NREC_B.Spot 1818.JPG,selected_dataset/large_diseased_regions/269__Pepper_bell_Bacterial_spot__81d96896-2e99-4eaf-b86e-c2d8c6a3eabb_NREC_B.Spot_1818.jpg,0.426727294921875,0.4701423156690267,0.6555935671175419,0.2541496974672177
large_diseased_regions,270,Potato___Late_blight,Potato___Late_blight/5d85a25d-ed5a-459d-89fc-8bc9118518bc___RS_LB 4646.JPG,selected_dataset/large_diseased_regions/270__Potato_Late_blight__5d85a25d-ed5a-459d-89fc-8bc9118518bc_RS_LB_4646.jpg,0.40069580078125,0.4168697638994669,0.4675062773833437,0.10553853498937892
large_diseased_regions,271,Tomato_Bacterial_spot,Tomato_Bacterial_spot/5bac1e11-978e-457e-85c2-11a1b5c618ca___GCREC_Bact.Sp 5860.JPG,selected_dataset/large_diseased_regions/271__Tomato_Bacterial_spot__5bac1e11-978e-457e-85c2-11a1b5c618ca_GCREC_Bact.Sp_5860.jpg,0.428375244140625,0.7834651278763268,0.26529599732603076,0.32076868432315675
large_diseased_regions,272,Tomato_Early_blight,Tomato_Early_blight/a98a655f-a2f5-44eb-a73b-edf25ca85921___RS_Erly.B 6351.JPG,selected_dataset/large_diseased_regions/272__Tomato_Early_blight__a98a655f-a2f5-44eb-a73b-edf25ca85921_RS_Erly.B_6351.jpg,0.596954345703125,0.7495015592249885,0.23166945832598598,0.2574868731860256
large_diseased_regions,273,Tomato_Late_blight,Tomato_Late_blight/7f847477-1111-4f20-9de5-56153bee415b___RS_Late.B 5049.JPG,selected_dataset/large_diseased_regions/273__Tomato_Late_blight__7f847477-1111-4f20-9de5-56153bee415b_RS_Late.B_5049.jpg,0.3845672607421875,0.7067412609609967,0.7491084195979014,0.3317777520405431
large_diseased_regions,274,Tomato_Leaf_Mold,Tomato_Leaf_Mold/acfa0062-84e4-4b59-a886-6ff31a81230f___Crnl_L.Mold 7007.JPG,selected_dataset/large_diseased_regions/274__Tomato_Leaf_Mold__acfa0062-84e4-4b59-a886-6ff31a81230f_Crnl_L.Mold_7007.jpg,0.3143157958984375,0.5285693480266033,0.17465185597142657,0.17443824805343383
large_diseased_regions,275,Tomato_Septoria_leaf_spot,Tomato_Septoria_leaf_spot/aef1351a-7949-4ab8-bc46-3a6522535f8a___JR_Sept.L.S 8450.JPG,selected_dataset/large_diseased_regions/275__Tomato_Septoria_leaf_spot__aef1351a-7949-4ab8-bc46-3a6522535f8a_JR_Sept.L.S_8450.jpg,0.2389373779296875,0.4539881218468612,0.34228867246712513,0.31986372520025
large_diseased_regions,276,Tomato_Spider_mites_Two_spotted_spider_mite,Tomato_Spider_mites_Two_spotted_spider_mite/92984828-1f93-49c5-89d4-039c434c5737___Com.G_SpM_FL 8500.JPG,selected_dataset/large_diseased_regions/276__Tomato_Spider_mites_Two_spotted_spider_mite__92984828-1f93-49c5-89d4-039c434c5737_Com.G_SpM_FL_8500.jpg,0.370025634765625,0.5539381443298969,0.6258077189480268,0.2779072581130182
large_diseased_regions,277,Tomato__Target_Spot,Tomato__Target_Spot/9414def1-5b7d-46c2-9192-18f8ec3daa04___Com.G_TgS_FL 7909.JPG,selected_dataset/large_diseased_regions/277__Tomato_Target_Spot__9414def1-5b7d-46c2-9192-18f8ec3daa04_Com.G_TgS_FL_7909.jpg,0.4039154052734375,0.37705413471346,0.7297574397860329,0.10890367607989379
large_diseased_regions,278,Tomato__Tomato_YellowLeaf__Curl_Virus,Tomato__Tomato_YellowLeaf__Curl_Virus/3efdbee2-4aed-4ba8-8187-cf20a4fdd502___YLCV_NREC 2876.JPG,selected_dataset/large_diseased_regions/278__Tomato_Tomato_YellowLeaf_Curl_Virus__3efdbee2-4aed-4ba8-8187-cf20a4fdd502_YLCV_NREC_2876.jpg,0.345184326171875,0.7157634161435771,0.5458526262007476,0.10535794096703391
large_diseased_regions,279,Tomato__Tomato_mosaic_virus,Tomato__Tomato_mosaic_virus/ba31b5ca-1a78-46f9-a76a-c203d81077d4___PSU_CG 2401.JPG,selected_dataset/large_diseased_regions/279__Tomato_Tomato_mosaic_virus__ba31b5ca-1a78-46f9-a76a-c203d81077d4_PSU_CG_2401.jpg,0.2585601806640625,0.38188256122750075,0.6440746549801294,0.3850849939270015
large_diseased_regions,280,Pepper__bell___Bacterial_spot,Pepper__bell___Bacterial_spot/a9770664-3c9c-46ed-808d-5aa7a87a5c1b___NREC_B.Spot 9065.JPG,selected_dataset/large_diseased_regions/280__Pepper_bell_Bacterial_spot__a9770664-3c9c-46ed-808d-5aa7a87a5c1b_NREC_B.Spot_9065.jpg,0.3887176513671875,0.46747791952894996,0.6567647262012539,0.3590521186629399
large_diseased_regions,281,Potato___Late_blight,Potato___Late_blight/a34d3777-22c7-4723-8b85-f766e042c121___RS_LB 4375.JPG,selected_dataset/large_diseased_regions/281__Potato_Late_blight__a34d3777-22c7-4723-8b85-f766e042c121_RS_LB_4375.jpg,0.3979034423828125,0.3726655673582084,0.5089825554588393,0.3187799553174546
large_diseased_regions,282,Tomato_Bacterial_spot,Tomato_Bacterial_spot/a00ce27e-dd79-4ef4-a483-545499246e71___GCREC_Bact.Sp 5986.JPG,selected_dataset/large_diseased_regions/282__Tomato_Bacterial_spot__a00ce27e-dd79-4ef4-a483-545499246e71_GCREC_Bact.Sp_5986.jpg,0.4318389892578125,0.7828345288152362,0.3526469441202732,0.13095753975910837
large_diseased_regions,283,Tomato_Early_blight,Tomato_Early_blight/75128610-8633-4000-8f74-17b6cff222d7___RS_Erly.B 6341.JPG,selected_dataset/large_diseased_regions/283__Tomato_Early_blight__75128610-8633-4000-8f74-17b6cff222d7_RS_Erly.B_6341.jpg,0.551116943359375,0.7450024918323274,0.38300711689900835,0.2642086192243496
large_diseased_regions,284,Tomato_Late_blight,Tomato_Late_blight/6b68a1c0-31aa-49f9-b69c-55e96bebcc8b___GHLB Leaf 8.2 Day 13.JPG,selected_dataset/large_diseased_regions/284__Tomato_Late_blight__6b68a1c0-31aa-49f9-b69c-55e96bebcc8b_GHLB_Leaf_8.2_Day_13.jpg,0.523834228515625,0.7071366152053598,0.2650750342215127,0.44535157962490546
large_diseased_regions,285,Tomato_Leaf_Mold,Tomato_Leaf_Mold/0ddf82ad-9004-4913-ac9c-d00333d7c858___Crnl_L.Mold 7089.JPG,selected_dataset/large_diseased_regions/285__Tomato_Leaf_Mold__0ddf82ad-9004-4913-ac9c-d00333d7c858_Crnl_L.Mold_7089.jpg,0.3930816650390625,0.5144598423974225,0.14006893243854068,0.4755511242292731
large_diseased_regions,286,Tomato_Septoria_leaf_spot,Tomato_Septoria_leaf_spot/8f7043f7-a79e-4c9b-86d2-80b032b659b6___JR_Sept.L.S 2684.JPG,selected_dataset/large_diseased_regions/286__Tomato_Septoria_leaf_spot__8f7043f7-a79e-4c9b-86d2-80b032b659b6_JR_Sept.L.S_2684.jpg,0.380035400390625,0.4619770336465109,0.6855212522469851,0.300370529984833
large_diseased_regions,287,Tomato_Spider_mites_Two_spotted_spider_mite,Tomato_Spider_mites_Two_spotted_spider_mite/e7206ec6-3690-4f86-8008-d5898aa8beb3___Com.G_SpM_FL 8583.JPG,selected_dataset/large_diseased_regions/287__Tomato_Spider_mites_Two_spotted_spider_mite__e7206ec6-3690-4f86-8008-d5898aa8beb3_Com.G_SpM_FL_8583.jpg,0.37921142578125,0.5597135039433446,0.6899593726732797,0.12939333169722683
large_diseased_regions,288,Tomato__Target_Spot,Tomato__Target_Spot/31dff38a-b7d1-47b7-af46-2dcef29f4e0e___Com.G_TgS_FL 1077.JPG,selected_dataset/large_diseased_regions/288__Tomato_Target_Spot__31dff38a-b7d1-47b7-af46-2dcef29f4e0e_Com.G_TgS_FL_1077.jpg,0.450653076171875,0.3651384844585901,0.7852060419514464,0.3014730405284012
large_diseased_regions,289,Tomato__Tomato_YellowLeaf__Curl_Virus,Tomato__Tomato_YellowLeaf__Curl_Virus/8642e4ee-a903-4bfd-a774-f3d42b871dd0___YLCV_GCREC 5384.JPG,selected_dataset/large_diseased_regions/289__Tomato_Tomato_YellowLeaf_Curl_Virus__8642e4ee-a903-4bfd-a774-f3d42b871dd0_YLCV_GCREC_5384.jpg,0.42437744140625,0.7167409751186539,0.39829075024513233,0.1348134341725455
large_diseased_regions,290,Tomato__Tomato_mosaic_virus,Tomato__Tomato_mosaic_virus/75c566a5-8c20-4294-8138-4f06a3c2df7c___PSU_CG 2158.JPG,selected_dataset/large_diseased_regions/290__Tomato_Tomato_mosaic_virus__75c566a5-8c20-4294-8138-4f06a3c2df7c_PSU_CG_2158.jpg,0.3327789306640625,0.3622357742216516,0.432797344876194,0.20236619926088723
large_diseased_regions,291,Pepper__bell___Bacterial_spot,Pepper__bell___Bacterial_spot/0d524d59-fb02-481b-9034-64f1de0da914___NREC_B.Spot 9060.JPG,selected_dataset/large_diseased_regions/291__Pepper_bell_Bacterial_spot__0d524d59-fb02-481b-9034-64f1de0da914_NREC_B.Spot_9060.jpg,0.46942138671875,0.4326810557794825,0.6333590026969318,0.12577548927352594
large_diseased_regions,292,Potato___Late_blight,Potato___Late_blight/2577b25b-c0ac-442b-8093-42e6490bad1e___RS_LB 4319.JPG,selected_dataset/large_diseased_regions/292__Potato_Late_blight__2577b25b-c0ac-442b-8093-42e6490bad1e_RS_LB_4319.jpg,0.37811279296875,0.3480629539951574,0.770831859156563,0.11605232929782883
large_diseased_regions,293,Tomato_Bacterial_spot,Tomato_Bacterial_spot/1eb09166-61e7-4816-9a48-4d7afaa25a86___GCREC_Bact.Sp 3310.JPG,selected_dataset/large_diseased_regions/293__Tomato_Bacterial_spot__1eb09166-61e7-4816-9a48-4d7afaa25a86_GCREC_Bact.Sp_3310.jpg,0.528045654296875,0.777177368086459,0.22653030296933002,0.09754051703254038
large_diseased_regions,294,Tomato_Early_blight,Tomato_Early_blight/5b71fe03-84fc-4866-9bf8-e557ce918c6e___RS_Erly.B 9580.JPG,selected_dataset/large_diseased_regions/294__Tomato_Early_blight__5b71fe03-84fc-4866-9bf8-e557ce918c6e_RS_Erly.B_9580.jpg,0.4753265380859375,0.7444704824885237,0.6093364138056662,0.2909625671266952
large_diseased_regions,295,Tomato_Late_blight,Tomato_Late_blight/a59f35a2-f548-4e6f-8784-c106af003c33___GHLB_PS Leaf 25.1 Day 16.jpg,selected_dataset/large_diseased_regions/295__Tomato_Late_blight__a59f35a2-f548-4e6f-8784-c106af003c33_GHLB_PS_Leaf_25.1_Day_16.jpg,0.1887664794921875,0.7946002748363107,0.0,0.2786618955015103
large_diseased_regions,296,Tomato_Leaf_Mold,Tomato_Leaf_Mold/361dc151-4e5f-498a-8813-98c9e0ec806d___Crnl_L.Mold 6999.JPG,selected_dataset/large_diseased_regions/296__Tomato_Leaf_Mold__361dc151-4e5f-498a-8813-98c9e0ec806d_Crnl_L.Mold_6999.jpg,0.337646484375,0.5113430947216197,0.2215802860624645,0.13875003289724008
large_diseased_regions,297,Tomato_Septoria_leaf_spot,Tomato_Septoria_leaf_spot/41dadfd3-6e73-4057-b909-5512dfe64631___JR_Sept.L.S 8544.JPG,selected_dataset/large_diseased_regions/297__Tomato_Septoria_leaf_spot__41dadfd3-6e73-4057-b909-5512dfe64631_JR_Sept.L.S_8544.jpg,0.391265869140625,0.5416894158021995,0.6149722255582736,0.1783278835871826
large_diseased_regions,298,Tomato_Spider_mites_Two_spotted_spider_mite,Tomato_Spider_mites_Two_spotted_spider_mite/86508eec-6019-4504-a97e-285e5e910dc7___Com.G_SpM_FL 8723.JPG,selected_dataset/large_diseased_regions/298__Tomato_Spider_mites_Two_spotted_spider_mite__86508eec-6019-4504-a97e-285e5e910dc7_Com.G_SpM_FL_8723.jpg,0.3885955810546875,0.5672831507441002,0.7385602765546011,0.1340283404042691
large_diseased_regions,299,Tomato__Target_Spot,Tomato__Target_Spot/002213fb-b620-4593-b9ac-6a6cc119b100___Com.G_TgS_FL 8360.JPG,selected_dataset/large_diseased_regions/299__Tomato_Target_Spot__002213fb-b620-4593-b9ac-6a6cc119b100_Com.G_TgS_FL_8360.jpg,0.4078521728515625,0.3134797411051667,0.7432968148866965,0.11505483030118904
large_diseased_regions,300,Tomato__Tomato_YellowLeaf__Curl_Virus,Tomato__Tomato_YellowLeaf__Curl_Virus/43942641-100d-409a-a349-99175f84c629___YLCV_NREC 2938.JPG,selected_dataset/large_diseased_regions/300__Tomato_Tomato_YellowLeaf_Curl_Virus__43942641-100d-409a-a349-99175f84c629_YLCV_NREC_2938.jpg,0.3973846435546875,0.7144338209883654,0.5643667986011321,0.17513609972095107
simple_backgrounds,1,Pepper__bell___Bacterial_spot,Pepper__bell___Bacterial_spot/0c1eb1fd-9e3a-4396-81bc-7d1d3eccc5ed___JR_B.Spot 3369.JPG,selected_dataset/simple_backgrounds/001__Pepper_bell_Bacterial_spot__0c1eb1fd-9e3a-4396-81bc-7d1d3eccc5ed_JR_B.Spot_3369.jpg,0.6399688720703125,0.07334112205240695,0.07691668681705595,0.3574480998116285
simple_backgrounds,2,Pepper__bell___healthy,Pepper__bell___healthy/e82c0356-bcb1-4d19-9ce2-a9b9bf9ccb16___JR_HL 8668.JPG,selected_dataset/simple_backgrounds/002__Pepper_bell_healthy__e82c0356-bcb1-4d19-9ce2-a9b9bf9ccb16_JR_HL_8668.jpg,0.542083740234375,0.0,0.08800993232396628,0.23425079611036193
simple_backgrounds,3,Potato___Early_blight,Potato___Early_blight/b09e0cba-0564-4dde-a90d-3c0d90d6336e___RS_Early.B 7776.JPG,selected_dataset/simple_backgrounds/003__Potato_Early_blight__b09e0cba-0564-4dde-a90d-3c0d90d6336e_RS_Early.B_7776.jpg,0.399566650390625,0.09780035133277323,0.41125053369648407,0.07981635339733827
simple_backgrounds,4,Potato___Late_blight,Potato___Late_blight/87681326-2843-4e63-9042-602b08a98a66___RS_LB 4145.JPG,selected_dataset/simple_backgrounds/004__Potato_Late_blight__87681326-2843-4e63-9042-602b08a98a66_RS_LB_4145.jpg,0.3519134521484375,0.13098903004812903,0.05832486768408711,0.10571067931700294
simple_backgrounds,5,Potato___healthy,Potato___healthy/2d98cbc8-cbe6-423c-b2ab-3f7f8bcea5d5___RS_HL 1945.JPG,selected_dataset/simple_backgrounds/005__Potato_healthy__2d98cbc8-cbe6-423c-b2ab-3f7f8bcea5d5_RS_HL_1945.jpg,0.49432373046875,0.0074391900234596865,0.12407541886911803,0.07736083723337019
simple_backgrounds,6,Tomato_Bacterial_spot,Tomato_Bacterial_spot/06d99389-13fd-4fd1-8734-eb82ea657ce3___UF.GRC_BS_Lab Leaf 8896.JPG,selected_dataset/simple_backgrounds/006__Tomato_Bacterial_spot__06d99389-13fd-4fd1-8734-eb82ea657ce3_UF.GRC_BS_Lab_Leaf_8896.jpg,0.3954620361328125,0.10958058417255083,0.005003050588707446,0.10975178200753428
simple_backgrounds,7,Tomato_Early_blight,Tomato_Early_blight/3726eff6-547d-411e-bc00-f8b533d067e3___RS_Erly.B 6494.JPG,selected_dataset/simple_backgrounds/007__Tomato_Early_blight__3726eff6-547d-411e-bc00-f8b533d067e3_RS_Erly.B_6494.jpg,0.4166259765625,0.6922428948139466,0.07242769442221972,0.3056333982006322
simple_backgrounds,8,Tomato_Late_blight,Tomato_Late_blight/037c55c7-6e33-4b8d-af05-4d555f4e658e___GHLB_PS Leaf 42.1 Day 18.jpg,selected_dataset/simple_backgrounds/008__Tomato_Late_blight__037c55c7-6e33-4b8d-af05-4d555f4e658e_GHLB_PS_Leaf_42.1_Day_18.jpg,0.2475433349609375,0.12815139000184922,0.0,0.15429776528384284
simple_backgrounds,9,Tomato_Leaf_Mold,Tomato_Leaf_Mold/e40da81e-07e7-4914-af0d-461a2b1a10ec___Crnl_L.Mold 7101.JPG,selected_dataset/simple_backgrounds/009__Tomato_Leaf_Mold__e40da81e-07e7-4914-af0d-461a2b1a10ec_Crnl_L.Mold_7101.jpg,0.379364013671875,0.25665674523369,0.016748917437262173,0.6690960649227746
simple_backgrounds,10,Tomato_Septoria_leaf_spot,Tomato_Septoria_leaf_spot/80857534-e2f2-4ba1-9beb-e4d6619f80eb___Matt.S_CG 1238.JPG,selected_dataset/simple_backgrounds/010__Tomato_Septoria_leaf_spot__80857534-e2f2-4ba1-9beb-e4d6619f80eb_Matt.S_CG_1238.jpg,0.470184326171875,0.07376517167521257,0.0007995799477606625,0.33222402594437794
simple_backgrounds,11,Tomato_Spider_mites_Two_spotted_spider_mite,Tomato_Spider_mites_Two_spotted_spider_mite/85247ca8-8c30-4c83-9315-0755cd4be8c2___Com.G_SpM_FL 9503.JPG,selected_dataset/simple_backgrounds/011__Tomato_Spider_mites_Two_spotted_spider_mite__85247ca8-8c30-4c83-9315-0755cd4be8c2_Com.G_SpM_FL_9503.jpg,0.28326416015625,0.04325576384399914,0.16325759593452455,0.09165437982111589
simple_backgrounds,12,Tomato__Target_Spot,Tomato__Target_Spot/988132c4-574d-471e-9c51-d9b14ab2e45e___Com.G_TgS_FL 9909.JPG,selected_dataset/simple_backgrounds/012__Tomato_Target_Spot__988132c4-574d-471e-9c51-d9b14ab2e45e_Com.G_TgS_FL_9909.jpg,0.372344970703125,0.24641422834193918,0.1590095867764515,0.12525058403797648
simple_backgrounds,13,Tomato__Tomato_YellowLeaf__Curl_Virus,Tomato__Tomato_YellowLeaf__Curl_Virus/01fa2c83-fffb-4aad-a456-e991aeb93f3e___UF.GRC_YLCV_Lab 02154.JPG,selected_dataset/simple_backgrounds/013__Tomato_Tomato_YellowLeaf_Curl_Virus__01fa2c83-fffb-4aad-a456-e991aeb93f3e_UF.GRC_YLCV_Lab_02154.jpg,0.3294677734375,0.09193219711004076,0.0,0.11317591331859461
simple_backgrounds,14,Tomato__Tomato_mosaic_virus,Tomato__Tomato_mosaic_virus/f5d2043f-a274-431f-accc-1a3e1a7df172___PSU_CG 2400.JPG,selected_dataset/simple_backgrounds/014__Tomato_Tomato_mosaic_virus__f5d2043f-a274-431f-accc-1a3e1a7df172_PSU_CG_2400.jpg,0.3147430419921875,0.3490085809860862,0.08779653940597237,0.6797211207703063
simple_backgrounds,15,Tomato_healthy,Tomato_healthy/9a5d3900-8707-4088-8ec0-1fad45d8bd11___GH_HL Leaf 339.JPG,selected_dataset/simple_backgrounds/015__Tomato_healthy__9a5d3900-8707-4088-8ec0-1fad45d8bd11_GH_HL_Leaf_339.jpg,0.3647918701171875,0.010791818295896599,0.16960301910104295,0.0730470013670749
simple_backgrounds,16,Pepper__bell___Bacterial_spot,Pepper__bell___Bacterial_spot/447735c7-b650-4ef6-a53b-8fb661470de3___JR_B.Spot 3370.JPG,selected_dataset/simple_backgrounds/016__Pepper_bell_Bacterial_spot__447735c7-b650-4ef6-a53b-8fb661470de3_JR_B.Spot_3370.jpg,0.6017913818359375,0.03194807170567205,0.08646707576573374,0.45892496195493476
simple_backgrounds,17,Pepper__bell___healthy,Pepper__bell___healthy/4498790b-0f2a-42bd-be32-509229d8593c___JR_HL 8667.JPG,selected_dataset/simple_backgrounds/017__Pepper_bell_healthy__4498790b-0f2a-42bd-be32-509229d8593c_JR_HL_8667.jpg,0.5607147216796875,0.015946880017416388,0.08822543249434672,0.23301594036645346
simple_backgrounds,18,Potato___Early_blight,Potato___Early_blight/08392b44-ecc6-4f38-8566-361b552cfe21___RS_Early.B 7393.JPG,selected_dataset/simple_backgrounds/018__Potato_Early_blight__08392b44-ecc6-4f38-8566-361b552cfe21_RS_Early.B_7393.jpg,0.55450439453125,0.036873968079251515,0.41817902801587414,0.09894282589599158
simple_backgrounds,19,Potato___Late_blight,Potato___Late_blight/05c29b23-ecdf-41fc-be67-910bb74cd67c___RS_LB 4016.JPG,selected_dataset/simple_backgrounds/019__Potato_Late_blight__05c29b23-ecdf-41fc-be67-910bb74cd67c_RS_LB_4016.jpg,0.3890838623046875,0.11149456841444763,0.07284250847282837,0.09214980060122042
simple_backgrounds,20,Potato___healthy,Potato___healthy/f66af6c0-6fc6-4020-b1de-a73685d497c2___RS_HL 4181.JPG,selected_dataset/simple_backgrounds/020__Potato_healthy__f66af6c0-6fc6-4020-b1de-a73685d497c2_RS_HL_4181.jpg,0.5008697509765625,0.0029855293221629857,0.1669326101927353,0.08995027412318085
simple_backgrounds,21,Tomato_Bacterial_spot,Tomato_Bacterial_spot/d8e40874-f16d-43e2-9922-97a973861a0c___UF.GRC_BS_Lab Leaf 8728.JPG,selected_dataset/simple_backgrounds/021__Tomato_Bacterial_spot__d8e40874-f16d-43e2-9922-97a973861a0c_UF.GRC_BS_Lab_Leaf_8728.jpg,0.4193115234375,0.031004366812227076,0.007163232698847354,0.08140167724851213
simple_backgrounds,22,Tomato_Early_blight,Tomato_Early_blight/f0763973-1898-4ae6-9350-c9b61976c600___RS_Erly.B 6456.JPG,selected_dataset/simple_backgrounds/022__Tomato_Early_blight__f0763973-1898-4ae6-9350-c9b61976c600_RS_Erly.B_6456.jpg,0.4513092041015625,0.33116948980626837,0.08232029615255887,0.11759233712817292
simple_backgrounds,23,Tomato_Late_blight,Tomato_Late_blight/09cdb8a4-0c20-4acd-b4c8-709fad7010fd___GHLB_PS Leaf 37 Day 16.jpg,selected_dataset/simple_backgrounds/023__Tomato_Late_blight__09cdb8a4-0c20-4acd-b4c8-709fad7010fd_GHLB_PS_Leaf_37_Day_16.jpg,0.252227783203125,0.3194797338173019,0.0,0.13002123107548963
simple_backgrounds,24,Tomato_Leaf_Mold,Tomato_Leaf_Mold/2857df1b-3a91-46d2-ab63-926b329b4a28___Crnl_L.Mold 7102.JPG,selected_dataset/simple_backgrounds/024__Tomato_Leaf_Mold__2857df1b-3a91-46d2-ab63-926b329b4a28_Crnl_L.Mold_7102.jpg,0.3481597900390625,0.24626375071218828,0.026240423424775443,0.6139633271634726
simple_backgrounds,25,Tomato_Septoria_leaf_spot,Tomato_Septoria_leaf_spot/5fee3101-f7de-40d2-8609-637736d8df24___Keller.St_CG 1869.JPG,selected_dataset/simple_backgrounds/025__Tomato_Septoria_leaf_spot__5fee3101-f7de-40d2-8609-637736d8df24_Keller.St_CG_1869.jpg,0.4000396728515625,0.09215394591295724,0.0017150648976322655,0.309433175336373
simple_backgrounds,26,Tomato_Spider_mites_Two_spotted_spider_mite,Tomato_Spider_mites_Two_spotted_spider_mite/3816382b-fc42-4661-b2fe-de651d2ca2ba___Com.G_SpM_FL 9294.JPG,selected_dataset/simple_backgrounds/026__Tomato_Spider_mites_Two_spotted_spider_mite__3816382b-fc42-4661-b2fe-de651d2ca2ba_Com.G_SpM_FL_9294.jpg,0.3726043701171875,0.45980588885703755,0.16871856080359082,0.26239205873474425
simple_backgrounds,27,Tomato__Target_Spot,Tomato__Target_Spot/290ea84a-2458-4291-8065-644c5a826935___Com.G_TgS_FL 0039.JPG,selected_dataset/simple_backgrounds/027__Tomato_Target_Spot__290ea84a-2458-4291-8065-644c5a826935_Com.G_TgS_FL_0039.jpg,0.440216064453125,0.06090121317157712,0.22751999761537747,0.12078838689715457
simple_backgrounds,28,Tomato__Tomato_YellowLeaf__Curl_Virus,Tomato__Tomato_YellowLeaf__Curl_Virus/0a17e781-b999-4a31-88a0-e914c4ba4a8a___UF.GRC_YLCV_Lab 02214.JPG,selected_dataset/simple_backgrounds/028__Tomato_Tomato_YellowLeaf_Curl_Virus__0a17e781-b999-4a31-88a0-e914c4ba4a8a_UF.GRC_YLCV_Lab_02214.jpg,0.3324737548828125,0.11900500252420947,0.0,0.07066671491525417
simple_backgrounds,29,Tomato__Tomato_mosaic_virus,Tomato__Tomato_mosaic_virus/bfe4e207-18c5-46cb-9022-0a94c6826f81___PSU_CG 2234.JPG,selected_dataset/simple_backgrounds/029__Tomato_Tomato_mosaic_virus__bfe4e207-18c5-46cb-9022-0a94c6826f81_PSU_CG_2234.jpg,0.3449554443359375,0.10607334011589331,0.11189301147554784,0.6471881571350319
simple_backgrounds,30,Tomato_healthy,Tomato_healthy/52325034-c2a2-4f00-b49d-e67cafcd2828___GH_HL Leaf 399.1.JPG,selected_dataset/simple_backgrounds/030__Tomato_healthy__52325034-c2a2-4f00-b49d-e67cafcd2828_GH_HL_Leaf_399.1.jpg,0.4252166748046875,0.0,0.1867102494864537,0.12056900497473577
simple_backgrounds,31,Pepper__bell___Bacterial_spot,Pepper__bell___Bacterial_spot/a019b8ae-20de-4f0b-978e-0c4e142c697d___JR_B.Spot 9059.JPG,selected_dataset/simple_backgrounds/031__Pepper_bell_Bacterial_spot__a019b8ae-20de-4f0b-978e-0c4e142c697d_JR_B.Spot_9059.jpg,0.6034088134765625,0.028676191680364144,0.09065637187986889,0.26594912476918536
simple_backgrounds,32,Pepper__bell___healthy,Pepper__bell___healthy/3b0f8dbb-905b-4bdc-b4c6-231a22a47287___JR_HL 7610.JPG,selected_dataset/simple_backgrounds/032__Pepper_bell_healthy__3b0f8dbb-905b-4bdc-b4c6-231a22a47287_JR_HL_7610.jpg,0.596099853515625,0.01392515230635335,0.09766808866958944,0.23605901583594657
simple_backgrounds,33,Potato___Early_blight,Potato___Early_blight/3b090cee-ba51-44c2-9cc6-4581db95070e___RS_Early.B 7789.JPG,selected_dataset/simple_backgrounds/033__Potato_Early_blight__3b090cee-ba51-44c2-9cc6-4581db95070e_RS_Early.B_7789.jpg,0.3721923828125,0.06895703509347327,0.42683981833326823,0.08569284231380958
simple_backgrounds,34,Potato___Late_blight,Potato___Late_blight/f93b9fc8-469b-4a2f-8c0b-ca3d1a093185___RS_LB 3870.JPG,selected_dataset/simple_backgrounds/034__Potato_Late_blight__f93b9fc8-469b-4a2f-8c0b-ca3d1a093185_RS_LB_3870.jpg,0.4418182373046875,0.050802970126057674,0.10047267724447784,0.09307160790710604
simple_backgrounds,35,Potato___healthy,Potato___healthy/dca8ac5c-b925-435a-a5e9-da09fa8938a1___RS_HL 4182.JPG,selected_dataset/simple_backgrounds/035__Potato_healthy__dca8ac5c-b925-435a-a5e9-da09fa8938a1_RS_HL_4182.jpg,0.521087646484375,0.0,0.17742873747106902,0.06971381738708018
simple_backgrounds,36,Tomato_Bacterial_spot,Tomato_Bacterial_spot/9b7a21d9-f997-4313-ac5d-9b82e74c6773___UF.GRC_BS_Lab Leaf 9194.JPG,selected_dataset/simple_backgrounds/036__Tomato_Bacterial_spot__9b7a21d9-f997-4313-ac5d-9b82e74c6773_UF.GRC_BS_Lab_Leaf_9194.jpg,0.514251708984375,0.06771111506735505,0.012739814393110274,0.27096597689915813
simple_backgrounds,37,Tomato_Early_blight,Tomato_Early_blight/1bff3ab2-9e99-4d4b-ad0e-acd943324050___RS_Erly.B 6460.JPG,selected_dataset/simple_backgrounds/037__Tomato_Early_blight__1bff3ab2-9e99-4d4b-ad0e-acd943324050_RS_Erly.B_6460.jpg,0.4795684814453125,0.42107607623532406,0.08765567760836304,0.43275872059042453
simple_backgrounds,38,Tomato_Late_blight,Tomato_Late_blight/0b988f87-fdce-40ba-aa09-7e6c9e1d6d30___GHLB_PS Leaf 21 Day 8.jpg,selected_dataset/simple_backgrounds/038__Tomato_Late_blight__0b988f87-fdce-40ba-aa09-7e6c9e1d6d30_GHLB_PS_Leaf_21_Day_8.jpg,0.358673095703125,0.17225389262316004,0.0,0.16131693115834897
simple_backgrounds,39,Tomato_Leaf_Mold,Tomato_Leaf_Mold/c3bd29d2-8770-4897-8554-ccba8fcc387e___Crnl_L.Mold 7154.JPG,selected_dataset/simple_backgrounds/039__Tomato_Leaf_Mold__c3bd29d2-8770-4897-8554-ccba8fcc387e_Crnl_L.Mold_7154.jpg,0.3341827392578125,0.02881146979589973,0.05150370420152939,0.6443365124733634
simple_backgrounds,40,Tomato_Septoria_leaf_spot,Tomato_Septoria_leaf_spot/79fb9a6a-4cbd-4168-8ed7-d031fb38d9ba___Keller.St_CG 1896.JPG,selected_dataset/simple_backgrounds/040__Tomato_Septoria_leaf_spot__79fb9a6a-4cbd-4168-8ed7-d031fb38d9ba_Keller.St_CG_1896.jpg,0.364990234375,0.05673076923076923,0.002604985645676458,0.11563289861664476
simple_backgrounds,41,Tomato_Spider_mites_Two_spotted_spider_mite,Tomato_Spider_mites_Two_spotted_spider_mite/8fac3575-078a-4089-9b93-11003b2cf0e5___Com.G_SpM_FL 9490.JPG,selected_dataset/simple_backgrounds/041__Tomato_Spider_mites_Two_spotted_spider_mite__8fac3575-078a-4089-9b93-11003b2cf0e5_Com.G_SpM_FL_9490.jpg,0.36114501953125,0.2070728409667061,0.19211658962946704,0.13965885889963425
simple_backgrounds,42,Tomato__Target_Spot,Tomato__Target_Spot/dcf6c4a4-e342-4bb5-a2ad-1468560927eb___Com.G_TgS_FL 0030.JPG,selected_dataset/simple_backgrounds/042__Tomato_Target_Spot__dcf6c4a4-e342-4bb5-a2ad-1468560927eb_Com.G_TgS_FL_0030.jpg,0.4015655517578125,0.0,0.2633459323446174,0.133869712497591
simple_backgrounds,43,Tomato__Tomato_YellowLeaf__Curl_Virus,Tomato__Tomato_YellowLeaf__Curl_Virus/0a9ce4eb-961b-4f11-a06f-2946cfd0d562___UF.GRC_YLCV_Lab 02233.JPG,selected_dataset/simple_backgrounds/043__Tomato_Tomato_YellowLeaf_Curl_Virus__0a9ce4eb-961b-4f11-a06f-2946cfd0d562_UF.GRC_YLCV_Lab_02233.jpg,0.3824005126953125,0.11938869159251426,0.0,0.1231886947360773
simple_backgrounds,44,Tomato__Tomato_mosaic_virus,Tomato__Tomato_mosaic_virus/146eaf68-7f61-4717-ac81-2f8bb4533fec___PSU_CG 2406.JPG,selected_dataset/simple_backgrounds/044__Tomato_Tomato_mosaic_virus__146eaf68-7f61-4717-ac81-2f8bb4533fec_PSU_CG_2406.jpg,0.3473663330078125,0.2249066549527784,0.15436825924011555,0.3616247438121573
simple_backgrounds,45,Tomato_healthy,Tomato_healthy/87a77f4d-38bd-42dc-bdd3-5f2a1fa95ca7___GH_HL Leaf 469.3.JPG,selected_dataset/simple_backgrounds/045__Tomato_healthy__87a77f4d-38bd-42dc-bdd3-5f2a1fa95ca7_GH_HL_Leaf_469.3.jpg,0.3945159912109375,0.004757300328756527,0.19414019021797918,0.09652838989403978
simple_backgrounds,46,Pepper__bell___Bacterial_spot,Pepper__bell___Bacterial_spot/28b0cad6-b695-4e4b-9cd1-27f2e43647e7___JR_B.Spot 9071.JPG,selected_dataset/simple_backgrounds/046__Pepper_bell_Bacterial_spot__28b0cad6-b695-4e4b-9cd1-27f2e43647e7_JR_B.Spot_9071.jpg,0.416046142578125,0.04665150737181838,0.10999215721466786,0.3155127859208247
simple_backgrounds,47,Pepper__bell___healthy,Pepper__bell___healthy/53c14233-6e5f-4775-acfe-212000c81ffa___JR_HL 6009.JPG,selected_dataset/simple_backgrounds/047__Pepper_bell_healthy__53c14233-6e5f-4775-acfe-212000c81ffa_JR_HL_6009.jpg,0.40850830078125,0.038062154489765423,0.10476605856582016,0.12652602988226694
simple_backgrounds,48,Potato___Early_blight,Potato___Early_blight/541f3dc9-a330-4caf-97f3-88bec1b60c53___RS_Early.B 7767.JPG,selected_dataset/simple_backgrounds/048__Potato_Early_blight__541f3dc9-a330-4caf-97f3-88bec1b60c53_RS_Early.B_7767.jpg,0.40606689453125,0.1092364346911168,0.43926949469036913,0.07815978433608213
simple_backgrounds,49,Potato___Late_blight,Potato___Late_blight/3362decd-b0d5-4cc6-81f8-3c051a285875___RS_LB 4109.JPG,selected_dataset/simple_backgrounds/049__Potato_Late_blight__3362decd-b0d5-4cc6-81f8-3c051a285875_RS_LB_4109.jpg,0.3968505859375,0.17559981544140266,0.10451036016827317,0.08981670025717184
simple_backgrounds,50,Potato___healthy,Potato___healthy/e693354a-053c-4093-8642-cc8f5f9eb2cc___RS_HL 1746.JPG,selected_dataset/simple_backgrounds/050__Potato_healthy__e693354a-053c-4093-8642-cc8f5f9eb2cc_RS_HL_1746.jpg,0.4842529296875,0.0,0.18897408344724004,0.08590208689094957
simple_backgrounds,51,Tomato_Bacterial_spot,Tomato_Bacterial_spot/b1ad1aff-89ac-47fb-ba0b-d88f1517a63f___UF.GRC_BS_Lab Leaf 8824.JPG,selected_dataset/simple_backgrounds/051__Tomato_Bacterial_spot__b1ad1aff-89ac-47fb-ba0b-d88f1517a63f_UF.GRC_BS_Lab_Leaf_8824.jpg,0.3239898681640625,0.1278669994819385,0.019322971031267767,0.11737927787272193
simple_backgrounds,52,Tomato_Early_blight,Tomato_Early_blight/2245fdf5-3ff5-4624-9797-0b65bcc6cf73___RS_Erly.B 6358.JPG,selected_dataset/simple_backgrounds/052__Tomato_Early_blight__2245fdf5-3ff5-4624-9797-0b65bcc6cf73_RS_Erly.B_6358.jpg,0.6856689453125,0.3958296243546377,0.10129519243170829,0.41736592495971575
simple_backgrounds,53,Tomato_Late_blight,Tomato_Late_blight/10acd4c3-b1b8-4fc7-848a-c9af30086e78___GHLB_PS Leaf 28.2 Day 13.jpg,selected_dataset/simple_backgrounds/053__Tomato_Late_blight__10acd4c3-b1b8-4fc7-848a-c9af30086e78_GHLB_PS_Leaf_28.2_Day_13.jpg,0.2565460205078125,0.1313864271694522,0.0,0.3107653635096854
simple_backgrounds,54,Tomato_Leaf_Mold,Tomato_Leaf_Mold/9352c724-ec44-4955-a845-62577931d3db___Crnl_L.Mold 7013.JPG,selected_dataset/simple_backgrounds/054__Tomato_Leaf_Mold__9352c724-ec44-4955-a845-62577931d3db_Crnl_L.Mold_7013.jpg,0.3209686279296875,0.1769431899215593,0.0524753509800515,0.1493085952166031
simple_backgrounds,55,Tomato_Septoria_leaf_spot,Tomato_Septoria_leaf_spot/c7c2e116-d4da-4b0f-a2dc-24d3ecedf587___Keller.St_CG 1846.JPG,selected_dataset/simple_backgrounds/055__Tomato_Septoria_leaf_spot__c7c2e116-d4da-4b0f-a2dc-24d3ecedf587_Keller.St_CG_1846.jpg,0.378509521484375,0.02209142949286463,0.0033574997091511687,0.3540534816231788
simple_backgrounds,56,Tomato_Spider_mites_Two_spotted_spider_mite,Tomato_Spider_mites_Two_spotted_spider_mite/cd69a28b-61e1-476c-8a44-9c584cde6c2a___Com.G_SpM_FL 9481.JPG,selected_dataset/simple_backgrounds/056__Tomato_Spider_mites_Two_spotted_spider_mite__cd69a28b-61e1-476c-8a44-9c584cde6c2a_Com.G_SpM_FL_9481.jpg,0.3802032470703125,0.8820484006902918,0.19621867273065774,0.37376767202829486
simple_backgrounds,57,Tomato__Target_Spot,Tomato__Target_Spot/2b9b189c-11a8-46ce-9553-acce775bd29d___Com.G_TgS_FL 9978.JPG,selected_dataset/simple_backgrounds/057__Tomato_Target_Spot__2b9b189c-11a8-46ce-9553-acce775bd29d_Com.G_TgS_FL_9978.jpg,0.36334228515625,0.12086343020325886,0.2737991777982289,0.14524799057122695
simple_backgrounds,58,Tomato__Tomato_YellowLeaf__Curl_Virus,Tomato__Tomato_YellowLeaf__Curl_Virus/0ec3e86a-8c2a-4f66-9c29-ee995dc88a7e___UF.GRC_YLCV_Lab 02980.JPG,selected_dataset/simple_backgrounds/058__Tomato_Tomato_YellowLeaf_Curl_Virus__0ec3e86a-8c2a-4f66-9c29-ee995dc88a7e_UF.GRC_YLCV_Lab_02980.jpg,0.3981475830078125,0.06691449814126393,0.0,0.10586957420121416
simple_backgrounds,59,Tomato__Tomato_mosaic_virus,Tomato__Tomato_mosaic_virus/a75c61c4-b765-42a1-9896-7937b15ed996___PSU_CG 2051.JPG,selected_dataset/simple_backgrounds/059__Tomato_Tomato_mosaic_virus__a75c61c4-b765-42a1-9896-7937b15ed996_PSU_CG_2051.jpg,0.3107452392578125,0.06300024551927326,0.155164988203365,0.3340385937219851
simple_backgrounds,60,Tomato_healthy,Tomato_healthy/ab1658d8-ef48-4068-b2b5-ce49fb3d06c0___GH_HL Leaf 397.1.JPG,selected_dataset/simple_backgrounds/060__Tomato_healthy__ab1658d8-ef48-4068-b2b5-ce49fb3d06c0_GH_HL_Leaf_397.1.jpg,0.3779296875,0.012718023255813954,0.19696856204779395,0.11564604642860593
simple_backgrounds,61,Pepper__bell___Bacterial_spot,Pepper__bell___Bacterial_spot/d890ffc6-e6c8-4ef6-bde4-980cf0a465e1___JR_B.Spot 8945.JPG,selected_dataset/simple_backgrounds/061__Pepper_bell_Bacterial_spot__d890ffc6-e6c8-4ef6-bde4-980cf0a465e1_JR_B.Spot_8945.jpg,0.4943084716796875,0.051211606729433555,0.12790555979250484,0.29131305447664374
simple_backgrounds,62,Pepper__bell___healthy,Pepper__bell___healthy/7810b691-de4a-4b08-b59a-56fce143b578___JR_HL 5808.JPG,selected_dataset/simple_backgrounds/062__Pepper_bell_healthy__7810b691-de4a-4b08-b59a-56fce143b578_JR_HL_5808.jpg,0.426300048828125,0.028097931133223567,0.10699639496159925,0.2775588917067678
simple_backgrounds,63,Potato___Early_blight,Potato___Early_blight/53e30623-2023-4bbf-b904-ba39426f8628___RS_Early.B 7613.JPG,selected_dataset/simple_backgrounds/063__Potato_Early_blight__53e30623-2023-4bbf-b904-ba39426f8628_RS_Early.B_7613.jpg,0.5222625732421875,0.004908405644666491,0.4461416329770373,0.0946902711158571
simple_backgrounds,64,Potato___Late_blight,Potato___Late_blight/6fc1834e-7909-4177-9480-6cd9f23109b4___RS_LB 4023.JPG,selected_dataset/simple_backgrounds/064__Potato_Late_blight__6fc1834e-7909-4177-9480-6cd9f23109b4_RS_LB_4023.jpg,0.381591796875,0.06713851567498401,0.11510597225518171,0.08332307311421391
simple_backgrounds,65,Potato___healthy,Potato___healthy/bf2bffbb-cd8f-4d36-bd58-847808397c75___RS_HL 1786.JPG,selected_dataset/simple_backgrounds/065__Potato_healthy__bf2bffbb-cd8f-4d36-bd58-847808397c75_RS_HL_1786.jpg,0.4716339111328125,0.02750008088259083,0.1985109633988425,0.24956757945771607
simple_backgrounds,66,Tomato_Bacterial_spot,Tomato_Bacterial_spot/2353ecb8-d1bb-4e2c-bb0f-7a0c90b5cdf4___UF.GRC_BS_Lab Leaf 8717.JPG,selected_dataset/simple_backgrounds/066__Tomato_Bacterial_spot__2353ecb8-d1bb-4e2c-bb0f-7a0c90b5cdf4_UF.GRC_BS_Lab_Leaf_8717.jpg,0.5258636474609375,0.1045759220033079,0.023597132838237018,0.09821024750111146
simple_backgrounds,67,Tomato_Early_blight,Tomato_Early_blight/23e8ae15-6cfc-4518-9266-3a289a7bced7___RS_Erly.B 6479.JPG,selected_dataset/simple_backgrounds/067__Tomato_Early_blight__23e8ae15-6cfc-4518-9266-3a289a7bced7_RS_Erly.B_6479.jpg,0.395111083984375,0.44195566540511316,0.10992372582547486,0.14244617950523802
simple_backgrounds,68,Tomato_Late_blight,Tomato_Late_blight/10bdda57-bfe5-4403-a4c6-a1211d4f348e___GHLB_PS Leaf 20 Day 8.jpg,selected_dataset/simple_backgrounds/068__Tomato_Late_blight__10bdda57-bfe5-4403-a4c6-a1211d4f348e_GHLB_PS_Leaf_20_Day_8.jpg,0.3115997314453125,0.18652367660741392,0.0,0.1710838397161641
simple_backgrounds,69,Tomato_Leaf_Mold,Tomato_Leaf_Mold/7e92a777-46fc-46d0-a169-e4d125c5b33e___Crnl_L.Mold 7017.JPG,selected_dataset/simple_backgrounds/069__Tomato_Leaf_Mold__7e92a777-46fc-46d0-a169-e4d125c5b33e_Crnl_L.Mold_7017.jpg,0.2369842529296875,0.33784044813598607,0.05807966150040328,0.15163904744545434
simple_backgrounds,70,Tomato_Septoria_leaf_spot,Tomato_Septoria_leaf_spot/0d1ab917-ea01-43d7-8a63-232bffcfbb08___Keller.St_CG 1769.JPG,selected_dataset/simple_backgrounds/070__Tomato_Septoria_leaf_spot__0d1ab917-ea01-43d7-8a63-232bffcfbb08_Keller.St_CG_1769.jpg,0.32073974609375,0.04681255946717412,0.0049231184918980654,0.13820745823490294
simple_backgrounds,71,Tomato_Spider_mites_Two_spotted_spider_mite,Tomato_Spider_mites_Two_spotted_spider_mite/0e9318de-e920-4d2c-bb61-5ef0a628d273___Com.G_SpM_FL 9302.JPG,selected_dataset/simple_backgrounds/071__Tomato_Spider_mites_Two_spotted_spider_mite__0e9318de-e920-4d2c-bb61-5ef0a628d273_Com.G_SpM_FL_9302.jpg,0.3903350830078125,0.5393846995817209,0.20371622279960033,0.31441517035794964
simple_backgrounds,72,Tomato__Target_Spot,Tomato__Target_Spot/47776241-de14-4956-801c-91c0d8865120___Com.G_TgS_FL 9829.JPG,selected_dataset/simple_backgrounds/072__Tomato_Target_Spot__47776241-de14-4956-801c-91c0d8865120_Com.G_TgS_FL_9829.jpg,0.3886566162109375,0.10741627733500844,0.2974307176835628,0.1211368756783252
simple_backgrounds,73,Tomato__Tomato_YellowLeaf__Curl_Virus,Tomato__Tomato_YellowLeaf__Curl_Virus/13efd83d-7fd2-41ee-b8e4-3413eda240a3___UF.GRC_YLCV_Lab 02970.JPG,selected_dataset/simple_backgrounds/073__Tomato_Tomato_YellowLeaf_Curl_Virus__13efd83d-7fd2-41ee-b8e4-3413eda240a3_UF.GRC_YLCV_Lab_02970.jpg,0.5375518798828125,0.12415907349059013,0.0,0.26969368062039184
simple_backgrounds,74,Tomato__Tomato_mosaic_virus,Tomato__Tomato_mosaic_virus/9a3a36e0-b0eb-4844-84f5-db08e2d9adef___PSU_CG 2300.JPG,selected_dataset/simple_backgrounds/074__Tomato_Tomato_mosaic_virus__9a3a36e0-b0eb-4844-84f5-db08e2d9adef_PSU_CG_2300.jpg,0.3509674072265625,0.021955567149254382,0.20472547143955971,0.33239026743307426
simple_backgrounds,75,Tomato_healthy,Tomato_healthy/4959798b-5c9b-4f8e-b0a0-3778259614b1___CG1.JPG,selected_dataset/simple_backgrounds/075__Tomato_healthy__4959798b-5c9b-4f8e-b0a0-3778259614b1_CG1.jpg,0.267242431640625,0.0,0.20063978857592019,0.1577326507730438
simple_backgrounds,76,Pepper__bell___Bacterial_spot,Pepper__bell___Bacterial_spot/1d46d97c-17ae-41e2-9ac3-6a984804760e___JR_B.Spot 8825.JPG,selected_dataset/simple_backgrounds/076__Pepper_bell_Bacterial_spot__1d46d97c-17ae-41e2-9ac3-6a984804760e_JR_B.Spot_8825.jpg,0.4849853515625,0.23653410521016863,0.163587226636987,0.2826353110259553
simple_backgrounds,77,Pepper__bell___healthy,Pepper__bell___healthy/bb88a552-d534-4175-ad70-209157de60d8___JR_HL 5809.JPG,selected_dataset/simple_backgrounds/077__Pepper_bell_healthy__bb88a552-d534-4175-ad70-209157de60d8_JR_HL_5809.jpg,0.4515838623046875,0.012400743368812299,0.11412423185518902,0.12101962948170071
simple_backgrounds,78,Potato___Early_blight,Potato___Early_blight/41cc6e70-9745-413d-b13d-c4775bcdfa7c___RS_Early.B 7610.JPG,selected_dataset/simple_backgrounds/078__Potato_Early_blight__41cc6e70-9745-413d-b13d-c4775bcdfa7c_RS_Early.B_7610.jpg,0.542449951171875,0.007651195499296765,0.449868253718427,0.09449988964522098
simple_backgrounds,79,Potato___Late_blight,Potato___Late_blight/00695906-210d-4a9d-822e-986a17384115___RS_LB 4026.JPG,selected_dataset/simple_backgrounds/079__Potato_Late_blight__00695906-210d-4a9d-822e-986a17384115_RS_LB_4026.jpg,0.392822265625,0.0052827843380981974,0.12168707099826404,0.09788457955715565
simple_backgrounds,80,Potato___healthy,Potato___healthy/c07db642-c675-4066-99b6-56bc8207fb37___RS_HL 4164.JPG,selected_dataset/simple_backgrounds/080__Potato_healthy__c07db642-c675-4066-99b6-56bc8207fb37_RS_HL_4164.jpg,0.4837188720703125,0.04463581590486104,0.2141065938125654,0.0593268378097531
simple_backgrounds,81,Tomato_Bacterial_spot,Tomato_Bacterial_spot/61790c83-fbef-4c55-8a47-bfef01b30fa0___UF.GRC_BS_Lab Leaf 8906.JPG,selected_dataset/simple_backgrounds/081__Tomato_Bacterial_spot__61790c83-fbef-4c55-8a47-bfef01b30fa0_UF.GRC_BS_Lab_Leaf_8906.jpg,0.3737640380859375,0.05833843641559502,0.0259293893889924,0.14282888530242732
simple_backgrounds,82,Tomato_Early_blight,Tomato_Early_blight/38b7f839-7d01-4062-a858-a64b841b7996___RS_Erly.B 7390.JPG,selected_dataset/simple_backgrounds/082__Tomato_Early_blight__38b7f839-7d01-4062-a858-a64b841b7996_RS_Erly.B_7390.jpg,0.3906707763671875,0.24317462797328437,0.11303189863223682,0.12236788286709774
simple_backgrounds,83,Tomato_Late_blight,Tomato_Late_blight/121097dd-b0cb-436b-9b2f-7dab30c86872___GHLB_PS Leaf 37.1 Day 13.jpg,selected_dataset/simple_backgrounds/083__Tomato_Late_blight__121097dd-b0cb-436b-9b2f-7dab30c86872_GHLB_PS_Leaf_37.1_Day_13.jpg,0.233184814453125,0.32018060463290143,0.0,0.16674477538139354
simple_backgrounds,84,Tomato_Leaf_Mold,Tomato_Leaf_Mold/47368e87-9afe-4943-8929-e5e8a652bf60___Crnl_L.Mold 8950.JPG,selected_dataset/simple_backgrounds/084__Tomato_Leaf_Mold__47368e87-9afe-4943-8929-e5e8a652bf60_Crnl_L.Mold_8950.jpg,0.3610382080078125,0.10363044672668104,0.06080769525793553,0.6100999177691447
simple_backgrounds,85,Tomato_Septoria_leaf_spot,Tomato_Septoria_leaf_spot/ffe98ff9-be33-4e8f-82f0-7b7c21b02958___JR_Sept.L.S 8455.JPG,selected_dataset/simple_backgrounds/085__Tomato_Septoria_leaf_spot__ffe98ff9-be33-4e8f-82f0-7b7c21b02958_JR_Sept.L.S_8455.jpg,0.36590576171875,0.4241451209341118,0.00538857337748686,0.5639492457538267
simple_backgrounds,86,Tomato_Spider_mites_Two_spotted_spider_mite,Tomato_Spider_mites_Two_spotted_spider_mite/d4ea7c9d-a3ff-4055-a150-77a5bf30c2b6___Com.G_SpM_FL 9299.JPG,selected_dataset/simple_backgrounds/086__Tomato_Spider_mites_Two_spotted_spider_mite__d4ea7c9d-a3ff-4055-a150-77a5bf30c2b6_Com.G_SpM_FL_9299.jpg,0.321136474609375,0.345861446355602,0.20637480490042914,0.49598428631304126
simple_backgrounds,87,Tomato__Target_Spot,Tomato__Target_Spot/d4d1505c-7798-4961-a44a-c190c3dd2b55___Com.G_TgS_FL 9997.JPG,selected_dataset/simple_backgrounds/087__Tomato_Target_Spot__d4d1505c-7798-4961-a44a-c190c3dd2b55_Com.G_TgS_FL_9997.jpg,0.3947906494140625,0.1524369033355235,0.3013822765906363,0.12143163443489288
simple_backgrounds,88,Tomato__Tomato_YellowLeaf__Curl_Virus,Tomato__Tomato_YellowLeaf__Curl_Virus/1799820c-7e9b-4aa9-9bd8-1f30bc03a020___UF.GRC_YLCV_Lab 01522.JPG,selected_dataset/simple_backgrounds/088__Tomato_Tomato_YellowLeaf_Curl_Virus__1799820c-7e9b-4aa9-9bd8-1f30bc03a020_UF.GRC_YLCV_Lab_01522.jpg,0.3668060302734375,0.13320021631515455,0.0,0.09695883938523654
simple_backgrounds,89,Tomato__Tomato_mosaic_virus,Tomato__Tomato_mosaic_virus/4a76c13f-3e28-4849-81ef-4cdd6cdcccf4___PSU_CG 2171.JPG,selected_dataset/simple_backgrounds/089__Tomato_Tomato_mosaic_virus__4a76c13f-3e28-4849-81ef-4cdd6cdcccf4_PSU_CG_2171.jpg,0.3924407958984375,0.09887631711963918,0.20830189916308872,0.3538100239008866
simple_backgrounds,90,Tomato_healthy,Tomato_healthy/c52610f1-e253-49ac-bb6f-af3dc1d9c396___GH_HL Leaf 363.1.JPG,selected_dataset/simple_backgrounds/090__Tomato_healthy__c52610f1-e253-49ac-bb6f-af3dc1d9c396_GH_HL_Leaf_363.1.jpg,0.404998779296875,0.014316931655489413,0.20710040496736765,0.10811549037332358
simple_backgrounds,91,Pepper__bell___Bacterial_spot,Pepper__bell___Bacterial_spot/264753e7-97b9-4f1e-a1c2-a9239eb691b9___JR_B.Spot 8866.JPG,selected_dataset/simple_backgrounds/091__Pepper_bell_Bacterial_spot__264753e7-97b9-4f1e-a1c2-a9239eb691b9_JR_B.Spot_8866.jpg,0.491363525390625,0.022389913669958388,0.17061715360474133,0.27684603591824813
simple_backgrounds,92,Pepper__bell___healthy,Pepper__bell___healthy/99c4f6c3-3aac-45a6-aefa-7711862d7b02___JR_HL 5983.JPG,selected_dataset/simple_backgrounds/092__Pepper_bell_healthy__99c4f6c3-3aac-45a6-aefa-7711862d7b02_JR_HL_5983.jpg,0.4682769775390625,0.10072012773306396,0.11510310402541998,0.09411761581670484
simple_backgrounds,93,Potato___Early_blight,Potato___Early_blight/0ad3ba53-f01b-403b-a99d-5991eed85045___RS_Early.B 7600.JPG,selected_dataset/simple_backgrounds/093__Potato_Early_blight__0ad3ba53-f01b-403b-a99d-5991eed85045_RS_Early.B_7600.jpg,0.4913787841796875,0.03872310033226718,0.4521210221224503,0.09468528098369791
simple_backgrounds,94,Potato___Late_blight,Potato___Late_blight/d8ef0e69-3dfc-4d13-8d49-a44fa9cfa62e___RS_LB 4140.JPG,selected_dataset/simple_backgrounds/094__Potato_Late_blight__d8ef0e69-3dfc-4d13-8d49-a44fa9cfa62e_RS_LB_4140.jpg,0.375030517578125,0.13988119456424444,0.1280699610091114,0.10643098548999896
simple_backgrounds,95,Potato___healthy,Potato___healthy/d227e4c8-e203-4aa4-b813-25b96baa2869___RS_HL 1831.JPG,selected_dataset/simple_backgrounds/095__Potato_healthy__d227e4c8-e203-4aa4-b813-25b96baa2869_RS_HL_1831.jpg,0.515625,0.17548532196969696,0.21790256713475653,0.07493844470546925
simple_backgrounds,96,Tomato_Bacterial_spot,Tomato_Bacterial_spot/191ae7fa-8ca5-4654-a01d-c4f497bb7377___UF.GRC_BS_Lab Leaf 0615.JPG,selected_dataset/simple_backgrounds/096__Tomato_Bacterial_spot__191ae7fa-8ca5-4654-a01d-c4f497bb7377_UF.GRC_BS_Lab_Leaf_0615.jpg,0.38909912109375,0.0356078431372549,0.028061448311755277,0.10721887205735135
simple_backgrounds,97,Tomato_Early_blight,Tomato_Early_blight/d344e6d5-259e-4f1c-a72e-919ae9e13005___RS_Erly.B 6482.JPG,selected_dataset/simple_backgrounds/097__Tomato_Early_blight__d344e6d5-259e-4f1c-a72e-919ae9e13005_RS_Erly.B_6482.jpg,0.3285369873046875,0.13055594259439876,0.1182382329106385,0.34317354926986293
simple_backgrounds,98,Tomato_Late_blight,Tomato_Late_blight/127f2df5-4da2-40ef-ba65-91a732f2498e___GHLB_PS Leaf 40.1 Day 18.jpg,selected_dataset/simple_backgrounds/098__Tomato_Late_blight__127f2df5-4da2-40ef-ba65-91a732f2498e_GHLB_PS_Leaf_40.1_Day_18.jpg,0.2490997314453125,0.20961715160796324,0.0,0.20384244649005706
simple_backgrounds,99,Tomato_Leaf_Mold,Tomato_Leaf_Mold/d23729f0-3d5c-4e13-abd2-5cc7f21a51ee___Crnl_L.Mold 6976.JPG,selected_dataset/simple_backgrounds/099__Tomato_Leaf_Mold__d23729f0-3d5c-4e13-abd2-5cc7f21a51ee_Crnl_L.Mold_6976.jpg,0.3283538818359375,0.46721501928528275,0.06234999049470964,0.17168087504863588
simple_backgrounds,100,Tomato_Septoria_leaf_spot,Tomato_Septoria_leaf_spot/d13b42e1-25f4-4d5e-9289-3806a53c5405___Keller.St_CG 1775.JPG,selected_dataset/simple_backgrounds/100__Tomato_Septoria_leaf_spot__d13b42e1-25f4-4d5e-9289-3806a53c5405_Keller.St_CG_1775.jpg,0.3704986572265625,0.07211399859972818,0.013729901034093607,0.34583542032533077
simple_backgrounds,101,Tomato_Spider_mites_Two_spotted_spider_mite,Tomato_Spider_mites_Two_spotted_spider_mite/d8e166cb-9d9f-4c18-8aa4-f09b04948cbf___Com.G_SpM_FL 9405.JPG,selected_dataset/simple_backgrounds/101__Tomato_Spider_mites_Two_spotted_spider_mite__d8e166cb-9d9f-4c18-8aa4-f09b04948cbf_Com.G_SpM_FL_9405.jpg,0.30328369140625,0.20668142483397062,0.22675297041671322,0.09188797435669503
simple_backgrounds,102,Tomato__Target_Spot,Tomato__Target_Spot/8fe7c34f-567b-444b-9cfa-70a1c797bd47___Com.G_TgS_FL 9917.JPG,selected_dataset/simple_backgrounds/102__Tomato_Target_Spot__8fe7c34f-567b-444b-9cfa-70a1c797bd47_Com.G_TgS_FL_9917.jpg,0.3974456787109375,0.0858064268437824,0.31202275015782505,0.2715770696375349
simple_backgrounds,103,Tomato__Tomato_YellowLeaf__Curl_Virus,Tomato__Tomato_YellowLeaf__Curl_Virus/1802387a-2c1e-4700-aa3f-2535c62278f0___UF.GRC_YLCV_Lab 02097.JPG,selected_dataset/simple_backgrounds/103__Tomato_Tomato_YellowLeaf_Curl_Virus__1802387a-2c1e-4700-aa3f-2535c62278f0_UF.GRC_YLCV_Lab_02097.jpg,0.4326934814453125,0.11697288147547343,0.0,0.06754020647646702
simple_backgrounds,104,Tomato__Tomato_mosaic_virus,Tomato__Tomato_mosaic_virus/91247151-4bae-4d55-a35c-edb9318bdb09___PSU_CG 2139.JPG,selected_dataset/simple_backgrounds/104__Tomato_Tomato_mosaic_virus__91247151-4bae-4d55-a35c-edb9318bdb09_PSU_CG_2139.jpg,0.330230712890625,0.10502726180574808,0.21793388341499118,0.30966093093697983
simple_backgrounds,105,Tomato_healthy,Tomato_healthy/a2317e6a-8548-432c-b69f-0f6daada41fa___GH_HL Leaf 469.1.JPG,selected_dataset/simple_backgrounds/105__Tomato_healthy__a2317e6a-8548-432c-b69f-0f6daada41fa_GH_HL_Leaf_469.1.jpg,0.4312286376953125,0.005201514454548671,0.2082588782736356,0.09373995209060855
simple_backgrounds,106,Pepper__bell___Bacterial_spot,Pepper__bell___Bacterial_spot/d74d7c16-ab04-49fa-9feb-8677ec37810c___JR_B.Spot 9053.JPG,selected_dataset/simple_backgrounds/106__Pepper_bell_Bacterial_spot__d74d7c16-ab04-49fa-9feb-8677ec37810c_JR_B.Spot_9053.jpg,0.5384063720703125,0.03922346606206603,0.17440144686847092,0.27239937179522866
simple_backgrounds,107,Pepper__bell___healthy,Pepper__bell___healthy/aa4f86b1-6314-47c2-9e62-39c52a2967ba___JR_HL 5819.JPG,selected_dataset/simple_backgrounds/107__Pepper_bell_healthy__aa4f86b1-6314-47c2-9e62-39c52a2967ba_JR_HL_5819.jpg,0.492919921875,0.054079990094105995,0.11742164365473762,0.2639633414971976
simple_backgrounds,108,Potato___Early_blight,Potato___Early_blight/a0d8a499-e9e4-4c88-829c-7c2270073735___RS_Early.B 8525.JPG,selected_dataset/simple_backgrounds/108__Potato_Early_blight__a0d8a499-e9e4-4c88-829c-7c2270073735_RS_Early.B_8525.jpg,0.6016998291015625,0.01972966804453123,0.45421855646314835,0.23103469690973616
simple_backgrounds,109,Potato___Late_blight,Potato___Late_blight/d648ee66-d38a-4df0-8696-c6fe5490a15b___RS_LB 4144.JPG,selected_dataset/simple_backgrounds/109__Potato_Late_blight__d648ee66-d38a-4df0-8696-c6fe5490a15b_RS_LB_4144.jpg,0.3922271728515625,0.0890099202489788,0.13576797153909492,0.08342673895881875
simple_backgrounds,110,Potato___healthy,Potato___healthy/0f4ebc5a-d646-436a-919d-961342997cde___RS_HL 4183.JPG,selected_dataset/simple_backgrounds/110__Potato_healthy__0f4ebc5a-d646-436a-919d-961342997cde_RS_HL_4183.jpg,0.56134033203125,0.0,0.22185307789515918,0.05545791059666047
simple_backgrounds,111,Tomato_Bacterial_spot,Tomato_Bacterial_spot/90cbe307-2ec6-45f8-b62d-b6fb602466f4___UF.GRC_BS_Lab Leaf 8592.JPG,selected_dataset/simple_backgrounds/111__Tomato_Bacterial_spot__90cbe307-2ec6-45f8-b62d-b6fb602466f4_UF.GRC_BS_Lab_Leaf_8592.jpg,0.416015625,0.06543427230046948,0.031116676334242945,0.24510138487106617
simple_backgrounds,112,Tomato_Early_blight,Tomato_Early_blight/765d8e2a-ebad-4fd5-a968-a9d21986268d___RS_Erly.B 6481.JPG,selected_dataset/simple_backgrounds/112__Tomato_Early_blight__765d8e2a-ebad-4fd5-a968-a9d21986268d_RS_Erly.B_6481.jpg,0.349700927734375,0.2758530412775984,0.12449278015434487,0.14604144438267389
simple_backgrounds,113,Tomato_Late_blight,Tomato_Late_blight/16b43113-cc8c-4082-a88f-648b79036e49___GHLB_PS Leaf 23.4 Day 13.jpg,selected_dataset/simple_backgrounds/113__Tomato_Late_blight__16b43113-cc8c-4082-a88f-648b79036e49_GHLB_PS_Leaf_23.4_Day_13.jpg,0.2665557861328125,0.5586467456637472,0.0,0.2908785511969034
simple_backgrounds,114,Tomato_Leaf_Mold,Tomato_Leaf_Mold/c7a3f599-36dc-40e2-8efc-d0e0568666a7___Crnl_L.Mold 6983.JPG,selected_dataset/simple_backgrounds/114__Tomato_Leaf_Mold__c7a3f599-36dc-40e2-8efc-d0e0568666a7_Crnl_L.Mold_6983.jpg,0.3721160888671875,0.39258621396645754,0.06702372778396476,0.5156459524313635
simple_backgrounds,115,Tomato_Septoria_leaf_spot,Tomato_Septoria_leaf_spot/975e4b27-f8c0-4a09-8412-bdd1f56479ba___Keller.St_CG 1855.JPG,selected_dataset/simple_backgrounds/115__Tomato_Septoria_leaf_spot__975e4b27-f8c0-4a09-8412-bdd1f56479ba_Keller.St_CG_1855.jpg,0.3572235107421875,0.052966554183930634,0.01955399715457502,0.11377698502977807
simple_backgrounds,116,Tomato_Spider_mites_Two_spotted_spider_mite,Tomato_Spider_mites_Two_spotted_spider_mite/85d02dcc-7d8f-4ba1-a55e-14d5e75444c5___Com.G_SpM_FL 9479.JPG,selected_dataset/simple_backgrounds/116__Tomato_Spider_mites_Two_spotted_spider_mite__85d02dcc-7d8f-4ba1-a55e-14d5e75444c5_Com.G_SpM_FL_9479.jpg,0.325286865234375,0.24167370297401258,0.24438316599617718,0.11807951609523511
simple_backgrounds,117,Tomato__Target_Spot,Tomato__Target_Spot/c9b3ded8-745a-430b-834b-f82572dda94b___Com.G_TgS_FL 9977.JPG,selected_dataset/simple_backgrounds/117__Tomato_Target_Spot__c9b3ded8-745a-430b-834b-f82572dda94b_Com.G_TgS_FL_9977.jpg,0.334930419921875,0.10829157175398633,0.31936001747596093,0.31164119228647086
simple_backgrounds,118,Tomato__Tomato_YellowLeaf__Curl_Virus,Tomato__Tomato_YellowLeaf__Curl_Virus/18b0cd56-fade-43b0-8668-c04d62075956___UF.GRC_YLCV_Lab 02211.JPG,selected_dataset/simple_backgrounds/118__Tomato_Tomato_YellowLeaf_Curl_Virus__18b0cd56-fade-43b0-8668-c04d62075956_UF.GRC_YLCV_Lab_02211.jpg,0.4180755615234375,0.12080732873462535,0.0,0.071037685139055
simple_backgrounds,119,Tomato__Tomato_mosaic_virus,Tomato__Tomato_mosaic_virus/65226438-efaa-4bf4-91e7-e459e3528565___PSU_CG 2143.JPG,selected_dataset/simple_backgrounds/119__Tomato_Tomato_mosaic_virus__65226438-efaa-4bf4-91e7-e459e3528565_PSU_CG_2143.jpg,0.38946533203125,0.11283497884344147,0.2256817694028139,0.13554675055517015
simple_backgrounds,120,Tomato_healthy,Tomato_healthy/1a0a5292-5e63-4afa-8611-38eef316f1e9___GH_HL Leaf 477.JPG,selected_dataset/simple_backgrounds/120__Tomato_healthy__1a0a5292-5e63-4afa-8611-38eef316f1e9_GH_HL_Leaf_477.jpg,0.39276123046875,0.0,0.20970932950747828,0.11518267640209318
simple_backgrounds,121,Pepper__bell___Bacterial_spot,Pepper__bell___Bacterial_spot/435993b8-c7f7-47fd-85ad-bdb04ab3e8bb___JR_B.Spot 8976.JPG,selected_dataset/simple_backgrounds/121__Pepper_bell_Bacterial_spot__435993b8-c7f7-47fd-85ad-bdb04ab3e8bb_JR_B.Spot_8976.jpg,0.486663818359375,0.03571204615288142,0.181594204120987,0.2759660499851965
simple_backgrounds,122,Pepper__bell___healthy,Pepper__bell___healthy/fcdaf487-38c1-43b8-906e-127185976fe7___JR_HL 8784.JPG,selected_dataset/simple_backgrounds/122__Pepper_bell_healthy__fcdaf487-38c1-43b8-906e-127185976fe7_JR_HL_8784.jpg,0.448333740234375,0.05499965965557144,0.11786928767862327,0.2930133333001401
simple_backgrounds,123,Potato___Early_blight,Potato___Early_blight/21d50c27-900e-4644-ab01-0cc96214d2f6___RS_Early.B 7153.JPG,selected_dataset/simple_backgrounds/123__Potato_Early_blight__21d50c27-900e-4644-ab01-0cc96214d2f6_RS_Early.B_7153.jpg,0.395904541015625,0.14391428351190935,0.4568971494711478,0.10084539541963342
simple_backgrounds,124,Potato___Late_blight,Potato___Late_blight/668455c6-f7cf-4dc3-a4a8-858e7d4b55c9___RS_LB 3878.JPG,selected_dataset/simple_backgrounds/124__Potato_Late_blight__668455c6-f7cf-4dc3-a4a8-858e7d4b55c9_RS_LB_3878.jpg,0.439422607421875,0.044343357177581776,0.13602125025560427,0.10530729532820687
simple_backgrounds,125,Potato___healthy,Potato___healthy/907f26b7-a14f-463f-a41e-f35d6e0f1417___RS_HL 1757.JPG,selected_dataset/simple_backgrounds/125__Potato_healthy__907f26b7-a14f-463f-a41e-f35d6e0f1417_RS_HL_1757.jpg,0.5448150634765625,0.0,0.2227771685032844,0.24798428693903635
simple_backgrounds,126,Tomato_Bacterial_spot,Tomato_Bacterial_spot/5b247678-19af-4134-941e-de7bb39cee22___UF.GRC_BS_Lab Leaf 8800.JPG,selected_dataset/simple_backgrounds/126__Tomato_Bacterial_spot__5b247678-19af-4134-941e-de7bb39cee22_UF.GRC_BS_Lab_Leaf_8800.jpg,0.535247802734375,0.13866240948742803,0.03381226858468057,0.24374267903059804
simple_backgrounds,127,Tomato_Early_blight,Tomato_Early_blight/4e8e92ba-46f4-4e49-850b-71019f6c8640___RS_Erly.B 6346.JPG,selected_dataset/simple_backgrounds/127__Tomato_Early_blight__4e8e92ba-46f4-4e49-850b-71019f6c8640_RS_Erly.B_6346.jpg,0.520782470703125,0.09443305010254907,0.12850190225013794,0.3653592335474737
simple_backgrounds,128,Tomato_Late_blight,Tomato_Late_blight/17fcb016-4663-4f95-bc0b-b40392235015___GHLB_PS Leaf 35.1 Day 13.jpg,selected_dataset/simple_backgrounds/128__Tomato_Late_blight__17fcb016-4663-4f95-bc0b-b40392235015_GHLB_PS_Leaf_35.1_Day_13.jpg,0.1392974853515625,0.4197612005696133,0.0,0.15206672487054776
simple_backgrounds,129,Tomato_Leaf_Mold,Tomato_Leaf_Mold/872c2185-148d-486c-92e8-2a3ad418f609___Crnl_L.Mold 7146.JPG,selected_dataset/simple_backgrounds/129__Tomato_Leaf_Mold__872c2185-148d-486c-92e8-2a3ad418f609_Crnl_L.Mold_7146.jpg,0.3895111083984375,0.43741920319661537,0.0688375392186521,0.4972836690183685
simple_backgrounds,130,Tomato_Septoria_leaf_spot,Tomato_Septoria_leaf_spot/3e36cafb-f2f4-4c51-9853-85fd7f1eb817___Keller.St_CG 1795.JPG,selected_dataset/simple_backgrounds/130__Tomato_Septoria_leaf_spot__3e36cafb-f2f4-4c51-9853-85fd7f1eb817_Keller.St_CG_1795.jpg,0.39337158203125,0.20077579519006983,0.020571391957121682,0.5015474508688226
simple_backgrounds,131,Tomato_Spider_mites_Two_spotted_spider_mite,Tomato_Spider_mites_Two_spotted_spider_mite/16d4c4ec-274a-4b5e-bfa3-6a40f90b46da___Com.G_SpM_FL 9465.JPG,selected_dataset/simple_backgrounds/131__Tomato_Spider_mites_Two_spotted_spider_mite__16d4c4ec-274a-4b5e-bfa3-6a40f90b46da_Com.G_SpM_FL_9465.jpg,0.306427001953125,0.433970720047804,0.24711806864352753,0.13268482206863208
simple_backgrounds,132,Tomato__Target_Spot,Tomato__Target_Spot/b1c84bc2-ad42-4d49-915b-98c54071a0f5___Com.G_TgS_FL 9831.JPG,selected_dataset/simple_backgrounds/132__Tomato_Target_Spot__b1c84bc2-ad42-4d49-915b-98c54071a0f5_Com.G_TgS_FL_9831.jpg,0.474945068359375,0.0701664203559725,0.31999505740154477,0.09105799962558246
simple_backgrounds,133,Tomato__Tomato_YellowLeaf__Curl_Virus,Tomato__Tomato_YellowLeaf__Curl_Virus/1ea07778-c22f-4183-ba26-ed5dee8e1589___UF.GRC_YLCV_Lab 02666.JPG,selected_dataset/simple_backgrounds/133__Tomato_Tomato_YellowLeaf_Curl_Virus__1ea07778-c22f-4183-ba26-ed5dee8e1589_UF.GRC_YLCV_Lab_02666.jpg,0.716949462890625,0.12097220448644277,0.0,0.5338476427131902
simple_backgrounds,134,Tomato__Tomato_mosaic_virus,Tomato__Tomato_mosaic_virus/4c518a8d-6ecc-45c2-b14c-f610a400c950___PSU_CG 2370.JPG,selected_dataset/simple_backgrounds/134__Tomato_Tomato_mosaic_virus__4c518a8d-6ecc-45c2-b14c-f610a400c950_PSU_CG_2370.jpg,0.3426361083984375,0.42516143397906925,0.23675634118909816,0.5852519444804788
simple_backgrounds,135,Tomato_healthy,Tomato_healthy/f44c5128-2575-4fda-82c7-9954ead65027___GH_HL Leaf 384.JPG,selected_dataset/simple_backgrounds/135__Tomato_healthy__f44c5128-2575-4fda-82c7-9954ead65027_GH_HL_Leaf_384.jpg,0.4604644775390625,0.0,0.21416776450536767,0.1052256563668576
simple_backgrounds,136,Pepper__bell___Bacterial_spot,Pepper__bell___Bacterial_spot/b9a94a36-2bdb-48a3-80eb-858a97ddba5b___JR_B.Spot 9080.JPG,selected_dataset/simple_backgrounds/136__Pepper_bell_Bacterial_spot__b9a94a36-2bdb-48a3-80eb-858a97ddba5b_JR_B.Spot_9080.jpg,0.3282470703125,0.0690312383785794,0.18978917537589354,0.34498712824491545
simple_backgrounds,137,Pepper__bell___healthy,Pepper__bell___healthy/b6220cf3-e18d-4303-a7ed-cf60570bed93___JR_HL 5814.JPG,selected_dataset/simple_backgrounds/137__Pepper_bell_healthy__b6220cf3-e18d-4303-a7ed-cf60570bed93_JR_HL_5814.jpg,0.512939453125,0.011988338886244645,0.11980277174060489,0.2878905446354408
simple_backgrounds,138,Potato___Early_blight,Potato___Early_blight/8f3f9eed-1a3d-4f0f-adcc-0fe3a832d95f___RS_Early.B 8518.JPG,selected_dataset/simple_backgrounds/138__Potato_Early_blight__8f3f9eed-1a3d-4f0f-adcc-0fe3a832d95f_RS_Early.B_8518.jpg,0.57769775390625,0.04582673005810882,0.45761229925306524,0.22747972853138182
simple_backgrounds,139,Potato___Late_blight,Potato___Late_blight/3a728bc7-b08d-4a11-bb49-b25d803c3336___RS_LB 4074.JPG,selected_dataset/simple_backgrounds/139__Potato_Late_blight__3a728bc7-b08d-4a11-bb49-b25d803c3336_RS_LB_4074.jpg,0.50885009765625,0.004378073647595058,0.14103163935439278,0.07815589050428032
simple_backgrounds,140,Potato___healthy,Potato___healthy/a8d687be-3777-403f-bae7-5c8c19340b3f___RS_HL 1738.JPG,selected_dataset/simple_backgrounds/140__Potato_healthy__a8d687be-3777-403f-bae7-5c8c19340b3f_RS_HL_1738.jpg,0.5291748046875,0.008506343713956172,0.27439507899112686,0.08679624960587035
simple_backgrounds,141,Tomato_Bacterial_spot,Tomato_Bacterial_spot/c42bf2e8-ccff-4c88-aa15-8f64e2577173___UF.GRC_BS_Lab Leaf 9073.JPG,selected_dataset/simple_backgrounds/141__Tomato_Bacterial_spot__c42bf2e8-ccff-4c88-aa15-8f64e2577173_UF.GRC_BS_Lab_Leaf_9073.jpg,0.366546630859375,0.11389559570393806,0.04066278214077408,0.11237569681162146
simple_backgrounds,142,Tomato_Early_blight,Tomato_Early_blight/8d70db5b-7916-4397-836d-6a73a2faaead___RS_Erly.B 6330.JPG,selected_dataset/simple_backgrounds/142__Tomato_Early_blight__8d70db5b-7916-4397-836d-6a73a2faaead_RS_Erly.B_6330.jpg,0.258941650390625,0.16971125515615793,0.12946713101287416,0.1399985800116644
simple_backgrounds,143,Tomato_Late_blight,Tomato_Late_blight/1bfebfc9-3eda-4889-bdb1-75a8929a1b4f___GHLB_PS Leaf 48 Day 18.jpg,selected_dataset/simple_backgrounds/143__Tomato_Late_blight__1bfebfc9-3eda-4889-bdb1-75a8929a1b4f_GHLB_PS_Leaf_48_Day_18.jpg,0.3262939453125,0.29559483726150393,0.0,0.12450987009816017
simple_backgrounds,144,Tomato_Leaf_Mold,Tomato_Leaf_Mold/a9ed3e3f-7c8c-4a0e-ae96-8bf55585a522___Crnl_L.Mold 7082.JPG,selected_dataset/simple_backgrounds/144__Tomato_Leaf_Mold__a9ed3e3f-7c8c-4a0e-ae96-8bf55585a522_Crnl_L.Mold_7082.jpg,0.3848876953125,0.011179828734538535,0.06997762882569378,0.4884376754324553
simple_backgrounds,145,Tomato_Septoria_leaf_spot,Tomato_Septoria_leaf_spot/544fbdc4-17a2-45c8-847d-fd31731a9d25___Keller.St_CG 1848.JPG,selected_dataset/simple_backgrounds/145__Tomato_Septoria_leaf_spot__544fbdc4-17a2-45c8-847d-fd31731a9d25_Keller.St_CG_1848.jpg,0.323150634765625,0.07503069222778355,0.02601950218655208,0.16535241389521899
simple_backgrounds,146,Tomato_Spider_mites_Two_spotted_spider_mite,Tomato_Spider_mites_Two_spotted_spider_mite/45248234-50eb-465e-a7e1-7b80140db3d3___Com.G_SpM_FL 9509.JPG,selected_dataset/simple_backgrounds/146__Tomato_Spider_mites_Two_spotted_spider_mite__45248234-50eb-465e-a7e1-7b80140db3d3_Com.G_SpM_FL_9509.jpg,0.292022705078125,0.16846065419584075,0.2514957780836652,0.16624595970047384
simple_backgrounds,147,Tomato__Target_Spot,Tomato__Target_Spot/8fbf987c-a9b3-45d9-a2ec-6304f9762530___Com.G_TgS_FL 9862.JPG,selected_dataset/simple_backgrounds/147__Tomato_Target_Spot__8fbf987c-a9b3-45d9-a2ec-6304f9762530_Com.G_TgS_FL_9862.jpg,0.324493408203125,0.18607166368851688,0.322486466803901,0.1482407913689676
simple_backgrounds,148,Tomato__Tomato_YellowLeaf__Curl_Virus,Tomato__Tomato_YellowLeaf__Curl_Virus/2058310f-e7eb-4494-8848-aa2c1ca41acb___UF.GRC_YLCV_Lab 03262.JPG,selected_dataset/simple_backgrounds/148__Tomato_Tomato_YellowLeaf_Curl_Virus__2058310f-e7eb-4494-8848-aa2c1ca41acb_UF.GRC_YLCV_Lab_03262.jpg,0.3648681640625,0.05520240883238541,0.0,0.33188155237530337
simple_backgrounds,149,Tomato__Tomato_mosaic_virus,Tomato__Tomato_mosaic_virus/a72414b0-f520-4044-abeb-cd09c28b4a9f___PSU_CG 2267.JPG,selected_dataset/simple_backgrounds/149__Tomato_Tomato_mosaic_virus__a72414b0-f520-4044-abeb-cd09c28b4a9f_PSU_CG_2267.jpg,0.36444091796875,0.14850946240160778,0.2368214935754772,0.31296679148389295
simple_backgrounds,150,Tomato_healthy,Tomato_healthy/0c8c9c80-b7e0-47a7-81d3-b5a2174e545d___GH_HL Leaf 496.1.JPG,selected_dataset/simple_backgrounds/150__Tomato_healthy__0c8c9c80-b7e0-47a7-81d3-b5a2174e545d_GH_HL_Leaf_496.1.jpg,0.35906982421875,0.18149753527112017,0.21449545240442172,0.6655820701760403
simple_backgrounds,151,Pepper__bell___Bacterial_spot,Pepper__bell___Bacterial_spot/3a041cb2-cd43-4fcf-8f84-f559d40f1bd8___JR_B.Spot 9101.JPG,selected_dataset/simple_backgrounds/151__Pepper_bell_Bacterial_spot__3a041cb2-cd43-4fcf-8f84-f559d40f1bd8_JR_B.Spot_9101.jpg,0.552398681640625,0.14825147781890502,0.1925519560646098,0.2928136603641843
simple_backgrounds,152,Pepper__bell___healthy,Pepper__bell___healthy/f025d161-089c-49e4-8f42-ca979e430977___JR_HL 6012.JPG,selected_dataset/simple_backgrounds/152__Pepper_bell_healthy__f025d161-089c-49e4-8f42-ca979e430977_JR_HL_6012.jpg,0.298980712890625,0.19296723486781667,0.12381666225987975,0.3706217643452446
simple_backgrounds,153,Potato___Early_blight,Potato___Early_blight/3bf3bb26-3cbd-46f2-a9ba-c86700edafcb___RS_Early.B 7599.JPG,selected_dataset/simple_backgrounds/153__Potato_Early_blight__3bf3bb26-3cbd-46f2-a9ba-c86700edafcb_RS_Early.B_7599.jpg,0.5044097900390625,0.033094352179568624,0.4611066189110472,0.08181232236555158
simple_backgrounds,154,Potato___Late_blight,Potato___Late_blight/974344ba-438f-4190-b71c-875924190fdc___RS_LB 3866.JPG,selected_dataset/simple_backgrounds/154__Potato_Late_blight__974344ba-438f-4190-b71c-875924190fdc_RS_LB_3866.jpg,0.4534454345703125,0.007907931487027627,0.1435544220964493,0.07944607683748522
simple_backgrounds,155,Potato___healthy,Potato___healthy/3a00204c-5e53-4e5d-95a6-f8819031744e___RS_HL 5420.JPG,selected_dataset/simple_backgrounds/155__Potato_healthy__3a00204c-5e53-4e5d-95a6-f8819031744e_RS_HL_5420.jpg,0.4597015380859375,0.008364589902745046,0.2755984677327741,0.09175944045444465
simple_backgrounds,156,Tomato_Bacterial_spot,Tomato_Bacterial_spot/27637c36-4f67-429c-97a0-39d035f3fd38___UF.GRC_BS_Lab Leaf 8864.JPG,selected_dataset/simple_backgrounds/156__Tomato_Bacterial_spot__27637c36-4f67-429c-97a0-39d035f3fd38_UF.GRC_BS_Lab_Leaf_8864.jpg,0.4807586669921875,0.08626654394261593,0.04344959988232839,0.10305242550335586
simple_backgrounds,157,Tomato_Early_blight,Tomato_Early_blight/5a0ff573-924f-48c8-a3ef-ed82995ed145___RS_Erly.B 6478.JPG,selected_dataset/simple_backgrounds/157__Tomato_Early_blight__5a0ff573-924f-48c8-a3ef-ed82995ed145_RS_Erly.B_6478.jpg,0.4666290283203125,0.42405415127039664,0.1329256850268295,0.120582998491698
simple_backgrounds,158,Tomato_Late_blight,Tomato_Late_blight/1f2dc4ae-5264-443a-a103-67fafb37bc70___GHLB_PS Leaf 26.1 Day 16.jpg,selected_dataset/simple_backgrounds/158__Tomato_Late_blight__1f2dc4ae-5264-443a-a103-67fafb37bc70_GHLB_PS_Leaf_26.1_Day_16.jpg,0.153289794921875,0.5361337845908819,0.0,0.23065037834994395
simple_backgrounds,159,Tomato_Leaf_Mold,Tomato_Leaf_Mold/5467ad1f-7db3-4b4d-907a-12ea50ef84c3___Crnl_L.Mold 7097.JPG,selected_dataset/simple_backgrounds/159__Tomato_Leaf_Mold__5467ad1f-7db3-4b4d-907a-12ea50ef84c3_Crnl_L.Mold_7097.jpg,0.38177490234375,0.13896882494004797,0.08031919152257962,0.3166969296064344
simple_backgrounds,160,Tomato_Septoria_leaf_spot,Tomato_Septoria_leaf_spot/3931a2cf-5122-47f2-bff0-509460130890___Matt.S_CG 1139.JPG,selected_dataset/simple_backgrounds/160__Tomato_Septoria_leaf_spot__3931a2cf-5122-47f2-bff0-509460130890_Matt.S_CG_1139.jpg,0.5018768310546875,0.0831534462314919,0.027612606887047777,0.31306540042413933
simple_backgrounds,161,Tomato_Spider_mites_Two_spotted_spider_mite,Tomato_Spider_mites_Two_spotted_spider_mite/f8450125-610c-4bb2-a6e5-0772951312ca___Com.G_SpM_FL 9489.JPG,selected_dataset/simple_backgrounds/161__Tomato_Spider_mites_Two_spotted_spider_mite__f8450125-610c-4bb2-a6e5-0772951312ca_Com.G_SpM_FL_9489.jpg,0.2790374755859375,0.15344233608574398,0.25204813279655996,0.29853214207744044
simple_backgrounds,162,Tomato__Target_Spot,Tomato__Target_Spot/b139a66a-e8c1-43dc-9b64-82c1c4466f98___Com.G_TgS_FL 9867.JPG,selected_dataset/simple_backgrounds/162__Tomato_Target_Spot__b139a66a-e8c1-43dc-9b64-82c1c4466f98_Com.G_TgS_FL_9867.jpg,0.3850250244140625,0.26207743827527447,0.32524483865285647,0.12260271308291482
simple_backgrounds,163,Tomato__Tomato_YellowLeaf__Curl_Virus,Tomato__Tomato_YellowLeaf__Curl_Virus/206a8eda-8843-49c9-83f4-e5d8f50c1421___UF.GRC_YLCV_Lab 01514.JPG,selected_dataset/simple_backgrounds/163__Tomato_Tomato_YellowLeaf_Curl_Virus__206a8eda-8843-49c9-83f4-e5d8f50c1421_UF.GRC_YLCV_Lab_01514.jpg,0.36859130859375,0.1306093724126511,0.0,0.1125547519908141
simple_backgrounds,164,Tomato__Tomato_mosaic_virus,Tomato__Tomato_mosaic_virus/9876590b-d8fd-48b0-9b48-c8ed707db6f8___PSU_CG 2127.JPG,selected_dataset/simple_backgrounds/164__Tomato_Tomato_mosaic_virus__9876590b-d8fd-48b0-9b48-c8ed707db6f8_PSU_CG_2127.jpg,0.356292724609375,0.0880085653104925,0.24009169548806714,0.7146599806909884
simple_backgrounds,165,Tomato_healthy,Tomato_healthy/5104e988-bef6-45fe-9677-095a045239ad___GH_HL Leaf 449.JPG,selected_dataset/simple_backgrounds/165__Tomato_healthy__5104e988-bef6-45fe-9677-095a045239ad_GH_HL_Leaf_449.jpg,0.36456298828125,0.005315586807299514,0.21875146881583457,0.1297926822425408
simple_backgrounds,166,Pepper__bell___Bacterial_spot,Pepper__bell___Bacterial_spot/e90ac690-4fbd-4ded-94f2-af7373479164___JR_B.Spot 8931.JPG,selected_dataset/simple_backgrounds/166__Pepper_bell_Bacterial_spot__e90ac690-4fbd-4ded-94f2-af7373479164_JR_B.Spot_8931.jpg,0.4883880615234375,0.01865216983784797,0.19295987239286358,0.2585748437257253
simple_backgrounds,167,Pepper__bell___healthy,Pepper__bell___healthy/a8d0f75a-6f10-44db-b6c4-72f19646167d___JR_HL 5892.JPG,selected_dataset/simple_backgrounds/167__Pepper_bell_healthy__a8d0f75a-6f10-44db-b6c4-72f19646167d_JR_HL_5892.jpg,0.4083251953125,0.14189088191330343,0.12822171737243138,0.28057006075201396
simple_backgrounds,168,Potato___Early_blight,Potato___Early_blight/ddc6aed7-43bd-49bc-88d0-6f942acb362a___RS_Early.B 7328.JPG,selected_dataset/simple_backgrounds/168__Potato_Early_blight__ddc6aed7-43bd-49bc-88d0-6f942acb362a_RS_Early.B_7328.jpg,0.550872802734375,0.023489003379314165,0.46216498314830823,0.2544654223296626
simple_backgrounds,169,Potato___Late_blight,Potato___Late_blight/b469e38c-ef99-4ed1-b294-1e65727138fb___RS_LB 4056.JPG,selected_dataset/simple_backgrounds/169__Potato_Late_blight__b469e38c-ef99-4ed1-b294-1e65727138fb_RS_LB_4056.jpg,0.373931884765625,0.08581571859952665,0.14708091911440524,0.08873603862756912
simple_backgrounds,170,Potato___healthy,Potato___healthy/d287be3d-cac6-4485-8c31-674fb8b459be___RS_HL 1973.JPG,selected_dataset/simple_backgrounds/170__Potato_healthy__d287be3d-cac6-4485-8c31-674fb8b459be_RS_HL_1973.jpg,0.531524658203125,0.0031291267152781764,0.2765331632020386,0.07753300369624888
simple_backgrounds,171,Tomato_Bacterial_spot,Tomato_Bacterial_spot/888463af-3611-49bb-bbf3-b3b35d0496dd___UF.GRC_BS_Lab Leaf 8725.JPG,selected_dataset/simple_backgrounds/171__Tomato_Bacterial_spot__888463af-3611-49bb-bbf3-b3b35d0496dd_UF.GRC_BS_Lab_Leaf_8725.jpg,0.529052734375,0.05433779418550992,0.045592152814505474,0.2542080546588082
simple_backgrounds,172,Tomato_Early_blight,Tomato_Early_blight/16d79bd2-5c70-4e6b-a52a-0c578b501d04___RS_Erly.B 6446.JPG,selected_dataset/simple_backgrounds/172__Tomato_Early_blight__16d79bd2-5c70-4e6b-a52a-0c578b501d04_RS_Erly.B_6446.jpg,0.395172119140625,0.379604602672021,0.1338225388606438,0.2833098674405836
simple_backgrounds,173,Tomato_Late_blight,Tomato_Late_blight/231e8502-72a3-4717-9ab7-919d02f6be1b___GHLB_PS Leaf 27.4 Day 13.jpg,selected_dataset/simple_backgrounds/173__Tomato_Late_blight__231e8502-72a3-4717-9ab7-919d02f6be1b_GHLB_PS_Leaf_27.4_Day_13.jpg,0.3705291748046875,0.1966396244286126,0.0,0.35316290613424073
simple_backgrounds,174,Tomato_Leaf_Mold,Tomato_Leaf_Mold/1531d75f-303f-486d-a690-0318258e5477___Crnl_L.Mold 6977.JPG,selected_dataset/simple_backgrounds/174__Tomato_Leaf_Mold__1531d75f-303f-486d-a690-0318258e5477_Crnl_L.Mold_6977.jpg,0.35186767578125,0.2639635732870772,0.08243600452446896,0.5522410722220785
simple_backgrounds,175,Tomato_Septoria_leaf_spot,Tomato_Septoria_leaf_spot/3d638a43-43eb-4f93-85bf-b1cc41ab117f___Matt.S_CG 0751.JPG,selected_dataset/simple_backgrounds/175__Tomato_Septoria_leaf_spot__3d638a43-43eb-4f93-85bf-b1cc41ab117f_Matt.S_CG_0751.jpg,0.3260498046875,0.06813927368026956,0.030879560093329667,0.6916568415435452
simple_backgrounds,176,Tomato_Spider_mites_Two_spotted_spider_mite,Tomato_Spider_mites_Two_spotted_spider_mite/d8a1b62d-7ea5-417c-aceb-b466f7822690___Com.G_SpM_FL 9487.JPG,selected_dataset/simple_backgrounds/176__Tomato_Spider_mites_Two_spotted_spider_mite__d8a1b62d-7ea5-417c-aceb-b466f7822690_Com.G_SpM_FL_9487.jpg,0.294097900390625,0.11782712462384559,0.26448380368825286,0.30514474554421467
simple_backgrounds,177,Tomato__Target_Spot,Tomato__Target_Spot/d7a7fc0c-131e-41ef-ac68-8c005f9123d0___Com.G_TgS_FL 8183.JPG,selected_dataset/simple_backgrounds/177__Tomato_Target_Spot__d7a7fc0c-131e-41ef-ac68-8c005f9123d0_Com.G_TgS_FL_8183.jpg,0.4151458740234375,0.8836328885948469,0.3284644535690866,0.3197260850596514
simple_backgrounds,178,Tomato__Tomato_YellowLeaf__Curl_Virus,Tomato__Tomato_YellowLeaf__Curl_Virus/22103d3e-3b76-4cc4-9d78-12db97bde78f___UF.GRC_YLCV_Lab 02977.JPG,selected_dataset/simple_backgrounds/178__Tomato_Tomato_YellowLeaf_Curl_Virus__22103d3e-3b76-4cc4-9d78-12db97bde78f_UF.GRC_YLCV_Lab_02977.jpg,0.7427215576171875,0.10902927580893683,0.0,0.5051909392216072
simple_backgrounds,179,Tomato__Tomato_mosaic_virus,Tomato__Tomato_mosaic_virus/7395917b-a4d4-4156-9bd8-55b4a4dc5022___PSU_CG 2207.JPG,selected_dataset/simple_backgrounds/179__Tomato_Tomato_mosaic_virus__7395917b-a4d4-4156-9bd8-55b4a4dc5022_PSU_CG_2207.jpg,0.3256683349609375,0.008058848334348499,0.2406368003723322,0.4084839361684408
simple_backgrounds,180,Tomato_healthy,Tomato_healthy/5a7de071-ba6b-4a06-a3d4-eab0abdc6ecf___GH_HL Leaf 398.1.JPG,selected_dataset/simple_backgrounds/180__Tomato_healthy__5a7de071-ba6b-4a06-a3d4-eab0abdc6ecf_GH_HL_Leaf_398.1.jpg,0.3852386474609375,0.004119301303125124,0.22893995904588887,0.12399286810433888
simple_backgrounds,181,Pepper__bell___Bacterial_spot,Pepper__bell___Bacterial_spot/44dd61ff-4a53-4657-8340-4bd56d8d5dae___JR_B.Spot 8911.JPG,selected_dataset/simple_backgrounds/181__Pepper_bell_Bacterial_spot__44dd61ff-4a53-4657-8340-4bd56d8d5dae_JR_B.Spot_8911.jpg,0.4964447021484375,0.2821576763485477,0.19647055113811848,0.29326293443860973
simple_backgrounds,182,Pepper__bell___healthy,Pepper__bell___healthy/2e9037ac-b030-4837-bf2f-56b89c4b66bf___JR_HL 7603.JPG,selected_dataset/simple_backgrounds/182__Pepper_bell_healthy__2e9037ac-b030-4837-bf2f-56b89c4b66bf_JR_HL_7603.jpg,0.610382080078125,0.06502174891255437,0.1358948706071524,0.3897620087844756
simple_backgrounds,183,Potato___Early_blight,Potato___Early_blight/904dba96-8ff1-45e2-af16-9c9cc5865c32___RS_Early.B 7349.JPG,selected_dataset/simple_backgrounds/183__Potato_Early_blight__904dba96-8ff1-45e2-af16-9c9cc5865c32_RS_Early.B_7349.jpg,0.514984130859375,0.01691851851851852,0.46557905783042963,0.2692930797739028
simple_backgrounds,184,Potato___Late_blight,Potato___Late_blight/5e92b00d-92ed-4de5-b3f7-0d14a076cf02___RS_LB 4004.JPG,selected_dataset/simple_backgrounds/184__Potato_Late_blight__5e92b00d-92ed-4de5-b3f7-0d14a076cf02_RS_LB_4004.jpg,0.380523681640625,0.09038415269869275,0.14781028744206348,0.09888543229613757
simple_backgrounds,185,Potato___healthy,Potato___healthy/20ac28d6-5708-4e31-8676-1b1979de094f___RS_HL 1735.JPG,selected_dataset/simple_backgrounds/185__Potato_healthy__20ac28d6-5708-4e31-8676-1b1979de094f_RS_HL_1735.jpg,0.548126220703125,0.08966649963810479,0.2837135448473527,0.2515608480587793
simple_backgrounds,186,Tomato_Bacterial_spot,Tomato_Bacterial_spot/086dd5ed-279a-458b-aa4a-1484305ac21c___UF.GRC_BS_Lab Leaf 8835.JPG,selected_dataset/simple_backgrounds/186__Tomato_Bacterial_spot__086dd5ed-279a-458b-aa4a-1484305ac21c_UF.GRC_BS_Lab_Leaf_8835.jpg,0.43359375,0.12855433558558557,0.05385405325063981,0.1140626956445466
simple_backgrounds,187,Tomato_Early_blight,Tomato_Early_blight/676eb874-87e8-4f5d-bd38-013799c31996___RS_Erly.B 6458.JPG,selected_dataset/simple_backgrounds/187__Tomato_Early_blight__676eb874-87e8-4f5d-bd38-013799c31996_RS_Erly.B_6458.jpg,0.4421539306640625,0.271698243434448,0.13702597474142467,0.10429497722156479
simple_backgrounds,188,Tomato_Late_blight,Tomato_Late_blight/233f5fca-7077-4175-a29f-57f310ea7879___GHLB_PS Leaf 51 Day 18.jpg,selected_dataset/simple_backgrounds/188__Tomato_Late_blight__233f5fca-7077-4175-a29f-57f310ea7879_GHLB_PS_Leaf_51_Day_18.jpg,0.1785888671875,0.10714285714285714,0.0,0.12930394307787474
simple_backgrounds,189,Tomato_Leaf_Mold,Tomato_Leaf_Mold/e6b6cab1-56f9-429f-b89f-110c0128d5be___Crnl_L.Mold 7098.JPG,selected_dataset/simple_backgrounds/189__Tomato_Leaf_Mold__e6b6cab1-56f9-429f-b89f-110c0128d5be_Crnl_L.Mold_7098.jpg,0.36810302734375,0.38505223014425466,0.08297141796073365,0.2836764311046067
simple_backgrounds,190,Tomato_Septoria_leaf_spot,Tomato_Septoria_leaf_spot/5ef12ea0-b2bc-4c2c-a5e4-7cc26e57c626___Keller.St_CG 1768.JPG,selected_dataset/simple_backgrounds/190__Tomato_Septoria_leaf_spot__5ef12ea0-b2bc-4c2c-a5e4-7cc26e57c626_Keller.St_CG_1768.jpg,0.35821533203125,0.013588345544385755,0.03198980881397079,0.6112683907167599
simple_backgrounds,191,Tomato_Spider_mites_Two_spotted_spider_mite,Tomato_Spider_mites_Two_spotted_spider_mite/fee1de1c-c369-4535-baec-d6104df9a05d___Com.G_SpM_FL 9396.JPG,selected_dataset/simple_backgrounds/191__Tomato_Spider_mites_Two_spotted_spider_mite__fee1de1c-c369-4535-baec-d6104df9a05d_Com.G_SpM_FL_9396.jpg,0.28424072265625,0.3385226540691432,0.26563853351680616,0.3078399268319246
simple_backgrounds,192,Tomato__Target_Spot,Tomato__Target_Spot/c0713445-c94b-4878-884d-afacbd45e0ba___Com.G_TgS_FL 9866.JPG,selected_dataset/simple_backgrounds/192__Tomato_Target_Spot__c0713445-c94b-4878-884d-afacbd45e0ba_Com.G_TgS_FL_9866.jpg,0.3634490966796875,0.15857088878626308,0.3285732616421987,0.27668032491072014
simple_backgrounds,193,Tomato__Tomato_YellowLeaf__Curl_Virus,Tomato__Tomato_YellowLeaf__Curl_Virus/255d2f78-a202-4eb2-ac22-c378543879c8___UF.GRC_YLCV_Lab 03375.JPG,selected_dataset/simple_backgrounds/193__Tomato_Tomato_YellowLeaf_Curl_Virus__255d2f78-a202-4eb2-ac22-c378543879c8_UF.GRC_YLCV_Lab_03375.jpg,0.432373046875,0.1427159796725014,0.0,0.09044110653960742
simple_backgrounds,194,Tomato__Tomato_mosaic_virus,Tomato__Tomato_mosaic_virus/71ed39c0-f601-4913-aaf0-7719b3cc75b2___PSU_CG 2152.JPG,selected_dataset/simple_backgrounds/194__Tomato_Tomato_mosaic_virus__71ed39c0-f601-4913-aaf0-7719b3cc75b2_PSU_CG_2152.jpg,0.346588134765625,0.16602095623844326,0.24467532868023065,0.335840399184105
simple_backgrounds,195,Tomato_healthy,Tomato_healthy/167247af-fd67-4b70-a72e-052dc5ea863b___GH_HL Leaf 388.1.JPG,selected_dataset/simple_backgrounds/195__Tomato_healthy__167247af-fd67-4b70-a72e-052dc5ea863b_GH_HL_Leaf_388.1.jpg,0.3993377685546875,0.0,0.23697817591144993,0.10001082913824816
simple_backgrounds,196,Pepper__bell___Bacterial_spot,Pepper__bell___Bacterial_spot/a47d3b9e-eda3-4de2-b8a9-f5505e28d309___JR_B.Spot 3118.JPG,selected_dataset/simple_backgrounds/196__Pepper_bell_Bacterial_spot__a47d3b9e-eda3-4de2-b8a9-f5505e28d309_JR_B.Spot_3118.jpg,0.4865264892578125,0.14063039046573625,0.20927029837251696,0.328565697516877
simple_backgrounds,197,Pepper__bell___healthy,Pepper__bell___healthy/3dbd080a-21d0-4fb0-8c31-9638c6030943___JR_HL 5817.JPG,selected_dataset/simple_backgrounds/197__Pepper_bell_healthy__3dbd080a-21d0-4fb0-8c31-9638c6030943_JR_HL_5817.jpg,0.508026123046875,0.005106025109629363,0.13627953853853192,0.27078049673056204
simple_backgrounds,198,Potato___Early_blight,Potato___Early_blight/86e98583-f506-4cb7-ba11-eea466662ec7___RS_Early.B 7335.JPG,selected_dataset/simple_backgrounds/198__Potato_Early_blight__86e98583-f506-4cb7-ba11-eea466662ec7_RS_Early.B_7335.jpg,0.5743560791015625,0.006987061980287453,0.47117588311854314,0.07072169164356656
simple_backgrounds,199,Potato___Late_blight,Potato___Late_blight/d1a28228-aae8-4348-b7a1-545dcf72d842___RS_LB 3875.JPG,selected_dataset/simple_backgrounds/199__Potato_Late_blight__d1a28228-aae8-4348-b7a1-545dcf72d842_RS_LB_3875.jpg,0.4123382568359375,0.013358990489582948,0.1569881232989982,0.2702396557805381
simple_backgrounds,200,Potato___healthy,Potato___healthy/5df30492-0b54-474d-8883-bba9474ca88f___RS_HL 1801.JPG,selected_dataset/simple_backgrounds/200__Potato_healthy__5df30492-0b54-474d-8883-bba9474ca88f_RS_HL_1801.jpg,0.50885009765625,0.02195034184958618,0.28551715624950186,0.08798336094937413
simple_backgrounds,201,Tomato_Bacterial_spot,Tomato_Bacterial_spot/21b0722c-abfd-4aab-88cb-646b6e284cbf___UF.GRC_BS_Lab Leaf 8683.JPG,selected_dataset/simple_backgrounds/201__Tomato_Bacterial_spot__21b0722c-abfd-4aab-88cb-646b6e284cbf_UF.GRC_BS_Lab_Leaf_8683.jpg,0.48724365234375,0.09667418263810598,0.05394810203083483,0.2770808182275183
simple_backgrounds,202,Tomato_Early_blight,Tomato_Early_blight/30546f58-8d3a-4318-87d1-322427a12380___RS_Erly.B 7404.JPG,selected_dataset/simple_backgrounds/202__Tomato_Early_blight__30546f58-8d3a-4318-87d1-322427a12380_RS_Erly.B_7404.jpg,0.3871307373046875,0.47361160379961376,0.14247026364177806,0.30499591252400154
simple_backgrounds,203,Tomato_Late_blight,Tomato_Late_blight/28130e0a-20fa-47bb-a995-74933946ff2f___GHLB_PS Leaf 24.4 Day 13.jpg,selected_dataset/simple_backgrounds/203__Tomato_Late_blight__28130e0a-20fa-47bb-a995-74933946ff2f_GHLB_PS_Leaf_24.4_Day_13.jpg,0.2663421630859375,0.34442853050701805,0.0,0.1922894598805346
simple_backgrounds,204,Tomato_Leaf_Mold,Tomato_Leaf_Mold/d9fdbaad-4cf2-4214-bd39-5f640f517260___Crnl_L.Mold 7051.JPG,selected_dataset/simple_backgrounds/204__Tomato_Leaf_Mold__d9fdbaad-4cf2-4214-bd39-5f640f517260_Crnl_L.Mold_7051.jpg,0.361724853515625,0.017084282460136675,0.08393281838414157,0.6856439267534051
simple_backgrounds,205,Tomato_Septoria_leaf_spot,Tomato_Septoria_leaf_spot/13ae950c-d128-4ee8-9309-c9eaf611f469___Matt.S_CG 1277.JPG,selected_dataset/simple_backgrounds/205__Tomato_Septoria_leaf_spot__13ae950c-d128-4ee8-9309-c9eaf611f469_Matt.S_CG_1277.jpg,0.5157318115234375,0.01964555164353975,0.03315758552385443,0.10356928124508266
simple_backgrounds,206,Tomato_Spider_mites_Two_spotted_spider_mite,Tomato_Spider_mites_Two_spotted_spider_mite/56c9cf66-9b9f-4da0-88b7-47fe8f633a84___Com.G_SpM_FL 9296.JPG,selected_dataset/simple_backgrounds/206__Tomato_Spider_mites_Two_spotted_spider_mite__56c9cf66-9b9f-4da0-88b7-47fe8f633a84_Com.G_SpM_FL_9296.jpg,0.3845977783203125,0.37222773259273956,0.26703001037153173,0.09178014335662114
simple_backgrounds,207,Tomato__Target_Spot,Tomato__Target_Spot/c66b04ac-ccad-45d7-bc89-d2280090a2a9___Com.G_TgS_FL 9864.JPG,selected_dataset/simple_backgrounds/207__Tomato_Target_Spot__c66b04ac-ccad-45d7-bc89-d2280090a2a9_Com.G_TgS_FL_9864.jpg,0.378326416015625,0.2210212148100347,0.32924972806290975,0.3240534158056137
simple_backgrounds,208,Tomato__Tomato_YellowLeaf__Curl_Virus,Tomato__Tomato_YellowLeaf__Curl_Virus/25fe4750-d82d-48a0-b592-ff7c42e01d25___UF.GRC_YLCV_Lab 03315.JPG,selected_dataset/simple_backgrounds/208__Tomato_Tomato_YellowLeaf_Curl_Virus__25fe4750-d82d-48a0-b592-ff7c42e01d25_UF.GRC_YLCV_Lab_03315.jpg,0.384765625,0.13638166243654823,0.0,0.09698450298522109
simple_backgrounds,209,Tomato__Tomato_mosaic_virus,Tomato__Tomato_mosaic_virus/67662638-1bfa-4ff6-8305-2d8544277ef0___PSU_CG 2222.JPG,selected_dataset/simple_backgrounds/209__Tomato_Tomato_mosaic_virus__67662638-1bfa-4ff6-8305-2d8544277ef0_PSU_CG_2222.jpg,0.3783416748046875,0.12506553740673523,0.248571829264841,0.6740097397306185
simple_backgrounds,210,Tomato_healthy,Tomato_healthy/0184dc6b-bfc1-4515-ac59-bbadaf524e1a___GH_HL Leaf 422.1.JPG,selected_dataset/simple_backgrounds/210__Tomato_healthy__0184dc6b-bfc1-4515-ac59-bbadaf524e1a_GH_HL_Leaf_422.1.jpg,0.447601318359375,0.0,0.24044294089348578,0.11071842599287433
simple_backgrounds,211,Pepper__bell___Bacterial_spot,Pepper__bell___Bacterial_spot/ce9fbb2a-9b61-463a-816f-b9d1d8273a67___JR_B.Spot 8860.JPG,selected_dataset/simple_backgrounds/211__Pepper_bell_Bacterial_spot__ce9fbb2a-9b61-463a-816f-b9d1d8273a67_JR_B.Spot_8860.jpg,0.5010833740234375,0.014281799080361765,0.20929990719700742,0.275807077310896
simple_backgrounds,212,Pepper__bell___healthy,Pepper__bell___healthy/e3a45ddd-c2f6-466c-b857-bf404a94b65c___JR_HL 8665.JPG,selected_dataset/simple_backgrounds/212__Pepper_bell_healthy__e3a45ddd-c2f6-466c-b857-bf404a94b65c_JR_HL_8665.jpg,0.4655303955078125,0.004883804778917696,0.14008926134302446,0.2860914067743638
simple_backgrounds,213,Potato___Early_blight,Potato___Early_blight/419611a4-5597-43d6-ae92-c3c09bc549d7___RS_Early.B 7182.JPG,selected_dataset/simple_backgrounds/213__Potato_Early_blight__419611a4-5597-43d6-ae92-c3c09bc549d7_RS_Early.B_7182.jpg,0.5009765625,0.021564327485380116,0.4754725830669705,0.24957117316480726
simple_backgrounds,214,Potato___Late_blight,Potato___Late_blight/ede8e8be-6d71-466e-918e-44afa1403e30___RS_LB 5455.JPG,selected_dataset/simple_backgrounds/214__Potato_Late_blight__ede8e8be-6d71-466e-918e-44afa1403e30_RS_LB_5455.jpg,0.521209716796875,0.012237250424497921,0.158285024749304,0.2578060899839583
simple_backgrounds,215,Potato___healthy,Potato___healthy/762672f4-17e6-4fd6-84f1-3bcb091b3ca5___RS_HL 5417.JPG,selected_dataset/simple_backgrounds/215__Potato_healthy__762672f4-17e6-4fd6-84f1-3bcb091b3ca5_RS_HL_5417.jpg,0.5055084228515625,0.015092517130006942,0.28888327656844515,0.07139328030537043
simple_backgrounds,216,Tomato_Bacterial_spot,Tomato_Bacterial_spot/a6bbc7a3-0281-4fcc-b480-0917f3416908___UF.GRC_BS_Lab Leaf 9054.JPG,selected_dataset/simple_backgrounds/216__Tomato_Bacterial_spot__a6bbc7a3-0281-4fcc-b480-0917f3416908_UF.GRC_BS_Lab_Leaf_9054.jpg,0.4040679931640625,0.09278350515463918,0.05736169604151839,0.10462935758944811
simple_backgrounds,217,Tomato_Early_blight,Tomato_Early_blight/250df77c-cb57-4e85-9cf2-531033930030___RS_Erly.B 6477.JPG,selected_dataset/simple_backgrounds/217__Tomato_Early_blight__250df77c-cb57-4e85-9cf2-531033930030_RS_Erly.B_6477.jpg,0.3963775634765625,0.2153443430727182,0.144122762772109,0.28882088761483937
simple_backgrounds,218,Tomato_Late_blight,Tomato_Late_blight/2850266c-aca2-4114-807f-a5b90ad012e5___GHLB Leaf 9 Day 6.JPG,selected_dataset/simple_backgrounds/218__Tomato_Late_blight__2850266c-aca2-4114-807f-a5b90ad012e5_GHLB_Leaf_9_Day_6.jpg,0.9287261962890625,0.2069333771461431,0.0,0.4739786700845406
simple_backgrounds,219,Tomato_Leaf_Mold,Tomato_Leaf_Mold/edd41abf-a135-4648-b724-a57b91f403e5___Crnl_L.Mold 6980.JPG,selected_dataset/simple_backgrounds/219__Tomato_Leaf_Mold__edd41abf-a135-4648-b724-a57b91f403e5_Crnl_L.Mold_6980.jpg,0.3634185791015625,0.46722929000293906,0.08583266976473522,0.36353607478207856
simple_backgrounds,220,Tomato_Septoria_leaf_spot,Tomato_Septoria_leaf_spot/d2f97435-6763-41b9-9c83-44fb45fa4d24___Matt.S_CG 1051.JPG,selected_dataset/simple_backgrounds/220__Tomato_Septoria_leaf_spot__d2f97435-6763-41b9-9c83-44fb45fa4d24_Matt.S_CG_1051.jpg,0.5027618408203125,0.0831588212085344,0.033905571585373044,0.2946349188354303
simple_backgrounds,221,Tomato_Spider_mites_Two_spotted_spider_mite,Tomato_Spider_mites_Two_spotted_spider_mite/c65bee06-904b-4e58-a1e8-9f50d4d19fa7___Com.G_SpM_FL 9414.JPG,selected_dataset/simple_backgrounds/221__Tomato_Spider_mites_Two_spotted_spider_mite__c65bee06-904b-4e58-a1e8-9f50d4d19fa7_Com.G_SpM_FL_9414.jpg,0.2952728271484375,0.29001085215234357,0.27405655218427144,0.28472433960797094
simple_backgrounds,222,Tomato__Target_Spot,Tomato__Target_Spot/db1798d0-9c2c-4239-812a-f5328e5a3502___Com.G_TgS_FL 9822.JPG,selected_dataset/simple_backgrounds/222__Tomato_Target_Spot__db1798d0-9c2c-4239-812a-f5328e5a3502_Com.G_TgS_FL_9822.jpg,0.3756256103515625,0.15972701791444938,0.3390950032912279,0.32285069699078517
simple_backgrounds,223,Tomato__Tomato_YellowLeaf__Curl_Virus,Tomato__Tomato_YellowLeaf__Curl_Virus/2cc6d499-bf92-48c6-b0f9-6d9ef3c2f76e___UF.GRC_YLCV_Lab 03271.JPG,selected_dataset/simple_backgrounds/223__Tomato_Tomato_YellowLeaf_Curl_Virus__2cc6d499-bf92-48c6-b0f9-6d9ef3c2f76e_UF.GRC_YLCV_Lab_03271.jpg,0.3980865478515625,0.1442753650964008,0.0,0.09283810431051664
simple_backgrounds,224,Tomato__Tomato_mosaic_virus,Tomato__Tomato_mosaic_virus/6804695f-56f8-4ff9-90f8-69ee95097463___PSU_CG 2067.JPG,selected_dataset/simple_backgrounds/224__Tomato_Tomato_mosaic_virus__6804695f-56f8-4ff9-90f8-69ee95097463_PSU_CG_2067.jpg,0.382965087890625,0.046896167025260976,0.249344778432038,0.5202429717134927
simple_backgrounds,225,Tomato_healthy,Tomato_healthy/085cbe78-1d5c-45eb-877f-f409526032d5___GH_HL Leaf 469.JPG,selected_dataset/simple_backgrounds/225__Tomato_healthy__085cbe78-1d5c-45eb-877f-f409526032d5_GH_HL_Leaf_469.jpg,0.40081787109375,0.004263742957210294,0.24967396684437373,0.0909452060652936
simple_backgrounds,226,Pepper__bell___Bacterial_spot,Pepper__bell___Bacterial_spot/5bdf4dcc-7f67-4dc6-92a3-671c6dd4c61f___JR_B.Spot 8942.JPG,selected_dataset/simple_backgrounds/226__Pepper_bell_Bacterial_spot__5bdf4dcc-7f67-4dc6-92a3-671c6dd4c61f_JR_B.Spot_8942.jpg,0.46051025390625,0.08436050364479789,0.21599182080337945,0.29553491956076994
simple_backgrounds,227,Pepper__bell___healthy,Pepper__bell___healthy/8e68dd51-f132-4aed-ad05-1ae0d743d984___JR_HL 8623.JPG,selected_dataset/simple_backgrounds/227__Pepper_bell_healthy__8e68dd51-f132-4aed-ad05-1ae0d743d984_JR_HL_8623.jpg,0.569732666015625,0.01194493545449676,0.14130176839902453,0.2547697949139934
simple_backgrounds,228,Potato___Early_blight,Potato___Early_blight/17848019-6609-4cc9-b27b-c70b296ceb09___RS_Early.B 7049.JPG,selected_dataset/simple_backgrounds/228__Potato_Early_blight__17848019-6609-4cc9-b27b-c70b296ceb09_RS_Early.B_7049.jpg,0.5283050537109375,0.02703405250844814,0.47939920765465827,0.25138870799361496
simple_backgrounds,229,Potato___Late_blight,Potato___Late_blight/a6b27bfe-0e60-4984-98ca-af4b2316dfff___RS_LB 3881.JPG,selected_dataset/simple_backgrounds/229__Potato_Late_blight__a6b27bfe-0e60-4984-98ca-af4b2316dfff_RS_LB_3881.jpg,0.3784637451171875,0.08954561948151434,0.1589873350569918,0.29634417699767257
simple_backgrounds,230,Potato___healthy,Potato___healthy/b42621c3-f751-46e1-a8d2-83ed85b90554___RS_HL 1740.JPG,selected_dataset/simple_backgrounds/230__Potato_healthy__b42621c3-f751-46e1-a8d2-83ed85b90554_RS_HL_1740.jpg,0.558624267578125,0.009669489210598197,0.29038081143029204,0.08423585908616657
simple_backgrounds,231,Tomato_Bacterial_spot,Tomato_Bacterial_spot/a7869065-f57e-42ba-aa3e-133fa45a7479___UF.GRC_BS_Lab Leaf 0827.JPG,selected_dataset/simple_backgrounds/231__Tomato_Bacterial_spot__a7869065-f57e-42ba-aa3e-133fa45a7479_UF.GRC_BS_Lab_Leaf_0827.jpg,0.579315185546875,0.03534741610915029,0.05799010936798865,0.29592363411514333
simple_backgrounds,232,Tomato_Early_blight,Tomato_Early_blight/2a5367b1-6732-4213-b095-5953251324ee___RS_Erly.B 7585.JPG,selected_dataset/simple_backgrounds/232__Tomato_Early_blight__2a5367b1-6732-4213-b095-5953251324ee_RS_Erly.B_7585.jpg,0.349334716796875,0.14606447104044729,0.15060863661232687,0.17638161909507813
simple_backgrounds,233,Tomato_Late_blight,Tomato_Late_blight/302da4a0-3b99-46ad-80f6-16ae585abf24___GHLB_PS Leaf 2.1 Day 18.jpg,selected_dataset/simple_backgrounds/233__Tomato_Late_blight__302da4a0-3b99-46ad-80f6-16ae585abf24_GHLB_PS_Leaf_2.1_Day_18.jpg,0.2067718505859375,0.12641133495682974,0.0,0.20107164649448994
simple_backgrounds,234,Tomato_Leaf_Mold,Tomato_Leaf_Mold/41a6e837-7822-447c-b887-3be149d58322___Crnl_L.Mold 7100.JPG,selected_dataset/simple_backgrounds/234__Tomato_Leaf_Mold__41a6e837-7822-447c-b887-3be149d58322_Crnl_L.Mold_7100.jpg,0.3943634033203125,0.3404913909847166,0.0875400677229536,0.5412743743667376
simple_backgrounds,235,Tomato_Septoria_leaf_spot,Tomato_Septoria_leaf_spot/212c8703-4c56-4c2b-a1d0-1047a758ca93___Keller.St_CG 1786.JPG,selected_dataset/simple_backgrounds/235__Tomato_Septoria_leaf_spot__212c8703-4c56-4c2b-a1d0-1047a758ca93_Keller.St_CG_1786.jpg,0.3774261474609375,0.015564988882150799,0.034852755738942504,0.12927782096904447
simple_backgrounds,236,Tomato_Spider_mites_Two_spotted_spider_mite,Tomato_Spider_mites_Two_spotted_spider_mite/f581a55f-a154-4266-8306-aa00abd9ebe8___Com.G_SpM_FL 9301.JPG,selected_dataset/simple_backgrounds/236__Tomato_Spider_mites_Two_spotted_spider_mite__f581a55f-a154-4266-8306-aa00abd9ebe8_Com.G_SpM_FL_9301.jpg,0.3976898193359375,0.4097763112458274,0.27575334364058923,0.12330568288310897
simple_backgrounds,237,Tomato__Target_Spot,Tomato__Target_Spot/4877b5f3-e026-4de3-a167-42350a40f28b___Com.G_TgS_FL 9826.JPG,selected_dataset/simple_backgrounds/237__Tomato_Target_Spot__4877b5f3-e026-4de3-a167-42350a40f28b_Com.G_TgS_FL_9826.jpg,0.3901214599609375,0.11366214260570266,0.34632988047488805,0.1290409813125553
simple_backgrounds,238,Tomato__Tomato_YellowLeaf__Curl_Virus,Tomato__Tomato_YellowLeaf__Curl_Virus/2ff9d604-2e15-4baa-974d-2038df4501e1___UF.GRC_YLCV_Lab 01577.JPG,selected_dataset/simple_backgrounds/238__Tomato_Tomato_YellowLeaf_Curl_Virus__2ff9d604-2e15-4baa-974d-2038df4501e1_UF.GRC_YLCV_Lab_01577.jpg,0.357757568359375,0.11729079587136398,0.0,0.10714420045858049
simple_backgrounds,239,Tomato__Tomato_mosaic_virus,Tomato__Tomato_mosaic_virus/9155ae3a-ecb2-4744-b60b-60f96f4e3ba8___PSU_CG 2191.JPG,selected_dataset/simple_backgrounds/239__Tomato_Tomato_mosaic_virus__9155ae3a-ecb2-4744-b60b-60f96f4e3ba8_PSU_CG_2191.jpg,0.2581634521484375,0.12010166085466044,0.25063297537565066,0.15481471657911763
simple_backgrounds,240,Tomato_healthy,Tomato_healthy/3b05e678-aa3c-47c6-9ebd-0650efd82b16___GH_HL Leaf 399.JPG,selected_dataset/simple_backgrounds/240__Tomato_healthy__3b05e678-aa3c-47c6-9ebd-0650efd82b16_GH_HL_Leaf_399.jpg,0.383148193359375,0.004022301871764237,0.253305839212976,0.12307804575507418
simple_backgrounds,241,Pepper__bell___Bacterial_spot,Pepper__bell___Bacterial_spot/69e109a9-8cfb-427e-8e3c-f327edb59164___JR_B.Spot 9081.JPG,selected_dataset/simple_backgrounds/241__Pepper_bell_Bacterial_spot__69e109a9-8cfb-427e-8e3c-f327edb59164_JR_B.Spot_9081.jpg,0.3448486328125,0.0836283185840708,0.219703137886985,0.3639689158660799
simple_backgrounds,242,Pepper__bell___healthy,Pepper__bell___healthy/acfdebad-66f9-4f9d-b302-55fd79345b2a___JR_HL 8672.JPG,selected_dataset/simple_backgrounds/242__Pepper_bell_healthy__acfdebad-66f9-4f9d-b302-55fd79345b2a_JR_HL_8672.jpg,0.588134765625,0.0,0.14996403336182018,0.2482925181555362
simple_backgrounds,243,Potato___Early_blight,Potato___Early_blight/65b66b8f-2117-4876-85bd-23941349231f___RS_Early.B 7219.JPG,selected_dataset/simple_backgrounds/243__Potato_Early_blight__65b66b8f-2117-4876-85bd-23941349231f_RS_Early.B_7219.jpg,0.5531768798828125,0.0,0.4799963215334986,0.09371907104414079
simple_backgrounds,244,Potato___Late_blight,Potato___Late_blight/6033f0b2-48e7-411c-a39b-86297f412c19___RS_LB 4020.JPG,selected_dataset/simple_backgrounds/244__Potato_Late_blight__6033f0b2-48e7-411c-a39b-86297f412c19_RS_LB_4020.jpg,0.393157958984375,0.14065046961111544,0.15941959037498102,0.10526258348408296
simple_backgrounds,245,Potato___healthy,Potato___healthy/b28c43f9-5844-4e9b-86bf-36bc114cae07___RS_HL 1736.JPG,selected_dataset/simple_backgrounds/245__Potato_healthy__b28c43f9-5844-4e9b-86bf-36bc114cae07_RS_HL_1736.jpg,0.4392547607421875,0.10740959460867752,0.3079321820835016,0.09465089511831751
simple_backgrounds,246,Tomato_Bacterial_spot,Tomato_Bacterial_spot/34f9b271-4f62-4fd4-8c69-edfdf3b08314___UF.GRC_BS_Lab Leaf 1199.JPG,selected_dataset/simple_backgrounds/246__Tomato_Bacterial_spot__34f9b271-4f62-4fd4-8c69-edfdf3b08314_UF.GRC_BS_Lab_Leaf_1199.jpg,0.3553314208984375,0.024004809550392924,0.05819453499195626,0.17121249724443438
simple_backgrounds,247,Tomato_Early_blight,Tomato_Early_blight/e330dc16-fdf9-4eee-8b09-88bfb5537180___RS_Erly.B 7601.JPG,selected_dataset/simple_backgrounds/247__Tomato_Early_blight__e330dc16-fdf9-4eee-8b09-88bfb5537180_RS_Erly.B_7601.jpg,0.3802642822265625,0.24364993379077887,0.15541630601040807,0.14746287868218927
simple_backgrounds,248,Tomato_Late_blight,Tomato_Late_blight/31eb8659-67c1-4cc6-b0b9-1d5ffe9eed0b___GHLB_PS Leaf 2.3 Day 18.jpg,selected_dataset/simple_backgrounds/248__Tomato_Late_blight__31eb8659-67c1-4cc6-b0b9-1d5ffe9eed0b_GHLB_PS_Leaf_2.3_Day_18.jpg,0.175262451171875,0.12145220268152533,0.0,0.17586047145526326
simple_backgrounds,249,Tomato_Leaf_Mold,Tomato_Leaf_Mold/aeec2942-315c-4297-90a2-4dc24f491a5c___Crnl_L.Mold 6925.JPG,selected_dataset/simple_backgrounds/249__Tomato_Leaf_Mold__aeec2942-315c-4297-90a2-4dc24f491a5c_Crnl_L.Mold_6925.jpg,0.2923126220703125,0.43336639348541,0.088335160067913,0.33285512776131787
simple_backgrounds,250,Tomato_Septoria_leaf_spot,Tomato_Septoria_leaf_spot/4542fa9a-b83f-47d0-b1ae-f85cd84816da___Keller.St_CG 1911.JPG,selected_dataset/simple_backgrounds/250__Tomato_Septoria_leaf_spot__4542fa9a-b83f-47d0-b1ae-f85cd84816da_Keller.St_CG_1911.jpg,0.31451416015625,0.05162041529206288,0.03605161145589825,0.37764523559520535
simple_backgrounds,251,Tomato_Spider_mites_Two_spotted_spider_mite,Tomato_Spider_mites_Two_spotted_spider_mite/1030a8ae-d4f2-4a36-aac9-c5ca40e5ec03___Com.G_SpM_FL 9295.JPG,selected_dataset/simple_backgrounds/251__Tomato_Spider_mites_Two_spotted_spider_mite__1030a8ae-d4f2-4a36-aac9-c5ca40e5ec03_Com.G_SpM_FL_9295.jpg,0.3769073486328125,0.461600744909113,0.27717700825488534,0.11668727287456175
simple_backgrounds,252,Tomato__Target_Spot,Tomato__Target_Spot/11c87e02-aabb-4e93-a320-bae6cd4b0fb8___Com.G_TgS_FL 9842.JPG,selected_dataset/simple_backgrounds/252__Tomato_Target_Spot__11c87e02-aabb-4e93-a320-bae6cd4b0fb8_Com.G_TgS_FL_9842.jpg,0.3708953857421875,0.10717077385115399,0.3514060231012963,0.11634968885154678
simple_backgrounds,253,Tomato__Tomato_YellowLeaf__Curl_Virus,Tomato__Tomato_YellowLeaf__Curl_Virus/37b9b782-f68d-4bc8-8c7b-616627c9303c___UF.GRC_YLCV_Lab 02273.JPG,selected_dataset/simple_backgrounds/253__Tomato_Tomato_YellowLeaf_Curl_Virus__37b9b782-f68d-4bc8-8c7b-616627c9303c_UF.GRC_YLCV_Lab_02273.jpg,0.616455078125,0.09096534653465346,0.0,0.22707302200762308
simple_backgrounds,254,Tomato__Tomato_mosaic_virus,Tomato__Tomato_mosaic_virus/6c468dae-d392-4435-8d2f-adcadf0425b8___PSU_CG 2276.JPG,selected_dataset/simple_backgrounds/254__Tomato_Tomato_mosaic_virus__6c468dae-d392-4435-8d2f-adcadf0425b8_PSU_CG_2276.jpg,0.329681396484375,0.25821531056188096,0.26290428435769797,0.15461878800801565
simple_backgrounds,255,Tomato_healthy,Tomato_healthy/37203047-d8ba-43f7-b31e-d496c41c569c___GH_HL Leaf 389.JPG,selected_dataset/simple_backgrounds/255__Tomato_healthy__37203047-d8ba-43f7-b31e-d496c41c569c_GH_HL_Leaf_389.jpg,0.4509429931640625,0.038405576422021456,0.25634761957300967,0.08737392721640537
simple_backgrounds,256,Pepper__bell___Bacterial_spot,Pepper__bell___Bacterial_spot/57ff0455-861f-4f25-9598-c2954ca44027___JR_B.Spot 3115.JPG,selected_dataset/simple_backgrounds/256__Pepper_bell_Bacterial_spot__57ff0455-861f-4f25-9598-c2954ca44027_JR_B.Spot_3115.jpg,0.5122833251953125,0.16182646769725673,0.23437978469025922,0.4545145662065719
simple_backgrounds,257,Pepper__bell___healthy,Pepper__bell___healthy/dc4eacfe-7ead-4851-8a6c-e35b0e7acdd2___JR_HL 5812.JPG,selected_dataset/simple_backgrounds/257__Pepper_bell_healthy__dc4eacfe-7ead-4851-8a6c-e35b0e7acdd2_JR_HL_5812.jpg,0.444671630859375,0.024535035344176788,0.15191415850823597,0.3003449925979174
simple_backgrounds,258,Potato___Early_blight,Potato___Early_blight/d998c614-017c-4f90-8e39-f8c500d21218___RS_Early.B 8292.JPG,selected_dataset/simple_backgrounds/258__Potato_Early_blight__d998c614-017c-4f90-8e39-f8c500d21218_RS_Early.B_8292.jpg,0.4898529052734375,0.030277544154751892,0.4862201347169749,0.095236069786968
simple_backgrounds,259,Potato___Late_blight,Potato___Late_blight/d8580222-d6c2-4519-94f2-f59c2d613d8b___RS_LB 4158.JPG,selected_dataset/simple_backgrounds/259__Potato_Late_blight__d8580222-d6c2-4519-94f2-f59c2d613d8b_RS_LB_4158.jpg,0.3895263671875,0.13009244750861798,0.1727119339556466,0.298938867205948
simple_backgrounds,260,Potato___healthy,Potato___healthy/3f369e63-81eb-4194-a145-df9ed91abc5d___RS_HL 1745.JPG,selected_dataset/simple_backgrounds/260__Potato_healthy__3f369e63-81eb-4194-a145-df9ed91abc5d_RS_HL_1745.jpg,0.4570465087890625,0.007044369512235836,0.30899187030918596,0.09234721042417049
simple_backgrounds,261,Tomato_Bacterial_spot,Tomato_Bacterial_spot/c0f88ca7-95b4-453f-be96-b6b02cfe8449___UF.GRC_BS_Lab Leaf 0959.JPG,selected_dataset/simple_backgrounds/261__Tomato_Bacterial_spot__c0f88ca7-95b4-453f-be96-b6b02cfe8449_UF.GRC_BS_Lab_Leaf_0959.jpg,0.4886932373046875,0.11387266993474256,0.059351563282858046,0.292260649725038
simple_backgrounds,262,Tomato_Early_blight,Tomato_Early_blight/f40b2786-1a17-46e6-b2cb-4ac1beb386fa___RS_Erly.B 6483.JPG,selected_dataset/simple_backgrounds/262__Tomato_Early_blight__f40b2786-1a17-46e6-b2cb-4ac1beb386fa_RS_Erly.B_6483.jpg,0.3749237060546875,0.5279801391884742,0.15706912809393048,0.3880946928265258
simple_backgrounds,263,Tomato_Late_blight,Tomato_Late_blight/35262a28-c600-4d1a-9179-f2e0d1638c08___GHLB_PS Leaf 42 Day 18.jpg,selected_dataset/simple_backgrounds/263__Tomato_Late_blight__35262a28-c600-4d1a-9179-f2e0d1638c08_GHLB_PS_Leaf_42_Day_18.jpg,0.2427520751953125,0.1023948708278333,0.0,0.2791679876275437
simple_backgrounds,264,Tomato_Leaf_Mold,Tomato_Leaf_Mold/18488cdf-a5d7-43ff-8dfe-8250e1a04820___Crnl_L.Mold 6939.JPG,selected_dataset/simple_backgrounds/264__Tomato_Leaf_Mold__18488cdf-a5d7-43ff-8dfe-8250e1a04820_Crnl_L.Mold_6939.jpg,0.35760498046875,0.20425840587130908,0.09170087574990825,0.3796868853207616
simple_backgrounds,265,Tomato_Septoria_leaf_spot,Tomato_Septoria_leaf_spot/6918835e-c3c4-4c9d-a212-35c1b9766f11___Matt.S_CG 0715.JPG,selected_dataset/simple_backgrounds/265__Tomato_Septoria_leaf_spot__6918835e-c3c4-4c9d-a212-35c1b9766f11_Matt.S_CG_0715.jpg,0.399566650390625,0.03188726800580463,0.03771700768685825,0.2802088756759883
simple_backgrounds,266,Tomato_Spider_mites_Two_spotted_spider_mite,Tomato_Spider_mites_Two_spotted_spider_mite/312bee2d-2595-4d86-992f-cca44dbaad4a___Com.G_SpM_FL 9492.JPG,selected_dataset/simple_backgrounds/266__Tomato_Spider_mites_Two_spotted_spider_mite__312bee2d-2595-4d86-992f-cca44dbaad4a_Com.G_SpM_FL_9492.jpg,0.3590087890625,0.18815878952737164,0.27743859092200757,0.12009248454211842
simple_backgrounds,267,Tomato__Target_Spot,Tomato__Target_Spot/007ec913-8cfe-43ed-b458-f041a17266ae___Com.G_TgS_FL 9844.JPG,selected_dataset/simple_backgrounds/267__Tomato_Target_Spot__007ec913-8cfe-43ed-b458-f041a17266ae_Com.G_TgS_FL_9844.jpg,0.392120361328125,0.04428360183671881,0.3514469170619523,0.09730027676811168
simple_backgrounds,268,Tomato__Tomato_YellowLeaf__Curl_Virus,Tomato__Tomato_YellowLeaf__Curl_Virus/396085ab-2aa3-42bc-9c06-9dc32a56b60b___UF.GRC_YLCV_Lab 02234.JPG,selected_dataset/simple_backgrounds/268__Tomato_Tomato_YellowLeaf_Curl_Virus__396085ab-2aa3-42bc-9c06-9dc32a56b60b_UF.GRC_YLCV_Lab_02234.jpg,0.3656158447265625,0.11623054129627311,0.0,0.1244677061134562
simple_backgrounds,269,Tomato__Tomato_mosaic_virus,Tomato__Tomato_mosaic_virus/fb199918-5c7f-4285-993b-3ed212140456___PSU_CG 2124.JPG,selected_dataset/simple_backgrounds/269__Tomato_Tomato_mosaic_virus__fb199918-5c7f-4285-993b-3ed212140456_PSU_CG_2124.jpg,0.3664398193359375,0.06945658963148033,0.2660301538107637,0.676232916820689
simple_backgrounds,270,Tomato_healthy,Tomato_healthy/505465db-407b-4e0a-8110-7479dad5261c___GH_HL Leaf 389.JPG,selected_dataset/simple_backgrounds/270__Tomato_healthy__505465db-407b-4e0a-8110-7479dad5261c_GH_HL_Leaf_389.jpg,0.4509429931640625,0.038405576422021456,0.25634761957300967,0.08737392721640537
simple_backgrounds,271,Pepper__bell___Bacterial_spot,Pepper__bell___Bacterial_spot/79b51b11-8ce2-4166-be8c-699522bacbd0___JR_B.Spot 8968.JPG,selected_dataset/simple_backgrounds/271__Pepper_bell_Bacterial_spot__79b51b11-8ce2-4166-be8c-699522bacbd0_JR_B.Spot_8968.jpg,0.535003662109375,0.030831099195710455,0.24112447569343293,0.2747070484728735
simple_backgrounds,272,Pepper__bell___healthy,Pepper__bell___healthy/56b77f5c-f00a-433e-a9de-3d0e7cc628a6___JR_HL 5887.JPG,selected_dataset/simple_backgrounds/272__Pepper_bell_healthy__56b77f5c-f00a-433e-a9de-3d0e7cc628a6_JR_HL_5887.jpg,0.48736572265625,0.10187852222917972,0.15468364861720474,0.10443415716819947
simple_backgrounds,273,Potato___Early_blight,Potato___Early_blight/7d056cd3-76d1-49f5-8491-a25e4fc4f852___RS_Early.B 8414.JPG,selected_dataset/simple_backgrounds/273__Potato_Early_blight__7d056cd3-76d1-49f5-8491-a25e4fc4f852_RS_Early.B_8414.jpg,0.4933319091796875,0.024620333426123533,0.48893595879282137,0.26990279271518125
simple_backgrounds,274,Potato___Late_blight,Potato___Late_blight/4d56ef9d-bc69-489c-92de-d2fad01d762d___RS_LB 3890.JPG,selected_dataset/simple_backgrounds/274__Potato_Late_blight__4d56ef9d-bc69-489c-92de-d2fad01d762d_RS_LB_3890.jpg,0.4619598388671875,0.011098265895953757,0.1747258775747164,0.09590938420110484
simple_backgrounds,275,Potato___healthy,Potato___healthy/f0fdde26-78b4-46f0-9eb8-7c2a743d34aa___RS_HL 4165.JPG,selected_dataset/simple_backgrounds/275__Potato_healthy__f0fdde26-78b4-46f0-9eb8-7c2a743d34aa_RS_HL_4165.jpg,0.4693145751953125,0.01274506616380011,0.3106377568878578,0.2459007393430611
simple_backgrounds,276,Tomato_Bacterial_spot,Tomato_Bacterial_spot/10c418e8-59b3-4d9f-a22b-7762b538e758___UF.GRC_BS_Lab Leaf 0900.JPG,selected_dataset/simple_backgrounds/276__Tomato_Bacterial_spot__10c418e8-59b3-4d9f-a22b-7762b538e758_UF.GRC_BS_Lab_Leaf_0900.jpg,0.55645751953125,0.0502084018865855,0.06049785658014083,0.2694955573467345
simple_backgrounds,277,Tomato_Early_blight,Tomato_Early_blight/73f4d791-745e-49b8-82d8-e29b24ddd0e5___RS_Erly.B 7593.JPG,selected_dataset/simple_backgrounds/277__Tomato_Early_blight__73f4d791-745e-49b8-82d8-e29b24ddd0e5_RS_Erly.B_7593.jpg,0.4357452392578125,0.09994046993731835,0.16150716640966206,0.12791518130309584
simple_backgrounds,278,Tomato_Late_blight,Tomato_Late_blight/359ad718-024d-4c9e-b871-4144ca25da76___GHLB_PS Leaf 23.1 Day 13.jpg,selected_dataset/simple_backgrounds/278__Tomato_Late_blight__359ad718-024d-4c9e-b871-4144ca25da76_GHLB_PS_Leaf_23.1_Day_13.jpg,0.2827606201171875,0.40024823269116616,0.0,0.41486148411105217
simple_backgrounds,279,Tomato_Leaf_Mold,Tomato_Leaf_Mold/91eeb305-5a5f-4e72-8258-776ea9ed6338___Crnl_L.Mold 7112.JPG,selected_dataset/simple_backgrounds/279__Tomato_Leaf_Mold__91eeb305-5a5f-4e72-8258-776ea9ed6338_Crnl_L.Mold_7112.jpg,0.3122100830078125,0.40819119300131956,0.0917258581376814,0.3152232731074215
simple_backgrounds,280,Tomato_Septoria_leaf_spot,Tomato_Septoria_leaf_spot/e479d798-59a4-4ee7-ac68-730316ec65c1___Keller.St_CG 1776.JPG,selected_dataset/simple_backgrounds/280__Tomato_Septoria_leaf_spot__e479d798-59a4-4ee7-ac68-730316ec65c1_Keller.St_CG_1776.jpg,0.2867431640625,0.07827799063431247,0.03941412768459604,0.1432868238336215
simple_backgrounds,281,Tomato_Spider_mites_Two_spotted_spider_mite,Tomato_Spider_mites_Two_spotted_spider_mite/23e37ceb-929f-43ad-86fb-7bb3b9b97820___Com.G_SpM_FL 9297.JPG,selected_dataset/simple_backgrounds/281__Tomato_Spider_mites_Two_spotted_spider_mite__23e37ceb-929f-43ad-86fb-7bb3b9b97820_Com.G_SpM_FL_9297.jpg,0.3583221435546875,0.20414768130136696,0.28095825340271763,0.12145830704990943
simple_backgrounds,282,Tomato__Target_Spot,Tomato__Target_Spot/86d175d4-99b2-4967-9464-51bd7c7942bb___Com.G_TgS_FL 9865.JPG,selected_dataset/simple_backgrounds/282__Tomato_Target_Spot__86d175d4-99b2-4967-9464-51bd7c7942bb_Com.G_TgS_FL_9865.jpg,0.3683624267578125,0.16130234870137938,0.3523459719330845,0.13490786942311564
simple_backgrounds,283,Tomato__Tomato_YellowLeaf__Curl_Virus,Tomato__Tomato_YellowLeaf__Curl_Virus/3b237621-09df-4dda-9a96-d37fbfee2831___UF.GRC_YLCV_Lab 02213.JPG,selected_dataset/simple_backgrounds/283__Tomato_Tomato_YellowLeaf_Curl_Virus__3b237621-09df-4dda-9a96-d37fbfee2831_UF.GRC_YLCV_Lab_02213.jpg,0.4441986083984375,0.1263783449555151,0.0,0.0734667882999122
simple_backgrounds,284,Tomato__Tomato_mosaic_virus,Tomato__Tomato_mosaic_virus/a3f05d12-0e65-4f04-8f7d-5299124eb392___PSU_CG 2204.JPG,selected_dataset/simple_backgrounds/284__Tomato_Tomato_mosaic_virus__a3f05d12-0e65-4f04-8f7d-5299124eb392_PSU_CG_2204.jpg,0.3552093505859375,0.13342497529962627,0.2729007056017996,0.3588312333448205
simple_backgrounds,285,Tomato_healthy,Tomato_healthy/2ee6d2c6-a766-422c-a710-e89582d8155e___GH_HL Leaf 470.JPG,selected_dataset/simple_backgrounds/285__Tomato_healthy__2ee6d2c6-a766-422c-a710-e89582d8155e_GH_HL_Leaf_470.jpg,0.520904541015625,0.012244419708243014,0.2575092688061922,0.09099931701509696
simple_backgrounds,286,Pepper__bell___Bacterial_spot,Pepper__bell___Bacterial_spot/b6d35d21-4812-4e32-ab9a-b6ddda8cbb79___JR_B.Spot 8972.JPG,selected_dataset/simple_backgrounds/286__Pepper_bell_Bacterial_spot__b6d35d21-4812-4e32-ab9a-b6ddda8cbb79_JR_B.Spot_8972.jpg,0.552276611328125,0.021467646571254904,0.24388005151008552,0.26481022757921185
simple_backgrounds,287,Pepper__bell___healthy,Pepper__bell___healthy/173f3720-282c-4c32-a63a-bd239d06a0fe___JR_HL 8664.JPG,selected_dataset/simple_backgrounds/287__Pepper_bell_healthy__173f3720-282c-4c32-a63a-bd239d06a0fe_JR_HL_8664.jpg,0.4943695068359375,0.006234760332109015,0.15637465610279644,0.28095781485396404
simple_backgrounds,288,Potato___Early_blight,Potato___Early_blight/b8578828-0e34-4511-9739-9ef0170774b2___RS_Early.B 7416.JPG,selected_dataset/simple_backgrounds/288__Potato_Early_blight__b8578828-0e34-4511-9739-9ef0170774b2_RS_Early.B_7416.jpg,0.5450897216796875,0.05886963580886264,0.4915437315265305,0.24479482240469053
simple_backgrounds,289,Potato___Late_blight,Potato___Late_blight/76ee26db-ef55-43b9-9179-6b9ba15dc21a___RS_LB 4058.JPG,selected_dataset/simple_backgrounds/289__Potato_Late_blight__76ee26db-ef55-43b9-9179-6b9ba15dc21a_RS_LB_4058.jpg,0.3338470458984375,0.10878010878010878,0.17599017268106099,0.10163656020582264
simple_backgrounds,290,Potato___healthy,Potato___healthy/3c0d6888-c7e1-4cf8-9c25-9a0b8c62ba72___RS_HL 1780.JPG,selected_dataset/simple_backgrounds/290__Potato_healthy__3c0d6888-c7e1-4cf8-9c25-9a0b8c62ba72_RS_HL_1780.jpg,0.5290985107421875,0.08870944484498919,0.312588801086023,0.25539843130141165
simple_backgrounds,291,Tomato_Bacterial_spot,Tomato_Bacterial_spot/605dda2d-be55-45cc-b247-76903d159255___UF.GRC_BS_Lab Leaf 8749.JPG,selected_dataset/simple_backgrounds/291__Tomato_Bacterial_spot__605dda2d-be55-45cc-b247-76903d159255_UF.GRC_BS_Lab_Leaf_8749.jpg,0.3752593994140625,0.09945919570609522,0.0635304454342712,0.12656642780935062
simple_backgrounds,292,Tomato_Early_blight,Tomato_Early_blight/65568918-2d9c-4f0c-aa9d-3f4fa8b9a60c___RS_Erly.B 7354.JPG,selected_dataset/simple_backgrounds/292__Tomato_Early_blight__65568918-2d9c-4f0c-aa9d-3f4fa8b9a60c_RS_Erly.B_7354.jpg,0.3981475830078125,0.6474533399762389,0.16153479390285952,0.27244786228147855
simple_backgrounds,293,Tomato_Late_blight,Tomato_Late_blight/3943d2dd-ffb8-43db-a59d-db7af654aecf___GHLB_PS Leaf 51.1 Day 18.jpg,selected_dataset/simple_backgrounds/293__Tomato_Late_blight__3943d2dd-ffb8-43db-a59d-db7af654aecf_GHLB_PS_Leaf_51.1_Day_18.jpg,0.31951904296875,0.11318051575931232,0.0,0.13496747241403148
simple_backgrounds,294,Tomato_Leaf_Mold,Tomato_Leaf_Mold/f1cba359-4553-46a7-a1b3-3b6dbbcb81ae___Crnl_L.Mold 7151.JPG,selected_dataset/simple_backgrounds/294__Tomato_Leaf_Mold__f1cba359-4553-46a7-a1b3-3b6dbbcb81ae_Crnl_L.Mold_7151.jpg,0.367401123046875,0.384043525209735,0.09355576507875638,0.4544136360589996
simple_backgrounds,295,Tomato_Septoria_leaf_spot,Tomato_Septoria_leaf_spot/0806cabf-f026-43bd-a508-0e8e5a185341___Matt.S_CG 1266.JPG,selected_dataset/simple_backgrounds/295__Tomato_Septoria_leaf_spot__0806cabf-f026-43bd-a508-0e8e5a185341_Matt.S_CG_1266.jpg,0.4749298095703125,0.05278714859437751,0.039844884784635264,0.12284629808392711
simple_backgrounds,296,Tomato_Spider_mites_Two_spotted_spider_mite,Tomato_Spider_mites_Two_spotted_spider_mite/7ed044d9-b8c3-4bec-a09d-3c256c0659bf___Com.G_SpM_FL 9491.JPG,selected_dataset/simple_backgrounds/296__Tomato_Spider_mites_Two_spotted_spider_mite__7ed044d9-b8c3-4bec-a09d-3c256c0659bf_Com.G_SpM_FL_9491.jpg,0.3018341064453125,0.15691825489105707,0.2895634623794433,0.1267080219861385
simple_backgrounds,297,Tomato__Target_Spot,Tomato__Target_Spot/9d6a295a-f083-49df-875d-d1a6d49f352f___Com.G_TgS_FL 9837.JPG,selected_dataset/simple_backgrounds/297__Tomato_Target_Spot__9d6a295a-f083-49df-875d-d1a6d49f352f_Com.G_TgS_FL_9837.jpg,0.3919830322265625,0.27264587955934444,0.3525226346871747,0.10263790395881123
simple_backgrounds,298,Tomato__Tomato_YellowLeaf__Curl_Virus,Tomato__Tomato_YellowLeaf__Curl_Virus/3d3a0d67-3a9e-4b0d-b148-a0f397c4f61f___UF.GRC_YLCV_Lab 02274.JPG,selected_dataset/simple_backgrounds/298__Tomato_Tomato_YellowLeaf_Curl_Virus__3d3a0d67-3a9e-4b0d-b148-a0f397c4f61f_UF.GRC_YLCV_Lab_02274.jpg,0.5059051513671875,0.1047805760820389,0.0,0.08571201009349838
simple_backgrounds,299,Tomato__Tomato_mosaic_virus,Tomato__Tomato_mosaic_virus/78c968a3-8083-4924-b351-3f36569cf33a___PSU_CG 2214.JPG,selected_dataset/simple_backgrounds/299__Tomato_Tomato_mosaic_virus__78c968a3-8083-4924-b351-3f36569cf33a_PSU_CG_2214.jpg,0.3607635498046875,0.10578183817620437,0.27404601548256724,0.18801168366211757
simple_backgrounds,300,Tomato_healthy,Tomato_healthy/04483b12-5e9c-4e74-a5b6-e8c87f60b43f___GH_HL Leaf 439.JPG,selected_dataset/simple_backgrounds/300__Tomato_healthy__04483b12-5e9c-4e74-a5b6-e8c87f60b43f_GH_HL_Leaf_439.jpg,0.4405364990234375,0.009871497350282291,0.25879107372538807,0.0902760093674639
complex_backgrounds,1,Pepper__bell___Bacterial_spot,Pepper__bell___Bacterial_spot/1e6d8dc0-a694-47e0-af80-81ccabdfd591___JR_B.Spot 3308.JPG,selected_dataset/complex_backgrounds/001__Pepper_bell_Bacterial_spot__1e6d8dc0-a694-47e0-af80-81ccabdfd591_JR_B.Spot_3308.jpg,0.5528411865234375,0.08644530926554608,0.9624517344248024,0.2649720600165427
complex_backgrounds,2,Pepper__bell___healthy,Pepper__bell___healthy/cf507d7d-0635-4123-8988-fcd92ed17d76___JR_HL 7968.JPG,selected_dataset/complex_backgrounds/002__Pepper_bell_healthy__cf507d7d-0635-4123-8988-fcd92ed17d76_JR_HL_7968.jpg,0.5195770263671875,0.07632668644092684,0.9560814014457228,0.25998701169316074
complex_backgrounds,3,Potato___Early_blight,Potato___Early_blight/51bc94fe-ba23-4776-a9ec-727e55015acb___RS_Early.B 8267.JPG,selected_dataset/complex_backgrounds/003__Potato_Early_blight__51bc94fe-ba23-4776-a9ec-727e55015acb_RS_Early.B_8267.jpg,0.4290771484375,0.08396159317211949,0.9343732766028172,0.34673362520852236
complex_backgrounds,4,Potato___Late_blight,Potato___Late_blight/96879d98-11ca-40c7-9708-9ca8f235f407___RS_LB 2739.JPG,selected_dataset/complex_backgrounds/004__Potato_Late_blight__96879d98-11ca-40c7-9708-9ca8f235f407_RS_LB_2739.jpg,0.3563385009765625,0.19517834967670106,0.8466018699888844,0.4521481261968844
complex_backgrounds,5,Potato___healthy,Potato___healthy/4bbccfb6-5720-4c80-9b37-0c3ed8999c9f___RS_HL 1791.JPG,selected_dataset/complex_backgrounds/005__Potato_healthy__4bbccfb6-5720-4c80-9b37-0c3ed8999c9f_RS_HL_1791.jpg,0.43206787109375,0.11548241277016527,0.8196235077964269,0.08685718170928546
complex_backgrounds,6,Tomato_Bacterial_spot,Tomato_Bacterial_spot/bd5b5a19-a9b0-4572-9920-8ed728c15804___GCREC_Bact.Sp 3653.JPG,selected_dataset/complex_backgrounds/006__Tomato_Bacterial_spot__bd5b5a19-a9b0-4572-9920-8ed728c15804_GCREC_Bact.Sp_3653.jpg,0.491119384765625,0.17833840800347978,0.6692152755170915,0.2695418757290069
complex_backgrounds,7,Tomato_Early_blight,Tomato_Early_blight/c1291fe6-06c2-477e-b30f-dca9a9a80079___RS_Erly.B 8371.JPG,selected_dataset/complex_backgrounds/007__Tomato_Early_blight__c1291fe6-06c2-477e-b30f-dca9a9a80079_RS_Erly.B_8371.jpg,0.58013916015625,0.4407417148869016,0.889413602119325,0.2506542025588467
complex_backgrounds,8,Tomato_Late_blight,Tomato_Late_blight/fce9cc3f-88ab-46d6-a26f-c6ff0e7c56e7___RS_Late.B 6372.JPG,selected_dataset/complex_backgrounds/008__Tomato_Late_blight__fce9cc3f-88ab-46d6-a26f-c6ff0e7c56e7_RS_Late.B_6372.jpg,0.4085845947265625,0.12999962654516936,0.8620084080131669,0.5540443639405472
complex_backgrounds,9,Tomato_Leaf_Mold,Tomato_Leaf_Mold/bf1b824c-7a99-45a5-9b60-5da58b3fe47c___Crnl_L.Mold 8759.JPG,selected_dataset/complex_backgrounds/009__Tomato_Leaf_Mold__bf1b824c-7a99-45a5-9b60-5da58b3fe47c_Crnl_L.Mold_8759.jpg,0.465087890625,0.055446194225721786,0.8227055378850695,0.09516836737572894
complex_backgrounds,10,Tomato_Septoria_leaf_spot,Tomato_Septoria_leaf_spot/14c04ba8-7151-4797-8e35-e3732dcab1ca___Matt.S_CG 7529.JPG,selected_dataset/complex_backgrounds/010__Tomato_Septoria_leaf_spot__14c04ba8-7151-4797-8e35-e3732dcab1ca_Matt.S_CG_7529.jpg,0.4687652587890625,0.09133817258552782,0.9156392535683033,0.3072426148717261
complex_backgrounds,11,Tomato_Spider_mites_Two_spotted_spider_mite,Tomato_Spider_mites_Two_spotted_spider_mite/200410b0-390d-406f-aa66-5573ec4d8e04___Com.G_SpM_FL 1214.JPG,selected_dataset/complex_backgrounds/011__Tomato_Spider_mites_Two_spotted_spider_mite__200410b0-390d-406f-aa66-5573ec4d8e04_Com.G_SpM_FL_1214.jpg,0.403411865234375,0.12372342839851729,0.8571785113740865,0.11434773119809362
complex_backgrounds,12,Tomato__Target_Spot,Tomato__Target_Spot/ce262a9d-d75d-4438-afec-52fc07944ddb___Com.G_TgS_FL 1047.JPG,selected_dataset/complex_backgrounds/012__Tomato_Target_Spot__ce262a9d-d75d-4438-afec-52fc07944ddb_Com.G_TgS_FL_1047.jpg,0.4347381591796875,0.10638447228949492,0.910204599890565,0.09499385397738289
complex_backgrounds,13,Tomato__Tomato_YellowLeaf__Curl_Virus,Tomato__Tomato_YellowLeaf__Curl_Virus/5eaecce2-01dc-449a-97eb-cd30ebc20895___YLCV_NREC 2627.JPG,selected_dataset/complex_backgrounds/013__Tomato_Tomato_YellowLeaf_Curl_Virus__5eaecce2-01dc-449a-97eb-cd30ebc20895_YLCV_NREC_2627.jpg,0.3794097900390625,0.40723909109189627,0.8774511430603695,0.13547844792588457
complex_backgrounds,14,Tomato__Tomato_mosaic_virus,Tomato__Tomato_mosaic_virus/dcb74f2b-c523-4147-b9ce-690800411273___PSU_CG 2154.JPG,selected_dataset/complex_backgrounds/014__Tomato_Tomato_mosaic_virus__dcb74f2b-c523-4147-b9ce-690800411273_PSU_CG_2154.jpg,0.281585693359375,0.04524764278747155,0.782674071271747,0.1724242292178908
complex_backgrounds,15,Tomato_healthy,Tomato_healthy/c60749f0-0791-49ad-a144-503d5e968746___RS_HL 0483.JPG,selected_dataset/complex_backgrounds/015__Tomato_healthy__c60749f0-0791-49ad-a144-503d5e968746_RS_HL_0483.jpg,0.4498443603515625,0.06448220888029578,0.9145170942301177,0.27114046716246515
complex_backgrounds,16,Pepper__bell___Bacterial_spot,Pepper__bell___Bacterial_spot/e26d8f48-59aa-4261-ba5a-a4461ebba8d2___JR_B.Spot 3222.JPG,selected_dataset/complex_backgrounds/016__Pepper_bell_Bacterial_spot__e26d8f48-59aa-4261-ba5a-a4461ebba8d2_JR_B.Spot_3222.jpg,0.5861053466796875,0.07950847413501341,0.9392287531248753,0.2782749007383788
complex_backgrounds,17,Pepper__bell___healthy,Pepper__bell___healthy/903ae120-a280-4a1d-bd29-eded8a5cc901___JR_HL 7963.JPG,selected_dataset/complex_backgrounds/017__Pepper_bell_healthy__903ae120-a280-4a1d-bd29-eded8a5cc901_JR_HL_7963.jpg,0.473907470703125,0.2648914933350506,0.9517219752095201,0.271735118367082
complex_backgrounds,18,Potato___Early_blight,Potato___Early_blight/089fb289-4bea-48b6-a29a-3a1d268d9dd3___RS_Early.B 8081.JPG,selected_dataset/complex_backgrounds/018__Potato_Early_blight__089fb289-4bea-48b6-a29a-3a1d268d9dd3_RS_Early.B_8081.jpg,0.4122772216796875,0.06858136866649395,0.9317798640145469,0.3583483520485449
complex_backgrounds,19,Potato___Late_blight,Potato___Late_blight/127521ec-3cc5-4f98-ac73-ad561ec29e73___RS_LB 3219.JPG,selected_dataset/complex_backgrounds/019__Potato_Late_blight__127521ec-3cc5-4f98-ac73-ad561ec29e73_RS_LB_3219.jpg,0.3634796142578125,0.17614709709919818,0.8302723503804288,0.23417004770086097
complex_backgrounds,20,Potato___healthy,Potato___healthy/849aa978-c7b9-4344-9ca8-129219a65f8e___RS_HL 1874.JPG,selected_dataset/complex_backgrounds/020__Potato_healthy__849aa978-c7b9-4344-9ca8-129219a65f8e_RS_HL_1874.jpg,0.553802490234375,0.052295145203063866,0.7989556706221845,0.22984504038524078
complex_backgrounds,21,Tomato_Bacterial_spot,Tomato_Bacterial_spot/b179b3d0-80cf-4dbf-9e88-b3e9b4a93b3b___GCREC_Bact.Sp 3659.JPG,selected_dataset/complex_backgrounds/021__Tomato_Bacterial_spot__b179b3d0-80cf-4dbf-9e88-b3e9b4a93b3b_GCREC_Bact.Sp_3659.jpg,0.4775848388671875,0.045081312501996866,0.6639382426778228,0.29169539995878546
complex_backgrounds,22,Tomato_Early_blight,Tomato_Early_blight/af454559-8f93-4b2d-b961-80bafe6bf43b___RS_Erly.B 8367.JPG,selected_dataset/complex_backgrounds/022__Tomato_Early_blight__af454559-8f93-4b2d-b961-80bafe6bf43b_RS_Erly.B_8367.jpg,0.4390716552734375,0.17543006081668114,0.8717784504952888,0.5416853654502635
complex_backgrounds,23,Tomato_Late_blight,Tomato_Late_blight/0a4b3cde-c83a-4c83-b037-010369738152___RS_Late.B 6985.JPG,selected_dataset/complex_backgrounds/023__Tomato_Late_blight__0a4b3cde-c83a-4c83-b037-010369738152_RS_Late.B_6985.jpg,0.4572296142578125,0.129217420323711,0.8596374362469921,0.47908473401405316
complex_backgrounds,24,Tomato_Leaf_Mold,Tomato_Leaf_Mold/ecee5a37-1c82-4f93-a9d9-d1c098e6514d___Crnl_L.Mold 8618.JPG,selected_dataset/complex_backgrounds/024__Tomato_Leaf_Mold__ecee5a37-1c82-4f93-a9d9-d1c098e6514d_Crnl_L.Mold_8618.jpg,0.3822479248046875,0.12366771785557462,0.818156892235093,0.34477003127017003
complex_backgrounds,25,Tomato_Septoria_leaf_spot,Tomato_Septoria_leaf_spot/95968140-306b-45b7-9bb0-bb475995d29c___JR_Sept.L.S 2580.JPG,selected_dataset/complex_backgrounds/025__Tomato_Septoria_leaf_spot__95968140-306b-45b7-9bb0-bb475995d29c_JR_Sept.L.S_2580.jpg,0.3770294189453125,0.20134363996924198,0.9078248352327112,0.13673235983018595
complex_backgrounds,26,Tomato_Spider_mites_Two_spotted_spider_mite,Tomato_Spider_mites_Two_spotted_spider_mite/f5dcd9bb-8a3a-4236-985d-3fde8ea04d6f___Com.G_SpM_FL 1250.JPG,selected_dataset/complex_backgrounds/026__Tomato_Spider_mites_Two_spotted_spider_mite__f5dcd9bb-8a3a-4236-985d-3fde8ea04d6f_Com.G_SpM_FL_1250.jpg,0.3936309814453125,0.21076094119471256,0.8387954262148204,0.12410067886287765
complex_backgrounds,27,Tomato__Target_Spot,Tomato__Target_Spot/c77e7d66-adfe-4ef1-b34a-62703d1e4748___Com.G_TgS_FL 1049.JPG,selected_dataset/complex_backgrounds/027__Tomato_Target_Spot__c77e7d66-adfe-4ef1-b34a-62703d1e4748_Com.G_TgS_FL_1049.jpg,0.4342193603515625,0.09554766841199001,0.8883259672294141,0.10061782728939847
complex_backgrounds,28,Tomato__Tomato_YellowLeaf__Curl_Virus,Tomato__Tomato_YellowLeaf__Curl_Virus/477375e0-eadd-4719-9bba-c61d99369b52___YLCV_NREC 2233.JPG,selected_dataset/complex_backgrounds/028__Tomato_Tomato_YellowLeaf_Curl_Virus__477375e0-eadd-4719-9bba-c61d99369b52_YLCV_NREC_2233.jpg,0.4740447998046875,0.32613383976566773,0.8725020794248721,0.27496767301370295
complex_backgrounds,29,Tomato__Tomato_mosaic_virus,Tomato__Tomato_mosaic_virus/43f4bccf-0e70-479a-9880-5523f8ffbe9b___PSU_CG 2367.JPG,selected_dataset/complex_backgrounds/029__Tomato_Tomato_mosaic_virus__43f4bccf-0e70-479a-9880-5523f8ffbe9b_PSU_CG_2367.jpg,0.3416900634765625,0.1462064037868977,0.7755014420315869,0.1329302367334583
complex_backgrounds,30,Tomato_healthy,Tomato_healthy/e6f3e3b6-8d73-4564-9e0b-771302aaa6ef___RS_HL 0626.JPG,selected_dataset/complex_backgrounds/030__Tomato_healthy__e6f3e3b6-8d73-4564-9e0b-771302aaa6ef_RS_HL_0626.jpg,0.4437408447265625,0.23675251882672535,0.9061053311806944,0.32904521663786324
complex_backgrounds,31,Pepper__bell___Bacterial_spot,Pepper__bell___Bacterial_spot/aad5f483-16a2-4208-ab0b-00bd4df4a03b___JR_B.Spot 3326.JPG,selected_dataset/complex_backgrounds/031__Pepper_bell_Bacterial_spot__aad5f483-16a2-4208-ab0b-00bd4df4a03b_JR_B.Spot_3326.jpg,0.5531463623046875,0.047198697966952634,0.9366099781792159,0.26539402748422974
complex_backgrounds,32,Pepper__bell___healthy,Pepper__bell___healthy/bc3d7abd-ffef-4c23-b466-b193a950b544___JR_HL 8083.JPG,selected_dataset/complex_backgrounds/032__Pepper_bell_healthy__bc3d7abd-ffef-4c23-b466-b193a950b544_JR_HL_8083.jpg,0.6388092041015625,0.15760181535889167,0.951121469646411,0.24614382366901577
complex_backgrounds,33,Potato___Early_blight,Potato___Early_blight/4b925312-1973-41cf-afdf-9090d02dd539___RS_Early.B 7913.JPG,selected_dataset/complex_backgrounds/033__Potato_Early_blight__4b925312-1973-41cf-afdf-9090d02dd539_RS_Early.B_7913.jpg,0.560791015625,0.014910753156290814,0.9194214485505123,0.2870120384985147
complex_backgrounds,34,Potato___Late_blight,Potato___Late_blight/7f90c344-54de-4053-a406-3a67f9fb1108___RS_LB 3283.JPG,selected_dataset/complex_backgrounds/034__Potato_Late_blight__7f90c344-54de-4053-a406-3a67f9fb1108_RS_LB_3283.jpg,0.4102325439453125,0.08514041286962991,0.825120444107696,0.1412058568519277
complex_backgrounds,35,Potato___healthy,Potato___healthy/30937333-8898-4634-8c00-af57d3020ba6___RS_HL 1922.JPG,selected_dataset/complex_backgrounds/035__Potato_healthy__30937333-8898-4634-8c00-af57d3020ba6_RS_HL_1922.jpg,0.4648284912109375,0.00581032728227686,0.7909443129407868,0.0700094524833
complex_backgrounds,36,Tomato_Bacterial_spot,Tomato_Bacterial_spot/8bae19e3-0db1-423f-a588-665eb7f08eb9___GCREC_Bact.Sp 6355.JPG,selected_dataset/complex_backgrounds/036__Tomato_Bacterial_spot__8bae19e3-0db1-423f-a588-665eb7f08eb9_GCREC_Bact.Sp_6355.jpg,0.5567474365234375,0.27881163154000055,0.6564201509961592,0.24909982409322745
complex_backgrounds,37,Tomato_Early_blight,Tomato_Early_blight/a87f4fa1-5d7b-42e9-81ed-127aa62ad1e6___RS_Erly.B 8258.JPG,selected_dataset/complex_backgrounds/037__Tomato_Early_blight__a87f4fa1-5d7b-42e9-81ed-127aa62ad1e6_RS_Erly.B_8258.jpg,0.5487060546875,0.22310901001112346,0.8649749703004126,0.31871827315923484
complex_backgrounds,38,Tomato_Late_blight,Tomato_Late_blight/08c1db4d-e947-4499-beff-ed2d8025d725___RS_Late.B 6113.JPG,selected_dataset/complex_backgrounds/038__Tomato_Late_blight__08c1db4d-e947-4499-beff-ed2d8025d725_RS_Late.B_6113.jpg,0.4306793212890625,0.10405668733392383,0.8577265265834773,0.11628377374052992
complex_backgrounds,39,Tomato_Leaf_Mold,Tomato_Leaf_Mold/edd27dda-8e38-45da-9744-75982f71b4fe___Crnl_L.Mold 8762.JPG,selected_dataset/complex_backgrounds/039__Tomato_Leaf_Mold__edd27dda-8e38-45da-9744-75982f71b4fe_Crnl_L.Mold_8762.jpg,0.4075775146484375,0.21485530305866496,0.8113189676798749,0.14430679698988136
complex_backgrounds,40,Tomato_Septoria_leaf_spot,Tomato_Septoria_leaf_spot/6a29f136-d22e-470f-9ea1-447c5f3d410d___Matt.S_CG 7471.JPG,selected_dataset/complex_backgrounds/040__Tomato_Septoria_leaf_spot__6a29f136-d22e-470f-9ea1-447c5f3d410d_Matt.S_CG_7471.jpg,0.558685302734375,0.031709182280002184,0.9078182241298174,0.2484543513990874
complex_backgrounds,41,Tomato_Spider_mites_Two_spotted_spider_mite,Tomato_Spider_mites_Two_spotted_spider_mite/28dbca1c-1fc6-4d8f-a1b9-c81314280954___Com.G_SpM_FL 1249.JPG,selected_dataset/complex_backgrounds/041__Tomato_Spider_mites_Two_spotted_spider_mite__28dbca1c-1fc6-4d8f-a1b9-c81314280954_Com.G_SpM_FL_1249.jpg,0.379547119140625,0.15723245155584145,0.8363958883160196,0.12941403637685145
complex_backgrounds,42,Tomato__Target_Spot,Tomato__Target_Spot/0825b4fc-d76b-446c-834e-78de8e72be38___Com.G_TgS_FL 1015.JPG,selected_dataset/complex_backgrounds/042__Tomato_Target_Spot__0825b4fc-d76b-446c-834e-78de8e72be38_Com.G_TgS_FL_1015.jpg,0.4432220458984375,0.16449203015801975,0.888060070745442,0.2836063959990415
complex_backgrounds,43,Tomato__Tomato_YellowLeaf__Curl_Virus,Tomato__Tomato_YellowLeaf__Curl_Virus/403386c4-fd8e-4456-a769-b338bc992ea0___YLCV_NREC 2305.JPG,selected_dataset/complex_backgrounds/043__Tomato_Tomato_YellowLeaf_Curl_Virus__403386c4-fd8e-4456-a769-b338bc992ea0_YLCV_NREC_2305.jpg,0.4141845703125,0.5068155025051577,0.864573687923982,0.10021958093722637
complex_backgrounds,44,Tomato__Tomato_mosaic_virus,Tomato__Tomato_mosaic_virus/67c65196-795d-4df0-bbd8-0c18af1028c1___PSU_CG 2387.JPG,selected_dataset/complex_backgrounds/044__Tomato_Tomato_mosaic_virus__67c65196-795d-4df0-bbd8-0c18af1028c1_PSU_CG_2387.jpg,0.348480224609375,0.11686662579910675,0.7497729389115779,0.2976164200441711
complex_backgrounds,45,Tomato_healthy,Tomato_healthy/fc5c5672-d1e5-4374-bd99-608d95609a7f___RS_HL 0474.JPG,selected_dataset/complex_backgrounds/045__Tomato_healthy__fc5c5672-d1e5-4374-bd99-608d95609a7f_RS_HL_0474.jpg,0.4874267578125,0.03315176558978212,0.9052617033443753,0.2627200952687434
complex_backgrounds,46,Pepper__bell___Bacterial_spot,Pepper__bell___Bacterial_spot/01613cd0-d3cd-4e96-945c-a312002037bf___JR_B.Spot 3262.JPG,selected_dataset/complex_backgrounds/046__Pepper_bell_Bacterial_spot__01613cd0-d3cd-4e96-945c-a312002037bf_JR_B.Spot_3262.jpg,0.570220947265625,0.05362590313085363,0.9254345312455228,0.25243230610681455
complex_backgrounds,47,Pepper__bell___healthy,Pepper__bell___healthy/b91d515b-9f44-4a63-aa2b-e7b3f2ea0fec___JR_HL 8312.JPG,selected_dataset/complex_backgrounds/047__Pepper_bell_healthy__b91d515b-9f44-4a63-aa2b-e7b3f2ea0fec_JR_HL_8312.jpg,0.5433349609375,0.10626825432487082,0.940553033726782,0.2692183472887183
complex_backgrounds,48,Potato___Early_blight,Potato___Early_blight/68a9df4a-f803-4cf1-bfce-1a637a2befcc___RS_Early.B 7654.JPG,selected_dataset/complex_backgrounds/048__Potato_Early_blight__68a9df4a-f803-4cf1-bfce-1a637a2befcc_RS_Early.B_7654.jpg,0.5279998779296875,0.055486518509955784,0.9112378893679688,0.25899858352307875
complex_backgrounds,49,Potato___Late_blight,Potato___Late_blight/910139a3-cd42-4adc-a24b-3602fd4de7d3___RS_LB 4415.JPG,selected_dataset/complex_backgrounds/049__Potato_Late_blight__910139a3-cd42-4adc-a24b-3602fd4de7d3_RS_LB_4415.jpg,0.4407806396484375,0.14830200436182367,0.8112265925001985,0.07989913513389513
complex_backgrounds,50,Potato___healthy,Potato___healthy/23f4d3b1-23f4-43fb-96c2-dae37224ec74___RS_HL 1803.JPG,selected_dataset/complex_backgrounds/050__Potato_healthy__23f4d3b1-23f4-43fb-96c2-dae37224ec74_RS_HL_1803.jpg,0.4003143310546875,0.004574042309891366,0.7861231579278058,0.08692162312164665
complex_backgrounds,51,Tomato_Bacterial_spot,Tomato_Bacterial_spot/c882b8ca-8b93-44c2-812b-48e811268cc4___GCREC_Bact.Sp 3797.JPG,selected_dataset/complex_backgrounds/051__Tomato_Bacterial_spot__c882b8ca-8b93-44c2-812b-48e811268cc4_GCREC_Bact.Sp_3797.jpg,0.6099853515625,0.3770262157294377,0.6528299255611524,0.2945290771296962
complex_backgrounds,52,Tomato_Early_blight,Tomato_Early_blight/0efaac13-1988-48db-aec3-f31df3045b95___RS_Erly.B 8342.JPG,selected_dataset/complex_backgrounds/052__Tomato_Early_blight__0efaac13-1988-48db-aec3-f31df3045b95_RS_Erly.B_8342.jpg,0.6252593994140625,0.1285599238597262,0.8515888341845761,0.5236030811630041
complex_backgrounds,53,Tomato_Late_blight,Tomato_Late_blight/73901132-ade5-4705-9760-c2adcb396cda___RS_Late.B 7065.JPG,selected_dataset/complex_backgrounds/053__Tomato_Late_blight__73901132-ade5-4705-9760-c2adcb396cda_RS_Late.B_7065.jpg,0.398284912109375,0.11029806145122979,0.8547724516007746,0.3565151241868103
complex_backgrounds,54,Tomato_Leaf_Mold,Tomato_Leaf_Mold/f2a712d0-5d8c-4676-a0c3-732ef8ebc8f0___Crnl_L.Mold 8861.JPG,selected_dataset/complex_backgrounds/054__Tomato_Leaf_Mold__f2a712d0-5d8c-4676-a0c3-732ef8ebc8f0_Crnl_L.Mold_8861.jpg,0.4046630859375,0.06478129713423832,0.7961947128408482,0.1296185558724501
complex_backgrounds,55,Tomato_Septoria_leaf_spot,Tomato_Septoria_leaf_spot/750103c8-a938-49a6-b8af-71eeb7596acb___Matt.S_CG 6872.JPG,selected_dataset/complex_backgrounds/055__Tomato_Septoria_leaf_spot__750103c8-a938-49a6-b8af-71eeb7596acb_Matt.S_CG_6872.jpg,0.392822265625,0.21061218147917962,0.9030036290229044,0.15936456179571834
complex_backgrounds,56,Tomato_Spider_mites_Two_spotted_spider_mite,Tomato_Spider_mites_Two_spotted_spider_mite/3d59267d-cf74-4354-a41c-d3f79783fcfd___Com.G_SpM_FL 8667.JPG,selected_dataset/complex_backgrounds/056__Tomato_Spider_mites_Two_spotted_spider_mite__3d59267d-cf74-4354-a41c-d3f79783fcfd_Com.G_SpM_FL_8667.jpg,0.470977783203125,0.3955808980755524,0.8358121007303481,0.10301278382527596
complex_backgrounds,57,Tomato__Target_Spot,Tomato__Target_Spot/9b7cfdd0-77b2-4d9c-ba23-723b8c1fb65a___Com.G_TgS_FL 1058.JPG,selected_dataset/complex_backgrounds/057__Tomato_Target_Spot__9b7cfdd0-77b2-4d9c-ba23-723b8c1fb65a_Com.G_TgS_FL_1058.jpg,0.47900390625,0.2004650866462793,0.8878145787456622,0.10172685047455539
complex_backgrounds,58,Tomato__Tomato_YellowLeaf__Curl_Virus,Tomato__Tomato_YellowLeaf__Curl_Virus/26b2f46f-fcc7-4721-bf1b-eb275467f0e6___YLCV_NREC 2345.JPG,selected_dataset/complex_backgrounds/058__Tomato_Tomato_YellowLeaf_Curl_Virus__26b2f46f-fcc7-4721-bf1b-eb275467f0e6_YLCV_NREC_2345.jpg,0.4189910888671875,0.35176080702137735,0.8607302764680445,0.09266081301685677
complex_backgrounds,59,Tomato__Tomato_mosaic_virus,Tomato__Tomato_mosaic_virus/227c893f-5a46-4df3-859d-ba3a74e4cb82___PSU_CG 2277.JPG,selected_dataset/complex_backgrounds/059__Tomato_Tomato_mosaic_virus__227c893f-5a46-4df3-859d-ba3a74e4cb82_PSU_CG_2277.jpg,0.3737335205078125,0.19597436002123056,0.7478966106488074,0.18178003849011315
complex_backgrounds,60,Tomato_healthy,Tomato_healthy/d461b7c8-4c81-4309-8ccd-4400ddbb25aa___RS_HL 0586.JPG,selected_dataset/complex_backgrounds/060__Tomato_healthy__d461b7c8-4c81-4309-8ccd-4400ddbb25aa_RS_HL_0586.jpg,0.528106689453125,0.00846576134065299,0.9037776131581585,0.1034338182104356
complex_backgrounds,61,Pepper__bell___Bacterial_spot,Pepper__bell___Bacterial_spot/3bb93b52-4419-4882-9a35-0533f48757df___JR_B.Spot 3311.JPG,selected_dataset/complex_backgrounds/061__Pepper_bell_Bacterial_spot__3bb93b52-4419-4882-9a35-0533f48757df_JR_B.Spot_3311.jpg,0.52252197265625,0.1771113187711716,0.9186564416549402,0.2579587237640328
complex_backgrounds,62,Pepper__bell___healthy,Pepper__bell___healthy/a4980e0e-157e-4ad9-9cd8-ad3f37e9b8ca___JR_HL 8197.JPG,selected_dataset/complex_backgrounds/062__Pepper_bell_healthy__a4980e0e-157e-4ad9-9cd8-ad3f37e9b8ca_JR_HL_8197.jpg,0.49884033203125,0.04420041600391533,0.9364080417541514,0.27927299359253976
complex_backgrounds,63,Potato___Early_blight,Potato___Early_blight/1d2ec63e-acfb-4a80-ba21-853a724fff4a___RS_Early.B 8083.JPG,selected_dataset/complex_backgrounds/063__Potato_Early_blight__1d2ec63e-acfb-4a80-ba21-853a724fff4a_RS_Early.B_8083.jpg,0.4277191162109375,0.05140737041133031,0.9099538159764817,0.3642087102597129
complex_backgrounds,64,Potato___Late_blight,Potato___Late_blight/939a9a98-cbc9-4b83-bb47-395f26d7fddd___RS_LB 4293.JPG,selected_dataset/complex_backgrounds/064__Potato_Late_blight__939a9a98-cbc9-4b83-bb47-395f26d7fddd_RS_LB_4293.jpg,0.4064788818359375,0.029543151019182402,0.7816386385323696,0.08580608669996315
complex_backgrounds,65,Potato___healthy,Potato___healthy/57e24d88-fd01-4422-b8b5-d688d2296184___RS_HL 5401.JPG,selected_dataset/complex_backgrounds/065__Potato_healthy__57e24d88-fd01-4422-b8b5-d688d2296184_RS_HL_5401.jpg,0.524322509765625,0.1644549211338106,0.7695628716758514,0.08142226553531917
complex_backgrounds,66,Tomato_Bacterial_spot,Tomato_Bacterial_spot/d9461bb6-7502-4f29-80eb-e691b7f5619f___GCREC_Bact.Sp 6293.JPG,selected_dataset/complex_backgrounds/066__Tomato_Bacterial_spot__d9461bb6-7502-4f29-80eb-e691b7f5619f_GCREC_Bact.Sp_6293.jpg,0.53839111328125,0.3453123228658882,0.6362028281644303,0.2674552662850953
complex_backgrounds,67,Tomato_Early_blight,Tomato_Early_blight/b86c17e0-d24a-4edf-a67f-c16c421d36ae___RS_Erly.B 7746.JPG,selected_dataset/complex_backgrounds/067__Tomato_Early_blight__b86c17e0-d24a-4edf-a67f-c16c421d36ae_RS_Erly.B_7746.jpg,0.3945770263671875,0.10189875865269345,0.8495365130273742,0.15108219754755603
complex_backgrounds,68,Tomato_Late_blight,Tomato_Late_blight/16613329-813d-4d3d-9f44-e52c0ad72bb0___RS_Late.B 4980.JPG,selected_dataset/complex_backgrounds/068__Tomato_Late_blight__16613329-813d-4d3d-9f44-e52c0ad72bb0_RS_Late.B_4980.jpg,0.3934326171875,0.3281492398386596,0.8547571992244927,0.15624970790118933
complex_backgrounds,69,Tomato_Leaf_Mold,Tomato_Leaf_Mold/7115a5d7-3157-4183-bda2-8d0b43f50276___Crnl_L.Mold 8898.JPG,selected_dataset/complex_backgrounds/069__Tomato_Leaf_Mold__7115a5d7-3157-4183-bda2-8d0b43f50276_Crnl_L.Mold_8898.jpg,0.4509429931640625,0.2569959056610158,0.794525854884397,0.1538318701834821
complex_backgrounds,70,Tomato_Septoria_leaf_spot,Tomato_Septoria_leaf_spot/cbf33493-c9d7-486c-90c7-0e1117aec294___Matt.S_CG 7472.JPG,selected_dataset/complex_backgrounds/070__Tomato_Septoria_leaf_spot__cbf33493-c9d7-486c-90c7-0e1117aec294_Matt.S_CG_7472.jpg,0.5038299560546875,0.00953996184015264,0.9000781842279746,0.08747594593568019
complex_backgrounds,71,Tomato_Spider_mites_Two_spotted_spider_mite,Tomato_Spider_mites_Two_spotted_spider_mite/c7bb5d91-e90c-4ade-b142-19f2828cf3fb___Com.G_SpM_FL 1172.JPG,selected_dataset/complex_backgrounds/071__Tomato_Spider_mites_Two_spotted_spider_mite__c7bb5d91-e90c-4ade-b142-19f2828cf3fb_Com.G_SpM_FL_1172.jpg,0.4326629638671875,0.027861047434314935,0.834038816910103,0.253734600209245
complex_backgrounds,72,Tomato__Target_Spot,Tomato__Target_Spot/9af07afd-a597-4c46-918b-6d6061e93edc___Com.G_TgS_FL 1059.JPG,selected_dataset/complex_backgrounds/072__Tomato_Target_Spot__9af07afd-a597-4c46-918b-6d6061e93edc_Com.G_TgS_FL_1059.jpg,0.517822265625,0.1775990099009901,0.8863872477723751,0.0972224671704384
complex_backgrounds,73,Tomato__Tomato_YellowLeaf__Curl_Virus,Tomato__Tomato_YellowLeaf__Curl_Virus/642b0782-39c3-4efc-a5b9-9cf322e63348___YLCV_NREC 2527.JPG,selected_dataset/complex_backgrounds/073__Tomato_Tomato_YellowLeaf_Curl_Virus__642b0782-39c3-4efc-a5b9-9cf322e63348_YLCV_NREC_2527.jpg,0.418731689453125,0.3945776546898914,0.8541917399576666,0.09844283949326971
complex_backgrounds,74,Tomato__Tomato_mosaic_virus,Tomato__Tomato_mosaic_virus/f7100402-ba19-464b-8952-fcfe92a706c0___PSU_CG 2132.JPG,selected_dataset/complex_backgrounds/074__Tomato_Tomato_mosaic_virus__f7100402-ba19-464b-8952-fcfe92a706c0_PSU_CG_2132.jpg,0.35845947265625,0.16324706282989954,0.7314369405558602,0.36268009353695263
complex_backgrounds,75,Tomato_healthy,Tomato_healthy/7a5fe2a0-ac85-4a37-b0f6-8cfc8fb21c9c___RS_HL 9865.JPG,selected_dataset/complex_backgrounds/075__Tomato_healthy__7a5fe2a0-ac85-4a37-b0f6-8cfc8fb21c9c_RS_HL_9865.jpg,0.449188232421875,0.16336028262789593,0.9031799875401407,0.3006961069277357
complex_backgrounds,76,Pepper__bell___Bacterial_spot,Pepper__bell___Bacterial_spot/0fcbdf76-fcc4-4271-986a-9466a784d404___JR_B.Spot 3374.JPG,selected_dataset/complex_backgrounds/076__Pepper_bell_Bacterial_spot__0fcbdf76-fcc4-4271-986a-9466a784d404_JR_B.Spot_3374.jpg,0.5571136474609375,0.27161677302730686,0.9116231361428359,0.26659357672155615
complex_backgrounds,77,Pepper__bell___healthy,Pepper__bell___healthy/c2bb8562-98b3-4364-87c6-39c80e3d5219___JR_HL 8185.JPG,selected_dataset/complex_backgrounds/077__Pepper_bell_healthy__c2bb8562-98b3-4364-87c6-39c80e3d5219_JR_HL_8185.jpg,0.5207061767578125,0.18367765567765568,0.9338458558815224,0.2815359915025921
complex_backgrounds,78,Potato___Early_blight,Potato___Early_blight/9eb646d2-e908-43d1-8dd5-0d6b8dcb21eb___RS_Early.B 7569.JPG,selected_dataset/complex_backgrounds/078__Potato_Early_blight__9eb646d2-e908-43d1-8dd5-0d6b8dcb21eb_RS_Early.B_7569.jpg,0.6010284423828125,0.04422554520297545,0.9057700184171882,0.23078897277374313
complex_backgrounds,79,Potato___Late_blight,Potato___Late_blight/b65fddcf-cc40-4632-a0c4-70fff2f68009___RS_LB 4481.JPG,selected_dataset/complex_backgrounds/079__Potato_Late_blight__b65fddcf-cc40-4632-a0c4-70fff2f68009_RS_LB_4481.jpg,0.3984527587890625,0.2286600543790449,0.7772341889645935,0.12469702152582897
complex_backgrounds,80,Potato___healthy,Potato___healthy/60e9a878-13e0-4345-964c-fd807cd20bbb___RS_HL 1876.JPG,selected_dataset/complex_backgrounds/080__Potato_healthy__60e9a878-13e0-4345-964c-fd807cd20bbb_RS_HL_1876.jpg,0.5598907470703125,0.028125255498323933,0.7533210814070898,0.06695948398361094
complex_backgrounds,81,Tomato_Bacterial_spot,Tomato_Bacterial_spot/a7b44387-9845-46b5-b520-5a7420efee98___UF.GRC_BS_Lab Leaf 0763.JPG,selected_dataset/complex_backgrounds/081__Tomato_Bacterial_spot__a7b44387-9845-46b5-b520-5a7420efee98_UF.GRC_BS_Lab_Leaf_0763.jpg,0.4170684814453125,0.2224051512823327,0.636065112010933,0.13505754029647601
complex_backgrounds,82,Tomato_Early_blight,Tomato_Early_blight/eabc47ee-5023-476b-9992-53baa566d270___RS_Erly.B 7757.JPG,selected_dataset/complex_backgrounds/082__Tomato_Early_blight__eabc47ee-5023-476b-9992-53baa566d270_RS_Erly.B_7757.jpg,0.4005889892578125,0.27768255056564967,0.8479154548027275,0.16360143105358166
complex_backgrounds,83,Tomato_Late_blight,Tomato_Late_blight/7e4224e3-dd76-4041-8fe2-c9abf67d3a98___RS_Late.B 6630.JPG,selected_dataset/complex_backgrounds/083__Tomato_Late_blight__7e4224e3-dd76-4041-8fe2-c9abf67d3a98_RS_Late.B_6630.jpg,0.387054443359375,0.3204683434518647,0.8539349096750788,0.3524529908969247
complex_backgrounds,84,Tomato_Leaf_Mold,Tomato_Leaf_Mold/96ec6dc6-c3fb-4261-93ae-77d5dfaf8478___Crnl_L.Mold 8909.JPG,selected_dataset/complex_backgrounds/084__Tomato_Leaf_Mold__96ec6dc6-c3fb-4261-93ae-77d5dfaf8478_Crnl_L.Mold_8909.jpg,0.4071197509765625,0.052584235973164424,0.793024058519392,0.1413388544583275
complex_backgrounds,85,Tomato_Septoria_leaf_spot,Tomato_Septoria_leaf_spot/009ce7ca-77de-4e4e-9f59-bec9162df779___Matt.S_CG 7403.JPG,selected_dataset/complex_backgrounds/085__Tomato_Septoria_leaf_spot__009ce7ca-77de-4e4e-9f59-bec9162df779_Matt.S_CG_7403.jpg,0.5160369873046875,0.12173630207871315,0.8992626858050807,0.3065346551480276
complex_backgrounds,86,Tomato_Spider_mites_Two_spotted_spider_mite,Tomato_Spider_mites_Two_spotted_spider_mite/d9787ae7-82d5-4447-97ad-32a9dbb3866f___Com.G_SpM_FL 1166.JPG,selected_dataset/complex_backgrounds/086__Tomato_Spider_mites_Two_spotted_spider_mite__d9787ae7-82d5-4447-97ad-32a9dbb3866f_Com.G_SpM_FL_1166.jpg,0.4023590087890625,0.010428912738442868,0.8326095073775489,0.27631169025056324
complex_backgrounds,87,Tomato__Target_Spot,Tomato__Target_Spot/7b6e537a-75bf-4ea0-b89a-088730d7c633___Com.G_TgS_FL 1112.JPG,selected_dataset/complex_backgrounds/087__Tomato_Target_Spot__7b6e537a-75bf-4ea0-b89a-088730d7c633_Com.G_TgS_FL_1112.jpg,0.39947509765625,0.12582123758594346,0.882736653125759,0.30342208552668676
complex_backgrounds,88,Tomato__Tomato_YellowLeaf__Curl_Virus,Tomato__Tomato_YellowLeaf__Curl_Virus/006c18c6-2486-412b-8113-956819390392___YLCV_NREC 2629.JPG,selected_dataset/complex_backgrounds/088__Tomato_Tomato_YellowLeaf_Curl_Virus__006c18c6-2486-412b-8113-956819390392_YLCV_NREC_2629.jpg,0.369720458984375,0.4404869995872885,0.8492592775653576,0.3077959614559257
complex_backgrounds,89,Tomato__Tomato_mosaic_virus,Tomato__Tomato_mosaic_virus/ebf036fa-436b-42aa-8a34-0b0f188bc54a___PSU_CG 2134.JPG,selected_dataset/complex_backgrounds/089__Tomato_Tomato_mosaic_virus__ebf036fa-436b-42aa-8a34-0b0f188bc54a_PSU_CG_2134.jpg,0.3207244873046875,0.09848232551501022,0.7263971226402985,0.26655114832267857
complex_backgrounds,90,Tomato_healthy,Tomato_healthy/31dd192f-dcf8-4f89-9890-7bd22653f823___RS_HL 0052.JPG,selected_dataset/complex_backgrounds/090__Tomato_healthy__31dd192f-dcf8-4f89-9890-7bd22653f823_RS_HL_0052.jpg,0.481414794921875,0.0625039619651347,0.9031786025317992,0.1399146520556246
complex_backgrounds,91,Pepper__bell___Bacterial_spot,Pepper__bell___Bacterial_spot/a50c5b48-03df-44af-8dac-62976376a4cd___JR_B.Spot 3247.JPG,selected_dataset/complex_backgrounds/091__Pepper_bell_Bacterial_spot__a50c5b48-03df-44af-8dac-62976376a4cd_JR_B.Spot_3247.jpg,0.4930877685546875,0.19161380164010522,0.9115609655902241,0.2864109780276496
complex_backgrounds,92,Pepper__bell___healthy,Pepper__bell___healthy/adb7a855-3b4f-4c7d-978d-b79e5b7cc101___JR_HL 7908.JPG,selected_dataset/complex_backgrounds/092__Pepper_bell_healthy__adb7a855-3b4f-4c7d-978d-b79e5b7cc101_JR_HL_7908.jpg,0.574676513671875,0.09423291381233073,0.9223593919758064,0.24574799568312072
complex_backgrounds,93,Potato___Early_blight,Potato___Early_blight/336e5156-8947-46a7-a6fb-e993255d9091___RS_Early.B 8085.JPG,selected_dataset/complex_backgrounds/093__Potato_Early_blight__336e5156-8947-46a7-a6fb-e993255d9091_RS_Early.B_8085.jpg,0.387481689453125,0.07340316610222887,0.9028129469850281,0.23274260356932303
complex_backgrounds,94,Potato___Late_blight,Potato___Late_blight/ab72ec63-290e-4e95-ab0a-b551ed44ab3b___RS_LB 3286.JPG,selected_dataset/complex_backgrounds/094__Potato_Late_blight__ab72ec63-290e-4e95-ab0a-b551ed44ab3b_RS_LB_3286.jpg,0.390838623046875,0.20644959787616146,0.7768772919981947,0.28648765558462497
complex_backgrounds,95,Potato___healthy,Potato___healthy/2e0b8b4b-e900-408b-b760-730690bbd382___RS_HL 1901.JPG,selected_dataset/complex_backgrounds/095__Potato_healthy__2e0b8b4b-e900-408b-b760-730690bbd382_RS_HL_1901.jpg,0.5541839599609375,0.08854869352129739,0.7500247136026327,0.2422462265771737
complex_backgrounds,96,Tomato_Bacterial_spot,Tomato_Bacterial_spot/a23ea57b-2216-4d91-a89f-aa5312d0f24c___GCREC_Bact.Sp 3567.JPG,selected_dataset/complex_backgrounds/096__Tomato_Bacterial_spot__a23ea57b-2216-4d91-a89f-aa5312d0f24c_GCREC_Bact.Sp_3567.jpg,0.4962158203125,0.04138991389913899,0.625231120552455,0.2634773309227447
complex_backgrounds,97,Tomato_Early_blight,Tomato_Early_blight/a1e875bd-5c06-4031-b0c0-9413d754df0e___RS_Erly.B 8221.JPG,selected_dataset/complex_backgrounds/097__Tomato_Early_blight__a1e875bd-5c06-4031-b0c0-9413d754df0e_RS_Erly.B_8221.jpg,0.313720703125,0.3472762645914397,0.8444634678473664,0.44668436746988077
complex_backgrounds,98,Tomato_Late_blight,Tomato_Late_blight/61237cd7-ac87-4720-90ed-299e39f520e1___RS_Late.B 5005.JPG,selected_dataset/complex_backgrounds/098__Tomato_Late_blight__61237cd7-ac87-4720-90ed-299e39f520e1_RS_Late.B_5005.jpg,0.370697021484375,0.401045525644192,0.8514107070357393,0.2607886782466462
complex_backgrounds,99,Tomato_Leaf_Mold,Tomato_Leaf_Mold/119da3be-8512-492e-ac10-66bee5e73a5c___Crnl_L.Mold 8770.JPG,selected_dataset/complex_backgrounds/099__Tomato_Leaf_Mold__119da3be-8512-492e-ac10-66bee5e73a5c_Crnl_L.Mold_8770.jpg,0.412628173828125,0.12691368981584203,0.7832909093243723,0.27925533646198825
complex_backgrounds,100,Tomato_Septoria_leaf_spot,Tomato_Septoria_leaf_spot/e65190f0-97e9-44a6-bcb8-9fe7d42e9200___Matt.S_CG 7413.JPG,selected_dataset/complex_backgrounds/100__Tomato_Septoria_leaf_spot__e65190f0-97e9-44a6-bcb8-9fe7d42e9200_Matt.S_CG_7413.jpg,0.53973388671875,0.07867805043537261,0.8981655513360515,0.2808099299093377
complex_backgrounds,101,Tomato_Spider_mites_Two_spotted_spider_mite,Tomato_Spider_mites_Two_spotted_spider_mite/22372e33-7f94-48f7-b394-421d1489328a___Com.G_SpM_FL 8697.JPG,selected_dataset/complex_backgrounds/101__Tomato_Spider_mites_Two_spotted_spider_mite__22372e33-7f94-48f7-b394-421d1489328a_Com.G_SpM_FL_8697.jpg,0.4099884033203125,0.3203319810934534,0.8286187007694847,0.1193364074909467
complex_backgrounds,102,Tomato__Target_Spot,Tomato__Target_Spot/0d15f8d7-a777-4c3b-b5e4-5b1d31661e89___Com.G_TgS_FL 1094.JPG,selected_dataset/complex_backgrounds/102__Tomato_Target_Spot__0d15f8d7-a777-4c3b-b5e4-5b1d31661e89_Com.G_TgS_FL_1094.jpg,0.501922607421875,0.22028333434668937,0.8818718047386267,0.2842078239372212
complex_backgrounds,103,Tomato__Tomato_YellowLeaf__Curl_Virus,Tomato__Tomato_YellowLeaf__Curl_Virus/8532dd5f-896a-4b03-9ac6-f7887bf093dc___YLCV_NREC 2245.JPG,selected_dataset/complex_backgrounds/103__Tomato_Tomato_YellowLeaf_Curl_Virus__8532dd5f-896a-4b03-9ac6-f7887bf093dc_YLCV_NREC_2245.jpg,0.404052734375,0.4236404833836858,0.8480820840901295,0.1153654716311257
complex_backgrounds,104,Tomato__Tomato_mosaic_virus,Tomato__Tomato_mosaic_virus/3b990211-ec63-4cb4-a502-ca99b4764dfb___PSU_CG 2126.JPG,selected_dataset/complex_backgrounds/104__Tomato_Tomato_mosaic_virus__3b990211-ec63-4cb4-a502-ca99b4764dfb_PSU_CG_2126.jpg,0.2833404541015625,0.11486886746728418,0.7259661696406673,0.4536618120096766
complex_backgrounds,105,Tomato_healthy,Tomato_healthy/f32a71f9-5468-4169-aa2f-e895f070bfc7___RS_HL 9997.JPG,selected_dataset/complex_backgrounds/105__Tomato_healthy__f32a71f9-5468-4169-aa2f-e895f070bfc7_RS_HL_9997.jpg,0.54791259765625,0.23097916898741228,0.9017720067425281,0.09551391219808096
complex_backgrounds,106,Pepper__bell___Bacterial_spot,Pepper__bell___Bacterial_spot/ccbb9ddc-2afa-4dc9-995a-1ed4167747a1___JR_B.Spot 3328.JPG,selected_dataset/complex_backgrounds/106__Pepper_bell_Bacterial_spot__ccbb9ddc-2afa-4dc9-995a-1ed4167747a1_JR_B.Spot_3328.jpg,0.6060638427734375,0.028323975930914676,0.906269285352088,0.24993999981006298
complex_backgrounds,107,Pepper__bell___healthy,Pepper__bell___healthy/7dbe2d75-e326-40fb-a754-0e04ba468883___JR_HL 8320.JPG,selected_dataset/complex_backgrounds/107__Pepper_bell_healthy__7dbe2d75-e326-40fb-a754-0e04ba468883_JR_HL_8320.jpg,0.461944580078125,0.12703970403646694,0.9161174790634765,0.2690631779001616
complex_backgrounds,108,Potato___Early_blight,Potato___Early_blight/4be99b40-e269-4c69-8c90-ac75514650af___RS_Early.B 6830.JPG,selected_dataset/complex_backgrounds/108__Potato_Early_blight__4be99b40-e269-4c69-8c90-ac75514650af_RS_Early.B_6830.jpg,0.6274871826171875,0.004985044865403789,0.9014864757289001,0.23349081379332137
complex_backgrounds,109,Potato___Late_blight,Potato___Late_blight/1e0326a5-b208-447f-9d60-f788ec4b6e3f___RS_LB 4526.JPG,selected_dataset/complex_backgrounds/109__Potato_Late_blight__1e0326a5-b208-447f-9d60-f788ec4b6e3f_RS_LB_4526.jpg,0.38165283203125,0.20466176235407005,0.7745935850241141,0.11435483592087338
complex_backgrounds,110,Potato___healthy,Potato___healthy/31a09d39-6791-4ecb-8f44-af2ed85dbd33___RS_HL 1970.JPG,selected_dataset/complex_backgrounds/110__Potato_healthy__31a09d39-6791-4ecb-8f44-af2ed85dbd33_RS_HL_1970.jpg,0.5140228271484375,0.006946299759551162,0.747711182046611,0.07883093541303038
complex_backgrounds,111,Tomato_Bacterial_spot,Tomato_Bacterial_spot/6fb27117-172c-41a3-88c9-8a54380363eb___GCREC_Bact.Sp 3671.JPG,selected_dataset/complex_backgrounds/111__Tomato_Bacterial_spot__6fb27117-172c-41a3-88c9-8a54380363eb_GCREC_Bact.Sp_3671.jpg,0.54815673828125,0.09614742233604276,0.6238095059800568,0.24878905723662195
complex_backgrounds,112,Tomato_Early_blight,Tomato_Early_blight/18ec9a60-a4e3-4dd7-805f-fe9eaf526c2f___RS_Erly.B 8405.JPG,selected_dataset/complex_backgrounds/112__Tomato_Early_blight__18ec9a60-a4e3-4dd7-805f-fe9eaf526c2f_RS_Erly.B_8405.jpg,0.469390869140625,0.22943891814576425,0.8411241216461163,0.35423665674641014
complex_backgrounds,113,Tomato_Late_blight,Tomato_Late_blight/9d933bc8-f52e-4000-9ecb-d0d465c5c3ee___RS_Late.B 6660.JPG,selected_dataset/complex_backgrounds/113__Tomato_Late_blight__9d933bc8-f52e-4000-9ecb-d0d465c5c3ee_RS_Late.B_6660.jpg,0.42132568359375,0.047334492249746486,0.8495696787921989,0.6268252370948206
complex_backgrounds,114,Tomato_Leaf_Mold,Tomato_Leaf_Mold/5784abe2-e3ea-44e8-aa2b-f5d316c851e5___Crnl_L.Mold 8813.JPG,selected_dataset/complex_backgrounds/114__Tomato_Leaf_Mold__5784abe2-e3ea-44e8-aa2b-f5d316c851e5_Crnl_L.Mold_8813.jpg,0.44482421875,0.05958424807903403,0.7823212336915957,0.13706462274359038
complex_backgrounds,115,Tomato_Septoria_leaf_spot,Tomato_Septoria_leaf_spot/45776444-6428-486a-bb79-c1e1cbde4994___Matt.S_CG 7569.JPG,selected_dataset/complex_backgrounds/115__Tomato_Septoria_leaf_spot__45776444-6428-486a-bb79-c1e1cbde4994_Matt.S_CG_7569.jpg,0.458770751953125,0.06635402115346238,0.8963520139194295,0.30220554300447067
complex_backgrounds,116,Tomato_Spider_mites_Two_spotted_spider_mite,Tomato_Spider_mites_Two_spotted_spider_mite/b9b00f29-ad37-4286-8229-504bc5921c44___Com.G_SpM_FL 1268.JPG,selected_dataset/complex_backgrounds/116__Tomato_Spider_mites_Two_spotted_spider_mite__b9b00f29-ad37-4286-8229-504bc5921c44_Com.G_SpM_FL_1268.jpg,0.4008636474609375,0.1341403068021773,0.8282855367212278,0.26153047503294047
complex_backgrounds,117,Tomato__Target_Spot,Tomato__Target_Spot/13eec704-81e1-46ff-b316-f9271fc39d3b___Com.G_TgS_FL 1114.JPG,selected_dataset/complex_backgrounds/117__Tomato_Target_Spot__13eec704-81e1-46ff-b316-f9271fc39d3b_Com.G_TgS_FL_1114.jpg,0.464630126953125,0.08545155993431855,0.8806118423466645,0.266669609776004
complex_backgrounds,118,Tomato__Tomato_YellowLeaf__Curl_Virus,Tomato__Tomato_YellowLeaf__Curl_Virus/0c0df91e-e996-451f-96b0-e4a2106da06d___YLCV_NREC 2669.JPG,selected_dataset/complex_backgrounds/118__Tomato_Tomato_YellowLeaf_Curl_Virus__0c0df91e-e996-451f-96b0-e4a2106da06d_YLCV_NREC_2669.jpg,0.4279632568359375,0.20914892858416229,0.8418189564768488,0.09219192524687138
complex_backgrounds,119,Tomato__Tomato_mosaic_virus,Tomato__Tomato_mosaic_virus/97465c93-52c3-4df9-a820-de9ae6f4d03e___PSU_CG 2232.JPG,selected_dataset/complex_backgrounds/119__Tomato_Tomato_mosaic_virus__97465c93-52c3-4df9-a820-de9ae6f4d03e_PSU_CG_2232.jpg,0.2589569091796875,0.09775499381297507,0.7232117779034144,0.17681390366973015
complex_backgrounds,120,Tomato_healthy,Tomato_healthy/d6e27864-a8c9-426f-9e46-283d0eb3a7d0___RS_HL 0452.JPG,selected_dataset/complex_backgrounds/120__Tomato_healthy__d6e27864-a8c9-426f-9e46-283d0eb3a7d0_RS_HL_0452.jpg,0.4442901611328125,0.2441529003674829,0.900840948278383,0.10453217236645812
complex_backgrounds,121,Pepper__bell___Bacterial_spot,Pepper__bell___Bacterial_spot/3f436076-8f23-46e8-a730-08bffac34ea4___JR_B.Spot 3379.JPG,selected_dataset/complex_backgrounds/121__Pepper_bell_Bacterial_spot__3f436076-8f23-46e8-a730-08bffac34ea4_JR_B.Spot_3379.jpg,0.519500732421875,0.22760383011220114,0.9048175602275714,0.26536354035652227
complex_backgrounds,122,Pepper__bell___healthy,Pepper__bell___healthy/e2a0eacf-17a9-4bab-8d4d-fc0f3d1f6e87___JR_HL 8179.JPG,selected_dataset/complex_backgrounds/122__Pepper_bell_healthy__e2a0eacf-17a9-4bab-8d4d-fc0f3d1f6e87_JR_HL_8179.jpg,0.54644775390625,0.2767787333854574,0.9155646152087997,0.26154419389387323
complex_backgrounds,123,Potato___Early_blight,Potato___Early_blight/4857420e-b28e-4bb5-aa03-5e333cf27af0___RS_Early.B 6847.JPG,selected_dataset/complex_backgrounds/123__Potato_Early_blight__4857420e-b28e-4bb5-aa03-5e333cf27af0_RS_Early.B_6847.jpg,0.5772247314453125,0.0,0.8979765151884251,0.23705004814268227
complex_backgrounds,124,Potato___Late_blight,Potato___Late_blight/a5a6ebeb-2535-441d-acf5-33bce305fa14___RS_LB 3304.JPG,selected_dataset/complex_backgrounds/124__Potato_Late_blight__a5a6ebeb-2535-441d-acf5-33bce305fa14_RS_LB_3304.jpg,0.41314697265625,0.203279657261043,0.7735631651282961,0.18564411918031598
complex_backgrounds,125,Potato___healthy,Potato___healthy/8665efd2-fa3d-45f8-b1c0-746c99fb7d1e___RS_HL 1924.JPG,selected_dataset/complex_backgrounds/125__Potato_healthy__8665efd2-fa3d-45f8-b1c0-746c99fb7d1e_RS_HL_1924.jpg,0.5713348388671875,0.12958363379002752,0.7412529292601816,0.2334252431513602
complex_backgrounds,126,Tomato_Bacterial_spot,Tomato_Bacterial_spot/4a9819e9-6651-480a-a524-74d149449538___GCREC_Bact.Sp 3748.JPG,selected_dataset/complex_backgrounds/126__Tomato_Bacterial_spot__4a9819e9-6651-480a-a524-74d149449538_GCREC_Bact.Sp_3748.jpg,0.6788330078125,0.13567703650422586,0.6236642136024491,0.29684204255768837
complex_backgrounds,127,Tomato_Early_blight,Tomato_Early_blight/cd2d8a7b-2389-4a2c-8647-b986092fa506___RS_Erly.B 8377.JPG,selected_dataset/complex_backgrounds/127__Tomato_Early_blight__cd2d8a7b-2389-4a2c-8647-b986092fa506_RS_Erly.B_8377.jpg,0.554168701171875,0.09840850267085192,0.8410888057159536,0.27089888517605776
complex_backgrounds,128,Tomato_Late_blight,Tomato_Late_blight/69a7bc98-0c0d-4391-ad2f-2fa91a5d51ac___RS_Late.B 6986.JPG,selected_dataset/complex_backgrounds/128__Tomato_Late_blight__69a7bc98-0c0d-4391-ad2f-2fa91a5d51ac_RS_Late.B_6986.jpg,0.4667510986328125,0.11363562064794534,0.8478046494525198,0.35117351299609456
complex_backgrounds,129,Tomato_Leaf_Mold,Tomato_Leaf_Mold/8e3d29dc-2a32-4471-9318-7ba1c664e1ad___Crnl_L.Mold 8903.JPG,selected_dataset/complex_backgrounds/129__Tomato_Leaf_Mold__8e3d29dc-2a32-4471-9318-7ba1c664e1ad_Crnl_L.Mold_8903.jpg,0.404022216796875,0.043583352216934816,0.7816842530498909,0.13998910798387137
complex_backgrounds,130,Tomato_Septoria_leaf_spot,Tomato_Septoria_leaf_spot/748290c1-48f9-46ab-bf30-70db00d1aa76___JR_Sept.L.S 2547.JPG,selected_dataset/complex_backgrounds/130__Tomato_Septoria_leaf_spot__748290c1-48f9-46ab-bf30-70db00d1aa76_JR_Sept.L.S_2547.jpg,0.477752685546875,0.18272117534334079,0.8933168230164936,0.28835328783093384
complex_backgrounds,131,Tomato_Spider_mites_Two_spotted_spider_mite,Tomato_Spider_mites_Two_spotted_spider_mite/f726fc46-fa81-4bff-9964-496708584300___Com.G_SpM_FL 8669.JPG,selected_dataset/complex_backgrounds/131__Tomato_Spider_mites_Two_spotted_spider_mite__f726fc46-fa81-4bff-9964-496708584300_Com.G_SpM_FL_8669.jpg,0.431732177734375,0.4458542447161942,0.8279052075088804,0.11854848442064655
complex_backgrounds,132,Tomato__Target_Spot,Tomato__Target_Spot/c6a8977b-47d4-4465-88fe-f3869a00a62e___Com.G_TgS_FL 1061.JPG,selected_dataset/complex_backgrounds/132__Tomato_Target_Spot__c6a8977b-47d4-4465-88fe-f3869a00a62e_Com.G_TgS_FL_1061.jpg,0.497344970703125,0.2949315824998466,0.8797085584205175,0.10917584069388991
complex_backgrounds,133,Tomato__Tomato_YellowLeaf__Curl_Virus,Tomato__Tomato_YellowLeaf__Curl_Virus/81dcdac8-4d19-4b7c-b441-ba3c068f7e2b___YLCV_NREC 2333.JPG,selected_dataset/complex_backgrounds/133__Tomato_Tomato_YellowLeaf_Curl_Virus__81dcdac8-4d19-4b7c-b441-ba3c068f7e2b_YLCV_NREC_2333.jpg,0.415374755859375,0.3591947689368893,0.8391493901669878,0.08997551345167155
complex_backgrounds,134,Tomato__Tomato_mosaic_virus,Tomato__Tomato_mosaic_virus/c03d1596-7911-42f1-bbf3-3f3c052b3e76___PSU_CG 2223.JPG,selected_dataset/complex_backgrounds/134__Tomato_Tomato_mosaic_virus__c03d1596-7911-42f1-bbf3-3f3c052b3e76_PSU_CG_2223.jpg,0.31005859375,0.07923228346456693,0.7212326710449977,0.14676315555130592
complex_backgrounds,135,Tomato_healthy,Tomato_healthy/514c77da-8edc-4ce5-948c-fbab6f3b2d96___RS_HL 0478.JPG,selected_dataset/complex_backgrounds/135__Tomato_healthy__514c77da-8edc-4ce5-948c-fbab6f3b2d96_RS_HL_0478.jpg,0.49395751953125,0.13934881996787346,0.9005305176728218,0.25780468970243886
complex_backgrounds,136,Pepper__bell___Bacterial_spot,Pepper__bell___Bacterial_spot/ac4d5f77-f965-4118-9608-3a2879d36f56___JR_B.Spot 3296.JPG,selected_dataset/complex_backgrounds/136__Pepper_bell_Bacterial_spot__ac4d5f77-f965-4118-9608-3a2879d36f56_JR_B.Spot_3296.jpg,0.4244384765625,0.0818234109864826,0.9025269044246436,0.3022622256668257
complex_backgrounds,137,Pepper__bell___healthy,Pepper__bell___healthy/7087d135-b565-492a-9fc3-431fe2f63850___JR_HL 8144.JPG,selected_dataset/complex_backgrounds/137__Pepper_bell_healthy__7087d135-b565-492a-9fc3-431fe2f63850_JR_HL_8144.jpg,0.584686279296875,0.153791951563234,0.9145406727227146,0.25028335045763833
complex_backgrounds,138,Potato___Early_blight,Potato___Early_blight/f536e055-666e-41cc-8ee2-c1af2fbf754a___RS_Early.B 8104.JPG,selected_dataset/complex_backgrounds/138__Potato_Early_blight__f536e055-666e-41cc-8ee2-c1af2fbf754a_RS_Early.B_8104.jpg,0.3855438232421875,0.09055289508053983,0.8944826854349903,0.3682155496302412
complex_backgrounds,139,Potato___Late_blight,Potato___Late_blight/b598f9a7-b582-4fef-9c3d-cc985f2f9c03___RS_LB 3294.JPG,selected_dataset/complex_backgrounds/139__Potato_Late_blight__b598f9a7-b582-4fef-9c3d-cc985f2f9c03_RS_LB_3294.jpg,0.4162445068359375,0.04450309762088053,0.7724146481850114,0.18274624770686662
complex_backgrounds,140,Potato___healthy,Potato___healthy/a1abff90-34e5-464d-b4d3-0c09f5924900___RS_HL 5414.JPG,selected_dataset/complex_backgrounds/140__Potato_healthy__a1abff90-34e5-464d-b4d3-0c09f5924900_RS_HL_5414.jpg,0.463409423828125,0.10872571616727034,0.7353181655348104,0.24942780632110068
complex_backgrounds,141,Tomato_Bacterial_spot,Tomato_Bacterial_spot/892f8dc8-7076-46f4-84f4-a9d8c4546ab5___GCREC_Bact.Sp 3658.JPG,selected_dataset/complex_backgrounds/141__Tomato_Bacterial_spot__892f8dc8-7076-46f4-84f4-a9d8c4546ab5_GCREC_Bact.Sp_3658.jpg,0.496063232421875,0.06367271608735774,0.6234468384017295,0.28580865236161335
complex_backgrounds,142,Tomato_Early_blight,Tomato_Early_blight/30e6be40-743f-49c1-a736-e279d53ffdd7___RS_Erly.B 7862.JPG,selected_dataset/complex_backgrounds/142__Tomato_Early_blight__30e6be40-743f-49c1-a736-e279d53ffdd7_RS_Erly.B_7862.jpg,0.3960113525390625,0.2398566639694833,0.8405994881325878,0.15497031543755907
complex_backgrounds,143,Tomato_Late_blight,Tomato_Late_blight/b41152cc-6662-42cf-80d4-e6e6ce6d8b9d___RS_Late.B 6828.JPG,selected_dataset/complex_backgrounds/143__Tomato_Late_blight__b41152cc-6662-42cf-80d4-e6e6ce6d8b9d_RS_Late.B_6828.jpg,0.373992919921875,0.03610771113831089,0.8476294728146176,0.27289829245849506
complex_backgrounds,144,Tomato_Leaf_Mold,Tomato_Leaf_Mold/3d232a86-283d-45ec-b5cf-99829d78afa8___Crnl_L.Mold 6550.JPG,selected_dataset/complex_backgrounds/144__Tomato_Leaf_Mold__3d232a86-283d-45ec-b5cf-99829d78afa8_Crnl_L.Mold_6550.jpg,0.3955078125,0.0998070987654321,0.7674933832236646,0.0984065882842941
complex_backgrounds,145,Tomato_Septoria_leaf_spot,Tomato_Septoria_leaf_spot/2a136f24-b2aa-42c6-b70b-78a95761d863___Matt.S_CG 6884.JPG,selected_dataset/complex_backgrounds/145__Tomato_Septoria_leaf_spot__2a136f24-b2aa-42c6-b70b-78a95761d863_Matt.S_CG_6884.jpg,0.4759063720703125,0.16175574721857064,0.8905107276472277,0.11989674560885677
complex_backgrounds,146,Tomato_Spider_mites_Two_spotted_spider_mite,Tomato_Spider_mites_Two_spotted_spider_mite/d42f28e8-6530-428f-87d2-3b82717dba86___Com.G_SpM_FL 8871.JPG,selected_dataset/complex_backgrounds/146__Tomato_Spider_mites_Two_spotted_spider_mite__d42f28e8-6530-428f-87d2-3b82717dba86_Com.G_SpM_FL_8871.jpg,0.4459686279296875,0.1609812844287816,0.8270563658647646,0.1328312750288646
complex_backgrounds,147,Tomato__Target_Spot,Tomato__Target_Spot/9719a548-125a-449c-8f7b-018f795e74c0___Com.G_TgS_FL 1063.JPG,selected_dataset/complex_backgrounds/147__Tomato_Target_Spot__9719a548-125a-449c-8f7b-018f795e74c0_Com.G_TgS_FL_1063.jpg,0.478424072265625,0.17251387382790076,0.8766305215889669,0.1268987227685277
complex_backgrounds,148,Tomato__Tomato_YellowLeaf__Curl_Virus,Tomato__Tomato_YellowLeaf__Curl_Virus/90bb9f6a-cf26-4f03-a7b9-80b9e8ecaed1___YLCV_NREC 2453.JPG,selected_dataset/complex_backgrounds/148__Tomato_Tomato_YellowLeaf_Curl_Virus__90bb9f6a-cf26-4f03-a7b9-80b9e8ecaed1_YLCV_NREC_2453.jpg,0.394287109375,0.4165247678018576,0.8369547565889979,0.14010753092517114
complex_backgrounds,149,Tomato__Tomato_mosaic_virus,Tomato__Tomato_mosaic_virus/8a01c89e-3a9f-465a-ac47-79cc99f5ffaa___PSU_CG 2329.JPG,selected_dataset/complex_backgrounds/149__Tomato_Tomato_mosaic_virus__8a01c89e-3a9f-465a-ac47-79cc99f5ffaa_PSU_CG_2329.jpg,0.363067626953125,0.1174245608136505,0.7207036253640782,0.29911201385500924
complex_backgrounds,150,Tomato_healthy,Tomato_healthy/e0587774-746c-41af-a876-b3d083756a23___RS_HL 0588.JPG,selected_dataset/complex_backgrounds/150__Tomato_healthy__e0587774-746c-41af-a876-b3d083756a23_RS_HL_0588.jpg,0.4894866943359375,0.09757162006296954,0.9001553480451618,0.13914876410405091
complex_backgrounds,151,Pepper__bell___Bacterial_spot,Pepper__bell___Bacterial_spot/ba89789a-d506-48d5-964b-41f5815d46b1___JR_B.Spot 3352.JPG,selected_dataset/complex_backgrounds/151__Pepper_bell_Bacterial_spot__ba89789a-d506-48d5-964b-41f5815d46b1_JR_B.Spot_3352.jpg,0.5161590576171875,0.1377597776923759,0.8990080502743536,0.2681248561562497
complex_backgrounds,152,Pepper__bell___healthy,Pepper__bell___healthy/5f1f95af-30a1-4ae7-866b-ac6ef015eb4c___JR_HL 8328.JPG,selected_dataset/complex_backgrounds/152__Pepper_bell_healthy__5f1f95af-30a1-4ae7-866b-ac6ef015eb4c_JR_HL_8328.jpg,0.5349578857421875,0.11971248466870134,0.9059572844311279,0.24137568401039583
complex_backgrounds,153,Potato___Early_blight,Potato___Early_blight/72013507-bfce-4b7a-b56e-f66a94cb4558___RS_Early.B 7930.JPG,selected_dataset/complex_backgrounds/153__Potato_Early_blight__72013507-bfce-4b7a-b56e-f66a94cb4558_RS_Early.B_7930.jpg,0.5267181396484375,0.08036154002143747,0.8939703402452717,0.2570410135146133
complex_backgrounds,154,Potato___Late_blight,Potato___Late_blight/2577b25b-c0ac-442b-8093-42e6490bad1e___RS_LB 4319.JPG,selected_dataset/complex_backgrounds/154__Potato_Late_blight__2577b25b-c0ac-442b-8093-42e6490bad1e_RS_LB_4319.jpg,0.37811279296875,0.3480629539951574,0.770831859156563,0.11605232929782883
complex_backgrounds,155,Potato___healthy,Potato___healthy/ee052892-e935-4fbb-9344-4d23c57c6890___RS_HL 5400.JPG,selected_dataset/complex_backgrounds/155__Potato_healthy__ee052892-e935-4fbb-9344-4d23c57c6890_RS_HL_5400.jpg,0.478668212890625,0.1385718839655722,0.7319293158387083,0.08057810023335073
complex_backgrounds,156,Tomato_Bacterial_spot,Tomato_Bacterial_spot/b433dcf3-c57d-4f5e-9116-5aaeecbaef01___GCREC_Bact.Sp 3715.JPG,selected_dataset/complex_backgrounds/156__Tomato_Bacterial_spot__b433dcf3-c57d-4f5e-9116-5aaeecbaef01_GCREC_Bact.Sp_3715.jpg,0.3935394287109375,0.15129308673568298,0.6103406012050498,0.397104554493131
complex_backgrounds,157,Tomato_Early_blight,Tomato_Early_blight/c684414e-2c2b-4d12-bca0-2a5fb271e1da___RS_Erly.B 8425.JPG,selected_dataset/complex_backgrounds/157__Tomato_Early_blight__c684414e-2c2b-4d12-bca0-2a5fb271e1da_RS_Erly.B_8425.jpg,0.375457763671875,0.4080712021458181,0.8372656389073738,0.3510891005759858
complex_backgrounds,158,Tomato_Late_blight,Tomato_Late_blight/c1b4525c-bbef-4cef-ae46-ed82b0ba2f48___RS_Late.B 6996.JPG,selected_dataset/complex_backgrounds/158__Tomato_Late_blight__c1b4525c-bbef-4cef-ae46-ed82b0ba2f48_RS_Late.B_6996.jpg,0.395050048828125,0.019351100811123987,0.8460417776645068,0.43834241025475873
complex_backgrounds,159,Tomato_Leaf_Mold,Tomato_Leaf_Mold/36bed8e9-0b39-48f9-a8f7-d776469ce245___Crnl_L.Mold 8912.JPG,selected_dataset/complex_backgrounds/159__Tomato_Leaf_Mold__36bed8e9-0b39-48f9-a8f7-d776469ce245_Crnl_L.Mold_8912.jpg,0.39361572265625,0.19848038455574507,0.7666431671057771,0.3337193141853966
complex_backgrounds,160,Tomato_Septoria_leaf_spot,Tomato_Septoria_leaf_spot/43f78d0c-798d-4466-83f6-49e84d6a9fad___JR_Sept.L.S 2473.JPG,selected_dataset/complex_backgrounds/160__Tomato_Septoria_leaf_spot__43f78d0c-798d-4466-83f6-49e84d6a9fad_JR_Sept.L.S_2473.jpg,0.4850006103515625,0.2118294793141419,0.8853330887273465,0.32461057102662794
complex_backgrounds,161,Tomato_Spider_mites_Two_spotted_spider_mite,Tomato_Spider_mites_Two_spotted_spider_mite/6199353f-27d9-4f9f-be4c-cf6ce1bdbb08___Com.G_SpM_FL 1152.JPG,selected_dataset/complex_backgrounds/161__Tomato_Spider_mites_Two_spotted_spider_mite__6199353f-27d9-4f9f-be4c-cf6ce1bdbb08_Com.G_SpM_FL_1152.jpg,0.420745849609375,0.11728439834626822,0.8268775023548252,0.13970926127343936
complex_backgrounds,162,Tomato__Target_Spot,Tomato__Target_Spot/76cefc70-6454-4dd0-bd4d-fddb3d129bed___Com.G_TgS_FL 1057.JPG,selected_dataset/complex_backgrounds/162__Tomato_Target_Spot__76cefc70-6454-4dd0-bd4d-fddb3d129bed_Com.G_TgS_FL_1057.jpg,0.494873046875,0.2361248149975333,0.8757861402386176,0.27778316578545476
complex_backgrounds,163,Tomato__Tomato_YellowLeaf__Curl_Virus,Tomato__Tomato_YellowLeaf__Curl_Virus/895f3d8c-bdfc-4e66-acc0-ae0f3c18b395___YLCV_NREC 2355.JPG,selected_dataset/complex_backgrounds/163__Tomato_Tomato_YellowLeaf_Curl_Virus__895f3d8c-bdfc-4e66-acc0-ae0f3c18b395_YLCV_NREC_2355.jpg,0.3961334228515625,0.3283001425214745,0.8366669714728525,0.3146183287508022
complex_backgrounds,164,Tomato__Tomato_mosaic_virus,Tomato__Tomato_mosaic_virus/f12723c6-e944-4473-9cb1-19ba52417fe7___PSU_CG 2362.JPG,selected_dataset/complex_backgrounds/164__Tomato_Tomato_mosaic_virus__f12723c6-e944-4473-9cb1-19ba52417fe7_PSU_CG_2362.jpg,0.2916412353515625,0.11196567781091404,0.7200360121587199,0.1524297419637362
complex_backgrounds,165,Tomato_healthy,Tomato_healthy/583238e5-392b-40ef-9bbe-be54bda61477___RS_HL 9869.JPG,selected_dataset/complex_backgrounds/165__Tomato_healthy__583238e5-392b-40ef-9bbe-be54bda61477_RS_HL_9869.jpg,0.433502197265625,0.10732136571629708,0.8994736393719919,0.12143985053165018
complex_backgrounds,166,Pepper__bell___Bacterial_spot,Pepper__bell___Bacterial_spot/c4f483a6-1b89-4158-9782-e77c649e5a65___JR_B.Spot 3367.JPG,selected_dataset/complex_backgrounds/166__Pepper_bell_Bacterial_spot__c4f483a6-1b89-4158-9782-e77c649e5a65_JR_B.Spot_3367.jpg,0.511199951171875,0.2809384514357352,0.8972492285615699,0.28564078910082763
complex_backgrounds,167,Pepper__bell___healthy,Pepper__bell___healthy/3bf6ef5b-f492-4aee-ae35-bd5a0260fdaf___JR_HL 7988.JPG,selected_dataset/complex_backgrounds/167__Pepper_bell_healthy__3bf6ef5b-f492-4aee-ae35-bd5a0260fdaf_JR_HL_7988.jpg,0.549835205078125,0.11022922795137925,0.9036044259568374,0.2545935863732096
complex_backgrounds,168,Potato___Early_blight,Potato___Early_blight/54a0c5b4-7df1-46c8-95f7-85ffb6a47939___RS_Early.B 8174.JPG,selected_dataset/complex_backgrounds/168__Potato_Early_blight__54a0c5b4-7df1-46c8-95f7-85ffb6a47939_RS_Early.B_8174.jpg,0.470123291015625,0.033690360272638754,0.8934811188352247,0.10594693625910777
complex_backgrounds,169,Potato___Late_blight,Potato___Late_blight/2f76c068-ebba-499d-8819-2d12bde41695___RS_LB 3232.JPG,selected_dataset/complex_backgrounds/169__Potato_Late_blight__2f76c068-ebba-499d-8819-2d12bde41695_RS_LB_3232.jpg,0.396728515625,0.19276923076923078,0.7695385926017062,0.10159838665987495
complex_backgrounds,170,Potato___healthy,Potato___healthy/b35b9f8b-daca-4d12-a5be-defe68d0acc5___RS_HL 1903.JPG,selected_dataset/complex_backgrounds/170__Potato_healthy__b35b9f8b-daca-4d12-a5be-defe68d0acc5_RS_HL_1903.jpg,0.5016632080078125,0.01034157617787511,0.729178292698719,0.24058258926762321
complex_backgrounds,171,Tomato_Bacterial_spot,Tomato_Bacterial_spot/5317478a-63d0-4ba5-a23d-983e9bbf2635___GCREC_Bact.Sp 6369.JPG,selected_dataset/complex_backgrounds/171__Tomato_Bacterial_spot__5317478a-63d0-4ba5-a23d-983e9bbf2635_GCREC_Bact.Sp_6369.jpg,0.471282958984375,0.21572880916920287,0.6097358995350697,0.28068485459335457
complex_backgrounds,172,Tomato_Early_blight,Tomato_Early_blight/a54e9f9d-e56b-4097-83c2-b137f9111edf___RS_Erly.B 9411.JPG,selected_dataset/complex_backgrounds/172__Tomato_Early_blight__a54e9f9d-e56b-4097-83c2-b137f9111edf_RS_Erly.B_9411.jpg,0.388031005859375,0.1405819897758553,0.833540404536816,0.19038400543898937
complex_backgrounds,173,Tomato_Late_blight,Tomato_Late_blight/b7f7a13f-b7c0-4923-aaba-c270ce583b66___RS_Late.B 6686.JPG,selected_dataset/complex_backgrounds/173__Tomato_Late_blight__b7f7a13f-b7c0-4923-aaba-c270ce583b66_RS_Late.B_6686.jpg,0.5912322998046875,0.16099310914393372,0.8424517526262474,0.29863160036976005
complex_backgrounds,174,Tomato_Leaf_Mold,Tomato_Leaf_Mold/e3f2056b-aa97-4369-8b56-90fd45f37d4d___Crnl_L.Mold 6555.JPG,selected_dataset/complex_backgrounds/174__Tomato_Leaf_Mold__e3f2056b-aa97-4369-8b56-90fd45f37d4d_Crnl_L.Mold_6555.jpg,0.4092864990234375,0.03094359318495321,0.7664734935115571,0.10744609729652652
complex_backgrounds,175,Tomato_Septoria_leaf_spot,Tomato_Septoria_leaf_spot/c4ffa72c-748c-4697-9034-75abe541f5c7___JR_Sept.L.S 2472.JPG,selected_dataset/complex_backgrounds/175__Tomato_Septoria_leaf_spot__c4ffa72c-748c-4697-9034-75abe541f5c7_JR_Sept.L.S_2472.jpg,0.4025421142578125,0.19783177286683598,0.8778960208768094,0.325882187977711
complex_backgrounds,176,Tomato_Spider_mites_Two_spotted_spider_mite,Tomato_Spider_mites_Two_spotted_spider_mite/0f3b55b7-39de-4a05-9ed0-9ceaa32a2c34___Com.G_SpM_FL 8873.JPG,selected_dataset/complex_backgrounds/176__Tomato_Spider_mites_Two_spotted_spider_mite__0f3b55b7-39de-4a05-9ed0-9ceaa32a2c34_Com.G_SpM_FL_8873.jpg,0.4503021240234375,0.2832164277726949,0.826649076417576,0.1212094119985517
complex_backgrounds,177,Tomato__Target_Spot,Tomato__Target_Spot/b30be12e-1b74-41d9-8ecc-1db3e52cf94c___Com.G_TgS_FL 1060.JPG,selected_dataset/complex_backgrounds/177__Tomato_Target_Spot__b30be12e-1b74-41d9-8ecc-1db3e52cf94c_Com.G_TgS_FL_1060.jpg,0.6174468994140625,0.18897812924749785,0.8739576339696866,0.2530894644575444
complex_backgrounds,178,Tomato__Tomato_YellowLeaf__Curl_Virus,Tomato__Tomato_YellowLeaf__Curl_Virus/8c50b980-50f8-48db-9e96-f15a229f259c___YLCV_NREC 2655.JPG,selected_dataset/complex_backgrounds/178__Tomato_Tomato_YellowLeaf_Curl_Virus__8c50b980-50f8-48db-9e96-f15a229f259c_YLCV_NREC_2655.jpg,0.4218597412109375,0.33323687922740264,0.8320296173387016,0.08958816779827904
complex_backgrounds,179,Tomato__Tomato_mosaic_virus,Tomato__Tomato_mosaic_virus/c16122a0-a5e9-47d6-82b6-93325f1e9667___PSU_CG 2385.JPG,selected_dataset/complex_backgrounds/179__Tomato_Tomato_mosaic_virus__c16122a0-a5e9-47d6-82b6-93325f1e9667_PSU_CG_2385.jpg,0.3411865234375,0.22468694096601075,0.7132363445321445,0.1319939132652517
complex_backgrounds,180,Tomato_healthy,Tomato_healthy/125ff07a-87f1-4953-9ded-8f9e5adb7b1b___RS_HL 0470.JPG,selected_dataset/complex_backgrounds/180__Tomato_healthy__125ff07a-87f1-4953-9ded-8f9e5adb7b1b_RS_HL_0470.jpg,0.41766357421875,0.12425105947683765,0.898876998105881,0.2848372137158402
complex_backgrounds,181,Pepper__bell___Bacterial_spot,Pepper__bell___Bacterial_spot/db56c75b-22ed-473b-91ce-814d78d38574___JR_B.Spot 3325.JPG,selected_dataset/complex_backgrounds/181__Pepper_bell_Bacterial_spot__db56c75b-22ed-473b-91ce-814d78d38574_JR_B.Spot_3325.jpg,0.58685302734375,0.18837753510140406,0.8930956231157869,0.256049049861072
complex_backgrounds,182,Pepper__bell___healthy,Pepper__bell___healthy/9b92f829-7d58-4e53-99c6-b7f52eb51d59___JR_HL 8133.JPG,selected_dataset/complex_backgrounds/182__Pepper_bell_healthy__9b92f829-7d58-4e53-99c6-b7f52eb51d59_JR_HL_8133.jpg,0.5791473388671875,0.0997233566065077,0.8976590665992823,0.2430136938785376
complex_backgrounds,183,Potato___Early_blight,Potato___Early_blight/7ba072ea-9bb3-4b5e-8fff-82758ff3f722___RS_Early.B 8262.JPG,selected_dataset/complex_backgrounds/183__Potato_Early_blight__7ba072ea-9bb3-4b5e-8fff-82758ff3f722_RS_Early.B_8262.jpg,0.3685302734375,0.21691785359390528,0.8931091367994759,0.34684801974238594
complex_backgrounds,184,Potato___Late_blight,Potato___Late_blight/53e33b6d-9fc5-441b-b638-3bf067f92a99___RS_LB 2753.JPG,selected_dataset/complex_backgrounds/184__Potato_Late_blight__53e33b6d-9fc5-441b-b638-3bf067f92a99_RS_LB_2753.jpg,0.450286865234375,0.05296509657743138,0.7688826278041196,0.15795366270410544
complex_backgrounds,185,Potato___healthy,Potato___healthy/3edf7c3f-73e0-439c-870d-76cfd7c3bc45___RS_HL 1859.JPG,selected_dataset/complex_backgrounds/185__Potato_healthy__3edf7c3f-73e0-439c-870d-76cfd7c3bc45_RS_HL_1859.jpg,0.545928955078125,0.03865503940969311,0.7254777471052793,0.0813483186911017
complex_backgrounds,186,Tomato_Bacterial_spot,Tomato_Bacterial_spot/4c5fd345-56bf-4fbf-98e1-fff07d91eec6___GCREC_Bact.Sp 6338.JPG,selected_dataset/complex_backgrounds/186__Tomato_Bacterial_spot__4c5fd345-56bf-4fbf-98e1-fff07d91eec6_GCREC_Bact.Sp_6338.jpg,0.528778076171875,0.30902637502164254,0.607159792025323,0.2633474940581513
complex_backgrounds,187,Tomato_Early_blight,Tomato_Early_blight/bb12ec71-c438-43f5-a077-e5924af2409e___RS_Erly.B 8402.JPG,selected_dataset/complex_backgrounds/187__Tomato_Early_blight__bb12ec71-c438-43f5-a077-e5924af2409e_RS_Erly.B_8402.jpg,0.5176849365234375,0.22545465263654316,0.833219251406375,0.29276626727685656
complex_backgrounds,188,Tomato_Late_blight,Tomato_Late_blight/703b175a-b3e2-4629-9569-9b4caf185589___RS_Late.B 5098.JPG,selected_dataset/complex_backgrounds/188__Tomato_Late_blight__703b175a-b3e2-4629-9569-9b4caf185589_RS_Late.B_5098.jpg,0.455841064453125,0.061859811207069695,0.8414254855418739,0.2813328061558337
complex_backgrounds,189,Tomato_Leaf_Mold,Tomato_Leaf_Mold/a6bf45f7-1928-4a3a-98cc-74c4b948cb4d___Crnl_L.Mold 8834.JPG,selected_dataset/complex_backgrounds/189__Tomato_Leaf_Mold__a6bf45f7-1928-4a3a-98cc-74c4b948cb4d_Crnl_L.Mold_8834.jpg,0.4240875244140625,0.007124095995394524,0.7655979014181294,0.15254864080125802
complex_backgrounds,190,Tomato_Septoria_leaf_spot,Tomato_Septoria_leaf_spot/94445a4d-97cd-4db5-aedb-32da5756b2d7___JR_Sept.L.S 2498.JPG,selected_dataset/complex_backgrounds/190__Tomato_Septoria_leaf_spot__94445a4d-97cd-4db5-aedb-32da5756b2d7_JR_Sept.L.S_2498.jpg,0.4535980224609375,0.07077740774380194,0.8734463617899747,0.13602834735783859
complex_backgrounds,191,Tomato_Spider_mites_Two_spotted_spider_mite,Tomato_Spider_mites_Two_spotted_spider_mite/71048e39-6d6e-4381-9113-f2b4bd71ab93___Com.G_SpM_FL 8749.JPG,selected_dataset/complex_backgrounds/191__Tomato_Spider_mites_Two_spotted_spider_mite__71048e39-6d6e-4381-9113-f2b4bd71ab93_Com.G_SpM_FL_8749.jpg,0.4234771728515625,0.14124599142435051,0.8266075122722282,0.12334542428888386
complex_backgrounds,192,Tomato__Target_Spot,Tomato__Target_Spot/7f046d39-6da1-4c04-a3e9-561421a49a11___Com.G_TgS_FL 1023.JPG,selected_dataset/complex_backgrounds/192__Tomato_Target_Spot__7f046d39-6da1-4c04-a3e9-561421a49a11_Com.G_TgS_FL_1023.jpg,0.410308837890625,0.3014131647452585,0.8737987614691107,0.1239084200289941
complex_backgrounds,193,Tomato__Tomato_YellowLeaf__Curl_Virus,Tomato__Tomato_YellowLeaf__Curl_Virus/342e5cbd-ba9f-44e9-a8d0-78c1ae469a08___YLCV_NREC 2546.JPG,selected_dataset/complex_backgrounds/193__Tomato_Tomato_YellowLeaf_Curl_Virus__342e5cbd-ba9f-44e9-a8d0-78c1ae469a08_YLCV_NREC_2546.jpg,0.3304595947265625,0.428868264302535,0.8297235442427172,0.15084532717357146
complex_backgrounds,194,Tomato__Tomato_mosaic_virus,Tomato__Tomato_mosaic_virus/c668017b-5c87-4f2e-90ab-021b81f48b1b___PSU_CG 2272.JPG,selected_dataset/complex_backgrounds/194__Tomato_Tomato_mosaic_virus__c668017b-5c87-4f2e-90ab-021b81f48b1b_PSU_CG_2272.jpg,0.3557586669921875,0.0823933090285224,0.7119898878265689,0.14545605495052177
complex_backgrounds,195,Tomato_healthy,Tomato_healthy/982bdd12-cce3-413e-89ae-444ebc3ee32e___RS_HL 0487.JPG,selected_dataset/complex_backgrounds/195__Tomato_healthy__982bdd12-cce3-413e-89ae-444ebc3ee32e_RS_HL_0487.jpg,0.4375762939453125,0.01349513547442201,0.8981840815460597,0.0807366044921055
complex_backgrounds,196,Pepper__bell___Bacterial_spot,Pepper__bell___Bacterial_spot/7b371f7e-a8de-4b89-812d-0526237a6fea___JR_B.Spot 3404.JPG,selected_dataset/complex_backgrounds/196__Pepper_bell_Bacterial_spot__7b371f7e-a8de-4b89-812d-0526237a6fea_JR_B.Spot_3404.jpg,0.4284210205078125,0.05673683085799765,0.8864573963420928,0.1693769542405566
complex_backgrounds,197,Pepper__bell___healthy,Pepper__bell___healthy/af918bcc-6b43-40c6-b638-7294e3d64b52___JR_HL 8187.JPG,selected_dataset/complex_backgrounds/197__Pepper_bell_healthy__af918bcc-6b43-40c6-b638-7294e3d64b52_JR_HL_8187.jpg,0.4842071533203125,0.21053792581854852,0.8967774443765933,0.2563690392594957
complex_backgrounds,198,Potato___Early_blight,Potato___Early_blight/da3115aa-a34b-42b2-97a9-9a1922770c8d___RS_Early.B 6708.JPG,selected_dataset/complex_backgrounds/198__Potato_Early_blight__da3115aa-a34b-42b2-97a9-9a1922770c8d_RS_Early.B_6708.jpg,0.6285552978515625,0.0532129245260117,0.892848735881453,0.23243404184507865
complex_backgrounds,199,Potato___Late_blight,Potato___Late_blight/02212653-e92b-49aa-96b7-9497af51e502___RS_LB 3151.JPG,selected_dataset/complex_backgrounds/199__Potato_Late_blight__02212653-e92b-49aa-96b7-9497af51e502_RS_LB_3151.jpg,0.413665771484375,0.13408336407229804,0.767378812957644,0.18030582591954894
complex_backgrounds,200,Potato___healthy,Potato___healthy/414f6249-9f78-4af5-9593-9d5a7e7d979f___RS_HL 1918.JPG,selected_dataset/complex_backgrounds/200__Potato_healthy__414f6249-9f78-4af5-9593-9d5a7e7d979f_RS_HL_1918.jpg,0.4733428955078125,0.052448341446117146,0.7175816282040244,0.07571728853120288
complex_backgrounds,201,Tomato_Bacterial_spot,Tomato_Bacterial_spot/62d0ccb6-69ee-4a28-989f-134785b48a6a___GCREC_Bact.Sp 6287.JPG,selected_dataset/complex_backgrounds/201__Tomato_Bacterial_spot__62d0ccb6-69ee-4a28-989f-134785b48a6a_GCREC_Bact.Sp_6287.jpg,0.5251312255859375,0.2772047072497458,0.6054695456690364,0.2880044717431013
complex_backgrounds,202,Tomato_Early_blight,Tomato_Early_blight/cab96269-77a2-47cd-bfdf-02ad2535293d___RS_Erly.B 8439.JPG,selected_dataset/complex_backgrounds/202__Tomato_Early_blight__cab96269-77a2-47cd-bfdf-02ad2535293d_RS_Erly.B_8439.jpg,0.3893280029296875,0.10534979423868313,0.8314050980819558,0.3667004766254574
complex_backgrounds,203,Tomato_Late_blight,Tomato_Late_blight/8168a850-1360-49cf-8ecc-77730cc24ac5___RS_Late.B 4979.JPG,selected_dataset/complex_backgrounds/203__Tomato_Late_blight__8168a850-1360-49cf-8ecc-77730cc24ac5_RS_Late.B_4979.jpg,0.4242706298828125,0.21557273871605825,0.838357727412709,0.11544803103488205
complex_backgrounds,204,Tomato_Leaf_Mold,Tomato_Leaf_Mold/32e7769c-b63c-413a-a623-deebcdb2ec82___Crnl_L.Mold 8757.JPG,selected_dataset/complex_backgrounds/204__Tomato_Leaf_Mold__32e7769c-b63c-413a-a623-deebcdb2ec82_Crnl_L.Mold_8757.jpg,0.3951416015625,0.10897435897435898,0.7628535968193682,0.09909854516220594
complex_backgrounds,205,Tomato_Septoria_leaf_spot,Tomato_Septoria_leaf_spot/d1dfc5c2-9605-419b-826f-58691f793758___JR_Sept.L.S 2674.JPG,selected_dataset/complex_backgrounds/205__Tomato_Septoria_leaf_spot__d1dfc5c2-9605-419b-826f-58691f793758_JR_Sept.L.S_2674.jpg,0.3976593017578125,0.4208587544606884,0.8728239194703675,0.32147309754008363
complex_backgrounds,206,Tomato_Spider_mites_Two_spotted_spider_mite,Tomato_Spider_mites_Two_spotted_spider_mite/20630492-00f2-4da5-bda0-97c3a0bbdcc8___Com.G_SpM_FL 1150.JPG,selected_dataset/complex_backgrounds/206__Tomato_Spider_mites_Two_spotted_spider_mite__20630492-00f2-4da5-bda0-97c3a0bbdcc8_Com.G_SpM_FL_1150.jpg,0.3917388916015625,0.1572469130993651,0.826599776700458,0.1195816319980654
complex_backgrounds,207,Tomato__Target_Spot,Tomato__Target_Spot/47447629-2229-4b3a-97bb-45deb6f71a87___Com.G_TgS_FL 8254.JPG,selected_dataset/complex_backgrounds/207__Tomato_Target_Spot__47447629-2229-4b3a-97bb-45deb6f71a87_Com.G_TgS_FL_8254.jpg,0.4906463623046875,0.12184730213030633,0.8735734209926744,0.23790716820891128
complex_backgrounds,208,Tomato__Tomato_YellowLeaf__Curl_Virus,Tomato__Tomato_YellowLeaf__Curl_Virus/54f339a1-4664-4206-ab3b-56de9026d4ad___YLCV_GCREC 5235.JPG,selected_dataset/complex_backgrounds/208__Tomato_Tomato_YellowLeaf_Curl_Virus__54f339a1-4664-4206-ab3b-56de9026d4ad_YLCV_GCREC_5235.jpg,0.4027557373046875,0.438340594809623,0.8268343136767295,0.12702218413545624
complex_backgrounds,209,Tomato__Tomato_mosaic_virus,Tomato__Tomato_mosaic_virus/79894594-feb4-46ca-830c-5f1cf5b11063___PSU_CG 2063.JPG,selected_dataset/complex_backgrounds/209__Tomato_Tomato_mosaic_virus__79894594-feb4-46ca-830c-5f1cf5b11063_PSU_CG_2063.jpg,0.2901153564453125,0.13401356966286226,0.7086407290121957,0.5083744931219902
complex_backgrounds,210,Tomato_healthy,Tomato_healthy/9e43d49b-abbe-4b9b-8566-42586a58a705___RS_HL 0462.JPG,selected_dataset/complex_backgrounds/210__Tomato_healthy__9e43d49b-abbe-4b9b-8566-42586a58a705_RS_HL_0462.jpg,0.460296630859375,0.03490684877013857,0.897881685146072,0.24971658093525906
complex_backgrounds,211,Pepper__bell___Bacterial_spot,Pepper__bell___Bacterial_spot/186f840e-086b-49fa-97a7-18628c6293f0___JR_B.Spot 3136.JPG,selected_dataset/complex_backgrounds/211__Pepper_bell_Bacterial_spot__186f840e-086b-49fa-97a7-18628c6293f0_JR_B.Spot_3136.jpg,0.4916229248046875,0.18787051118904993,0.8852859925670833,0.30493159705310735
complex_backgrounds,212,Pepper__bell___healthy,Pepper__bell___healthy/07f381f7-bc63-4e41-8bcc-6c5954a14c03___JR_HL 8326.JPG,selected_dataset/complex_backgrounds/212__Pepper_bell_healthy__07f381f7-bc63-4e41-8bcc-6c5954a14c03_JR_HL_8326.jpg,0.521820068359375,0.15091525820223406,0.8928458631383018,0.2645306107491686
complex_backgrounds,213,Potato___Early_blight,Potato___Early_blight/1769d41b-fd4c-49b1-adce-e89fee6a352e___RS_Early.B 6741.JPG,selected_dataset/complex_backgrounds/213__Potato_Early_blight__1769d41b-fd4c-49b1-adce-e89fee6a352e_RS_Early.B_6741.jpg,0.5835723876953125,0.06963001699568572,0.8896933770747901,0.24212642413501623
complex_backgrounds,214,Potato___Late_blight,Potato___Late_blight/2958c571-a4f9-40b3-a091-0f37c4822932___RS_LB 3325.JPG,selected_dataset/complex_backgrounds/214__Potato_Late_blight__2958c571-a4f9-40b3-a091-0f37c4822932_RS_LB_3325.jpg,0.4082183837890625,0.0824580420887377,0.7669209556111347,0.13216333920123674
complex_backgrounds,215,Potato___healthy,Potato___healthy/5d505af8-3f73-4781-980c-a4a696a04550___RS_HL 1934.JPG,selected_dataset/complex_backgrounds/215__Potato_healthy__5d505af8-3f73-4781-980c-a4a696a04550_RS_HL_1934.jpg,0.4035186767578125,0.036679901682737756,0.7168577488278439,0.10198245645872976
complex_backgrounds,216,Tomato_Bacterial_spot,Tomato_Bacterial_spot/fac7526f-f9b4-439f-a158-48f8f04ccd4a___GCREC_Bact.Sp 6250.JPG,selected_dataset/complex_backgrounds/216__Tomato_Bacterial_spot__fac7526f-f9b4-439f-a158-48f8f04ccd4a_GCREC_Bact.Sp_6250.jpg,0.4691314697265625,0.0704830053667263,0.605194900367607,0.11280611666737532
complex_backgrounds,217,Tomato_Early_blight,Tomato_Early_blight/c2369b01-d04f-443c-b6ab-9e62e1480420___RS_Erly.B 8397.JPG,selected_dataset/complex_backgrounds/217__Tomato_Early_blight__c2369b01-d04f-443c-b6ab-9e62e1480420_RS_Erly.B_8397.jpg,0.672943115234375,0.06407872658836333,0.8283554130131838,0.30907904154912447
complex_backgrounds,218,Tomato_Late_blight,Tomato_Late_blight/46e4103f-f240-48cc-ae17-9466fcbec332___RS_Late.B 6650.JPG,selected_dataset/complex_backgrounds/218__Tomato_Late_blight__46e4103f-f240-48cc-ae17-9466fcbec332_RS_Late.B_6650.jpg,0.3961029052734375,0.2364883084864594,0.8356886013627016,0.3570249292106193
complex_backgrounds,219,Tomato_Leaf_Mold,Tomato_Leaf_Mold/53a46a74-0eb9-43e4-9480-1540475cf419___Crnl_L.Mold 8892.JPG,selected_dataset/complex_backgrounds/219__Tomato_Leaf_Mold__53a46a74-0eb9-43e4-9480-1540475cf419_Crnl_L.Mold_8892.jpg,0.3975067138671875,0.23162258646501094,0.7617634766289159,0.13879109082547356
complex_backgrounds,220,Tomato_Septoria_leaf_spot,Tomato_Septoria_leaf_spot/5bd0232d-e941-400e-8b38-fa47a26d49a6___JR_Sept.L.S 2544.JPG,selected_dataset/complex_backgrounds/220__Tomato_Septoria_leaf_spot__5bd0232d-e941-400e-8b38-fa47a26d49a6_JR_Sept.L.S_2544.jpg,0.4420166015625,0.15990057995028997,0.871503687273748,0.1283401025587488
complex_backgrounds,221,Tomato_Spider_mites_Two_spotted_spider_mite,Tomato_Spider_mites_Two_spotted_spider_mite/c7f52fd0-9e7e-4b53-abfe-cf6cd7a21ca2___Com.G_SpM_FL 1530.JPG,selected_dataset/complex_backgrounds/221__Tomato_Spider_mites_Two_spotted_spider_mite__c7f52fd0-9e7e-4b53-abfe-cf6cd7a21ca2_Com.G_SpM_FL_1530.jpg,0.4337921142578125,0.11903338140631045,0.8258570568609367,0.08008433252740653
complex_backgrounds,222,Tomato__Target_Spot,Tomato__Target_Spot/cb10054a-6051-42da-8e90-7172d792c44d___Com.G_TgS_FL 1043.JPG,selected_dataset/complex_backgrounds/222__Tomato_Target_Spot__cb10054a-6051-42da-8e90-7172d792c44d_Com.G_TgS_FL_1043.jpg,0.5050048828125,0.2949601160261059,0.873257569821714,0.2716000026595686
complex_backgrounds,223,Tomato__Tomato_YellowLeaf__Curl_Virus,Tomato__Tomato_YellowLeaf__Curl_Virus/8d3f9b57-d972-4e7c-a238-147e00dcb4e1___YLCV_NREC 2062.JPG,selected_dataset/complex_backgrounds/223__Tomato_Tomato_YellowLeaf_Curl_Virus__8d3f9b57-d972-4e7c-a238-147e00dcb4e1_YLCV_NREC_2062.jpg,0.3893280029296875,0.2712522045855379,0.8244480535137388,0.15563964216329096
complex_backgrounds,224,Tomato__Tomato_mosaic_virus,Tomato__Tomato_mosaic_virus/38748c94-80b0-4a2b-b330-61d2619f5913___PSU_CG 2081.JPG,selected_dataset/complex_backgrounds/224__Tomato_Tomato_mosaic_virus__38748c94-80b0-4a2b-b330-61d2619f5913_PSU_CG_2081.jpg,0.35357666015625,0.2824961160020715,0.7081505246752049,0.3802560160303302
complex_backgrounds,225,Tomato_healthy,Tomato_healthy/3a211a87-cac9-4393-84ca-51e240e1b043___RS_HL 0210.JPG,selected_dataset/complex_backgrounds/225__Tomato_healthy__3a211a87-cac9-4393-84ca-51e240e1b043_RS_HL_0210.jpg,0.5225067138671875,0.10632830067459043,0.8974063189657804,0.2676372356712907
complex_backgrounds,226,Pepper__bell___Bacterial_spot,Pepper__bell___Bacterial_spot/b76271aa-ca0b-44ac-a6f9-379ef70ef443___JR_B.Spot 3389.JPG,selected_dataset/complex_backgrounds/226__Pepper_bell_Bacterial_spot__b76271aa-ca0b-44ac-a6f9-379ef70ef443_JR_B.Spot_3389.jpg,0.44012451171875,0.2887948966856192,0.8847169082749724,0.33104578631846926
complex_backgrounds,227,Pepper__bell___healthy,Pepper__bell___healthy/62e9114f-1382-48c5-a829-ac7527e5f10f___JR_HL 7993.JPG,selected_dataset/complex_backgrounds/227__Pepper_bell_healthy__62e9114f-1382-48c5-a829-ac7527e5f10f_JR_HL_7993.jpg,0.5068817138671875,0.22288449381378128,0.8926594651575708,0.26065617895307175
complex_backgrounds,228,Potato___Early_blight,Potato___Early_blight/610d8d2d-c28d-4d99-9f37-a6a79148b529___RS_Early.B 8023.JPG,selected_dataset/complex_backgrounds/228__Potato_Early_blight__610d8d2d-c28d-4d99-9f37-a6a79148b529_RS_Early.B_8023.jpg,0.3916778564453125,0.06490319061903463,0.8893668410561555,0.3663353191030247
complex_backgrounds,229,Potato___Late_blight,Potato___Late_blight/546fcdf5-862b-42fb-931d-a51a85dc843c___RS_LB 4403.JPG,selected_dataset/complex_backgrounds/229__Potato_Late_blight__546fcdf5-862b-42fb-931d-a51a85dc843c_RS_LB_4403.jpg,0.421661376953125,0.04802055438952016,0.7648598939228866,0.12151838220363692
complex_backgrounds,230,Potato___healthy,Potato___healthy/ff700844-68ad-4e99-8427-58a39c07f817___RS_HL 1860.JPG,selected_dataset/complex_backgrounds/230__Potato_healthy__ff700844-68ad-4e99-8427-58a39c07f817_RS_HL_1860.jpg,0.5549163818359375,0.042731047378117525,0.7114369913167622,0.23644352541210684
complex_backgrounds,231,Tomato_Bacterial_spot,Tomato_Bacterial_spot/3811d01e-de9a-4159-8ab6-eb0e277f0acd___GCREC_Bact.Sp 3546.JPG,selected_dataset/complex_backgrounds/231__Tomato_Bacterial_spot__3811d01e-de9a-4159-8ab6-eb0e277f0acd_GCREC_Bact.Sp_3546.jpg,0.4940032958984375,0.02257915057915058,0.6047572111720931,0.2943611738365285
complex_backgrounds,232,Tomato_Early_blight,Tomato_Early_blight/2832ca53-be67-44c0-ac55-eb815bd85fd3___RS_Erly.B 8242.JPG,selected_dataset/complex_backgrounds/232__Tomato_Early_blight__2832ca53-be67-44c0-ac55-eb815bd85fd3_RS_Erly.B_8242.jpg,0.45849609375,0.35303514376996803,0.824941402160452,0.3497437619398955
complex_backgrounds,233,Tomato_Late_blight,Tomato_Late_blight/01d9be0b-c5e7-49db-8cdf-46bd0ef2c6e7___RS_Late.B 7066.JPG,selected_dataset/complex_backgrounds/233__Tomato_Late_blight__01d9be0b-c5e7-49db-8cdf-46bd0ef2c6e7_RS_Late.B_7066.jpg,0.418243408203125,0.07468077344035023,0.8330409577428346,0.1890795633709531
complex_backgrounds,234,Tomato_Leaf_Mold,Tomato_Leaf_Mold/83ec8584-a58a-407d-9f7a-5042b0bf1b8a___Crnl_L.Mold 8906.JPG,selected_dataset/complex_backgrounds/234__Tomato_Leaf_Mold__83ec8584-a58a-407d-9f7a-5042b0bf1b8a_Crnl_L.Mold_8906.jpg,0.408538818359375,0.09684768805557631,0.761653229243564,0.14345937412552925
complex_backgrounds,235,Tomato_Septoria_leaf_spot,Tomato_Septoria_leaf_spot/906be65e-a9f5-4ea9-bb47-4706aa2bf180___Matt.S_CG 7526.JPG,selected_dataset/complex_backgrounds/235__Tomato_Septoria_leaf_spot__906be65e-a9f5-4ea9-bb47-4706aa2bf180_Matt.S_CG_7526.jpg,0.4802093505859375,0.03002764449810937,0.8668440921702314,0.3061595519474242
complex_backgrounds,236,Tomato_Spider_mites_Two_spotted_spider_mite,Tomato_Spider_mites_Two_spotted_spider_mite/bb240371-2ef1-4421-a638-41ba2ef45b83___Com.G_SpM_FL 1134.JPG,selected_dataset/complex_backgrounds/236__Tomato_Spider_mites_Two_spotted_spider_mite__bb240371-2ef1-4421-a638-41ba2ef45b83_Com.G_SpM_FL_1134.jpg,0.4067535400390625,0.21641595078215853,0.8258272894047943,0.10243242656377097
complex_backgrounds,237,Tomato__Target_Spot,Tomato__Target_Spot/711094f0-53c5-4d10-a471-88b5384ec30c___Com.G_TgS_FL 1054.JPG,selected_dataset/complex_backgrounds/237__Tomato_Target_Spot__711094f0-53c5-4d10-a471-88b5384ec30c_Com.G_TgS_FL_1054.jpg,0.4299774169921875,0.08875403669399198,0.8731888778636012,0.12496187962869099
complex_backgrounds,238,Tomato__Tomato_YellowLeaf__Curl_Virus,Tomato__Tomato_YellowLeaf__Curl_Virus/0d4d2931-d063-4f29-8190-9c624e42f561___YLCV_NREC 2649.JPG,selected_dataset/complex_backgrounds/238__Tomato_Tomato_YellowLeaf_Curl_Virus__0d4d2931-d063-4f29-8190-9c624e42f561_YLCV_NREC_2649.jpg,0.4065399169921875,0.37964943887700336,0.8241082251670587,0.12132422622249775
complex_backgrounds,239,Tomato__Tomato_mosaic_virus,Tomato__Tomato_mosaic_virus/69bad8a8-c403-4e4b-bff8-1026169bb582___PSU_CG 2109.JPG,selected_dataset/complex_backgrounds/239__Tomato_Tomato_mosaic_virus__69bad8a8-c403-4e4b-bff8-1026169bb582_PSU_CG_2109.jpg,0.3569183349609375,0.06352870762258989,0.7071603376242178,0.3329049544847238
complex_backgrounds,240,Tomato_healthy,Tomato_healthy/776714ac-7a89-4449-bde9-9b9911f1a371___RS_HL 9886.JPG,selected_dataset/complex_backgrounds/240__Tomato_healthy__776714ac-7a89-4449-bde9-9b9911f1a371_RS_HL_9886.jpg,0.520355224609375,0.05574453111254472,0.8968718197078596,0.2702240880043234
complex_backgrounds,241,Pepper__bell___Bacterial_spot,Pepper__bell___Bacterial_spot/b3cb19d0-df9b-4705-ab26-40aafab8ecca___JR_B.Spot 3206.JPG,selected_dataset/complex_backgrounds/241__Pepper_bell_Bacterial_spot__b3cb19d0-df9b-4705-ab26-40aafab8ecca_JR_B.Spot_3206.jpg,0.548065185546875,0.29183139373016315,0.8820096617227573,0.26604514965150344
complex_backgrounds,242,Pepper__bell___healthy,Pepper__bell___healthy/6ede0514-f306-48fd-ba90-efb0ac8f28dd___JR_HL 8195.JPG,selected_dataset/complex_backgrounds/242__Pepper_bell_healthy__6ede0514-f306-48fd-ba90-efb0ac8f28dd_JR_HL_8195.jpg,0.4841461181640625,0.07809890005988213,0.8919613114380135,0.29108977930551744
complex_backgrounds,243,Potato___Early_blight,Potato___Early_blight/61a602c4-02e3-49e5-9858-5b1d4d4795f7___RS_Early.B 7875.JPG,selected_dataset/complex_backgrounds/243__Potato_Early_blight__61a602c4-02e3-49e5-9858-5b1d4d4795f7_RS_Early.B_7875.jpg,0.4570159912109375,0.09288504557443825,0.8878192272800622,0.29071660437316116
complex_backgrounds,244,Potato___Late_blight,Potato___Late_blight/1f440bb7-e35d-4bc9-a807-81dac78c54b8___RS_LB 2727.JPG,selected_dataset/complex_backgrounds/244__Potato_Late_blight__1f440bb7-e35d-4bc9-a807-81dac78c54b8_RS_LB_2727.jpg,0.3941497802734375,0.20858658201385932,0.763795295865604,0.16171275132136215
complex_backgrounds,245,Potato___healthy,Potato___healthy/e51367c1-d582-45e3-acf6-b0e652b43d3a___RS_HL 1873.JPG,selected_dataset/complex_backgrounds/245__Potato_healthy__e51367c1-d582-45e3-acf6-b0e652b43d3a_RS_HL_1873.jpg,0.6066131591796875,0.013482580807445604,0.7079737630248101,0.22613022092445334
complex_backgrounds,246,Tomato_Bacterial_spot,Tomato_Bacterial_spot/f24c87bb-3965-435e-b189-0f9c924f9015___GCREC_Bact.Sp 3741.JPG,selected_dataset/complex_backgrounds/246__Tomato_Bacterial_spot__f24c87bb-3965-435e-b189-0f9c924f9015_GCREC_Bact.Sp_3741.jpg,0.553497314453125,0.23270110823179135,0.6024523068382713,0.25507063954734877
complex_backgrounds,247,Tomato_Early_blight,Tomato_Early_blight/3198b703-d5d5-46e9-9b8f-399d5531b5c4___RS_Erly.B 8364.JPG,selected_dataset/complex_backgrounds/247__Tomato_Early_blight__3198b703-d5d5-46e9-9b8f-399d5531b5c4_RS_Erly.B_8364.jpg,0.3852386474609375,0.3292272349190003,0.8224925990655141,0.37272836639312734
complex_backgrounds,248,Tomato_Late_blight,Tomato_Late_blight/61afbf50-6b68-4c7f-a068-d55f899e7775___RS_Late.B 7162.JPG,selected_dataset/complex_backgrounds/248__Tomato_Late_blight__61afbf50-6b68-4c7f-a068-d55f899e7775_RS_Late.B_7162.jpg,0.3828125,0.11850286989795919,0.8294854829628058,0.1667045377851173
complex_backgrounds,249,Tomato_Leaf_Mold,Tomato_Leaf_Mold/3e6cdf52-1ecf-49a3-bc77-9cd3abb7f901___Crnl_L.Mold 8755.JPG,selected_dataset/complex_backgrounds/249__Tomato_Leaf_Mold__3e6cdf52-1ecf-49a3-bc77-9cd3abb7f901_Crnl_L.Mold_8755.jpg,0.38970947265625,0.10066562255285826,0.7586990505211316,0.12140588571310787
complex_backgrounds,250,Tomato_Septoria_leaf_spot,Tomato_Septoria_leaf_spot/f23076a1-b482-4370-91c4-6e722a44da8c___Matt.S_CG 7558.JPG,selected_dataset/complex_backgrounds/250__Tomato_Septoria_leaf_spot__f23076a1-b482-4370-91c4-6e722a44da8c_Matt.S_CG_7558.jpg,0.462982177734375,0.08921626787950696,0.8608500380251923,0.30598269784627774
complex_backgrounds,251,Tomato_Spider_mites_Two_spotted_spider_mite,Tomato_Spider_mites_Two_spotted_spider_mite/fe76e31b-383a-4c3d-a086-3dc951fc18f2___Com.G_SpM_FL 8617.JPG,selected_dataset/complex_backgrounds/251__Tomato_Spider_mites_Two_spotted_spider_mite__fe76e31b-383a-4c3d-a086-3dc951fc18f2_Com.G_SpM_FL_8617.jpg,0.4784393310546875,0.19170786158507416,0.8239664091878894,0.2801441150274113
complex_backgrounds,252,Tomato__Target_Spot,Tomato__Target_Spot/5db917b9-048e-48e4-9d9c-9f1abb307a2b___Com.G_TgS_FL 1051.JPG,selected_dataset/complex_backgrounds/252__Tomato_Target_Spot__5db917b9-048e-48e4-9d9c-9f1abb307a2b_Com.G_TgS_FL_1051.jpg,0.4727783203125,0.17767234701781565,0.8721703523313042,0.11572389330737545
complex_backgrounds,253,Tomato__Tomato_YellowLeaf__Curl_Virus,Tomato__Tomato_YellowLeaf__Curl_Virus/2ec298be-1276-4077-8492-926b0d4f7a8f___YLCV_NREC 2000.JPG,selected_dataset/complex_backgrounds/253__Tomato_Tomato_YellowLeaf_Curl_Virus__2ec298be-1276-4077-8492-926b0d4f7a8f_YLCV_NREC_2000.jpg,0.4002532958984375,0.3212992261065152,0.8236857648477529,0.13391165418541356
complex_backgrounds,254,Tomato__Tomato_mosaic_virus,Tomato__Tomato_mosaic_virus/d398ca36-5b67-4690-a2d2-53380e63c4bb___PSU_CG 2085.JPG,selected_dataset/complex_backgrounds/254__Tomato_Tomato_mosaic_virus__d398ca36-5b67-4690-a2d2-53380e63c4bb_PSU_CG_2085.jpg,0.327606201171875,0.11979506287843503,0.706576958488202,0.13077921543198534
complex_backgrounds,255,Tomato_healthy,Tomato_healthy/4ae80701-db36-4003-a20c-925d66bdfb68___RS_HL 0602.JPG,selected_dataset/complex_backgrounds/255__Tomato_healthy__4ae80701-db36-4003-a20c-925d66bdfb68_RS_HL_0602.jpg,0.4735107421875,0.12503222480020623,0.896628818167369,0.2836646026643068
complex_backgrounds,256,Pepper__bell___Bacterial_spot,Pepper__bell___Bacterial_spot/4cda1135-6cad-421b-9648-d00f9f3cd16f___JR_B.Spot 3304.JPG,selected_dataset/complex_backgrounds/256__Pepper_bell_Bacterial_spot__4cda1135-6cad-421b-9648-d00f9f3cd16f_JR_B.Spot_3304.jpg,0.501800537109375,0.19394271118409048,0.8770615122415564,0.2799091425983519
complex_backgrounds,257,Pepper__bell___healthy,Pepper__bell___healthy/6526a25c-f7ee-42ac-8a8a-d24a0a067218___JR_HL 8161.JPG,selected_dataset/complex_backgrounds/257__Pepper_bell_healthy__6526a25c-f7ee-42ac-8a8a-d24a0a067218_JR_HL_8161.jpg,0.4762420654296875,0.12956970298933068,0.8899013054825,0.2750091899100999
complex_backgrounds,258,Potato___Early_blight,Potato___Early_blight/acb59a95-cbe4-4602-9b8a-9adbf12899af___RS_Early.B 6754.JPG,selected_dataset/complex_backgrounds/258__Potato_Early_blight__acb59a95-cbe4-4602-9b8a-9adbf12899af_RS_Early.B_6754.jpg,0.60247802734375,0.03611589504609462,0.8870675018279752,0.24243924691452545
complex_backgrounds,259,Potato___Late_blight,Potato___Late_blight/72b12e17-d76f-4254-a4af-3ed3c3859500___RS_LB 3334.JPG,selected_dataset/complex_backgrounds/259__Potato_Late_blight__72b12e17-d76f-4254-a4af-3ed3c3859500_RS_LB_3334.jpg,0.3730926513671875,0.21745531880086705,0.7606648794207156,0.1871524706823721
complex_backgrounds,260,Potato___healthy,Potato___healthy/929107f1-4ae9-4dae-8319-ae7cf4804236___RS_HL 1932.JPG,selected_dataset/complex_backgrounds/260__Potato_healthy__929107f1-4ae9-4dae-8319-ae7cf4804236_RS_HL_1932.jpg,0.44537353515625,0.006269699876661642,0.7062908699255265,0.09292550763384957
complex_backgrounds,261,Tomato_Bacterial_spot,Tomato_Bacterial_spot/f1cc12b3-3116-4b31-81fc-6383303f84ae___UF.GRC_BS_Lab Leaf 0352.JPG,selected_dataset/complex_backgrounds/261__Tomato_Bacterial_spot__f1cc12b3-3116-4b31-81fc-6383303f84ae_UF.GRC_BS_Lab_Leaf_0352.jpg,0.309173583984375,0.2531832987859047,0.5970795051838352,0.11519301834270965
complex_backgrounds,262,Tomato_Early_blight,Tomato_Early_blight/0621aab4-b9fd-4012-b0a6-ba72e63cd87d___RS_Erly.B 8220.JPG,selected_dataset/complex_backgrounds/262__Tomato_Early_blight__0621aab4-b9fd-4012-b0a6-ba72e63cd87d_RS_Erly.B_8220.jpg,0.3218231201171875,0.4311791759518278,0.8222018571710406,0.333210644255551
complex_backgrounds,263,Tomato_Late_blight,Tomato_Late_blight/72b670f0-6553-41bd-a619-e4bead34917e___GHLB2 Leaf 109.JPG,selected_dataset/complex_backgrounds/263__Tomato_Late_blight__72b670f0-6553-41bd-a619-e4bead34917e_GHLB2_Leaf_109.jpg,0.498291015625,0.04167687408133268,0.8292577739760907,0.3088646081385145
complex_backgrounds,264,Tomato_Leaf_Mold,Tomato_Leaf_Mold/ea06d6ff-8848-40a9-8372-fcb229337bd4___Crnl_L.Mold 9092.JPG,selected_dataset/complex_backgrounds/264__Tomato_Leaf_Mold__ea06d6ff-8848-40a9-8372-fcb229337bd4_Crnl_L.Mold_9092.jpg,0.4671173095703125,0.48998791363146377,0.7541268760563384,0.30676760188211677
complex_backgrounds,265,Tomato_Septoria_leaf_spot,Tomato_Septoria_leaf_spot/293f044e-b3e0-452b-aaf3-54e24f137cf1___JR_Sept.L.S 2646.JPG,selected_dataset/complex_backgrounds/265__Tomato_Septoria_leaf_spot__293f044e-b3e0-452b-aaf3-54e24f137cf1_JR_Sept.L.S_2646.jpg,0.4669036865234375,0.026406091702343214,0.8599388695740348,0.29062817155262843
complex_backgrounds,266,Tomato_Spider_mites_Two_spotted_spider_mite,Tomato_Spider_mites_Two_spotted_spider_mite/4024f51d-f79c-44dc-8ab9-61adf6005644___Com.G_SpM_FL 1248.JPG,selected_dataset/complex_backgrounds/266__Tomato_Spider_mites_Two_spotted_spider_mite__4024f51d-f79c-44dc-8ab9-61adf6005644_Com.G_SpM_FL_1248.jpg,0.40350341796875,0.09412343064589321,0.8238593449599676,0.09975617388488828
complex_backgrounds,267,Tomato__Target_Spot,Tomato__Target_Spot/d80f8b7d-7da0-4a17-bd46-92cf341ee082___Com.G_TgS_FL 1045.JPG,selected_dataset/complex_backgrounds/267__Tomato_Target_Spot__d80f8b7d-7da0-4a17-bd46-92cf341ee082_Com.G_TgS_FL_1045.jpg,0.462554931640625,0.3252952431219898,0.8721175089541238,0.10303274830222521
complex_backgrounds,268,Tomato__Tomato_YellowLeaf__Curl_Virus,Tomato__Tomato_YellowLeaf__Curl_Virus/435fc789-e79a-477c-a5f3-a2b9a2c3d18e___YLCV_NREC 2661.JPG,selected_dataset/complex_backgrounds/268__Tomato_Tomato_YellowLeaf_Curl_Virus__435fc789-e79a-477c-a5f3-a2b9a2c3d18e_YLCV_NREC_2661.jpg,0.399871826171875,0.3113790734946196,0.8216891109556883,0.10251265869774412
complex_backgrounds,269,Tomato__Tomato_mosaic_virus,Tomato__Tomato_mosaic_virus/d9812306-9ab7-4c41-8c08-0aaaa0a9db5f___PSU_CG 2056.JPG,selected_dataset/complex_backgrounds/269__Tomato_Tomato_mosaic_virus__d9812306-9ab7-4c41-8c08-0aaaa0a9db5f_PSU_CG_2056.jpg,0.342498779296875,0.06936647955092222,0.7060633217601808,0.6510062464461652
complex_backgrounds,270,Tomato_healthy,Tomato_healthy/65d89a16-45b5-4ce7-9dad-f702c4b14e95___RS_HL 9896.JPG,selected_dataset/complex_backgrounds/270__Tomato_healthy__65d89a16-45b5-4ce7-9dad-f702c4b14e95_RS_HL_9896.jpg,0.5911407470703125,0.08074133347099971,0.8965655654743914,0.23960235316911635
complex_backgrounds,271,Pepper__bell___Bacterial_spot,Pepper__bell___Bacterial_spot/5a41f26f-19c9-43bc-8032-553300c7f7ff___JR_B.Spot 3125.JPG,selected_dataset/complex_backgrounds/271__Pepper_bell_Bacterial_spot__5a41f26f-19c9-43bc-8032-553300c7f7ff_JR_B.Spot_3125.jpg,0.4587249755859375,0.3338322855337125,0.874240830473576,0.2939591858941535
complex_backgrounds,272,Pepper__bell___healthy,Pepper__bell___healthy/88b832b8-5c4c-4c27-912b-7ea91db50fb0___JR_HL 8158.JPG,selected_dataset/complex_backgrounds/272__Pepper_bell_healthy__88b832b8-5c4c-4c27-912b-7ea91db50fb0_JR_HL_8158.jpg,0.53173828125,0.10858585858585859,0.8887670482878284,0.2679548996151839
complex_backgrounds,273,Potato___Early_blight,Potato___Early_blight/f20b88af-30e2-4270-a035-2cf217469cf8___RS_Early.B 8266.JPG,selected_dataset/complex_backgrounds/273__Potato_Early_blight__f20b88af-30e2-4270-a035-2cf217469cf8_RS_Early.B_8266.jpg,0.4181060791015625,0.03660450348527426,0.887043526537652,0.33665464053697125
complex_backgrounds,274,Potato___Late_blight,Potato___Late_blight/d438f9b3-2952-425e-8c5f-a92a21b35f5f___RS_LB 4470.JPG,selected_dataset/complex_backgrounds/274__Potato_Late_blight__d438f9b3-2952-425e-8c5f-a92a21b35f5f_RS_LB_4470.jpg,0.4277191162109375,0.2213620634297742,0.7576905794654452,0.09948654184025352
complex_backgrounds,275,Potato___healthy,Potato___healthy/046641c1-f837-49eb-b5f2-4109910a027c___RS_HL 1878.JPG,selected_dataset/complex_backgrounds/275__Potato_healthy__046641c1-f837-49eb-b5f2-4109910a027c_RS_HL_1878.jpg,0.6006011962890625,0.04151317293767943,0.7033055488446573,0.239491471443545
complex_backgrounds,276,Tomato_Bacterial_spot,Tomato_Bacterial_spot/fa7ce242-fd51-411b-87bd-9b87cb734c47___GCREC_Bact.Sp 6387.JPG,selected_dataset/complex_backgrounds/276__Tomato_Bacterial_spot__fa7ce242-fd51-411b-87bd-9b87cb734c47_GCREC_Bact.Sp_6387.jpg,0.3478851318359375,0.2487389797798149,0.5937546098012211,0.37024333261134706
complex_backgrounds,277,Tomato_Early_blight,Tomato_Early_blight/24455ffa-8700-475c-8b4e-a7775f40ad3f___RS_Erly.B 8365.JPG,selected_dataset/complex_backgrounds/277__Tomato_Early_blight__24455ffa-8700-475c-8b4e-a7775f40ad3f_RS_Erly.B_8365.jpg,0.44281005859375,0.28621640248104757,0.8216525525682605,0.4988011226517282
complex_backgrounds,278,Tomato_Late_blight,Tomato_Late_blight/259d42ea-6860-4a01-82e5-2a81c75892b7___RS_Late.B 5112.JPG,selected_dataset/complex_backgrounds/278__Tomato_Late_blight__259d42ea-6860-4a01-82e5-2a81c75892b7_RS_Late.B_5112.jpg,0.4017181396484375,0.4294450564059711,0.8278941649527058,0.3350497983160021
complex_backgrounds,279,Tomato_Leaf_Mold,Tomato_Leaf_Mold/0a9b3ff4-5343-4814-ac2c-fdb3613d4e4d___Crnl_L.Mold 6559.JPG,selected_dataset/complex_backgrounds/279__Tomato_Leaf_Mold__0a9b3ff4-5343-4814-ac2c-fdb3613d4e4d_Crnl_L.Mold_6559.jpg,0.3983612060546875,0.18194354004673077,0.7497436397213127,0.09387406188444558
complex_backgrounds,280,Tomato_Septoria_leaf_spot,Tomato_Septoria_leaf_spot/90caf05a-8217-4eab-b91e-e2495c51e5e7___JR_Sept.L.S 2571.JPG,selected_dataset/complex_backgrounds/280__Tomato_Septoria_leaf_spot__90caf05a-8217-4eab-b91e-e2495c51e5e7_JR_Sept.L.S_2571.jpg,0.430419921875,0.08664208735110607,0.8588881787847651,0.3041840852788726
complex_backgrounds,281,Tomato_Spider_mites_Two_spotted_spider_mite,Tomato_Spider_mites_Two_spotted_spider_mite/b6989b70-a94f-4f48-a00a-2277f8ace6c6___Com.G_SpM_FL 8841.JPG,selected_dataset/complex_backgrounds/281__Tomato_Spider_mites_Two_spotted_spider_mite__b6989b70-a94f-4f48-a00a-2277f8ace6c6_Com.G_SpM_FL_8841.jpg,0.4553070068359375,0.14367103455209626,0.8236771859253251,0.27313408950552276
complex_backgrounds,282,Tomato__Target_Spot,Tomato__Target_Spot/a31f50af-fbd3-4e07-a972-5a61ebe7c06c___Com.G_TgS_FL 1099.JPG,selected_dataset/complex_backgrounds/282__Tomato_Target_Spot__a31f50af-fbd3-4e07-a972-5a61ebe7c06c_Com.G_TgS_FL_1099.jpg,0.5536956787109375,0.1703640422189765,0.8707079828328361,0.2827266596092357
complex_backgrounds,283,Tomato__Tomato_YellowLeaf__Curl_Virus,Tomato__Tomato_YellowLeaf__Curl_Virus/23857b36-24f3-4745-a877-dedde5c5931c___YLCV_NREC 2520.JPG,selected_dataset/complex_backgrounds/283__Tomato_Tomato_YellowLeaf_Curl_Virus__23857b36-24f3-4745-a877-dedde5c5931c_YLCV_NREC_2520.jpg,0.436676025390625,0.26808302466978823,0.8195299676227866,0.3395341481050813
complex_backgrounds,284,Tomato__Tomato_mosaic_virus,Tomato__Tomato_mosaic_virus/0d9accf3-1285-4356-b69b-2ae132c5f145___PSU_CG 2337.JPG,selected_dataset/complex_backgrounds/284__Tomato_Tomato_mosaic_virus__0d9accf3-1285-4356-b69b-2ae132c5f145_PSU_CG_2337.jpg,0.27935791015625,0.20532007865414026,0.7060566393918726,0.15443421516909783
complex_backgrounds,285,Tomato_healthy,Tomato_healthy/0de569a8-21c5-4d22-b9c9-ba0ef0f2b614___RS_HL 0314.JPG,selected_dataset/complex_backgrounds/285__Tomato_healthy__0de569a8-21c5-4d22-b9c9-ba0ef0f2b614_RS_HL_0314.jpg,0.4052886962890625,0.23839463875607092,0.8957686368011057,0.3122444254946327
complex_backgrounds,286,Pepper__bell___Bacterial_spot,Pepper__bell___Bacterial_spot/ba9e7d81-876f-4c05-9578-ddd45d8b3526___JR_B.Spot 3330.JPG,selected_dataset/complex_backgrounds/286__Pepper_bell_Bacterial_spot__ba9e7d81-876f-4c05-9578-ddd45d8b3526_JR_B.Spot_3330.jpg,0.5660400390625,0.06782402415354755,0.8651627153600145,0.2647660825061853
complex_backgrounds,287,Pepper__bell___healthy,Pepper__bell___healthy/97cecbac-8471-4dca-b022-05819d2eed35___JR_HL 8885.JPG,selected_dataset/complex_backgrounds/287__Pepper_bell_healthy__97cecbac-8471-4dca-b022-05819d2eed35_JR_HL_8885.jpg,0.5692138671875,0.09023161055114733,0.8878856614343857,0.24283229972041492
complex_backgrounds,288,Potato___Early_blight,Potato___Early_blight/201fed44-8dde-4ece-9e76-3706b8afdf46___RS_Early.B 8259.JPG,selected_dataset/complex_backgrounds/288__Potato_Early_blight__201fed44-8dde-4ece-9e76-3706b8afdf46_RS_Early.B_8259.jpg,0.392486572265625,0.16118497783998134,0.8860396353625877,0.3106071937772733
complex_backgrounds,289,Potato___Late_blight,Potato___Late_blight/cd38f533-9b7d-4afd-bbd9-9ee5ab2aa3e8___RS_LB 2680.JPG,selected_dataset/complex_backgrounds/289__Potato_Late_blight__cd38f533-9b7d-4afd-bbd9-9ee5ab2aa3e8_RS_LB_2680.jpg,0.39849853515625,0.05575126359319957,0.7562803506292393,0.12750728508340006
complex_backgrounds,290,Potato___healthy,Potato___healthy/1106c3fc-92cb-41a6-a6c6-8f08b9b45108___RS_HL 1914.JPG,selected_dataset/complex_backgrounds/290__Potato_healthy__1106c3fc-92cb-41a6-a6c6-8f08b9b45108_RS_HL_1914.jpg,0.5269317626953125,0.01569513219239568,0.7027706501476018,0.0883493403281298
complex_backgrounds,291,Tomato_Bacterial_spot,Tomato_Bacterial_spot/8ca44da6-e5e7-42d5-a84b-81fa7420de3a___GCREC_Bact.Sp 6270.JPG,selected_dataset/complex_backgrounds/291__Tomato_Bacterial_spot__8ca44da6-e5e7-42d5-a84b-81fa7420de3a_GCREC_Bact.Sp_6270.jpg,0.577880859375,0.12513202365863962,0.5888854561549413,0.23885585239868656
complex_backgrounds,292,Tomato_Early_blight,Tomato_Early_blight/bbcccb3c-bcf2-4dc9-b2e2-6aecd86f52d5___RS_Erly.B 8370.JPG,selected_dataset/complex_backgrounds/292__Tomato_Early_blight__bbcccb3c-bcf2-4dc9-b2e2-6aecd86f52d5_RS_Erly.B_8370.jpg,0.4466552734375,0.43625307461054935,0.8188780343689115,0.3203921150785085
complex_backgrounds,293,Tomato_Late_blight,Tomato_Late_blight/c14302ad-0333-4038-8b4f-a4f75049fbaa___RS_Late.B 6939.JPG,selected_dataset/complex_backgrounds/293__Tomato_Late_blight__c14302ad-0333-4038-8b4f-a4f75049fbaa_RS_Late.B_6939.jpg,0.401458740234375,0.06735081717977955,0.8268036074406981,0.3393351377662934
complex_backgrounds,294,Tomato_Leaf_Mold,Tomato_Leaf_Mold/df78e8cb-8fc5-4682-ab5c-f265b4e8d97e___Crnl_L.Mold 8619.JPG,selected_dataset/complex_backgrounds/294__Tomato_Leaf_Mold__df78e8cb-8fc5-4682-ab5c-f265b4e8d97e_Crnl_L.Mold_8619.jpg,0.456390380859375,0.15188900033433633,0.7496106442506261,0.31709308912527784
complex_backgrounds,295,Tomato_Septoria_leaf_spot,Tomato_Septoria_leaf_spot/8ae83365-7729-450a-9a49-328ae36155af___JR_Sept.L.S 2510.JPG,selected_dataset/complex_backgrounds/295__Tomato_Septoria_leaf_spot__8ae83365-7729-450a-9a49-328ae36155af_JR_Sept.L.S_2510.jpg,0.434600830078125,0.08535215223650025,0.8538843945313082,0.2806520265484935
complex_backgrounds,296,Tomato_Spider_mites_Two_spotted_spider_mite,Tomato_Spider_mites_Two_spotted_spider_mite/4eafd895-1d10-4f48-8da7-a78220788514___Com.G_SpM_FL 1204.JPG,selected_dataset/complex_backgrounds/296__Tomato_Spider_mites_Two_spotted_spider_mite__4eafd895-1d10-4f48-8da7-a78220788514_Com.G_SpM_FL_1204.jpg,0.3588409423828125,0.3780244078751541,0.8194060201255666,0.13907699050534578
complex_backgrounds,297,Tomato__Target_Spot,Tomato__Target_Spot/502048b3-912d-4930-9dba-e2b6de5399ee___Com.G_TgS_FL 7868.JPG,selected_dataset/complex_backgrounds/297__Tomato_Target_Spot__502048b3-912d-4930-9dba-e2b6de5399ee_Com.G_TgS_FL_7868.jpg,0.399627685546875,0.19243986254295534,0.8676118687526149,0.11986376983359381
complex_backgrounds,298,Tomato__Tomato_YellowLeaf__Curl_Virus,Tomato__Tomato_YellowLeaf__Curl_Virus/254071ba-5724-485b-855e-8dcc496f3586___YLCV_NREC 2637.JPG,selected_dataset/complex_backgrounds/298__Tomato_Tomato_YellowLeaf_Curl_Virus__254071ba-5724-485b-855e-8dcc496f3586_YLCV_NREC_2637.jpg,0.350128173828125,0.44142769981696156,0.8176278672739477,0.27114536001181244
complex_backgrounds,299,Tomato__Tomato_mosaic_virus,Tomato__Tomato_mosaic_virus/2480c7f8-eb75-4606-bf92-24f09ac52a37___PSU_CG 2380.JPG,selected_dataset/complex_backgrounds/299__Tomato_Tomato_mosaic_virus__2480c7f8-eb75-4606-bf92-24f09ac52a37_PSU_CG_2380.jpg,0.3421173095703125,0.0875518487132599,0.7056565558277472,0.3257012461215188
complex_backgrounds,300,Tomato_healthy,Tomato_healthy/bd531960-92ec-4745-9e25-645decb4b2b0___RS_HL 0542.JPG,selected_dataset/complex_backgrounds/300__Tomato_healthy__bd531960-92ec-4745-9e25-645decb4b2b0_RS_HL_0542.jpg,0.4554901123046875,0.0587585005527453,0.8955386667550123,0.09149792532877109
multiple_leaves,1,Pepper__bell___Bacterial_spot,Pepper__bell___Bacterial_spot/557f35cb-b34b-4dc5-959b-efad147d5e88___JR_B.Spot 3382.JPG,selected_dataset/multiple_leaves/001__Pepper_bell_Bacterial_spot__557f35cb-b34b-4dc5-959b-efad147d5e88_JR_B.Spot_3382.jpg,0.5207061767578125,0.13397802197802197,0.5430184122683717,0.49673433164018366
multiple_leaves,2,Pepper__bell___healthy,Pepper__bell___healthy/b81f901d-c870-43fd-b7c7-9b699d10d27e___JR_HL 8316.JPG,selected_dataset/multiple_leaves/002__Pepper_bell_healthy__b81f901d-c870-43fd-b7c7-9b699d10d27e_JR_HL_8316.jpg,0.6569061279296875,0.0,0.234922128238563,0.49071757665536675
multiple_leaves,3,Potato___Early_blight,Potato___Early_blight/e6d543a1-8e5e-4709-9329-b93d63f52edf___RS_Early.B 8324.JPG,selected_dataset/multiple_leaves/003__Potato_Early_blight__e6d543a1-8e5e-4709-9329-b93d63f52edf_RS_Early.B_8324.jpg,0.390380859375,0.08290337711069419,0.8184186982288022,0.22379592503054377
multiple_leaves,4,Potato___Late_blight,Potato___Late_blight/4d085c80-4d57-4377-8fb3-eab3a25e5f5c___RS_LB 3060.JPG,selected_dataset/multiple_leaves/004__Potato_Late_blight__4d085c80-4d57-4377-8fb3-eab3a25e5f5c_RS_LB_3060.jpg,0.387451171875,0.1988815374921235,0.6940274153171493,0.31971271535866985
multiple_leaves,5,Tomato_Bacterial_spot,Tomato_Bacterial_spot/7140eec5-60f1-49bb-a0dd-4cea65897848___UF.GRC_BS_Lab Leaf 9310.JPG,selected_dataset/multiple_leaves/005__Tomato_Bacterial_spot__7140eec5-60f1-49bb-a0dd-4cea65897848_UF.GRC_BS_Lab_Leaf_9310.jpg,0.485626220703125,0.3783384654056432,0.42673328564792157,0.3161666423872571
multiple_leaves,6,Tomato_Early_blight,Tomato_Early_blight/24455ffa-8700-475c-8b4e-a7775f40ad3f___RS_Erly.B 8365.JPG,selected_dataset/multiple_leaves/006__Tomato_Early_blight__24455ffa-8700-475c-8b4e-a7775f40ad3f_RS_Erly.B_8365.jpg,0.44281005859375,0.28621640248104757,0.8216525525682605,0.4988011226517282
multiple_leaves,7,Tomato_Late_blight,Tomato_Late_blight/01c391d2-1b3a-4b58-b205-a75674bba6e9___GHLB2 Leaf 8824.JPG,selected_dataset/multiple_leaves/007__Tomato_Late_blight__01c391d2-1b3a-4b58-b205-a75674bba6e9_GHLB2_Leaf_8824.jpg,0.3819732666015625,0.06219789877361882,0.1474002351736954,0.5514033921778174
multiple_leaves,8,Tomato_Leaf_Mold,Tomato_Leaf_Mold/60f7b149-4286-4101-a156-9bf5551261d7___Crnl_L.Mold 7137.JPG,selected_dataset/multiple_leaves/008__Tomato_Leaf_Mold__60f7b149-4286-4101-a156-9bf5551261d7_Crnl_L.Mold_7137.jpg,0.3723907470703125,0.3586150379020692,0.12675969909052426,0.7225556474524951
multiple_leaves,9,Tomato_Septoria_leaf_spot,Tomato_Septoria_leaf_spot/862cca81-2acd-4a2b-89aa-bd01d9524d7b___JR_Sept.L.S 2577.JPG,selected_dataset/multiple_leaves/009__Tomato_Septoria_leaf_spot__862cca81-2acd-4a2b-89aa-bd01d9524d7b_JR_Sept.L.S_2577.jpg,0.36749267578125,0.12489619664507556,0.23890926221383246,0.46093104444078903
multiple_leaves,10,Tomato_Spider_mites_Two_spotted_spider_mite,Tomato_Spider_mites_Two_spotted_spider_mite/fff8949b-3721-4f42-a489-8d39753fe7bb___Com.G_SpM_FL 8656.JPG,selected_dataset/multiple_leaves/010__Tomato_Spider_mites_Two_spotted_spider_mite__fff8949b-3721-4f42-a489-8d39753fe7bb_Com.G_SpM_FL_8656.jpg,0.3816070556640625,0.2657043464352833,0.6208559508948247,0.5726458317905802
multiple_leaves,11,Tomato__Target_Spot,Tomato__Target_Spot/9246e5ab-5329-4b96-8718-0909998f4531___Com.G_TgS_FL 7975.JPG,selected_dataset/multiple_leaves/011__Tomato_Target_Spot__9246e5ab-5329-4b96-8718-0909998f4531_Com.G_TgS_FL_7975.jpg,0.4911651611328125,0.06638913914691354,0.6204673622212773,0.1252053946507195
multiple_leaves,12,Tomato__Tomato_YellowLeaf__Curl_Virus,Tomato__Tomato_YellowLeaf__Curl_Virus/87ff4433-edf3-414e-9699-c6780f664b2b___YLCV_NREC 2917.JPG,selected_dataset/multiple_leaves/012__Tomato_Tomato_YellowLeaf_Curl_Virus__87ff4433-edf3-414e-9699-c6780f664b2b_YLCV_NREC_2917.jpg,0.3879547119140625,0.46371681415929206,0.45298109150659177,0.6974948423004205
multiple_leaves,13,Tomato__Tomato_mosaic_virus,Tomato__Tomato_mosaic_virus/6804695f-56f8-4ff9-90f8-69ee95097463___PSU_CG 2067.JPG,selected_dataset/multiple_leaves/013__Tomato_Tomato_mosaic_virus__6804695f-56f8-4ff9-90f8-69ee95097463_PSU_CG_2067.jpg,0.382965087890625,0.046896167025260976,0.249344778432038,0.5202429717134927
multiple_leaves,14,Tomato_healthy,Tomato_healthy/da1015eb-5c8e-436d-b367-d1f98a034e44___RS_HL 0382.JPG,selected_dataset/multiple_leaves/014__Tomato_healthy__da1015eb-5c8e-436d-b367-d1f98a034e44_RS_HL_0382.jpg,0.54754638671875,0.1327889867350351,0.8624775843938457,0.3710338300303332
multiple_leaves,15,Pepper__bell___Bacterial_spot,Pepper__bell___Bacterial_spot/57ff0455-861f-4f25-9598-c2954ca44027___JR_B.Spot 3115.JPG,selected_dataset/multiple_leaves/015__Pepper_bell_Bacterial_spot__57ff0455-861f-4f25-9598-c2954ca44027_JR_B.Spot_3115.jpg,0.5122833251953125,0.16182646769725673,0.23437978469025922,0.4545145662065719
multiple_leaves,16,Pepper__bell___healthy,Pepper__bell___healthy/79052190-9b72-4a0c-ae70-ac468d89b3fb___JR_HL 8150.JPG,selected_dataset/multiple_leaves/016__Pepper_bell_healthy__79052190-9b72-4a0c-ae70-ac468d89b3fb_JR_HL_8150.jpg,0.5359954833984375,0.03134341105132804,0.6312684845305508,0.3317072396284916
multiple_leaves,17,Potato___Early_blight,Potato___Early_blight/911b9166-40ba-4dc8-974e-c916e6866142___RS_Early.B 9089.JPG,selected_dataset/multiple_leaves/017__Potato_Early_blight__911b9166-40ba-4dc8-974e-c916e6866142_RS_Early.B_9089.jpg,0.414642333984375,0.016523147125929196,0.828667397346383,0.19569152749603747
multiple_leaves,18,Potato___Late_blight,Potato___Late_blight/94c50d24-cfd7-486c-a4ac-a10f552d0f8b___RS_LB 4329.JPG,selected_dataset/multiple_leaves/018__Potato_Late_blight__94c50d24-cfd7-486c-a4ac-a10f552d0f8b_RS_LB_4329.jpg,0.3907470703125,0.14913308341143391,0.4733153564845741,0.28341300817826603
multiple_leaves,19,Tomato_Early_blight,Tomato_Early_blight/af454559-8f93-4b2d-b961-80bafe6bf43b___RS_Erly.B 8367.JPG,selected_dataset/multiple_leaves/019__Tomato_Early_blight__af454559-8f93-4b2d-b961-80bafe6bf43b_RS_Erly.B_8367.jpg,0.4390716552734375,0.17543006081668114,0.8717784504952888,0.5416853654502635
multiple_leaves,20,Tomato_Late_blight,Tomato_Late_blight/3ef1e6d9-0ea8-4b1d-a2f4-a99bbc4ba66e___GHLB2 Leaf 8830.JPG,selected_dataset/multiple_leaves/020__Tomato_Late_blight__3ef1e6d9-0ea8-4b1d-a2f4-a99bbc4ba66e_GHLB2_Leaf_8830.jpg,0.3414306640625,0.03919377904898105,0.2957475065075051,0.6558505958185641
multiple_leaves,21,Tomato_Leaf_Mold,Tomato_Leaf_Mold/df78e8cb-8fc5-4682-ab5c-f265b4e8d97e___Crnl_L.Mold 8619.JPG,selected_dataset/multiple_leaves/021__Tomato_Leaf_Mold__df78e8cb-8fc5-4682-ab5c-f265b4e8d97e_Crnl_L.Mold_8619.jpg,0.456390380859375,0.15188900033433633,0.7496106442506261,0.31709308912527784
multiple_leaves,22,Tomato_Septoria_leaf_spot,Tomato_Septoria_leaf_spot/63ff8ff8-0b4e-4587-8dd0-6961c34b370a___JR_Sept.L.S 2686.JPG,selected_dataset/multiple_leaves/022__Tomato_Septoria_leaf_spot__63ff8ff8-0b4e-4587-8dd0-6961c34b370a_JR_Sept.L.S_2686.jpg,0.368255615234375,0.05444600977873539,0.4363354125525004,0.316944486897485
multiple_leaves,23,Tomato_Spider_mites_Two_spotted_spider_mite,Tomato_Spider_mites_Two_spotted_spider_mite/50a64fa8-b9c4-4680-8a60-59b128571bf2___Com.G_SpM_FL 8929.JPG,selected_dataset/multiple_leaves/023__Tomato_Spider_mites_Two_spotted_spider_mite__50a64fa8-b9c4-4680-8a60-59b128571bf2_Com.G_SpM_FL_8929.jpg,0.39227294921875,0.36187179088221566,0.7326032402577242,0.5601771554291107
multiple_leaves,24,Tomato__Target_Spot,Tomato__Target_Spot/21aa9ddb-0051-41c7-b1e3-316c20c64483___Com.G_TgS_FL 8151.JPG,selected_dataset/multiple_leaves/024__Tomato_Target_Spot__21aa9ddb-0051-41c7-b1e3-316c20c64483_Com.G_TgS_FL_8151.jpg,0.20556640625,0.10503266033254156,0.7248116514851146,0.5859682264002395
multiple_leaves,25,Tomato__Tomato_YellowLeaf__Curl_Virus,Tomato__Tomato_YellowLeaf__Curl_Virus/82c21b38-9e24-4447-8f91-318d04cb67e8___YLCV_NREC 2540.JPG,selected_dataset/multiple_leaves/025__Tomato_Tomato_YellowLeaf_Curl_Virus__82c21b38-9e24-4447-8f91-318d04cb67e8_YLCV_NREC_2540.jpg,0.387725830078125,0.3826839826839827,0.7284412819544586,0.5307944551257591
multiple_leaves,26,Tomato__Tomato_mosaic_virus,Tomato__Tomato_mosaic_virus/b2622141-87e3-4d73-8eb0-21401f3bbab5___PSU_CG 2144.JPG,selected_dataset/multiple_leaves/026__Tomato_Tomato_mosaic_virus__b2622141-87e3-4d73-8eb0-21401f3bbab5_PSU_CG_2144.jpg,0.36798095703125,0.09064521479515675,0.38091442761697925,0.21534933005744472
multiple_leaves,27,Tomato_healthy,Tomato_healthy/824d057f-080b-4b9e-ae96-e91d5bdf3b98___RS_HL 0380.JPG,selected_dataset/multiple_leaves/027__Tomato_healthy__824d057f-080b-4b9e-ae96-e91d5bdf3b98_RS_HL_0380.jpg,0.5084686279296875,0.045914233412357834,0.8464226006243318,0.3217104119797282
multiple_leaves,28,Pepper__bell___Bacterial_spot,Pepper__bell___Bacterial_spot/de583596-e89f-4a21-be43-a6629318bd6e___NREC_B.Spot 1840.JPG,selected_dataset/multiple_leaves/028__Pepper_bell_Bacterial_spot__de583596-e89f-4a21-be43-a6629318bd6e_NREC_B.Spot_1840.jpg,0.4726409912109375,0.35828894269572237,0.6584389297789677,0.2621991897043259
multiple_leaves,29,Pepper__bell___healthy,Pepper__bell___healthy/42f083e2-272d-4f83-ad9a-573ee90e50ec___Screen Shot 2015-05-06 at 4.01.13 PM.png,selected_dataset/multiple_leaves/029__Pepper_bell_healthy__42f083e2-272d-4f83-ad9a-573ee90e50ec_Screen_Shot_2015-05-06_at_4.01.13_PM.png,0.55523681640625,0.26324612509618556,0.7208301583120991,0.6502376219796873
multiple_leaves,30,Potato___Early_blight,Potato___Early_blight/5aee3e9f-0469-42e7-8ae7-56f7a1900fd5___RS_Early.B 9091.JPG,selected_dataset/multiple_leaves/030__Potato_Early_blight__5aee3e9f-0469-42e7-8ae7-56f7a1900fd5_RS_Early.B_9091.jpg,0.4009552001953125,0.04509647220002283,0.8717874048462526,0.360178467405884
multiple_leaves,31,Potato___Late_blight,Potato___Late_blight/53b09253-988e-4a22-966c-b5a03ed6bc44___RS_LB 2924.JPG,selected_dataset/multiple_leaves/031__Potato_Late_blight__53b09253-988e-4a22-966c-b5a03ed6bc44_RS_LB_2924.jpg,0.3856658935546875,0.2149950544015826,0.530416886923021,0.15170163864932146
multiple_leaves,32,Tomato_Early_blight,Tomato_Early_blight/76e4e737-6526-4007-923f-5b6c1e9951ed___RS_Erly.B 7759.JPG,selected_dataset/multiple_leaves/032__Tomato_Early_blight__76e4e737-6526-4007-923f-5b6c1e9951ed_RS_Erly.B_7759.jpg,0.391021728515625,0.7420198236166393,0.551402319400908,0.13117802131516637
multiple_leaves,33,Tomato_Late_blight,Tomato_Late_blight/d41d839a-339e-4d0f-985b-04ddd8a5b556___GHLB2 Leaf 8823.JPG,selected_dataset/multiple_leaves/033__Tomato_Late_blight__d41d839a-339e-4d0f-985b-04ddd8a5b556_GHLB2_Leaf_8823.jpg,0.30853271484375,0.032393669634025714,0.18493020673580915,0.5846855117747487
multiple_leaves,34,Tomato_Leaf_Mold,Tomato_Leaf_Mold/b7b40130-ae85-438e-9bc4-7ed4ce5cdd1f___Crnl_L.Mold 9137.JPG,selected_dataset/multiple_leaves/034__Tomato_Leaf_Mold__b7b40130-ae85-438e-9bc4-7ed4ce5cdd1f_Crnl_L.Mold_9137.jpg,0.396453857421875,0.19836810099299515,0.286300972738104,0.6531989044457334
multiple_leaves,35,Tomato_Septoria_leaf_spot,Tomato_Septoria_leaf_spot/7e3a2a59-c4ed-47da-9176-6996ad3170df___JR_Sept.L.S 2556.JPG,selected_dataset/multiple_leaves/035__Tomato_Septoria_leaf_spot__7e3a2a59-c4ed-47da-9176-6996ad3170df_JR_Sept.L.S_2556.jpg,0.330230712890625,0.12757600961094168,0.3379877125177264,0.4060500895638304
multiple_leaves,36,Tomato_Spider_mites_Two_spotted_spider_mite,Tomato_Spider_mites_Two_spotted_spider_mite/0d6a202a-046f-47b2-beec-cc6a1e7deae6___Com.G_SpM_FL 8937.JPG,selected_dataset/multiple_leaves/036__Tomato_Spider_mites_Two_spotted_spider_mite__0d6a202a-046f-47b2-beec-cc6a1e7deae6_Com.G_SpM_FL_8937.jpg,0.398895263671875,0.3678371968479841,0.7172623507105161,0.3700651658645172
multiple_leaves,37,Tomato__Tomato_YellowLeaf__Curl_Virus,Tomato__Tomato_YellowLeaf__Curl_Virus/207fc955-4430-4829-b860-d3044662115a___UF.GRC_YLCV_Lab 01930.JPG,selected_dataset/multiple_leaves/037__Tomato_Tomato_YellowLeaf_Curl_Virus__207fc955-4430-4829-b860-d3044662115a_UF.GRC_YLCV_Lab_01930.jpg,0.6265869140625,0.33479446717319306,0.2756194789239083,0.5187880844125099
multiple_leaves,38,Tomato__Tomato_mosaic_virus,Tomato__Tomato_mosaic_virus/176ff795-1f59-4248-8374-bf5a88187934___PSU_CG 2160.JPG,selected_dataset/multiple_leaves/038__Tomato_Tomato_mosaic_virus__176ff795-1f59-4248-8374-bf5a88187934_PSU_CG_2160.jpg,0.3609619140625,0.1441494758200879,0.6563553405516936,0.32669031893271494
multiple_leaves,39,Tomato_healthy,Tomato_healthy/381203e7-7030-4782-9e47-24d50969931a___RS_HL 9759.JPG,selected_dataset/multiple_leaves/039__Tomato_healthy__381203e7-7030-4782-9e47-24d50969931a_RS_HL_9759.jpg,0.4168548583984375,0.02573300633258904,0.7756741585848274,0.27139569064895663
multiple_leaves,40,Pepper__bell___Bacterial_spot,Pepper__bell___Bacterial_spot/539b8a7d-f257-49ff-81b8-76f39b5ac752___NREC_B.Spot 1805.JPG,selected_dataset/multiple_leaves/040__Pepper_bell_Bacterial_spot__539b8a7d-f257-49ff-81b8-76f39b5ac752_NREC_B.Spot_1805.jpg,0.455169677734375,0.17720415688903787,0.7398355664945349,0.30516488424559535
multiple_leaves,41,Potato___Early_blight,Potato___Early_blight/bc378ba0-533d-42db-a8b2-82decc73f4d5___RS_Early.B 9092.JPG,selected_dataset/multiple_leaves/041__Potato_Early_blight__bc378ba0-533d-42db-a8b2-82decc73f4d5_RS_Early.B_9092.jpg,0.3949737548828125,0.06467065868263473,0.844170482921011,0.36790948544001234
multiple_leaves,42,Potato___Late_blight,Potato___Late_blight/e7e39ba3-b9af-4d5f-afb1-aea45e13446a___RS_LB 2876.JPG,selected_dataset/multiple_leaves/042__Potato_Late_blight__e7e39ba3-b9af-4d5f-afb1-aea45e13446a_RS_LB_2876.jpg,0.383941650390625,0.2855496383435339,0.6511311860975884,0.1880255940052434
multiple_leaves,43,Tomato_Early_blight,Tomato_Early_blight/a48e8b60-3636-4f7e-8ce2-d6625d866720___RS_Erly.B 7458.JPG,selected_dataset/multiple_leaves/043__Tomato_Early_blight__a48e8b60-3636-4f7e-8ce2-d6625d866720_RS_Erly.B_7458.jpg,0.3955078125,0.24891975308641975,0.440725508764098,0.5345773002723305
multiple_leaves,44,Tomato_Late_blight,Tomato_Late_blight/c03b8994-6c6e-4997-83fd-803f3cc580ad___GHLB2 Leaf 8833.JPG,selected_dataset/multiple_leaves/044__Tomato_Late_blight__c03b8994-6c6e-4997-83fd-803f3cc580ad_GHLB2_Leaf_8833.jpg,0.298370361328125,0.049197095223483686,0.3287034770950844,0.6436267630424822
multiple_leaves,45,Tomato_Leaf_Mold,Tomato_Leaf_Mold/d8b47693-9b2e-4ee2-b822-d61668bd7ea1___Crnl_L.Mold 9016.JPG,selected_dataset/multiple_leaves/045__Tomato_Leaf_Mold__d8b47693-9b2e-4ee2-b822-d61668bd7ea1_Crnl_L.Mold_9016.jpg,0.3843536376953125,0.1329945611179483,0.25908391640855155,0.4153552340950224
multiple_leaves,46,Tomato_Septoria_leaf_spot,Tomato_Septoria_leaf_spot/e8051293-a895-48ed-92ff-0623301c7c8c___JR_Sept.L.S 2613.JPG,selected_dataset/multiple_leaves/046__Tomato_Septoria_leaf_spot__e8051293-a895-48ed-92ff-0623301c7c8c_JR_Sept.L.S_2613.jpg,0.350433349609375,0.036619350343986765,0.30180172621023427,0.5611151060384931
multiple_leaves,47,Tomato_Spider_mites_Two_spotted_spider_mite,Tomato_Spider_mites_Two_spotted_spider_mite/47b9fa43-926d-496f-9315-d0abd74a0802___Com.G_SpM_FL 9041.JPG,selected_dataset/multiple_leaves/047__Tomato_Spider_mites_Two_spotted_spider_mite__47b9fa43-926d-496f-9315-d0abd74a0802_Com.G_SpM_FL_9041.jpg,0.385009765625,0.2438570069752695,0.7132321223214664,0.6864658350801018
multiple_leaves,48,Tomato__Tomato_YellowLeaf__Curl_Virus,Tomato__Tomato_YellowLeaf__Curl_Virus/130c7662-d387-4698-aa65-f66a0cda7859___UF.GRC_YLCV_Lab 01702.JPG,selected_dataset/multiple_leaves/048__Tomato_Tomato_YellowLeaf_Curl_Virus__130c7662-d387-4698-aa65-f66a0cda7859_UF.GRC_YLCV_Lab_01702.jpg,0.552703857421875,0.34528739440119266,0.30308906691638,0.2549791842349305
multiple_leaves,49,Tomato__Tomato_mosaic_virus,Tomato__Tomato_mosaic_virus/274c03c3-c69a-4182-ba3f-d6e93b2dea0b___PSU_CG 2349.JPG,selected_dataset/multiple_leaves/049__Tomato_Tomato_mosaic_virus__274c03c3-c69a-4182-ba3f-d6e93b2dea0b_PSU_CG_2349.jpg,0.3611907958984375,0.07633813527100672,0.4566857598342866,0.5875755072218245
multiple_leaves,50,Tomato_healthy,Tomato_healthy/e2f520b1-ac21-445b-9a3f-cb6e506e3044___RS_HL 0381.JPG,selected_dataset/multiple_leaves/050__Tomato_healthy__e2f520b1-ac21-445b-9a3f-cb6e506e3044_RS_HL_0381.jpg,0.400421142578125,0.035591799405533114,0.7848780703588871,0.30821155377373427
multiple_leaves,51,Pepper__bell___Bacterial_spot,Pepper__bell___Bacterial_spot/4f49f8c2-d091-40d0-b85c-db10099b3caa___NREC_B.Spot 9171.JPG,selected_dataset/multiple_leaves/051__Pepper_bell_Bacterial_spot__4f49f8c2-d091-40d0-b85c-db10099b3caa_NREC_B.Spot_9171.jpg,0.411651611328125,0.2615464452516866,0.7295905128350801,0.29708543143634847
multiple_leaves,52,Potato___Early_blight,Potato___Early_blight/05c35093-11b8-4cd0-b67a-148859754440___RS_Early.B 8939.JPG,selected_dataset/multiple_leaves/052__Potato_Early_blight__05c35093-11b8-4cd0-b67a-148859754440_RS_Early.B_8939.jpg,0.378265380859375,0.07583703106091166,0.7861681458015983,0.3122270532408783
multiple_leaves,53,Potato___Late_blight,Potato___Late_blight/dac53cd2-477e-4f7b-a59d-bb9018eec686___RS_LB 2879.JPG,selected_dataset/multiple_leaves/053__Potato_Late_blight__dac53cd2-477e-4f7b-a59d-bb9018eec686_RS_LB_2879.jpg,0.3847503662109375,0.33139004560777313,0.6305526580825106,0.15709063876110038
multiple_leaves,54,Tomato_Early_blight,Tomato_Early_blight/91866d08-cbe2-4a9a-87fd-f2b969e5340a___RS_Erly.B 9588.JPG,selected_dataset/multiple_leaves/054__Tomato_Early_blight__91866d08-cbe2-4a9a-87fd-f2b969e5340a_RS_Erly.B_9588.jpg,0.3529052734375,0.3139052231061916,0.6071341675870034,0.3708008718727787
multiple_leaves,55,Tomato_Late_blight,Tomato_Late_blight/8130621c-8ff8-4fd9-bd54-765491adc31f___GHLB2 Leaf 8822.JPG,selected_dataset/multiple_leaves/055__Tomato_Late_blight__8130621c-8ff8-4fd9-bd54-765491adc31f_GHLB2_Leaf_8822.jpg,0.2179718017578125,0.023101155057752887,0.3893342916518395,0.5655143624361656
multiple_leaves,56,Tomato_Leaf_Mold,Tomato_Leaf_Mold/bb7c7fce-4601-43b6-b396-4f78ca7dd44c___Crnl_L.Mold 9013.JPG,selected_dataset/multiple_leaves/056__Tomato_Leaf_Mold__bb7c7fce-4601-43b6-b396-4f78ca7dd44c_Crnl_L.Mold_9013.jpg,0.3796539306640625,0.08685342229010087,0.19910684055779837,0.6479902310748613
multiple_leaves,57,Tomato_Septoria_leaf_spot,Tomato_Septoria_leaf_spot/aac82d24-d791-4ecb-83da-0624248cbb42___JR_Sept.L.S 2687.JPG,selected_dataset/multiple_leaves/057__Tomato_Septoria_leaf_spot__aac82d24-d791-4ecb-83da-0624248cbb42_JR_Sept.L.S_2687.jpg,0.364898681640625,0.11114828134147361,0.5441951729118515,0.5729835539963818
multiple_leaves,58,Tomato_Spider_mites_Two_spotted_spider_mite,Tomato_Spider_mites_Two_spotted_spider_mite/5c701153-8a6c-4661-a943-a7467312552f___Com.G_SpM_FL 9033.JPG,selected_dataset/multiple_leaves/058__Tomato_Spider_mites_Two_spotted_spider_mite__5c701153-8a6c-4661-a943-a7467312552f_Com.G_SpM_FL_9033.jpg,0.38775634765625,0.4270816936880214,0.7421933718710924,0.5734860363168612
multiple_leaves,59,Tomato__Tomato_YellowLeaf__Curl_Virus,Tomato__Tomato_YellowLeaf__Curl_Virus/9007c046-6863-4be1-8e88-98e02f6e113f___UF.GRC_YLCV_Lab 02449.JPG,selected_dataset/multiple_leaves/059__Tomato_Tomato_YellowLeaf_Curl_Virus__9007c046-6863-4be1-8e88-98e02f6e113f_UF.GRC_YLCV_Lab_02449.jpg,0.524871826171875,0.09122623408337693,0.24946798930018962,0.22199377690108457
multiple_leaves,60,Tomato__Tomato_mosaic_virus,Tomato__Tomato_mosaic_virus/2324b02b-1f9d-46a2-82f2-23856019d516___PSU_CG 2382.JPG,selected_dataset/multiple_leaves/060__Tomato_Tomato_mosaic_virus__2324b02b-1f9d-46a2-82f2-23856019d516_PSU_CG_2382.jpg,0.359588623046875,0.16668081133836884,0.3951737069526843,0.4770008328722788
multiple_leaves,61,Tomato_healthy,Tomato_healthy/6e48af01-e836-4cdd-9b99-867d421c2ff3___RS_HL 9760.JPG,selected_dataset/multiple_leaves/061__Tomato_healthy__6e48af01-e836-4cdd-9b99-867d421c2ff3_RS_HL_9760.jpg,0.3968048095703125,0.02618727167852336,0.8079100421883816,0.2584635122030063
multiple_leaves,62,Potato___Early_blight,Potato___Early_blight/6c5385cd-d362-4810-b4e8-58ab768c706c___RS_Early.B 8323.JPG,selected_dataset/multiple_leaves/062__Potato_Early_blight__6c5385cd-d362-4810-b4e8-58ab768c706c_RS_Early.B_8323.jpg,0.3890838623046875,0.06168869367426173,0.8242933258736214,0.2086082267000171
multiple_leaves,63,Potato___Late_blight,Potato___Late_blight/1ab62af3-c0a5-4fab-bb62-e06d6f7ddb59___RS_LB 2908.JPG,selected_dataset/multiple_leaves/063__Potato_Late_blight__1ab62af3-c0a5-4fab-bb62-e06d6f7ddb59_RS_LB_2908.jpg,0.385650634765625,0.18346917781118938,0.5885249740969956,0.3420473062498266
multiple_leaves,64,Tomato_Early_blight,Tomato_Early_blight/5688c1fd-cd1f-4fb5-9e0b-d12c0c095023___RS_Erly.B 9511.JPG,selected_dataset/multiple_leaves/064__Tomato_Early_blight__5688c1fd-cd1f-4fb5-9e0b-d12c0c095023_RS_Erly.B_9511.jpg,0.3385162353515625,0.08289384719405003,0.7651016063088569,0.34738403642137994
multiple_leaves,65,Tomato_Late_blight,Tomato_Late_blight/903f6204-3857-495a-9cf3-8e3fbc930115___RS_Late.B 5496.JPG,selected_dataset/multiple_leaves/065__Tomato_Late_blight__903f6204-3857-495a-9cf3-8e3fbc930115_RS_Late.B_5496.jpg,0.382720947265625,0.669723307551232,0.7779167114984705,0.13672074806213863
multiple_leaves,66,Tomato_Leaf_Mold,Tomato_Leaf_Mold/e40da81e-07e7-4914-af0d-461a2b1a10ec___Crnl_L.Mold 7101.JPG,selected_dataset/multiple_leaves/066__Tomato_Leaf_Mold__e40da81e-07e7-4914-af0d-461a2b1a10ec_Crnl_L.Mold_7101.jpg,0.379364013671875,0.25665674523369,0.016748917437262173,0.6690960649227746
multiple_leaves,67,Tomato_Septoria_leaf_spot,Tomato_Septoria_leaf_spot/9cb69cf5-1929-4a4a-9e6a-bac5596a22fd___JR_Sept.L.S 2489.JPG,selected_dataset/multiple_leaves/067__Tomato_Septoria_leaf_spot__9cb69cf5-1929-4a4a-9e6a-bac5596a22fd_JR_Sept.L.S_2489.jpg,0.3580169677734375,0.3709670545113583,0.3823011844878941,0.5897633760248968
multiple_leaves,68,Tomato_Spider_mites_Two_spotted_spider_mite,Tomato_Spider_mites_Two_spotted_spider_mite/aeae9e3c-ec84-4fa5-8c52-ab488c6a81f7___Com.G_SpM_FL 8765.JPG,selected_dataset/multiple_leaves/068__Tomato_Spider_mites_Two_spotted_spider_mite__aeae9e3c-ec84-4fa5-8c52-ab488c6a81f7_Com.G_SpM_FL_8765.jpg,0.3760528564453125,0.31588557516737675,0.7116483168212917,0.4005406143614473
multiple_leaves,69,Tomato__Tomato_YellowLeaf__Curl_Virus,Tomato__Tomato_YellowLeaf__Curl_Virus/4498c692-7474-4021-b713-5360050469c7___UF.GRC_YLCV_Lab 08450.JPG,selected_dataset/multiple_leaves/069__Tomato_Tomato_YellowLeaf_Curl_Virus__4498c692-7474-4021-b713-5360050469c7_UF.GRC_YLCV_Lab_08450.jpg,0.530548095703125,0.12335346563129135,0.4502598732584248,0.3086428297969596
multiple_leaves,70,Tomato__Tomato_mosaic_virus,Tomato__Tomato_mosaic_virus/67662638-1bfa-4ff6-8305-2d8544277ef0___PSU_CG 2222.JPG,selected_dataset/multiple_leaves/070__Tomato_Tomato_mosaic_virus__67662638-1bfa-4ff6-8305-2d8544277ef0_PSU_CG_2222.jpg,0.3783416748046875,0.12506553740673523,0.248571829264841,0.6740097397306185
multiple_leaves,71,Tomato_healthy,Tomato_healthy/86a7487a-e9a1-413c-b8ad-6dfacf9c0b2a___GH_HL Leaf 413.1.JPG,selected_dataset/multiple_leaves/071__Tomato_healthy__86a7487a-e9a1-413c-b8ad-6dfacf9c0b2a_GH_HL_Leaf_413.1.jpg,0.3354339599609375,0.022153482236273486,0.5164279080464499,0.4831468508906929
multiple_leaves,72,Potato___Early_blight,Potato___Early_blight/9846eead-9fc1-4c35-8b63-1adfbdf0b118___RS_Early.B 8325.JPG,selected_dataset/multiple_leaves/072__Potato_Early_blight__9846eead-9fc1-4c35-8b63-1adfbdf0b118_RS_Early.B_8325.jpg,0.3856048583984375,0.0768074077005263,0.859886691202778,0.37676411093236684
multiple_leaves,73,Potato___Late_blight,Potato___Late_blight/7a4371b2-72c6-414e-b73e-6e4b4adab72f___RS_LB 3289.JPG,selected_dataset/multiple_leaves/073__Potato_Late_blight__7a4371b2-72c6-414e-b73e-6e4b4adab72f_RS_LB_3289.jpg,0.4125518798828125,0.13873580648740616,0.7160322938646427,0.3257475379645075
multiple_leaves,74,Tomato_Early_blight,Tomato_Early_blight/a54e9f9d-e56b-4097-83c2-b137f9111edf___RS_Erly.B 9411.JPG,selected_dataset/multiple_leaves/074__Tomato_Early_blight__a54e9f9d-e56b-4097-83c2-b137f9111edf_RS_Erly.B_9411.jpg,0.388031005859375,0.1405819897758553,0.833540404536816,0.19038400543898937
multiple_leaves,75,Tomato_Late_blight,Tomato_Late_blight/449c9233-a3bb-4743-874b-f5d092d652b9___GHLB2 Leaf 8975.JPG,selected_dataset/multiple_leaves/075__Tomato_Late_blight__449c9233-a3bb-4743-874b-f5d092d652b9_GHLB2_Leaf_8975.jpg,0.3468475341796875,0.08081474638159342,0.14342872804991724,0.6958268913699696
multiple_leaves,76,Tomato_Leaf_Mold,Tomato_Leaf_Mold/74cb417c-24ca-43b2-897a-8c310636ac22___Crnl_L.Mold 7149.JPG,selected_dataset/multiple_leaves/076__Tomato_Leaf_Mold__74cb417c-24ca-43b2-897a-8c310636ac22_Crnl_L.Mold_7149.jpg,0.38372802734375,0.3079370128837283,0.13687965798373614,0.44248783891983184
multiple_leaves,77,Tomato_Septoria_leaf_spot,Tomato_Septoria_leaf_spot/3dd32fea-62e8-4ae9-b307-5513e845b519___JR_Sept.L.S 2663.JPG,selected_dataset/multiple_leaves/077__Tomato_Septoria_leaf_spot__3dd32fea-62e8-4ae9-b307-5513e845b519_JR_Sept.L.S_2663.jpg,0.3640594482421875,0.28567836036715705,0.7388041378274145,0.6167018338689751
multiple_leaves,78,Tomato_Spider_mites_Two_spotted_spider_mite,Tomato_Spider_mites_Two_spotted_spider_mite/4cf2d9a3-ae18-426a-a455-526aed2167a0___Com.G_SpM_FL 1260.JPG,selected_dataset/multiple_leaves/078__Tomato_Spider_mites_Two_spotted_spider_mite__4cf2d9a3-ae18-426a-a455-526aed2167a0_Com.G_SpM_FL_1260.jpg,0.373687744140625,0.46096365863617805,0.7381100362955095,0.4474751024343014
multiple_leaves,79,Tomato__Tomato_YellowLeaf__Curl_Virus,Tomato__Tomato_YellowLeaf__Curl_Virus/58e9a697-7395-4695-986d-a2273a2f2757___UF.GRC_YLCV_Lab 03036.JPG,selected_dataset/multiple_leaves/079__Tomato_Tomato_YellowLeaf_Curl_Virus__58e9a697-7395-4695-986d-a2273a2f2757_UF.GRC_YLCV_Lab_03036.jpg,0.493927001953125,0.10237874575223972,0.20394808784467647,0.41351390619137374
multiple_leaves,80,Tomato__Tomato_mosaic_virus,Tomato__Tomato_mosaic_virus/aab31aa2-ac8f-46a1-9b9b-7b728a776e8d___PSU_CG 2250.JPG,selected_dataset/multiple_leaves/080__Tomato_Tomato_mosaic_virus__aab31aa2-ac8f-46a1-9b9b-7b728a776e8d_PSU_CG_2250.jpg,0.3521270751953125,0.1069029769900767,0.3093505164858319,0.5239805852890769
multiple_leaves,81,Tomato_healthy,Tomato_healthy/edd71d50-a50f-4f36-af69-6c9df7c040af___GH_HL Leaf 484.1.JPG,selected_dataset/multiple_leaves/081__Tomato_healthy__edd71d50-a50f-4f36-af69-6c9df7c040af_GH_HL_Leaf_484.1.jpg,0.3258514404296875,0.13500351205806602,0.381825726714914,0.5089717082768123
multiple_leaves,82,Tomato_Early_blight,Tomato_Early_blight/16ce3799-ff03-4724-8c99-48a4243a6ff9___RS_Erly.B 9565.JPG,selected_dataset/multiple_leaves/082__Tomato_Early_blight__16ce3799-ff03-4724-8c99-48a4243a6ff9_RS_Erly.B_9565.jpg,0.350067138671875,0.5853456542585651,0.6177521295747211,0.3285366843718962
multiple_leaves,83,Tomato_Late_blight,Tomato_Late_blight/2cf091ac-156c-4e33-a66b-645439d084f3___GHLB2 Leaf 8896.JPG,selected_dataset/multiple_leaves/083__Tomato_Late_blight__2cf091ac-156c-4e33-a66b-645439d084f3_GHLB2_Leaf_8896.jpg,0.2915802001953125,0.0782877178292951,0.19220113525464252,0.6311687960954749
multiple_leaves,84,Tomato_Leaf_Mold,Tomato_Leaf_Mold/0f740b31-f63b-4193-ab1a-6795c11a7f00___Crnl_L.Mold 7033.JPG,selected_dataset/multiple_leaves/084__Tomato_Leaf_Mold__0f740b31-f63b-4193-ab1a-6795c11a7f00_Crnl_L.Mold_7033.jpg,0.369110107421875,0.3717651922281935,0.42130113355829046,0.3601052649413069
multiple_leaves,85,Tomato_Septoria_leaf_spot,Tomato_Septoria_leaf_spot/92fbce1f-9e6e-4eaa-9161-4ed4f7a511dd___JR_Sept.L.S 2609.JPG,selected_dataset/multiple_leaves/085__Tomato_Septoria_leaf_spot__92fbce1f-9e6e-4eaa-9161-4ed4f7a511dd_JR_Sept.L.S_2609.jpg,0.3438873291015625,0.03035009096152993,0.3381818868011388,0.5843880160893946
multiple_leaves,86,Tomato_Spider_mites_Two_spotted_spider_mite,Tomato_Spider_mites_Two_spotted_spider_mite/a0501b8f-a2b6-424e-8208-72b779eb5654___Com.G_SpM_FL 8941.JPG,selected_dataset/multiple_leaves/086__Tomato_Spider_mites_Two_spotted_spider_mite__a0501b8f-a2b6-424e-8208-72b779eb5654_Com.G_SpM_FL_8941.jpg,0.37139892578125,0.4814708299096138,0.7171260904710726,0.3507092962949701
multiple_leaves,87,Tomato__Tomato_YellowLeaf__Curl_Virus,Tomato__Tomato_YellowLeaf__Curl_Virus/0e70ed92-83e0-42ee-bb0e-24a2063db86f___UF.GRC_YLCV_Lab 01659.JPG,selected_dataset/multiple_leaves/087__Tomato_Tomato_YellowLeaf_Curl_Virus__0e70ed92-83e0-42ee-bb0e-24a2063db86f_UF.GRC_YLCV_Lab_01659.jpg,0.4581146240234375,0.13113279818805582,0.5052164054490291,0.3583300173037121
multiple_leaves,88,Tomato__Tomato_mosaic_virus,Tomato__Tomato_mosaic_virus/20182b2d-dfda-4ef1-89cc-17856e051b00___PSU_CG 2072.JPG,selected_dataset/multiple_leaves/088__Tomato_Tomato_mosaic_virus__20182b2d-dfda-4ef1-89cc-17856e051b00_PSU_CG_2072.jpg,0.355682373046875,0.055855855855855854,0.34993521415130097,0.5882003636113332
multiple_leaves,89,Tomato_healthy,Tomato_healthy/16ed4e23-5218-4e8b-85df-86a7069a675d___GH_HL Leaf 519.1.JPG,selected_dataset/multiple_leaves/089__Tomato_healthy__16ed4e23-5218-4e8b-85df-86a7069a675d_GH_HL_Leaf_519.1.jpg,0.310302734375,0.17215774980330448,0.4265863887433471,0.6607461709138126
multiple_leaves,90,Tomato_Early_blight,Tomato_Early_blight/d7f1e802-0b8e-4cba-88b4-e61328322cac___RS_Erly.B 8222.JPG,selected_dataset/multiple_leaves/090__Tomato_Early_blight__d7f1e802-0b8e-4cba-88b4-e61328322cac_RS_Erly.B_8222.jpg,0.3811798095703125,0.4938152996277171,0.7820904798222067,0.3777466930477415
multiple_leaves,91,Tomato_Late_blight,Tomato_Late_blight/081d1e25-3f06-46a1-95ef-d10a62faa80f___GHLB2 Leaf 8600.JPG,selected_dataset/multiple_leaves/091__Tomato_Late_blight__081d1e25-3f06-46a1-95ef-d10a62faa80f_GHLB2_Leaf_8600.jpg,0.29595947265625,0.03114044132810889,0.23366106499210965,0.49976428911655113
multiple_leaves,92,Tomato_Leaf_Mold,Tomato_Leaf_Mold/872c2185-148d-486c-92e8-2a3ad418f609___Crnl_L.Mold 7146.JPG,selected_dataset/multiple_leaves/092__Tomato_Leaf_Mold__872c2185-148d-486c-92e8-2a3ad418f609_Crnl_L.Mold_7146.jpg,0.3895111083984375,0.43741920319661537,0.0688375392186521,0.4972836690183685
multiple_leaves,93,Tomato_Septoria_leaf_spot,Tomato_Septoria_leaf_spot/3d638a43-43eb-4f93-85bf-b1cc41ab117f___Matt.S_CG 0751.JPG,selected_dataset/multiple_leaves/093__Tomato_Septoria_leaf_spot__3d638a43-43eb-4f93-85bf-b1cc41ab117f_Matt.S_CG_0751.jpg,0.3260498046875,0.06813927368026956,0.030879560093329667,0.6916568415435452
multiple_leaves,94,Tomato_Spider_mites_Two_spotted_spider_mite,Tomato_Spider_mites_Two_spotted_spider_mite/bc38c469-2936-464a-a799-4251615e380e___Com.G_SpM_FL 8716.JPG,selected_dataset/multiple_leaves/094__Tomato_Spider_mites_Two_spotted_spider_mite__bc38c469-2936-464a-a799-4251615e380e_Com.G_SpM_FL_8716.jpg,0.3894500732421875,0.434784312189006,0.6538867148595359,0.5781380104911359
multiple_leaves,95,Tomato__Tomato_YellowLeaf__Curl_Virus,Tomato__Tomato_YellowLeaf__Curl_Virus/10ac7198-ec14-4f0b-bcf3-614beb62ddc0___YLCV_NREC 2386.JPG,selected_dataset/multiple_leaves/095__Tomato_Tomato_YellowLeaf_Curl_Virus__10ac7198-ec14-4f0b-bcf3-614beb62ddc0_YLCV_NREC_2386.jpg,0.39239501953125,0.39166277803701977,0.658835672058095,0.4733447019437844
multiple_leaves,96,Tomato__Tomato_mosaic_virus,Tomato__Tomato_mosaic_virus/c9da2f9b-58f3-4715-8012-ee1fe722921f___PSU_CG 2199.JPG,selected_dataset/multiple_leaves/096__Tomato_Tomato_mosaic_virus__c9da2f9b-58f3-4715-8012-ee1fe722921f_PSU_CG_2199.jpg,0.3379974365234375,0.055031375558665524,0.4243029359516731,0.4380234053196763
multiple_leaves,97,Tomato_healthy,Tomato_healthy/933b7a1c-5015-48df-8c2d-b7fdf918a4db___GH_HL Leaf 490.1.JPG,selected_dataset/multiple_leaves/097__Tomato_healthy__933b7a1c-5015-48df-8c2d-b7fdf918a4db_GH_HL_Leaf_490.1.jpg,0.3053741455078125,0.09418877729475841,0.4861217654168829,0.34525217303471595
multiple_leaves,98,Tomato_Early_blight,Tomato_Early_blight/0621aab4-b9fd-4012-b0a6-ba72e63cd87d___RS_Erly.B 8220.JPG,selected_dataset/multiple_leaves/098__Tomato_Early_blight__0621aab4-b9fd-4012-b0a6-ba72e63cd87d_RS_Erly.B_8220.jpg,0.3218231201171875,0.4311791759518278,0.8222018571710406,0.333210644255551
multiple_leaves,99,Tomato_Late_blight,Tomato_Late_blight/c6dd1b5a-316b-468a-837a-707071a1ff98___GHLB2 Leaf 8790.JPG,selected_dataset/multiple_leaves/099__Tomato_Late_blight__c6dd1b5a-316b-468a-837a-707071a1ff98_GHLB2_Leaf_8790.jpg,0.3191680908203125,0.01984032126978056,0.0821088631747066,0.5825654017570606
multiple_leaves,100,Tomato_Leaf_Mold,Tomato_Leaf_Mold/7d097c24-0e8a-44c2-8ef5-722c26ad718f___Crnl_L.Mold 8964.JPG,selected_dataset/multiple_leaves/100__Tomato_Leaf_Mold__7d097c24-0e8a-44c2-8ef5-722c26ad718f_Crnl_L.Mold_8964.jpg,0.367095947265625,0.09576855931498877,0.15634168111358263,0.6979784202198709
multiple_leaves,101,Tomato_Septoria_leaf_spot,Tomato_Septoria_leaf_spot/d5244d08-ddff-4848-8685-2d06caf4cbfa___Matt.S_CG 0748.JPG,selected_dataset/multiple_leaves/101__Tomato_Septoria_leaf_spot__d5244d08-ddff-4848-8685-2d06caf4cbfa_Matt.S_CG_0748.jpg,0.251312255859375,0.11226472374013358,0.2868938919611958,0.5811615006598139
multiple_leaves,102,Tomato_Spider_mites_Two_spotted_spider_mite,Tomato_Spider_mites_Two_spotted_spider_mite/f583df26-3eb8-431c-8171-ead493c7acfd___Com.G_SpM_FL 9035.JPG,selected_dataset/multiple_leaves/102__Tomato_Spider_mites_Two_spotted_spider_mite__f583df26-3eb8-431c-8171-ead493c7acfd_Com.G_SpM_FL_9035.jpg,0.371734619140625,0.253961086938675,0.7768213428854631,0.5048152106694924
multiple_leaves,103,Tomato__Tomato_YellowLeaf__Curl_Virus,Tomato__Tomato_YellowLeaf__Curl_Virus/612c246b-6f3b-4b5d-a13b-a8c028d86873___YLCV_NREC 2836.JPG,selected_dataset/multiple_leaves/103__Tomato_Tomato_YellowLeaf_Curl_Virus__612c246b-6f3b-4b5d-a13b-a8c028d86873_YLCV_NREC_2836.jpg,0.39691162109375,0.4629401814547132,0.42996446932012544,0.6633885227063573
multiple_leaves,104,Tomato__Tomato_mosaic_virus,Tomato__Tomato_mosaic_virus/6b5eed43-832e-4cca-97eb-534b65635d14___PSU_CG 2050.JPG,selected_dataset/multiple_leaves/104__Tomato_Tomato_mosaic_virus__6b5eed43-832e-4cca-97eb-534b65635d14_PSU_CG_2050.jpg,0.32794189453125,0.13456169737576773,0.6849238031979878,0.5713707151939844
multiple_leaves,105,Tomato_healthy,Tomato_healthy/05598cc1-60b9-4436-a233-973c42eff2d6___GH_HL Leaf 503.1.JPG,selected_dataset/multiple_leaves/105__Tomato_healthy__05598cc1-60b9-4436-a233-973c42eff2d6_GH_HL_Leaf_503.1.jpg,0.312042236328125,0.0954523227383863,0.4773481951662464,0.5244671707812234
multiple_leaves,106,Tomato_Early_blight,Tomato_Early_blight/a1e875bd-5c06-4031-b0c0-9413d754df0e___RS_Erly.B 8221.JPG,selected_dataset/multiple_leaves/106__Tomato_Early_blight__a1e875bd-5c06-4031-b0c0-9413d754df0e_RS_Erly.B_8221.jpg,0.313720703125,0.3472762645914397,0.8444634678473664,0.44668436746988077
multiple_leaves,107,Tomato_Late_blight,Tomato_Late_blight/7f533ee8-1d72-486e-b2a6-b5ef2ac7cc88___GHLB2 Leaf 8837.JPG,selected_dataset/multiple_leaves/107__Tomato_Late_blight__7f533ee8-1d72-486e-b2a6-b5ef2ac7cc88_GHLB2_Leaf_8837.jpg,0.3033447265625,0.12877263581488935,0.11290824735160507,0.6498728763359607
multiple_leaves,108,Tomato_Leaf_Mold,Tomato_Leaf_Mold/dbd8242c-1c4c-4d6a-97ba-6cb26fffec49___Crnl_L.Mold 7145.JPG,selected_dataset/multiple_leaves/108__Tomato_Leaf_Mold__dbd8242c-1c4c-4d6a-97ba-6cb26fffec49_Crnl_L.Mold_7145.jpg,0.375274658203125,0.20936000650565179,0.15412138789044305,0.6449498232666142
multiple_leaves,109,Tomato_Septoria_leaf_spot,Tomato_Septoria_leaf_spot/8c73d17b-4821-4e52-9627-3914f7c89bce___JR_Sept.L.S 8481.JPG,selected_dataset/multiple_leaves/109__Tomato_Septoria_leaf_spot__8c73d17b-4821-4e52-9627-3914f7c89bce_JR_Sept.L.S_8481.jpg,0.1463775634765625,0.2733242989679975,0.377385081620445,0.6154689885987683
multiple_leaves,110,Tomato_Spider_mites_Two_spotted_spider_mite,Tomato_Spider_mites_Two_spotted_spider_mite/8a247db8-8b37-48a7-8ea4-fa6fa1483e5a___Com.G_SpM_FL 8976.JPG,selected_dataset/multiple_leaves/110__Tomato_Spider_mites_Two_spotted_spider_mite__8a247db8-8b37-48a7-8ea4-fa6fa1483e5a_Com.G_SpM_FL_8976.jpg,0.3656005859375,0.34778797996661104,0.562375803724414,0.5598215608633856
multiple_leaves,111,Tomato__Tomato_YellowLeaf__Curl_Virus,Tomato__Tomato_YellowLeaf__Curl_Virus/4ebe0762-d421-4a65-ae3b-2ecfe863a88a___YLCV_NREC 2429.JPG,selected_dataset/multiple_leaves/111__Tomato_Tomato_YellowLeaf_Curl_Virus__4ebe0762-d421-4a65-ae3b-2ecfe863a88a_YLCV_NREC_2429.jpg,0.3871307373046875,0.5587087619723307,0.6539023757613034,0.6311360588951723
multiple_leaves,112,Tomato__Tomato_mosaic_virus,Tomato__Tomato_mosaic_virus/7569fab7-ac19-4ac4-a01b-b77a4abb0c29___PSU_CG 2350.JPG,selected_dataset/multiple_leaves/112__Tomato_Tomato_mosaic_virus__7569fab7-ac19-4ac4-a01b-b77a4abb0c29_PSU_CG_2350.jpg,0.34814453125,0.31626928471248245,0.6772893648175586,0.4373913973820749
multiple_leaves,113,Tomato_healthy,Tomato_healthy/8db2e3c6-c5d9-41ec-9977-7b1a71964f24___GH_HL Leaf 501.2.JPG,selected_dataset/multiple_leaves/113__Tomato_healthy__8db2e3c6-c5d9-41ec-9977-7b1a71964f24_GH_HL_Leaf_501.2.jpg,0.3240966796875,0.10145951035781545,0.4345897318382469,0.5955732112101322
multiple_leaves,114,Tomato_Late_blight,Tomato_Late_blight/fabba25a-e191-47c5-a468-6acf744312e1___GHLB2 Leaf 8835.JPG,selected_dataset/multiple_leaves/114__Tomato_Late_blight__fabba25a-e191-47c5-a468-6acf744312e1_GHLB2_Leaf_8835.jpg,0.3285369873046875,0.11151363150805815,0.17587431147006266,0.5906037601350554
multiple_leaves,115,Tomato_Leaf_Mold,Tomato_Leaf_Mold/3a3cf9a2-0793-4139-a435-b00eb5332007___Crnl_L.Mold 7091.JPG,selected_dataset/multiple_leaves/115__Tomato_Leaf_Mold__3a3cf9a2-0793-4139-a435-b00eb5332007_Crnl_L.Mold_7091.jpg,0.369537353515625,0.49884383516392766,0.13429062098137157,0.31985486045468225
multiple_leaves,116,Tomato_Septoria_leaf_spot,Tomato_Septoria_leaf_spot/0df95a30-e5bd-4fec-8271-c2de4e79a7e7___Keller.St_CG 1978.JPG,selected_dataset/multiple_leaves/116__Tomato_Septoria_leaf_spot__0df95a30-e5bd-4fec-8271-c2de4e79a7e7_Keller.St_CG_1978.jpg,0.3883209228515625,0.04239852253526661,0.10978490968256084,0.37553617984244436
multiple_leaves,117,Tomato_Spider_mites_Two_spotted_spider_mite,Tomato_Spider_mites_Two_spotted_spider_mite/47690528-03cd-4c8f-bd9d-22a87f9227b4___Com.G_SpM_FL 8718.JPG,selected_dataset/multiple_leaves/117__Tomato_Spider_mites_Two_spotted_spider_mite__47690528-03cd-4c8f-bd9d-22a87f9227b4_Com.G_SpM_FL_8718.jpg,0.3596038818359375,0.34942928671447365,0.6013192023189584,0.5152997717432803
multiple_leaves,118,Tomato__Tomato_YellowLeaf__Curl_Virus,Tomato__Tomato_YellowLeaf__Curl_Virus/4a76ec70-81ea-4342-90ee-73c59833e1e6___YLCV_NREC 2549.JPG,selected_dataset/multiple_leaves/118__Tomato_Tomato_YellowLeaf_Curl_Virus__4a76ec70-81ea-4342-90ee-73c59833e1e6_YLCV_NREC_2549.jpg,0.38665771484375,0.4113654301499605,0.7271150858824602,0.361981052765399
multiple_leaves,119,Tomato__Tomato_mosaic_virus,Tomato__Tomato_mosaic_virus/7d35f41d-27d1-4ff8-8527-54ca210a47b5___PSU_CG 2359.JPG,selected_dataset/multiple_leaves/119__Tomato_Tomato_mosaic_virus__7d35f41d-27d1-4ff8-8527-54ca210a47b5_PSU_CG_2359.jpg,0.3199462890625,0.08999427699351392,0.6789479517033608,0.4045585677917972
multiple_leaves,120,Tomato_healthy,Tomato_healthy/598606b2-3e32-4d1d-b86e-042a14cd24d0___GH_HL Leaf 504.2.JPG,selected_dataset/multiple_leaves/120__Tomato_healthy__598606b2-3e32-4d1d-b86e-042a14cd24d0_GH_HL_Leaf_504.2.jpg,0.3070220947265625,0.1377665125987774,0.5149482297095693,0.6011043416128106
multiple_leaves,121,Tomato_Late_blight,Tomato_Late_blight/2ab0515e-1f93-4c3b-991a-6cf131661c22___GHLB2 Leaf 8629.JPG,selected_dataset/multiple_leaves/121__Tomato_Late_blight__2ab0515e-1f93-4c3b-991a-6cf131661c22_GHLB2_Leaf_8629.jpg,0.33154296875,0.005200662739322533,0.03242857495437893,0.5876954181188874
multiple_leaves,122,Tomato_Leaf_Mold,Tomato_Leaf_Mold/19fc6cfd-7430-4695-a4e1-5c947193ab46___Crnl_L.Mold 6922.JPG,selected_dataset/multiple_leaves/122__Tomato_Leaf_Mold__19fc6cfd-7430-4695-a4e1-5c947193ab46_Crnl_L.Mold_6922.jpg,0.3734283447265625,0.21815878723491194,0.1595545075129842,0.35146038419314507
multiple_leaves,123,Tomato_Septoria_leaf_spot,Tomato_Septoria_leaf_spot/39bc5eeb-9d3c-4b0b-8602-3e6c01ae9bd4___Matt.S_CG 0741.JPG,selected_dataset/multiple_leaves/123__Tomato_Septoria_leaf_spot__39bc5eeb-9d3c-4b0b-8602-3e6c01ae9bd4_Matt.S_CG_0741.jpg,0.3790283203125,0.05938003220611916,0.2803444464813061,0.34677535306776464
multiple_leaves,124,Tomato_Spider_mites_Two_spotted_spider_mite,Tomato_Spider_mites_Two_spotted_spider_mite/3359d10c-2afd-4734-8a71-d19d25a041a6___Com.G_SpM_FL 9016.JPG,selected_dataset/multiple_leaves/124__Tomato_Spider_mites_Two_spotted_spider_mite__3359d10c-2afd-4734-8a71-d19d25a041a6_Com.G_SpM_FL_9016.jpg,0.3481597900390625,0.37884033834421704,0.7210732777215351,0.6503968270519112
multiple_leaves,125,Tomato__Tomato_YellowLeaf__Curl_Virus,Tomato__Tomato_YellowLeaf__Curl_Virus/4d46723a-72d2-4cff-b931-219924be09cc___YLCV_NREC 2706.JPG,selected_dataset/multiple_leaves/125__Tomato_Tomato_YellowLeaf_Curl_Virus__4d46723a-72d2-4cff-b931-219924be09cc_YLCV_NREC_2706.jpg,0.3892974853515625,0.34884176694234315,0.5373179299646222,0.4600579449781531
multiple_leaves,126,Tomato__Tomato_mosaic_virus,Tomato__Tomato_mosaic_virus/1f675039-385d-4438-b157-db0c95673580___PSU_CG 2100.JPG,selected_dataset/multiple_leaves/126__Tomato_Tomato_mosaic_virus__1f675039-385d-4438-b157-db0c95673580_PSU_CG_2100.jpg,0.34893798828125,0.16402833654014343,0.33874731725562646,0.5594566731905675
multiple_leaves,127,Tomato_healthy,Tomato_healthy/ccfba9c3-41a5-40de-b71a-980bc3336ae7___GH_HL Leaf 522.2.JPG,selected_dataset/multiple_leaves/127__Tomato_healthy__ccfba9c3-41a5-40de-b71a-980bc3336ae7_GH_HL_Leaf_522.2.jpg,0.26654052734375,0.18989008472635677,0.37967058855305746,0.5746632439393424
multiple_leaves,128,Tomato_Late_blight,Tomato_Late_blight/1def69ef-c2f3-4052-8f02-b397428c7580___GHLB2 Leaf 8627.JPG,selected_dataset/multiple_leaves/128__Tomato_Late_blight__1def69ef-c2f3-4052-8f02-b397428c7580_GHLB2_Leaf_8627.jpg,0.2419586181640625,0.064009585671943,0.191135047554092,0.5873185085442258
multiple_leaves,129,Tomato_Leaf_Mold,Tomato_Leaf_Mold/6371bae8-f9d4-4b4c-88d7-96de89c4c14a___Crnl_L.Mold 7058.JPG,selected_dataset/multiple_leaves/129__Tomato_Leaf_Mold__6371bae8-f9d4-4b4c-88d7-96de89c4c14a_Crnl_L.Mold_7058.jpg,0.36260986328125,0.020661504797172194,0.25655293079798575,0.5580792265951557
multiple_leaves,130,Tomato_Septoria_leaf_spot,Tomato_Septoria_leaf_spot/f58caf5e-484c-4fa3-a2a7-1570aa64d28c___JR_Sept.L.S 2669.JPG,selected_dataset/multiple_leaves/130__Tomato_Septoria_leaf_spot__f58caf5e-484c-4fa3-a2a7-1570aa64d28c_JR_Sept.L.S_2669.jpg,0.381744384765625,0.19246142777200415,0.39531929157439927,0.402702813648823
multiple_leaves,131,Tomato_Spider_mites_Two_spotted_spider_mite,Tomato_Spider_mites_Two_spotted_spider_mite/4ceaac12-5d26-494a-be0a-6f7e747a02c2___Com.G_SpM_FL 8963.JPG,selected_dataset/multiple_leaves/131__Tomato_Spider_mites_Two_spotted_spider_mite__4ceaac12-5d26-494a-be0a-6f7e747a02c2_Com.G_SpM_FL_8963.jpg,0.3248443603515625,0.31495138334351075,0.6802470470068022,0.6675268386239227
multiple_leaves,132,Tomato__Tomato_YellowLeaf__Curl_Virus,Tomato__Tomato_YellowLeaf__Curl_Virus/1c8981d8-e6f5-4b26-b1ed-b0dea1a622d1___YLCV_NREC 2240.JPG,selected_dataset/multiple_leaves/132__Tomato_Tomato_YellowLeaf_Curl_Virus__1c8981d8-e6f5-4b26-b1ed-b0dea1a622d1_YLCV_NREC_2240.jpg,0.376678466796875,0.3778254881309244,0.7118219928744568,0.5492915319528028
multiple_leaves,133,Tomato__Tomato_mosaic_virus,Tomato__Tomato_mosaic_virus/59168647-7103-404e-86b4-2be640a85a98___PSU_CG 2156.JPG,selected_dataset/multiple_leaves/133__Tomato_Tomato_mosaic_virus__59168647-7103-404e-86b4-2be640a85a98_PSU_CG_2156.jpg,0.31573486328125,0.07621302919002514,0.458296767657504,0.43782623412189015
multiple_leaves,134,Tomato_healthy,Tomato_healthy/e8d0f3de-312b-4316-aca4-798a51ebd423___GH_HL Leaf 520.1.JPG,selected_dataset/multiple_leaves/134__Tomato_healthy__e8d0f3de-312b-4316-aca4-798a51ebd423_GH_HL_Leaf_520.1.jpg,0.265411376953125,0.1905829596412556,0.47669790483425034,0.5329549316078479
multiple_leaves,135,Tomato_Late_blight,Tomato_Late_blight/6e45480a-127e-4173-9402-7b724728a139___RS_Late.B 4837.JPG,selected_dataset/multiple_leaves/135__Tomato_Late_blight__6e45480a-127e-4173-9402-7b724728a139_RS_Late.B_4837.jpg,0.5227508544921875,0.2818821331620888,0.6929534683102853,0.32159545844129667
multiple_leaves,136,Tomato_Leaf_Mold,Tomato_Leaf_Mold/4615af1a-bf03-4e3a-9687-e62ce353f1e8___Crnl_L.Mold 8702.JPG,selected_dataset/multiple_leaves/136__Tomato_Leaf_Mold__4615af1a-bf03-4e3a-9687-e62ce353f1e8_Crnl_L.Mold_8702.jpg,0.3532562255859375,0.1345514232646538,0.5697595012251262,0.6268820541581589
multiple_leaves,137,Tomato_Septoria_leaf_spot,Tomato_Septoria_leaf_spot/a8056fd4-4ac0-46c4-a7c5-905b4bf87760___Keller.St_CG 1782.JPG,selected_dataset/multiple_leaves/137__Tomato_Septoria_leaf_spot__a8056fd4-4ac0-46c4-a7c5-905b4bf87760_Keller.St_CG_1782.jpg,0.3854522705078125,0.02988796959740311,0.29238210300237,0.6301286846033345
multiple_leaves,138,Tomato_Spider_mites_Two_spotted_spider_mite,Tomato_Spider_mites_Two_spotted_spider_mite/46cc7a8f-9849-43c1-86f4-8edd643629a5___Com.G_SpM_FL 8928.JPG,selected_dataset/multiple_leaves/138__Tomato_Spider_mites_Two_spotted_spider_mite__46cc7a8f-9849-43c1-86f4-8edd643629a5_Com.G_SpM_FL_8928.jpg,0.3390350341796875,0.3224267518790225,0.7078523822634548,0.46840631589768117
multiple_leaves,139,Tomato__Tomato_YellowLeaf__Curl_Virus,Tomato__Tomato_YellowLeaf__Curl_Virus/15d3bdd8-fa49-4fba-853d-7789d9893863___YLCV_NREC 2400.JPG,selected_dataset/multiple_leaves/139__Tomato_Tomato_YellowLeaf_Curl_Virus__15d3bdd8-fa49-4fba-853d-7789d9893863_YLCV_NREC_2400.jpg,0.38214111328125,0.3497045200447213,0.5786987281750174,0.46534235279245767
multiple_leaves,140,Tomato__Tomato_mosaic_virus,Tomato__Tomato_mosaic_virus/e1693a70-df15-4743-829a-67f593d1e381___PSU_CG 2110.JPG,selected_dataset/multiple_leaves/140__Tomato_Tomato_mosaic_virus__e1693a70-df15-4743-829a-67f593d1e381_PSU_CG_2110.jpg,0.3291778564453125,0.13187781022574516,0.3665746646728221,0.6235943412685521
multiple_leaves,141,Tomato_healthy,Tomato_healthy/4af641e9-7960-4c73-a32c-6373d1f341d0___GH_HL Leaf 489.JPG,selected_dataset/multiple_leaves/141__Tomato_healthy__4af641e9-7960-4c73-a32c-6373d1f341d0_GH_HL_Leaf_489.jpg,0.20965576171875,0.12074235807860262,0.38583803340880896,0.33316190954378944
multiple_leaves,142,Tomato_Late_blight,Tomato_Late_blight/69a7bc98-0c0d-4391-ad2f-2fa91a5d51ac___RS_Late.B 6986.JPG,selected_dataset/multiple_leaves/142__Tomato_Late_blight__69a7bc98-0c0d-4391-ad2f-2fa91a5d51ac_RS_Late.B_6986.jpg,0.4667510986328125,0.11363562064794534,0.8478046494525198,0.35117351299609456
multiple_leaves,143,Tomato_Leaf_Mold,Tomato_Leaf_Mold/efa60351-9550-43dc-b0a7-c74b591f29bf___Crnl_L.Mold 7083.JPG,selected_dataset/multiple_leaves/143__Tomato_Leaf_Mold__efa60351-9550-43dc-b0a7-c74b591f29bf_Crnl_L.Mold_7083.jpg,0.329864501953125,0.15399204366731428,0.112214841857846,0.3876445752306173
multiple_leaves,144,Tomato_Septoria_leaf_spot,Tomato_Septoria_leaf_spot/715b97ad-9fd9-42dc-9c50-a0b8edcf0ad0___Keller.St_CG 1912.JPG,selected_dataset/multiple_leaves/144__Tomato_Septoria_leaf_spot__715b97ad-9fd9-42dc-9c50-a0b8edcf0ad0_Keller.St_CG_1912.jpg,0.388427734375,0.07742771841609052,0.08880477892184357,0.6090617529880479
multiple_leaves,145,Tomato_Spider_mites_Two_spotted_spider_mite,Tomato_Spider_mites_Two_spotted_spider_mite/8c3ccc36-216d-4249-af4f-a6d41f9991d5___Com.G_SpM_FL 9022.JPG,selected_dataset/multiple_leaves/145__Tomato_Spider_mites_Two_spotted_spider_mite__8c3ccc36-216d-4249-af4f-a6d41f9991d5_Com.G_SpM_FL_9022.jpg,0.307830810546875,0.1828591256072172,0.7612869343621254,0.4114545635293522
multiple_leaves,146,Tomato__Tomato_YellowLeaf__Curl_Virus,Tomato__Tomato_YellowLeaf__Curl_Virus/78db61dd-af41-4419-8b25-48ab84a8406a___YLCV_GCREC 5248.JPG,selected_dataset/multiple_leaves/146__Tomato_Tomato_YellowLeaf_Curl_Virus__78db61dd-af41-4419-8b25-48ab84a8406a_YLCV_GCREC_5248.jpg,0.3770599365234375,0.7201246408482053,0.6606549450508561,0.46279921584428685
multiple_leaves,147,Tomato__Tomato_mosaic_virus,Tomato__Tomato_mosaic_virus/2370fa79-6f15-4ae5-a3cb-2d585a0043c2___PSU_CG 2178.JPG,selected_dataset/multiple_leaves/147__Tomato_Tomato_mosaic_virus__2370fa79-6f15-4ae5-a3cb-2d585a0043c2_PSU_CG_2178.jpg,0.3260498046875,0.09682703107450392,0.6290280906472392,0.5172535442137575
multiple_leaves,148,Tomato_Late_blight,Tomato_Late_blight/0a4b3cde-c83a-4c83-b037-010369738152___RS_Late.B 6985.JPG,selected_dataset/multiple_leaves/148__Tomato_Late_blight__0a4b3cde-c83a-4c83-b037-010369738152_RS_Late.B_6985.jpg,0.4572296142578125,0.129217420323711,0.8596374362469921,0.47908473401405316
multiple_leaves,149,Tomato_Leaf_Mold,Tomato_Leaf_Mold/0f1ce7cf-da72-4ddb-9bdb-a1af620537c6___Crnl_L.Mold 6840.JPG,selected_dataset/multiple_leaves/149__Tomato_Leaf_Mold__0f1ce7cf-da72-4ddb-9bdb-a1af620537c6_Crnl_L.Mold_6840.jpg,0.3265533447265625,0.2513901219569179,0.5147077301559908,0.3519738952428174
multiple_leaves,150,Tomato_Septoria_leaf_spot,Tomato_Septoria_leaf_spot/ac3e0cba-bf42-4cd4-84b7-4267e8d84dc8___JR_Sept.L.S 2639.JPG,selected_dataset/multiple_leaves/150__Tomato_Septoria_leaf_spot__ac3e0cba-bf42-4cd4-84b7-4267e8d84dc8_JR_Sept.L.S_2639.jpg,0.366485595703125,0.1237821633774669,0.4319092857836796,0.4019755839117909
multiple_leaves,151,Tomato_Spider_mites_Two_spotted_spider_mite,Tomato_Spider_mites_Two_spotted_spider_mite/d4ea7c9d-a3ff-4055-a150-77a5bf30c2b6___Com.G_SpM_FL 9299.JPG,selected_dataset/multiple_leaves/151__Tomato_Spider_mites_Two_spotted_spider_mite__d4ea7c9d-a3ff-4055-a150-77a5bf30c2b6_Com.G_SpM_FL_9299.jpg,0.321136474609375,0.345861446355602,0.20637480490042914,0.49598428631304126
multiple_leaves,152,Tomato__Tomato_YellowLeaf__Curl_Virus,Tomato__Tomato_YellowLeaf__Curl_Virus/40441998-2e0b-4f97-9111-bea536867e2c___YLCV_NREC 2487.JPG,selected_dataset/multiple_leaves/152__Tomato_Tomato_YellowLeaf_Curl_Virus__40441998-2e0b-4f97-9111-bea536867e2c_YLCV_NREC_2487.jpg,0.3650360107421875,0.26443171842996277,0.7878666074956975,0.6824133789576923
multiple_leaves,153,Tomato__Tomato_mosaic_virus,Tomato__Tomato_mosaic_virus/82a23930-4324-4d3e-b599-9861796f01db___PSU_CG 2366.JPG,selected_dataset/multiple_leaves/153__Tomato_Tomato_mosaic_virus__82a23930-4324-4d3e-b599-9861796f01db_PSU_CG_2366.jpg,0.327362060546875,0.48876666355924303,0.5044537028008313,0.42572940556235694
multiple_leaves,154,Tomato_Late_blight,Tomato_Late_blight/3a1a6b9e-2a68-421f-adbe-229baf8a6093___GHLB Leaf 2 Day 13.JPG,selected_dataset/multiple_leaves/154__Tomato_Late_blight__3a1a6b9e-2a68-421f-adbe-229baf8a6093_GHLB_Leaf_2_Day_13.jpg,0.493896484375,0.10494933267424617,0.4508162249846366,0.5617261222425703
multiple_leaves,155,Tomato_Leaf_Mold,Tomato_Leaf_Mold/662d31b7-5dcb-4af1-b645-20b83610d1ee___Crnl_L.Mold 8687.JPG,selected_dataset/multiple_leaves/155__Tomato_Leaf_Mold__662d31b7-5dcb-4af1-b645-20b83610d1ee_Crnl_L.Mold_8687.jpg,0.3299102783203125,0.16844734286110727,0.6134015783608022,0.707650348364679
multiple_leaves,156,Tomato_Septoria_leaf_spot,Tomato_Septoria_leaf_spot/f271416e-cf7c-4683-bd74-c5a32e8ef82c___JR_Sept.L.S 2682.JPG,selected_dataset/multiple_leaves/156__Tomato_Septoria_leaf_spot__f271416e-cf7c-4683-bd74-c5a32e8ef82c_JR_Sept.L.S_2682.jpg,0.363433837890625,0.21849021748257622,0.31251444757125957,0.4425891649141969
multiple_leaves,157,Tomato_Spider_mites_Two_spotted_spider_mite,Tomato_Spider_mites_Two_spotted_spider_mite/decfa616-56e5-472d-b1a3-cc9681f3676c___Com.G_SpM_FL 8659.JPG,selected_dataset/multiple_leaves/157__Tomato_Spider_mites_Two_spotted_spider_mite__decfa616-56e5-472d-b1a3-cc9681f3676c_Com.G_SpM_FL_8659.jpg,0.311431884765625,0.4146986771190593,0.727841318833303,0.33256740766486376
multiple_leaves,158,Tomato__Tomato_YellowLeaf__Curl_Virus,Tomato__Tomato_YellowLeaf__Curl_Virus/451819a3-0ec8-4716-bf0e-76fdb6c2353d___YLCV_NREC 2542.JPG,selected_dataset/multiple_leaves/158__Tomato_Tomato_YellowLeaf_Curl_Virus__451819a3-0ec8-4716-bf0e-76fdb6c2353d_YLCV_NREC_2542.jpg,0.3774261474609375,0.5313927632908834,0.7467464424328887,0.3466307232451423
multiple_leaves,159,Tomato__Tomato_mosaic_virus,Tomato__Tomato_mosaic_virus/021accd9-bbb2-4777-8f94-93295e6de49e___PSU_CG 2075.JPG,selected_dataset/multiple_leaves/159__Tomato_Tomato_mosaic_virus__021accd9-bbb2-4777-8f94-93295e6de49e_PSU_CG_2075.jpg,0.3336029052734375,0.19713671499794172,0.3807714086895669,0.5724064290341967
multiple_leaves,160,Tomato_Late_blight,Tomato_Late_blight/77e0bc13-fdcb-4fff-a3e9-17b5d88224a4___GHLB2 Leaf 59.JPG,selected_dataset/multiple_leaves/160__Tomato_Late_blight__77e0bc13-fdcb-4fff-a3e9-17b5d88224a4_GHLB2_Leaf_59.jpg,0.425872802734375,0.046829093514869226,0.20713864641209387,0.5061806032179992
multiple_leaves,161,Tomato_Leaf_Mold,Tomato_Leaf_Mold/b9beb5ed-0e80-4a9f-bcec-0be7abc6904d___Crnl_L.Mold 7152.JPG,selected_dataset/multiple_leaves/161__Tomato_Leaf_Mold__b9beb5ed-0e80-4a9f-bcec-0be7abc6904d_Crnl_L.Mold_7152.jpg,0.3838653564453125,0.25980840322772986,0.10285327961381319,0.723978916615541
multiple_leaves,162,Tomato_Septoria_leaf_spot,Tomato_Septoria_leaf_spot/a9fdfa3e-cde5-4dc8-a7a2-7484f223c250___JR_Sept.L.S 2575.JPG,selected_dataset/multiple_leaves/162__Tomato_Septoria_leaf_spot__a9fdfa3e-cde5-4dc8-a7a2-7484f223c250_JR_Sept.L.S_2575.jpg,0.3782196044921875,0.10461128817525316,0.5717639884123711,0.6056364835359045
multiple_leaves,163,Tomato_Spider_mites_Two_spotted_spider_mite,Tomato_Spider_mites_Two_spotted_spider_mite/9c7f0991-5ce9-4460-b75c-5f203f7e62bb___Com.G_SpM_FL 9511.JPG,selected_dataset/multiple_leaves/163__Tomato_Spider_mites_Two_spotted_spider_mite__9c7f0991-5ce9-4460-b75c-5f203f7e62bb_Com.G_SpM_FL_9511.jpg,0.292877197265625,0.09732207981660936,0.40280026162643967,0.12627594566235195
multiple_leaves,164,Tomato__Tomato_YellowLeaf__Curl_Virus,Tomato__Tomato_YellowLeaf__Curl_Virus/5603219d-7494-4cf2-98f2-60d7fd5e62a4___YLCV_NREC 2642.JPG,selected_dataset/multiple_leaves/164__Tomato_Tomato_YellowLeaf_Curl_Virus__5603219d-7494-4cf2-98f2-60d7fd5e62a4_YLCV_NREC_2642.jpg,0.3807830810546875,0.40805449809657385,0.6866394969613815,0.43330052718388723
multiple_leaves,165,Tomato__Tomato_mosaic_virus,Tomato__Tomato_mosaic_virus/d9812306-9ab7-4c41-8c08-0aaaa0a9db5f___PSU_CG 2056.JPG,selected_dataset/multiple_leaves/165__Tomato_Tomato_mosaic_virus__d9812306-9ab7-4c41-8c08-0aaaa0a9db5f_PSU_CG_2056.jpg,0.342498779296875,0.06936647955092222,0.7060633217601808,0.6510062464461652
multiple_leaves,166,Tomato_Late_blight,Tomato_Late_blight/fce9cc3f-88ab-46d6-a26f-c6ff0e7c56e7___RS_Late.B 6372.JPG,selected_dataset/multiple_leaves/166__Tomato_Late_blight__fce9cc3f-88ab-46d6-a26f-c6ff0e7c56e7_RS_Late.B_6372.jpg,0.4085845947265625,0.12999962654516936,0.8620084080131669,0.5540443639405472
multiple_leaves,167,Tomato_Leaf_Mold,Tomato_Leaf_Mold/db35e8bc-5879-436e-82a1-e1e0e0f9b19c___Crnl_L.Mold 7044.JPG,selected_dataset/multiple_leaves/167__Tomato_Leaf_Mold__db35e8bc-5879-436e-82a1-e1e0e0f9b19c_Crnl_L.Mold_7044.jpg,0.31976318359375,0.1763218171406757,0.1597021715401744,0.23589816770894115
multiple_leaves,168,Tomato_Septoria_leaf_spot,Tomato_Septoria_leaf_spot/18f7f428-70e1-42d2-be8f-44e0dab35e17___JR_Sept.L.S 2648.JPG,selected_dataset/multiple_leaves/168__Tomato_Septoria_leaf_spot__18f7f428-70e1-42d2-be8f-44e0dab35e17_JR_Sept.L.S_2648.jpg,0.373291015625,0.13885709614126882,0.6998761405015358,0.4184997521765838
multiple_leaves,169,Tomato_Spider_mites_Two_spotted_spider_mite,Tomato_Spider_mites_Two_spotted_spider_mite/3a190004-02f9-4284-9750-d12fe0272a6f___Com.G_SpM_FL 8922.JPG,selected_dataset/multiple_leaves/169__Tomato_Spider_mites_Two_spotted_spider_mite__3a190004-02f9-4284-9750-d12fe0272a6f_Com.G_SpM_FL_8922.jpg,0.2872467041015625,0.3014077025232404,0.6592842716701458,0.37247806404161843
multiple_leaves,170,Tomato__Tomato_YellowLeaf__Curl_Virus,Tomato__Tomato_YellowLeaf__Curl_Virus/6fe082a8-da69-4802-9e2e-8db9ce3208fb___YLCV_NREC 2646.JPG,selected_dataset/multiple_leaves/170__Tomato_Tomato_YellowLeaf_Curl_Virus__6fe082a8-da69-4802-9e2e-8db9ce3208fb_YLCV_NREC_2646.jpg,0.3631134033203125,0.3510106315922175,0.6636105971931194,0.312898766182321
multiple_leaves,171,Tomato__Tomato_mosaic_virus,Tomato__Tomato_mosaic_virus/12f82f12-23f5-4edc-82d7-8bc3ee6f4848___PSU_CG 2373.JPG,selected_dataset/multiple_leaves/171__Tomato_Tomato_mosaic_virus__12f82f12-23f5-4edc-82d7-8bc3ee6f4848_PSU_CG_2373.jpg,0.3420562744140625,0.12111344069233171,0.3748069735774451,0.5444167046997798
multiple_leaves,172,Tomato_Late_blight,Tomato_Late_blight/d70b86ba-e117-43d6-ad51-43c67d9a2483___RS_Late.B 6347.JPG,selected_dataset/multiple_leaves/172__Tomato_Late_blight__d70b86ba-e117-43d6-ad51-43c67d9a2483_RS_Late.B_6347.jpg,0.3989715576171875,0.1652579645848472,0.8056863121192614,0.24066060859571892
multiple_leaves,173,Tomato_Leaf_Mold,Tomato_Leaf_Mold/e40291b5-6b55-4c56-a044-3971e70eda1e___Crnl_L.Mold 7164.JPG,selected_dataset/multiple_leaves/173__Tomato_Leaf_Mold__e40291b5-6b55-4c56-a044-3971e70eda1e_Crnl_L.Mold_7164.jpg,0.3328857421875,0.12151631829849652,0.2441210254581456,0.5567094616804231
multiple_leaves,174,Tomato_Septoria_leaf_spot,Tomato_Septoria_leaf_spot/af9854ba-74f8-4e12-a24a-dd166484ff6b___Matt.S_CG 0696.JPG,selected_dataset/multiple_leaves/174__Tomato_Septoria_leaf_spot__af9854ba-74f8-4e12-a24a-dd166484ff6b_Matt.S_CG_0696.jpg,0.3757171630859375,0.0,0.24529240628770288,0.5907761111172571
multiple_leaves,175,Tomato_Spider_mites_Two_spotted_spider_mite,Tomato_Spider_mites_Two_spotted_spider_mite/9dd75aef-3604-468b-9a5b-53442aae8303___Com.G_SpM_FL 9512.JPG,selected_dataset/multiple_leaves/175__Tomato_Spider_mites_Two_spotted_spider_mite__9dd75aef-3604-468b-9a5b-53442aae8303_Com.G_SpM_FL_9512.jpg,0.278564453125,0.152443032427695,0.4174463234220378,0.11865366981419725
multiple_leaves,176,Tomato__Tomato_YellowLeaf__Curl_Virus,Tomato__Tomato_YellowLeaf__Curl_Virus/5ad0f91d-2756-4b92-ae07-1945f1b71c45___YLCV_GCREC 5315.JPG,selected_dataset/multiple_leaves/176__Tomato_Tomato_YellowLeaf_Curl_Virus__5ad0f91d-2756-4b92-ae07-1945f1b71c45_YLCV_GCREC_5315.jpg,0.3284759521484375,0.39081153899753795,0.27562477262165264,0.19911688793553317
multiple_leaves,177,Tomato__Tomato_mosaic_virus,Tomato__Tomato_mosaic_virus/457f4e02-65b3-4e02-ba87-7f20ab44f89e___PSU_CG 2180.JPG,selected_dataset/multiple_leaves/177__Tomato_Tomato_mosaic_virus__457f4e02-65b3-4e02-ba87-7f20ab44f89e_PSU_CG_2180.jpg,0.3054351806640625,0.12259579357546085,0.39313758853997305,0.349226698400734
multiple_leaves,178,Tomato_Late_blight,Tomato_Late_blight/69fff432-3c80-4202-8e8a-7fed08ec0baa___RS_Late.B 6825.JPG,selected_dataset/multiple_leaves/178__Tomato_Late_blight__69fff432-3c80-4202-8e8a-7fed08ec0baa_RS_Late.B_6825.jpg,0.3873748779296875,0.17221412533974081,0.6509677733780337,0.26101360433890175
multiple_leaves,179,Tomato_Leaf_Mold,Tomato_Leaf_Mold/d9dbc294-2f3a-409f-a238-218c4700d011___Crnl_L.Mold 8748.JPG,selected_dataset/multiple_leaves/179__Tomato_Leaf_Mold__d9dbc294-2f3a-409f-a238-218c4700d011_Crnl_L.Mold_8748.jpg,0.341461181640625,0.13066404504423987,0.4739830939472871,0.5466121050336636
multiple_leaves,180,Tomato_Septoria_leaf_spot,Tomato_Septoria_leaf_spot/9b18c916-ef3f-42e2-88f3-172b48bdc325___JR_Sept.L.S 2576.JPG,selected_dataset/multiple_leaves/180__Tomato_Septoria_leaf_spot__9b18c916-ef3f-42e2-88f3-172b48bdc325_JR_Sept.L.S_2576.jpg,0.36273193359375,0.08249200740366817,0.483068067250116,0.6343896237967058
multiple_leaves,181,Tomato_Spider_mites_Two_spotted_spider_mite,Tomato_Spider_mites_Two_spotted_spider_mite/36bc7e45-53e7-4f51-8135-731b80eaf80b___Com.G_SpM_FL 8918.JPG,selected_dataset/multiple_leaves/181__Tomato_Spider_mites_Two_spotted_spider_mite__36bc7e45-53e7-4f51-8135-731b80eaf80b_Com.G_SpM_FL_8918.jpg,0.2992706298828125,0.3473716412583491,0.6364506129894654,0.5767931205717542
multiple_leaves,182,Tomato__Tomato_YellowLeaf__Curl_Virus,Tomato__Tomato_YellowLeaf__Curl_Virus/8c4b822b-33a1-4c4a-81b7-9450188a490c___YLCV_NREC 0207.JPG,selected_dataset/multiple_leaves/182__Tomato_Tomato_YellowLeaf_Curl_Virus__8c4b822b-33a1-4c4a-81b7-9450188a490c_YLCV_NREC_0207.jpg,0.369354248046875,0.1891679748822606,0.5498688988512195,0.511417790567723
multiple_leaves,183,Tomato__Tomato_mosaic_virus,Tomato__Tomato_mosaic_virus/7db0dde8-3597-4a71-8fc1-cc6bc1dd89c4___PSU_CG 2196.JPG,selected_dataset/multiple_leaves/183__Tomato_Tomato_mosaic_virus__7db0dde8-3597-4a71-8fc1-cc6bc1dd89c4_PSU_CG_2196.jpg,0.28924560546875,0.22842371808398396,0.4352319232738649,0.4459293997687511
multiple_leaves,184,Tomato_Late_blight,Tomato_Late_blight/9d933bc8-f52e-4000-9ecb-d0d465c5c3ee___RS_Late.B 6660.JPG,selected_dataset/multiple_leaves/184__Tomato_Late_blight__9d933bc8-f52e-4000-9ecb-d0d465c5c3ee_RS_Late.B_6660.jpg,0.42132568359375,0.047334492249746486,0.8495696787921989,0.6268252370948206
multiple_leaves,185,Tomato_Leaf_Mold,Tomato_Leaf_Mold/10671d95-f882-4e19-994f-b35917d2c763___Crnl_L.Mold 9098.JPG,selected_dataset/multiple_leaves/185__Tomato_Leaf_Mold__10671d95-f882-4e19-994f-b35917d2c763_Crnl_L.Mold_9098.jpg,0.3513946533203125,0.08289547961266229,0.59314857508796,0.6661612551713947
multiple_leaves,186,Tomato_Septoria_leaf_spot,Tomato_Septoria_leaf_spot/a3938779-9d9f-4e45-a397-7b5abd13f6ba___JR_Sept.L.S 2700.JPG,selected_dataset/multiple_leaves/186__Tomato_Septoria_leaf_spot__a3938779-9d9f-4e45-a397-7b5abd13f6ba_JR_Sept.L.S_2700.jpg,0.358123779296875,0.2777588410737111,0.7035833155743221,0.6284103638183268
multiple_leaves,187,Tomato__Tomato_YellowLeaf__Curl_Virus,Tomato__Tomato_YellowLeaf__Curl_Virus/10a8ae32-5394-4cda-a99a-1c79501416d0___YLCV_NREC 2486.JPG,selected_dataset/multiple_leaves/187__Tomato_Tomato_YellowLeaf_Curl_Virus__10a8ae32-5394-4cda-a99a-1c79501416d0_YLCV_NREC_2486.jpg,0.284393310546875,0.24729048181135316,0.7047911278826103,0.49140245995891346
multiple_leaves,188,Tomato__Tomato_mosaic_virus,Tomato__Tomato_mosaic_virus/4ab5b752-6622-42f2-8743-fa9c9b03e137___PSU_CG 2120.JPG,selected_dataset/multiple_leaves/188__Tomato_Tomato_mosaic_virus__4ab5b752-6622-42f2-8743-fa9c9b03e137_PSU_CG_2120.jpg,0.29486083984375,0.08874974125439868,0.5844983761920546,0.2535870643806164
multiple_leaves,189,Tomato_Late_blight,Tomato_Late_blight/28f782dd-1c8a-439d-9eb6-e55c52ef45bd___RS_Late.B 5447.JPG,selected_dataset/multiple_leaves/189__Tomato_Late_blight__28f782dd-1c8a-439d-9eb6-e55c52ef45bd_RS_Late.B_5447.jpg,0.384307861328125,0.47177003096958625,0.6722005323574587,0.1389500711124834
multiple_leaves,190,Tomato_Leaf_Mold,Tomato_Leaf_Mold/a6ff3d28-9ffd-4ccd-8283-0d3d0718d311___Crnl_L.Mold 8799.JPG,selected_dataset/multiple_leaves/190__Tomato_Leaf_Mold__a6ff3d28-9ffd-4ccd-8283-0d3d0718d311_Crnl_L.Mold_8799.jpg,0.3201904296875,0.05256385817765917,0.4869792237723003,0.6363814390298529
multiple_leaves,191,Tomato_Septoria_leaf_spot,Tomato_Septoria_leaf_spot/dd73a3ba-e442-467d-9a20-16e77429efc7___JR_Sept.L.S 2703.JPG,selected_dataset/multiple_leaves/191__Tomato_Septoria_leaf_spot__dd73a3ba-e442-467d-9a20-16e77429efc7_JR_Sept.L.S_2703.jpg,0.369476318359375,0.2776905922193772,0.2896462933894667,0.6186377645182526
multiple_leaves,192,Tomato__Tomato_mosaic_virus,Tomato__Tomato_mosaic_virus/271772e3-6aeb-4d46-9233-ad877d12971f___PSU_CG 2317.JPG,selected_dataset/multiple_leaves/192__Tomato_Tomato_mosaic_virus__271772e3-6aeb-4d46-9233-ad877d12971f_PSU_CG_2317.jpg,0.335784912109375,0.19712805598473143,0.6632157346974182,0.5203565165846602
multiple_leaves,193,Tomato_Late_blight,Tomato_Late_blight/f27d1b5c-46e2-442f-846d-dd5c6018bb2a___RS_Late.B 6984.JPG,selected_dataset/multiple_leaves/193__Tomato_Late_blight__f27d1b5c-46e2-442f-846d-dd5c6018bb2a_RS_Late.B_6984.jpg,0.3817901611328125,0.09440070340913632,0.8150450350300789,0.3708541243252148
multiple_leaves,194,Tomato_Leaf_Mold,Tomato_Leaf_Mold/c498f92f-5940-43ed-982b-110e5dc67b20___Crnl_L.Mold 7142.JPG,selected_dataset/multiple_leaves/194__Tomato_Leaf_Mold__c498f92f-5940-43ed-982b-110e5dc67b20_Crnl_L.Mold_7142.jpg,0.301116943359375,0.11244552548900374,0.17561699968193784,0.28932222071066194
multiple_leaves,195,Tomato_Septoria_leaf_spot,Tomato_Septoria_leaf_spot/c71f6f75-6b0c-4c70-9d94-efae4cca1010___JR_Sept.L.S 8488.JPG,selected_dataset/multiple_leaves/195__Tomato_Septoria_leaf_spot__c71f6f75-6b0c-4c70-9d94-efae4cca1010_JR_Sept.L.S_8488.jpg,0.3455047607421875,0.24343064081614627,0.4646951169773407,0.4148172384180731
multiple_leaves,196,Tomato__Tomato_mosaic_virus,Tomato__Tomato_mosaic_virus/7e30ae4f-05e2-4806-ad63-c86fb601d445___PSU_CG 2412.JPG,selected_dataset/multiple_leaves/196__Tomato_Tomato_mosaic_virus__7e30ae4f-05e2-4806-ad63-c86fb601d445_PSU_CG_2412.jpg,0.3060455322265625,0.09896794136710375,0.46278898886129405,0.5558383600042636
multiple_leaves,197,Tomato_Late_blight,Tomato_Late_blight/b3971b7c-ae24-4f4f-b426-3368096afeab___RS_Late.B 7079.JPG,selected_dataset/multiple_leaves/197__Tomato_Late_blight__b3971b7c-ae24-4f4f-b426-3368096afeab_RS_Late.B_7079.jpg,0.3891448974609375,0.09602791828412344,0.7542878224419467,0.47671060105002117
multiple_leaves,198,Tomato_Leaf_Mold,Tomato_Leaf_Mold/f2b42380-d2e4-4335-8e49-43cef9e4d357___Crnl_L.Mold 7068.JPG,selected_dataset/multiple_leaves/198__Tomato_Leaf_Mold__f2b42380-d2e4-4335-8e49-43cef9e4d357_Crnl_L.Mold_7068.jpg,0.3081207275390625,0.3071361362848512,0.19665186752462135,0.3890230395531376
multiple_leaves,199,Tomato_Septoria_leaf_spot,Tomato_Septoria_leaf_spot/8849f6f6-644f-4d0b-8fbd-0902b6206ead___JR_Sept.L.S 2459.JPG,selected_dataset/multiple_leaves/199__Tomato_Septoria_leaf_spot__8849f6f6-644f-4d0b-8fbd-0902b6206ead_JR_Sept.L.S_2459.jpg,0.359832763671875,0.4092528199474175,0.5323457206448773,0.5604322519784769
multiple_leaves,200,Tomato__Tomato_mosaic_virus,Tomato__Tomato_mosaic_virus/97aa541d-9ac5-4933-8977-2bd64094ad38___PSU_CG 2070.JPG,selected_dataset/multiple_leaves/200__Tomato_Tomato_mosaic_virus__97aa541d-9ac5-4933-8977-2bd64094ad38_PSU_CG_2070.jpg,0.29638671875,0.10353171334431631,0.6637232711370983,0.5367747010051073
multiple_leaves,201,Tomato_Late_blight,Tomato_Late_blight/b982e973-aede-4317-92fb-b8a2385d3172___RS_Late.B 5465.JPG,selected_dataset/multiple_leaves/201__Tomato_Late_blight__b982e973-aede-4317-92fb-b8a2385d3172_RS_Late.B_5465.jpg,0.3742218017578125,0.6458307849133538,0.47859626507249137,0.288155240821547
multiple_leaves,202,Tomato_Leaf_Mold,Tomato_Leaf_Mold/7d40d29e-ba53-49bb-93be-e19d63855f60___Crnl_L.Mold 6994.JPG,selected_dataset/multiple_leaves/202__Tomato_Leaf_Mold__7d40d29e-ba53-49bb-93be-e19d63855f60_Crnl_L.Mold_6994.jpg,0.3267669677734375,0.08746205930422601,0.42614136287745663,0.5923419272546602
multiple_leaves,203,Tomato_Septoria_leaf_spot,Tomato_Septoria_leaf_spot/333d8c10-b9ba-4942-9589-a8d7f6845983___Keller.St_CG 1809.JPG,selected_dataset/multiple_leaves/203__Tomato_Septoria_leaf_spot__333d8c10-b9ba-4942-9589-a8d7f6845983_Keller.St_CG_1809.jpg,0.3409576416015625,0.044394719176549566,0.28753499617482986,0.2699389319124228
multiple_leaves,204,Tomato__Tomato_mosaic_virus,Tomato__Tomato_mosaic_virus/4e35d3db-e33d-493d-80f2-6a3fdce77959___PSU_CG 2135.JPG,selected_dataset/multiple_leaves/204__Tomato_Tomato_mosaic_virus__4e35d3db-e33d-493d-80f2-6a3fdce77959_PSU_CG_2135.jpg,0.3312225341796875,0.08264615101119455,0.47364957926856566,0.3527196442351968
multiple_leaves,205,Tomato_Late_blight,Tomato_Late_blight/7e4224e3-dd76-4041-8fe2-c9abf67d3a98___RS_Late.B 6630.JPG,selected_dataset/multiple_leaves/205__Tomato_Late_blight__7e4224e3-dd76-4041-8fe2-c9abf67d3a98_RS_Late.B_6630.jpg,0.387054443359375,0.3204683434518647,0.8539349096750788,0.3524529908969247
multiple_leaves,206,Tomato_Leaf_Mold,Tomato_Leaf_Mold/81ae49b5-40e6-41ac-add6-470a7b108f5b___Crnl_L.Mold 8794.JPG,selected_dataset/multiple_leaves/206__Tomato_Leaf_Mold__81ae49b5-40e6-41ac-add6-470a7b108f5b_Crnl_L.Mold_8794.jpg,0.279205322265625,0.17286042190403322,0.4641791131307481,0.6855016993984444
multiple_leaves,207,Tomato_Septoria_leaf_spot,Tomato_Septoria_leaf_spot/0176f68f-a3d8-473b-9bea-c075a5507b34___JR_Sept.L.S 2504.JPG,selected_dataset/multiple_leaves/207__Tomato_Septoria_leaf_spot__0176f68f-a3d8-473b-9bea-c075a5507b34_JR_Sept.L.S_2504.jpg,0.36260986328125,0.14113785557986872,0.4660612856484535,0.4691526003166189
multiple_leaves,208,Tomato__Tomato_mosaic_virus,Tomato__Tomato_mosaic_virus/a5bc7391-adbd-4d94-89b0-e3aeb7ba81b9___PSU_CG 2368.JPG,selected_dataset/multiple_leaves/208__Tomato_Tomato_mosaic_virus__a5bc7391-adbd-4d94-89b0-e3aeb7ba81b9_PSU_CG_2368.jpg,0.3089141845703125,0.05300074092368486,0.48377506992413466,0.5007725693963256
multiple_leaves,209,Tomato_Late_blight,Tomato_Late_blight/7616d956-c144-4105-9972-5f747c5159a6___RS_Late.B 5600.JPG,selected_dataset/multiple_leaves/209__Tomato_Late_blight__7616d956-c144-4105-9972-5f747c5159a6_RS_Late.B_5600.jpg,0.3603057861328125,0.18718502519798416,0.3675011920499035,0.6535049594934463
multiple_leaves,210,Tomato_Leaf_Mold,Tomato_Leaf_Mold/00694db7-3327-45e0-b4da-a8bb7ab6a4b7___Crnl_L.Mold 6923.JPG,selected_dataset/multiple_leaves/210__Tomato_Leaf_Mold__00694db7-3327-45e0-b4da-a8bb7ab6a4b7_Crnl_L.Mold_6923.jpg,0.2624359130859375,0.06360834932263504,0.29003213756530133,0.5949298232206304
multiple_leaves,211,Tomato_Septoria_leaf_spot,Tomato_Septoria_leaf_spot/bfb5ed4d-3ab7-4b59-88be-d49f685be1c3___Matt.S_CG 0760.JPG,selected_dataset/multiple_leaves/211__Tomato_Septoria_leaf_spot__bfb5ed4d-3ab7-4b59-88be-d49f685be1c3_Matt.S_CG_0760.jpg,0.376739501953125,0.05350344268934792,0.2606626741358127,0.6596197546155917
multiple_leaves,212,Tomato__Tomato_mosaic_virus,Tomato__Tomato_mosaic_virus/ecc79dcf-6446-4df2-a8c8-ab322effeec3___PSU_CG 2220.JPG,selected_dataset/multiple_leaves/212__Tomato_Tomato_mosaic_virus__ecc79dcf-6446-4df2-a8c8-ab322effeec3_PSU_CG_2220.jpg,0.2701416015625,0.34235201084500677,0.47533528623384763,0.4878535379611027
multiple_leaves,213,Tomato_Late_blight,Tomato_Late_blight/8fb69288-9a9a-429d-96ff-a425e9753cef___RS_Late.B 6913.JPG,selected_dataset/multiple_leaves/213__Tomato_Late_blight__8fb69288-9a9a-429d-96ff-a425e9753cef_RS_Late.B_6913.jpg,0.3939056396484375,0.04400542320356382,0.8061684435670053,0.3725090547435333
multiple_leaves,214,Tomato_Leaf_Mold,Tomato_Leaf_Mold/4505fb9f-e46f-4d8f-b63e-b7d389811dab___Crnl_L.Mold 6907.JPG,selected_dataset/multiple_leaves/214__Tomato_Leaf_Mold__4505fb9f-e46f-4d8f-b63e-b7d389811dab_Crnl_L.Mold_6907.jpg,0.2599029541015625,0.1338578054365056,0.45784195537417066,0.48726244961327936
multiple_leaves,215,Tomato_Septoria_leaf_spot,Tomato_Septoria_leaf_spot/454b4241-db52-4f2a-98bb-6c51c11df432___Keller.St_CG 1997.JPG,selected_dataset/multiple_leaves/215__Tomato_Septoria_leaf_spot__454b4241-db52-4f2a-98bb-6c51c11df432_Keller.St_CG_1997.jpg,0.3375091552734375,0.05804964058049641,0.28416978543067795,0.5515342293312581
multiple_leaves,216,Tomato__Tomato_mosaic_virus,Tomato__Tomato_mosaic_virus/faaab5c4-517e-4417-b471-fa1d762e35c4___PSU_CG 2173.JPG,selected_dataset/multiple_leaves/216__Tomato_Tomato_mosaic_virus__faaab5c4-517e-4417-b471-fa1d762e35c4_PSU_CG_2173.jpg,0.2764739990234375,0.26668138418235005,0.5116905290416414,0.23059490424837492
multiple_leaves,217,Tomato_Late_blight,Tomato_Late_blight/cf0469e3-6a8c-4d3b-a1d3-43b99619b472___GHLB2 Leaf 8699.JPG,selected_dataset/multiple_leaves/217__Tomato_Late_blight__cf0469e3-6a8c-4d3b-a1d3-43b99619b472_GHLB2_Leaf_8699.jpg,0.3569183349609375,0.0,0.10541382006006832,0.37846239543321797
multiple_leaves,218,Tomato_Leaf_Mold,Tomato_Leaf_Mold/50e1906e-24da-493d-88b0-3110e778a26a___Crnl_L.Mold 7135.JPG,selected_dataset/multiple_leaves/218__Tomato_Leaf_Mold__50e1906e-24da-493d-88b0-3110e778a26a_Crnl_L.Mold_7135.jpg,0.24627685546875,0.19783147459727385,0.187886940805703,0.6570493373697528
multiple_leaves,219,Tomato_Septoria_leaf_spot,Tomato_Septoria_leaf_spot/889d74d1-a687-4a03-a5b7-08fe446a05ff___Keller.St_CG 1986.JPG,selected_dataset/multiple_leaves/219__Tomato_Septoria_leaf_spot__889d74d1-a687-4a03-a5b7-08fe446a05ff_Keller.St_CG_1986.jpg,0.34893798828125,0.23854294210250132,0.5852443206005445,0.6473181125853673
multiple_leaves,220,Tomato__Tomato_mosaic_virus,Tomato__Tomato_mosaic_virus/d5632be7-268d-4781-8986-b71a6449be9c___PSU_CG 2413.JPG,selected_dataset/multiple_leaves/220__Tomato_Tomato_mosaic_virus__d5632be7-268d-4781-8986-b71a6449be9c_PSU_CG_2413.jpg,0.287322998046875,0.1362719065321296,0.5048609883240746,0.4129166043348206
multiple_leaves,221,Tomato_Late_blight,Tomato_Late_blight/960137a5-2b52-4349-8c33-cb8b7afed9eb___GHLB2 Leaf 8765.JPG,selected_dataset/multiple_leaves/221__Tomato_Late_blight__960137a5-2b52-4349-8c33-cb8b7afed9eb_GHLB2_Leaf_8765.jpg,0.36138916015625,0.18476608680966053,0.07404784306981861,0.7345912755334174
multiple_leaves,222,Tomato_Septoria_leaf_spot,Tomato_Septoria_leaf_spot/5d4fc217-1da5-4459-86af-14d60427f77d___Keller.St_CG 1850.JPG,selected_dataset/multiple_leaves/222__Tomato_Septoria_leaf_spot__5d4fc217-1da5-4459-86af-14d60427f77d_Keller.St_CG_1850.jpg,0.367889404296875,0.04284529240978847,0.5913313508349438,0.5590634249399138
multiple_leaves,223,Tomato_Late_blight,Tomato_Late_blight/04ba0ca5-c52c-4bab-897b-2d38f7835a03___RS_Late.B 5631.JPG,selected_dataset/multiple_leaves/223__Tomato_Late_blight__04ba0ca5-c52c-4bab-897b-2d38f7835a03_RS_Late.B_5631.jpg,0.3773040771484375,0.29085614914870384,0.21741044654616604,0.6686503682083018
multiple_leaves,224,Tomato_Septoria_leaf_spot,Tomato_Septoria_leaf_spot/c7f91b1e-7ce9-41ec-9f51-2306168bf43e___JR_Sept.L.S 2598.JPG,selected_dataset/multiple_leaves/224__Tomato_Septoria_leaf_spot__c7f91b1e-7ce9-41ec-9f51-2306168bf43e_JR_Sept.L.S_2598.jpg,0.3484344482421875,0.14035471863367638,0.4030500416219771,0.615501650502969
multiple_leaves,225,Tomato_Late_blight,Tomato_Late_blight/427af7ac-5593-4c8e-9a10-44978c009612___RS_Late.B 5452.JPG,selected_dataset/multiple_leaves/225__Tomato_Late_blight__427af7ac-5593-4c8e-9a10-44978c009612_RS_Late.B_5452.jpg,0.3616790771484375,0.7531536092477745,0.6879012831349148,0.3847946158041895
multiple_leaves,226,Tomato_Septoria_leaf_spot,Tomato_Septoria_leaf_spot/c3233f4f-a6f5-4bfb-a6bf-bd5e5d045f7a___JR_Sept.L.S 2728.JPG,selected_dataset/multiple_leaves/226__Tomato_Septoria_leaf_spot__c3233f4f-a6f5-4bfb-a6bf-bd5e5d045f7a_JR_Sept.L.S_2728.jpg,0.3417510986328125,0.34009019065053353,0.4209146606833172,0.6031505721350214
multiple_leaves,227,Tomato_Late_blight,Tomato_Late_blight/5c1531ba-78f7-4d02-b9f8-b227b33e22ac___GHLB2 Leaf 8874.JPG,selected_dataset/multiple_leaves/227__Tomato_Late_blight__5c1531ba-78f7-4d02-b9f8-b227b33e22ac_GHLB2_Leaf_8874.jpg,0.35107421875,0.1135691933240612,0.2551256698782095,0.6692376036191258
multiple_leaves,228,Tomato_Septoria_leaf_spot,Tomato_Septoria_leaf_spot/56d9c252-fe48-4a39-8264-8bfce1f8ba2a___JR_Sept.L.S 2562.JPG,selected_dataset/multiple_leaves/228__Tomato_Septoria_leaf_spot__56d9c252-fe48-4a39-8264-8bfce1f8ba2a_JR_Sept.L.S_2562.jpg,0.3649444580078125,0.12907137182757034,0.5656408082096095,0.6504335932754584
multiple_leaves,229,Tomato_Late_blight,Tomato_Late_blight/661574bd-8e14-4cf6-8b39-28190239ddc6___RS_Late.B 5305.JPG,selected_dataset/multiple_leaves/229__Tomato_Late_blight__661574bd-8e14-4cf6-8b39-28190239ddc6_RS_Late.B_5305.jpg,0.3939361572265625,0.2289576635550219,0.7674843693961638,0.33032288070770566
multiple_leaves,230,Tomato_Septoria_leaf_spot,Tomato_Septoria_leaf_spot/d7026729-ccc2-4818-b8a4-1e13120a4b7a___Keller.St_CG 1879.JPG,selected_dataset/multiple_leaves/230__Tomato_Septoria_leaf_spot__d7026729-ccc2-4818-b8a4-1e13120a4b7a_Keller.St_CG_1879.jpg,0.3666534423828125,0.21295101752049606,0.3154434697059064,0.640204734312122
multiple_leaves,231,Tomato_Late_blight,Tomato_Late_blight/7c163fda-ae67-4733-8fe3-f59d8ab20a5a___GHLB2 Leaf 8805.JPG,selected_dataset/multiple_leaves/231__Tomato_Late_blight__7c163fda-ae67-4733-8fe3-f59d8ab20a5a_GHLB2_Leaf_8805.jpg,0.3652191162109375,0.03998328807186129,0.16486927095629933,0.5310632146722241
multiple_leaves,232,Tomato_Septoria_leaf_spot,Tomato_Septoria_leaf_spot/b70cc78f-739a-4db0-956c-5150284651bd___Keller.St_CG 1959.JPG,selected_dataset/multiple_leaves/232__Tomato_Septoria_leaf_spot__b70cc78f-739a-4db0-956c-5150284651bd_Keller.St_CG_1959.jpg,0.3445587158203125,0.057703378946902265,0.3180208486213771,0.4888347479072967
multiple_leaves,233,Tomato_Late_blight,Tomato_Late_blight/98a95140-e62b-4234-b435-914d67d0afb1___RS_Late.B 6027.JPG,selected_dataset/multiple_leaves/233__Tomato_Late_blight__98a95140-e62b-4234-b435-914d67d0afb1_RS_Late.B_6027.jpg,0.3951263427734375,0.27939756709789537,0.7833516793946038,0.37507392483651963
multiple_leaves,234,Tomato_Septoria_leaf_spot,Tomato_Septoria_leaf_spot/28ca18e3-f052-4f70-be05-022fc662a641___JR_Sept.L.S 2651.JPG,selected_dataset/multiple_leaves/234__Tomato_Septoria_leaf_spot__28ca18e3-f052-4f70-be05-022fc662a641_JR_Sept.L.S_2651.jpg,0.3541107177734375,0.22299306243805747,0.30841076468464634,0.5238684279478125
multiple_leaves,235,Tomato_Late_blight,Tomato_Late_blight/cd30b663-6808-4c13-9c04-c7aff5fae382___RS_Late.B 5310.JPG,selected_dataset/multiple_leaves/235__Tomato_Late_blight__cd30b663-6808-4c13-9c04-c7aff5fae382_RS_Late.B_5310.jpg,0.39300537109375,0.3377465444944867,0.7221969986942262,0.3306472007298997
multiple_leaves,236,Tomato_Septoria_leaf_spot,Tomato_Septoria_leaf_spot/2ee8fa50-545b-4de2-9b26-6af401c46ede___JR_Sept.L.S 2696.JPG,selected_dataset/multiple_leaves/236__Tomato_Septoria_leaf_spot__2ee8fa50-545b-4de2-9b26-6af401c46ede_JR_Sept.L.S_2696.jpg,0.335235595703125,0.19321802457897133,0.30520219188659986,0.687507329953975
multiple_leaves,237,Tomato_Late_blight,Tomato_Late_blight/aba6fc41-d333-40a8-b3d4-1d72ac2067fe___GHLB2 Leaf 8691.JPG,selected_dataset/multiple_leaves/237__Tomato_Late_blight__aba6fc41-d333-40a8-b3d4-1d72ac2067fe_GHLB2_Leaf_8691.jpg,0.3433837890625,0.08611802346249556,0.2084028315672939,0.6380177387665709
multiple_leaves,238,Tomato_Septoria_leaf_spot,Tomato_Septoria_leaf_spot/c4387ae7-e4ba-43db-a547-08bfea2ec97e___JR_Sept.L.S 2549.JPG,selected_dataset/multiple_leaves/238__Tomato_Septoria_leaf_spot__c4387ae7-e4ba-43db-a547-08bfea2ec97e_JR_Sept.L.S_2549.jpg,0.347076416015625,0.16161083267387671,0.6200154920453165,0.5891299402226645
multiple_leaves,239,Tomato_Late_blight,Tomato_Late_blight/32f1dc26-082e-46ea-8cdc-c3d9660acff3___GHLB2 Leaf 8815.JPG,selected_dataset/multiple_leaves/239__Tomato_Late_blight__32f1dc26-082e-46ea-8cdc-c3d9660acff3_GHLB2_Leaf_8815.jpg,0.334686279296875,0.10513358256587946,0.12054024571975235,0.5970209749791938
multiple_leaves,240,Tomato_Septoria_leaf_spot,Tomato_Septoria_leaf_spot/b70775c5-59bc-4204-af05-a420ef373667___JR_Sept.L.S 2693.JPG,selected_dataset/multiple_leaves/240__Tomato_Septoria_leaf_spot__b70775c5-59bc-4204-af05-a420ef373667_JR_Sept.L.S_2693.jpg,0.340087890625,0.12679468772433597,0.38598323000862594,0.6359375412842773
multiple_leaves,241,Tomato_Late_blight,Tomato_Late_blight/a1f7a744-1d30-4343-992c-b1521d924094___GHLB2 Leaf 8563.JPG,selected_dataset/multiple_leaves/241__Tomato_Late_blight__a1f7a744-1d30-4343-992c-b1521d924094_GHLB2_Leaf_8563.jpg,0.334564208984375,0.07247103894919274,0.314485306685024,0.6674287952070455
multiple_leaves,242,Tomato_Septoria_leaf_spot,Tomato_Septoria_leaf_spot/698e8882-1c94-496e-a920-1cfbf5bb25ae___JR_Sept.L.S 2666.JPG,selected_dataset/multiple_leaves/242__Tomato_Septoria_leaf_spot__698e8882-1c94-496e-a920-1cfbf5bb25ae_JR_Sept.L.S_2666.jpg,0.3680419921875,0.14174958540630184,0.48235917606199863,0.6037949780273556
multiple_leaves,243,Tomato_Late_blight,Tomato_Late_blight/cdda8dae-ea06-49fd-bdc3-12852b4105b2___GHLB2 Leaf 8843.JPG,selected_dataset/multiple_leaves/243__Tomato_Late_blight__cdda8dae-ea06-49fd-bdc3-12852b4105b2_GHLB2_Leaf_8843.jpg,0.3127593994140625,0.0471776357515734,0.1334688785474884,0.6385415306036428
multiple_leaves,244,Tomato_Septoria_leaf_spot,Tomato_Septoria_leaf_spot/32ba0937-33b8-4f11-b337-f2c31f7ead30___JR_Sept.L.S 2680.JPG,selected_dataset/multiple_leaves/244__Tomato_Septoria_leaf_spot__32ba0937-33b8-4f11-b337-f2c31f7ead30_JR_Sept.L.S_2680.jpg,0.353179931640625,0.5470059621532878,0.5070715941874351,0.4859079913203388
multiple_leaves,245,Tomato_Late_blight,Tomato_Late_blight/8c428644-bfe0-4f8c-944a-a8de1f318602___GHLB2 Leaf 8705.JPG,selected_dataset/multiple_leaves/245__Tomato_Late_blight__8c428644-bfe0-4f8c-944a-a8de1f318602_GHLB2_Leaf_8705.jpg,0.3297271728515625,0.07436716183071868,0.1301351241578774,0.6254372083154874
multiple_leaves,246,Tomato_Septoria_leaf_spot,Tomato_Septoria_leaf_spot/e3874274-851b-44e4-a063-32770cb4ea52___Keller.St_CG 1784.JPG,selected_dataset/multiple_leaves/246__Tomato_Septoria_leaf_spot__e3874274-851b-44e4-a063-32770cb4ea52_Keller.St_CG_1784.jpg,0.341583251953125,0.27262574823550434,0.07164988663873456,0.5058429657820284
multiple_leaves,247,Tomato_Late_blight,Tomato_Late_blight/cf21ccf7-0ad0-44cb-b541-a03d3921afcf___GHLB2 Leaf 8798.JPG,selected_dataset/multiple_leaves/247__Tomato_Late_blight__cf21ccf7-0ad0-44cb-b541-a03d3921afcf_GHLB2_Leaf_8798.jpg,0.31640625,0.3350694444444444,0.21904072908576971,0.7544941431048713
multiple_leaves,248,Tomato_Septoria_leaf_spot,Tomato_Septoria_leaf_spot/1fea28dc-c071-4373-af8c-97e8d0646044___JR_Sept.L.S 2596.JPG,selected_dataset/multiple_leaves/248__Tomato_Septoria_leaf_spot__1fea28dc-c071-4373-af8c-97e8d0646044_JR_Sept.L.S_2596.jpg,0.33587646484375,0.20411593676176631,0.31784519593147953,0.5115485697048321
multiple_leaves,249,Tomato_Late_blight,Tomato_Late_blight/13533985-e30d-4023-8bd3-7a45b07816ca___RS_Late.B 5593.JPG,selected_dataset/multiple_leaves/249__Tomato_Late_blight__13533985-e30d-4023-8bd3-7a45b07816ca_RS_Late.B_5593.jpg,0.3209075927734375,0.2381722219580619,0.1751358150374708,0.7129305078158944
multiple_leaves,250,Tomato_Septoria_leaf_spot,Tomato_Septoria_leaf_spot/b9f908ad-b621-476a-9d0f-bc7ca4f0f7da___JR_Sept.L.S 2584.JPG,selected_dataset/multiple_leaves/250__Tomato_Septoria_leaf_spot__b9f908ad-b621-476a-9d0f-bc7ca4f0f7da_JR_Sept.L.S_2584.jpg,0.35003662109375,0.12454228421970358,0.16210826962560537,0.5874813231104208
multiple_leaves,251,Tomato_Late_blight,Tomato_Late_blight/ceec7525-b67e-43fc-8967-77d57133afba___RS_Late.B 5586.JPG,selected_dataset/multiple_leaves/251__Tomato_Late_blight__ceec7525-b67e-43fc-8967-77d57133afba_RS_Late.B_5586.jpg,0.333099365234375,0.4163078332569858,0.11538193894442511,0.3054408958015491
multiple_leaves,252,Tomato_Septoria_leaf_spot,Tomato_Septoria_leaf_spot/b459b9c8-30e2-4a65-be28-53d80243cac2___Keller.St_CG 1797.JPG,selected_dataset/multiple_leaves/252__Tomato_Septoria_leaf_spot__b459b9c8-30e2-4a65-be28-53d80243cac2_Keller.St_CG_1797.jpg,0.315399169921875,0.2215771649733914,0.2637527786740115,0.3425813171315827
multiple_leaves,253,Tomato_Late_blight,Tomato_Late_blight/20593434-37e3-490e-b619-cdb3d6515517___GHLB2 Leaf 8688.JPG,selected_dataset/multiple_leaves/253__Tomato_Late_blight__20593434-37e3-490e-b619-cdb3d6515517_GHLB2_Leaf_8688.jpg,0.32586669921875,0.03259037272897546,0.11901232242081042,0.6583258844853088
multiple_leaves,254,Tomato_Septoria_leaf_spot,Tomato_Septoria_leaf_spot/a5bf2855-754e-4661-86b1-a86f0974cd30___JR_Sept.L.S 2574.JPG,selected_dataset/multiple_leaves/254__Tomato_Septoria_leaf_spot__a5bf2855-754e-4661-86b1-a86f0974cd30_JR_Sept.L.S_2574.jpg,0.3107757568359375,0.1621250061373791,0.7274263178106326,0.3035859061045709
multiple_leaves,255,Tomato_Late_blight,Tomato_Late_blight/3ac52b85-d4a3-4958-9e68-399b919cf7b0___GHLB2 Leaf 8638.JPG,selected_dataset/multiple_leaves/255__Tomato_Late_blight__3ac52b85-d4a3-4958-9e68-399b919cf7b0_GHLB2_Leaf_8638.jpg,0.296966552734375,0.07774123933819752,0.14775317979865338,0.564867231668867
multiple_leaves,256,Tomato_Septoria_leaf_spot,Tomato_Septoria_leaf_spot/a7c57992-340e-47f6-9ed4-31a0df3490e8___JR_Sept.L.S 2715.JPG,selected_dataset/multiple_leaves/256__Tomato_Septoria_leaf_spot__a7c57992-340e-47f6-9ed4-31a0df3490e8_JR_Sept.L.S_2715.jpg,0.3167266845703125,0.28433781374957845,0.4977694468113123,0.3532712761294331
multiple_leaves,257,Tomato_Late_blight,Tomato_Late_blight/e2e89956-491c-42a0-9154-6b8ef41cd63b___GHLB2 Leaf 8689.JPG,selected_dataset/multiple_leaves/257__Tomato_Late_blight__e2e89956-491c-42a0-9154-6b8ef41cd63b_GHLB2_Leaf_8689.jpg,0.318450927734375,0.051365596550071876,0.10741826910638391,0.652866276783677
multiple_leaves,258,Tomato_Septoria_leaf_spot,Tomato_Septoria_leaf_spot/2b526b63-b759-4187-ab73-ce49ebb07191___JR_Sept.L.S 2681.JPG,selected_dataset/multiple_leaves/258__Tomato_Septoria_leaf_spot__2b526b63-b759-4187-ab73-ce49ebb07191_JR_Sept.L.S_2681.jpg,0.315399169921875,0.16536042573778423,0.3658574513251207,0.6304531947246492
multiple_leaves,259,Tomato_Late_blight,Tomato_Late_blight/9c2ddeef-9d65-4b77-9b1d-3031d49791db___RS_Late.B 5309.JPG,selected_dataset/multiple_leaves/259__Tomato_Late_blight__9c2ddeef-9d65-4b77-9b1d-3031d49791db_RS_Late.B_5309.jpg,0.387298583984375,0.4065479473642739,0.6235420328989881,0.3306484239397922
multiple_leaves,260,Tomato_Septoria_leaf_spot,Tomato_Septoria_leaf_spot/ba871bd3-5f16-4cf9-9dde-53a3bf47fd0a___Keller.St_CG 1957.JPG,selected_dataset/multiple_leaves/260__Tomato_Septoria_leaf_spot__ba871bd3-5f16-4cf9-9dde-53a3bf47fd0a_Keller.St_CG_1957.jpg,0.3343963623046875,0.052566735112936344,0.5431510952377208,0.5053241528502889
multiple_leaves,261,Tomato_Late_blight,Tomato_Late_blight/dee4e35c-5c87-4922-9a1f-b97dcc40e7f1___GHLB2 Leaf 8690.JPG,selected_dataset/multiple_leaves/261__Tomato_Late_blight__dee4e35c-5c87-4922-9a1f-b97dcc40e7f1_GHLB2_Leaf_8690.jpg,0.3291015625,0.029256305637982195,0.12045696903866682,0.6502507260542384
multiple_leaves,262,Tomato_Septoria_leaf_spot,Tomato_Septoria_leaf_spot/83cf2026-6466-4b9e-b5ec-f22f35811473___JR_Sept.L.S 2724.JPG,selected_dataset/multiple_leaves/262__Tomato_Septoria_leaf_spot__83cf2026-6466-4b9e-b5ec-f22f35811473_JR_Sept.L.S_2724.jpg,0.3159942626953125,0.1979332657298759,0.38494634406257083,0.6229284401290137
multiple_leaves,263,Tomato_Late_blight,Tomato_Late_blight/bf0b58c2-1d95-4f37-80ea-1bcd82e9c59b___GHLB2 Leaf 145.4.JPG,selected_dataset/multiple_leaves/263__Tomato_Late_blight__bf0b58c2-1d95-4f37-80ea-1bcd82e9c59b_GHLB2_Leaf_145.4.jpg,0.283050537109375,0.12307277628032345,0.4794683514398167,0.32329932523098526
multiple_leaves,264,Tomato_Septoria_leaf_spot,Tomato_Septoria_leaf_spot/2e679a03-6f3e-45f9-a567-7ecc4a631d76___Keller.St_CG 1907.JPG,selected_dataset/multiple_leaves/264__Tomato_Septoria_leaf_spot__2e679a03-6f3e-45f9-a567-7ecc4a631d76_Keller.St_CG_1907.jpg,0.32525634765625,0.05746856821167198,0.2667433409041109,0.57809606091092
multiple_leaves,265,Tomato_Late_blight,Tomato_Late_blight/55fb99ea-6a7d-41ba-9a04-093194074f34___GHLB2 Leaf 8692.JPG,selected_dataset/multiple_leaves/265__Tomato_Late_blight__55fb99ea-6a7d-41ba-9a04-093194074f34_GHLB2_Leaf_8692.jpg,0.310028076171875,0.09385766315582242,0.20267369849374658,0.632678093501919
multiple_leaves,266,Tomato_Septoria_leaf_spot,Tomato_Septoria_leaf_spot/f24a0d2e-c89d-4182-8c3a-30ba0439da68___JR_Sept.L.S 2721.JPG,selected_dataset/multiple_leaves/266__Tomato_Septoria_leaf_spot__f24a0d2e-c89d-4182-8c3a-30ba0439da68_JR_Sept.L.S_2721.jpg,0.294586181640625,0.2139231327048586,0.35887263940699843,0.5707701462814203
multiple_leaves,267,Tomato_Late_blight,Tomato_Late_blight/d730c413-51de-4f47-86bd-e0763f5a5298___GHLB2 Leaf 8894.JPG,selected_dataset/multiple_leaves/267__Tomato_Late_blight__d730c413-51de-4f47-86bd-e0763f5a5298_GHLB2_Leaf_8894.jpg,0.29791259765625,0.07728948985863553,0.13749259854817875,0.6220830377724231
multiple_leaves,268,Tomato_Septoria_leaf_spot,Tomato_Septoria_leaf_spot/8cbaba7f-8b0b-4eea-a4ed-afd375a7c55a___JR_Sept.L.S 2720.JPG,selected_dataset/multiple_leaves/268__Tomato_Septoria_leaf_spot__8cbaba7f-8b0b-4eea-a4ed-afd375a7c55a_JR_Sept.L.S_2720.jpg,0.3087615966796875,0.19199406968124536,0.651277295532136,0.6483102131374413
multiple_leaves,269,Tomato_Late_blight,Tomato_Late_blight/ad294462-aa5f-4e50-b05f-89e460f9a38a___GHLB2 Leaf 8804.JPG,selected_dataset/multiple_leaves/269__Tomato_Late_blight__ad294462-aa5f-4e50-b05f-89e460f9a38a_GHLB2_Leaf_8804.jpg,0.293670654296875,0.055440091447573524,0.19138988882648902,0.5638914756437932
multiple_leaves,270,Tomato_Septoria_leaf_spot,Tomato_Septoria_leaf_spot/2365ce1e-195c-4cf9-a38d-927f0faa489a___JR_Sept.L.S 2725.JPG,selected_dataset/multiple_leaves/270__Tomato_Septoria_leaf_spot__2365ce1e-195c-4cf9-a38d-927f0faa489a_JR_Sept.L.S_2725.jpg,0.2734375,0.1494419642857143,0.5409471518718949,0.4130340141061779
multiple_leaves,271,Tomato_Late_blight,Tomato_Late_blight/4ae26730-1f0b-4f49-aad5-774f0ed4df35___GHLB2 Leaf 8621.JPG,selected_dataset/multiple_leaves/271__Tomato_Late_blight__4ae26730-1f0b-4f49-aad5-774f0ed4df35_GHLB2_Leaf_8621.jpg,0.2912139892578125,0.06691118679591303,0.08692539285256032,0.38010845570833657
multiple_leaves,272,Tomato_Septoria_leaf_spot,Tomato_Septoria_leaf_spot/099a68fb-a30b-48b6-99ae-908449e48950___JR_Sept.L.S 2691.JPG,selected_dataset/multiple_leaves/272__Tomato_Septoria_leaf_spot__099a68fb-a30b-48b6-99ae-908449e48950_JR_Sept.L.S_2691.jpg,0.2937469482421875,0.17947119630149083,0.5571495073018187,0.5568222383312118
multiple_leaves,273,Tomato_Late_blight,Tomato_Late_blight/c614e6d5-04cc-4846-9867-84c83961c5cf___GHLB2 Leaf 8617.JPG,selected_dataset/multiple_leaves/273__Tomato_Late_blight__c614e6d5-04cc-4846-9867-84c83961c5cf_GHLB2_Leaf_8617.jpg,0.2710418701171875,0.06778134324156955,0.11341667606926017,0.2656919670698945
multiple_leaves,274,Tomato_Septoria_leaf_spot,Tomato_Septoria_leaf_spot/f9b31399-e5b4-4573-9fd3-9bf2079478c5___JR_Sept.L.S 2723.JPG,selected_dataset/multiple_leaves/274__Tomato_Septoria_leaf_spot__f9b31399-e5b4-4573-9fd3-9bf2079478c5_JR_Sept.L.S_2723.jpg,0.34234619140625,0.41009983954359064,0.7377492665693253,0.6381611361657881
multiple_leaves,275,Tomato_Late_blight,Tomato_Late_blight/1e095cdc-6a71-4ae4-9709-be97b5668454___GHLB2 Leaf 8845.JPG,selected_dataset/multiple_leaves/275__Tomato_Late_blight__1e095cdc-6a71-4ae4-9709-be97b5668454_GHLB2_Leaf_8845.jpg,0.34619140625,0.1879407616361072,0.12953904378734363,0.6247114002043052
multiple_leaves,276,Tomato_Septoria_leaf_spot,Tomato_Septoria_leaf_spot/5feacc6a-587b-47e0-97cc-91fa25a0087b___JR_Sept.L.S 2685.JPG,selected_dataset/multiple_leaves/276__Tomato_Septoria_leaf_spot__5feacc6a-587b-47e0-97cc-91fa25a0087b_JR_Sept.L.S_2685.jpg,0.3544158935546875,0.09273690102036423,0.7282658726202303,0.5995675800036202
multiple_leaves,277,Tomato_Late_blight,Tomato_Late_blight/d6dde2e1-097a-4d45-b646-0110aaa06107___GHLB2 Leaf 8816.JPG,selected_dataset/multiple_leaves/277__Tomato_Late_blight__d6dde2e1-097a-4d45-b646-0110aaa06107_GHLB2_Leaf_8816.jpg,0.3076934814453125,0.024497892387800646,0.10027516597233882,0.6006337201023614
multiple_leaves,278,Tomato_Septoria_leaf_spot,Tomato_Septoria_leaf_spot/07679a50-9d8d-4612-80f4-464785781d56___JR_Sept.L.S 2727.JPG,selected_dataset/multiple_leaves/278__Tomato_Septoria_leaf_spot__07679a50-9d8d-4612-80f4-464785781d56_JR_Sept.L.S_2727.jpg,0.3468780517578125,0.6314168829454977,0.6264491492624961,0.6299895092222649
multiple_leaves,279,Tomato_Late_blight,Tomato_Late_blight/19bfccfd-5df8-41be-910e-2c5f3eae3573___GHLB2 Leaf 8597.JPG,selected_dataset/multiple_leaves/279__Tomato_Late_blight__19bfccfd-5df8-41be-910e-2c5f3eae3573_GHLB2_Leaf_8597.jpg,0.364776611328125,0.06814188906550657,0.1372906808451762,0.5792129049517334
multiple_leaves,280,Tomato_Septoria_leaf_spot,Tomato_Septoria_leaf_spot/2cb00d76-a875-4c94-a383-6e55534d1506___JR_Sept.L.S 8507.JPG,selected_dataset/multiple_leaves/280__Tomato_Septoria_leaf_spot__2cb00d76-a875-4c94-a383-6e55534d1506_JR_Sept.L.S_8507.jpg,0.279144287109375,0.21176341970044824,0.09308016108870906,0.5771762832585157
multiple_leaves,281,Tomato_Late_blight,Tomato_Late_blight/89996998-a74f-46f5-8e5f-790a66dbd652___GHLB2 Leaf 8826.JPG,selected_dataset/multiple_leaves/281__Tomato_Late_blight__89996998-a74f-46f5-8e5f-790a66dbd652_GHLB2_Leaf_8826.jpg,0.2765350341796875,0.017270871268553773,0.2853937642017582,0.5602701692602745
multiple_leaves,282,Tomato_Septoria_leaf_spot,Tomato_Septoria_leaf_spot/d0c0535c-8273-4a9a-9fea-8ab8402e3f92___Keller.St_CG 1878.JPG,selected_dataset/multiple_leaves/282__Tomato_Septoria_leaf_spot__d0c0535c-8273-4a9a-9fea-8ab8402e3f92_Keller.St_CG_1878.jpg,0.286102294921875,0.25765333333333335,0.3692093054033756,0.5540940095606316
multiple_leaves,283,Tomato_Late_blight,Tomato_Late_blight/4eca7d70-60ff-41cc-8884-e4844f23abeb___GHLB2 Leaf 8641.JPG,selected_dataset/multiple_leaves/283__Tomato_Late_blight__4eca7d70-60ff-41cc-8884-e4844f23abeb_GHLB2_Leaf_8641.jpg,0.30462646484375,0.047836104988980166,0.10218267474725033,0.6365761124670837
multiple_leaves,284,Tomato_Septoria_leaf_spot,Tomato_Septoria_leaf_spot/36942c3f-7a37-46fd-9f47-7f1da66da785___JR_Sept.L.S 8504.JPG,selected_dataset/multiple_leaves/284__Tomato_Septoria_leaf_spot__36942c3f-7a37-46fd-9f47-7f1da66da785_JR_Sept.L.S_8504.jpg,0.2578125,0.06463068181818182,0.3195729466671871,0.5959030176628908
multiple_leaves,285,Tomato_Late_blight,Tomato_Late_blight/6f52294c-e947-4fdc-b818-60b1d47beb06___RS_Late.B 6231.JPG,selected_dataset/multiple_leaves/285__Tomato_Late_blight__6f52294c-e947-4fdc-b818-60b1d47beb06_RS_Late.B_6231.jpg,0.4043426513671875,0.2251405713423148,0.7914864160376378,0.3722062336978474
multiple_leaves,286,Tomato_Septoria_leaf_spot,Tomato_Septoria_leaf_spot/cbb28fe8-58fe-49e4-ad76-efc3826e0049___Keller.St_CG 1791.JPG,selected_dataset/multiple_leaves/286__Tomato_Septoria_leaf_spot__cbb28fe8-58fe-49e4-ad76-efc3826e0049_Keller.St_CG_1791.jpg,0.2675018310546875,0.4211396953967258,0.2775110682823235,0.5822758974688012
multiple_leaves,287,Tomato_Late_blight,Tomato_Late_blight/32482915-ead6-4e0e-8b3e-a14dd3546b0f___GHLB2 Leaf 8595.JPG,selected_dataset/multiple_leaves/287__Tomato_Late_blight__32482915-ead6-4e0e-8b3e-a14dd3546b0f_GHLB2_Leaf_8595.jpg,0.3787841796875,0.05136158556235901,0.0265291614760827,0.5700597606339882
multiple_leaves,288,Tomato_Septoria_leaf_spot,Tomato_Septoria_leaf_spot/2b66d465-d98a-405a-9775-3b03ac58e7e5___Matt.S_CG 0757.JPG,selected_dataset/multiple_leaves/288__Tomato_Septoria_leaf_spot__2b66d465-d98a-405a-9775-3b03ac58e7e5_Matt.S_CG_0757.jpg,0.23822021484375,0.0,0.2008049976281227,0.5033180051515531
multiple_leaves,289,Tomato_Late_blight,Tomato_Late_blight/75d24a6f-1c28-4e42-a7e7-8f8c496c22ce___GHLB2 Leaf 8594.JPG,selected_dataset/multiple_leaves/289__Tomato_Late_blight__75d24a6f-1c28-4e42-a7e7-8f8c496c22ce_GHLB2_Leaf_8594.jpg,0.3463592529296875,0.18833428785409048,0.2467229072064423,0.5711417144225074
multiple_leaves,290,Tomato_Septoria_leaf_spot,Tomato_Septoria_leaf_spot/2258389b-40c1-4d0e-9675-d7ea31239390___JR_Sept.L.S 8436.JPG,selected_dataset/multiple_leaves/290__Tomato_Septoria_leaf_spot__2258389b-40c1-4d0e-9675-d7ea31239390_JR_Sept.L.S_8436.jpg,0.2255859375,0.26352813852813856,0.4069273875524746,0.4197601628807637
multiple_leaves,291,Tomato_Late_blight,Tomato_Late_blight/7e91b898-a643-43f9-bf06-34f364c7d501___GHLB2 Leaf 8632.JPG,selected_dataset/multiple_leaves/291__Tomato_Late_blight__7e91b898-a643-43f9-bf06-34f364c7d501_GHLB2_Leaf_8632.jpg,0.27423095703125,0.07773202759848653,0.20013291852397191,0.6132682922738304
multiple_leaves,292,Tomato_Septoria_leaf_spot,Tomato_Septoria_leaf_spot/4ff7ff02-1fce-4994-bea2-bc46bd60fa4f___JR_Sept.L.S 8501.JPG,selected_dataset/multiple_leaves/292__Tomato_Septoria_leaf_spot__4ff7ff02-1fce-4994-bea2-bc46bd60fa4f_JR_Sept.L.S_8501.jpg,0.223968505859375,0.16419130671753646,0.39405504735854235,0.651948285198556
multiple_leaves,293,Tomato_Late_blight,Tomato_Late_blight/953f355a-fd2c-433e-8292-a8c1908e000e___GHLB2 Leaf 8853.JPG,selected_dataset/multiple_leaves/293__Tomato_Late_blight__953f355a-fd2c-433e-8292-a8c1908e000e_GHLB2_Leaf_8853.jpg,0.2640838623046875,0.005720228809152366,0.3283475573338146,0.6069909915658076
multiple_leaves,294,Tomato_Septoria_leaf_spot,Tomato_Septoria_leaf_spot/131407de-62dc-44bf-81c8-b0c4c173df9e___JR_Sept.L.S 2726.JPG,selected_dataset/multiple_leaves/294__Tomato_Septoria_leaf_spot__131407de-62dc-44bf-81c8-b0c4c173df9e_JR_Sept.L.S_2726.jpg,0.3320770263671875,0.2837844047236135,0.670007719436287,0.6475209009358374
multiple_leaves,295,Tomato_Late_blight,Tomato_Late_blight/5a4428ec-59da-40e5-823c-2e5bbb2a1fb6___RS_Late.B 5461.JPG,selected_dataset/multiple_leaves/295__Tomato_Late_blight__5a4428ec-59da-40e5-823c-2e5bbb2a1fb6_RS_Late.B_5461.jpg,0.319427490234375,0.5728957676507117,0.7052192160897304,0.3652778738523803
multiple_leaves,296,Tomato_Septoria_leaf_spot,Tomato_Septoria_leaf_spot/f2be0eb5-213e-44f1-b618-4d329e04b6a4___JR_Sept.L.S 8494.JPG,selected_dataset/multiple_leaves/296__Tomato_Septoria_leaf_spot__f2be0eb5-213e-44f1-b618-4d329e04b6a4_JR_Sept.L.S_8494.jpg,0.1412506103515625,0.17478664794209786,0.4237316272307864,0.6189252178381797
multiple_leaves,297,Tomato_Late_blight,Tomato_Late_blight/44673e7b-c880-4853-8816-065724e6c1ec___GHLB2 Leaf 8745.JPG,selected_dataset/multiple_leaves/297__Tomato_Late_blight__44673e7b-c880-4853-8816-065724e6c1ec_GHLB2_Leaf_8745.jpg,0.2567901611328125,0.027749717749123538,0.17934025752223343,0.5160367666857404
multiple_leaves,298,Tomato_Septoria_leaf_spot,Tomato_Septoria_leaf_spot/79f0e1e3-7275-46a5-b4de-fbf5410dae80___JR_Sept.L.S 8482.JPG,selected_dataset/multiple_leaves/298__Tomato_Septoria_leaf_spot__79f0e1e3-7275-46a5-b4de-fbf5410dae80_JR_Sept.L.S_8482.jpg,0.13690185546875,0.3651359786000892,0.31214060139091715,0.484728424448522
multiple_leaves,299,Tomato_Late_blight,Tomato_Late_blight/573be558-1fa3-4889-88d6-4c733f4c79d6___GHLB2 Leaf 8598.JPG,selected_dataset/multiple_leaves/299__Tomato_Late_blight__573be558-1fa3-4889-88d6-4c733f4c79d6_GHLB2_Leaf_8598.jpg,0.2488250732421875,0.06843686760286993,0.13280825758926124,0.5334780618312509
multiple_leaves,300,Tomato_Septoria_leaf_spot,Tomato_Septoria_leaf_spot/52b3119d-4f5e-41b0-948f-7a1d3b1341eb___JR_Sept.L.S 8495.JPG,selected_dataset/multiple_leaves/300__Tomato_Septoria_leaf_spot__52b3119d-4f5e-41b0-948f-7a1d3b1341eb_JR_Sept.L.S_8495.jpg,0.1294097900390625,0.12144794245961561,0.4072089370388049,0.59962586888374
partial_occlusions,1,Pepper__bell___Bacterial_spot,Pepper__bell___Bacterial_spot/557f35cb-b34b-4dc5-959b-efad147d5e88___JR_B.Spot 3382.JPG,selected_dataset/partial_occlusions/001__Pepper_bell_Bacterial_spot__557f35cb-b34b-4dc5-959b-efad147d5e88_JR_B.Spot_3382.jpg,0.5207061767578125,0.13397802197802197,0.5430184122683717,0.49673433164018366
partial_occlusions,2,Pepper__bell___healthy,Pepper__bell___healthy/42f083e2-272d-4f83-ad9a-573ee90e50ec___Screen Shot 2015-05-06 at 4.01.13 PM.png,selected_dataset/partial_occlusions/002__Pepper_bell_healthy__42f083e2-272d-4f83-ad9a-573ee90e50ec_Screen_Shot_2015-05-06_at_4.01.13_PM.png,0.55523681640625,0.26324612509618556,0.7208301583120991,0.6502376219796873
partial_occlusions,3,Potato___Early_blight,Potato___Early_blight/8f0e2872-e5c6-43b2-97f9-269da00cd400___RS_Early.B 8089.JPG,selected_dataset/partial_occlusions/003__Potato_Early_blight__8f0e2872-e5c6-43b2-97f9-269da00cd400_RS_Early.B_8089.jpg,0.4148101806640625,0.08254552142725768,0.8693046340943091,0.3791427357185998
partial_occlusions,4,Potato___Late_blight,Potato___Late_blight/8e1d2020-3d04-46b1-bd71-82922e1aeaa6___RS_LB 5017.JPG,selected_dataset/partial_occlusions/004__Potato_Late_blight__8e1d2020-3d04-46b1-bd71-82922e1aeaa6_RS_LB_5017.jpg,0.404815673828125,0.4846211835657746,0.7250391639770317,0.4926343840554932
partial_occlusions,5,Potato___healthy,Potato___healthy/0be9d721-82f5-42c3-b535-7494afe01dbe___RS_HL 1814.JPG,selected_dataset/partial_occlusions/005__Potato_healthy__0be9d721-82f5-42c3-b535-7494afe01dbe_RS_HL_1814.jpg,0.5534820556640625,0.053235188707854326,0.4650150412952021,0.49230197223545297
partial_occlusions,6,Tomato_Bacterial_spot,Tomato_Bacterial_spot/a1f6fda4-d03d-493d-b4f4-14098f1e2c57___UF.GRC_BS_Lab Leaf 1114.JPG,selected_dataset/partial_occlusions/006__Tomato_Bacterial_spot__a1f6fda4-d03d-493d-b4f4-14098f1e2c57_UF.GRC_BS_Lab_Leaf_1114.jpg,0.5249786376953125,0.057200988228455166,0.31618070700543804,0.6446089940301724
partial_occlusions,7,Tomato_Early_blight,Tomato_Early_blight/801a593c-82f7-4433-8c30-9defa319bdb7___RS_Erly.B 9609.JPG,selected_dataset/partial_occlusions/007__Tomato_Early_blight__801a593c-82f7-4433-8c30-9defa319bdb7_RS_Erly.B_9609.jpg,0.391632080078125,0.44716745889503623,0.5731705840270276,0.6676709642749799
partial_occlusions,8,Tomato_Late_blight,Tomato_Late_blight/0e451078-be73-4e6b-b329-a7b0fa1f152b___GHLB2 Leaf 8612.JPG,selected_dataset/partial_occlusions/008__Tomato_Late_blight__0e451078-be73-4e6b-b329-a7b0fa1f152b_GHLB2_Leaf_8612.jpg,0.1836090087890625,0.12041884816753927,0.21776975934764434,0.8156128630687454
partial_occlusions,9,Tomato_Leaf_Mold,Tomato_Leaf_Mold/9088e27c-b60b-476c-a924-929058038fa1___Crnl_L.Mold 7167.JPG,selected_dataset/partial_occlusions/009__Tomato_Leaf_Mold__9088e27c-b60b-476c-a924-929058038fa1_Crnl_L.Mold_7167.jpg,0.3383941650390625,0.2061595346530189,0.15111467235157544,0.7544470485543987
partial_occlusions,10,Tomato_Septoria_leaf_spot,Tomato_Septoria_leaf_spot/48639343-37ad-43b5-bd50-64db51b08212___JR_Sept.L.S 2665.JPG,selected_dataset/partial_occlusions/010__Tomato_Septoria_leaf_spot__48639343-37ad-43b5-bd50-64db51b08212_JR_Sept.L.S_2665.jpg,0.3296356201171875,0.17002268203490256,0.757513460057422,0.7086545511874238
partial_occlusions,11,Tomato_Spider_mites_Two_spotted_spider_mite,Tomato_Spider_mites_Two_spotted_spider_mite/e19615f6-e276-4685-9777-e7bd1122aaaf___Com.G_SpM_FL 9015.JPG,selected_dataset/partial_occlusions/011__Tomato_Spider_mites_Two_spotted_spider_mite__e19615f6-e276-4685-9777-e7bd1122aaaf_Com.G_SpM_FL_9015.jpg,0.344268798828125,0.34797447034837337,0.7605113432512329,0.7046033660617279
partial_occlusions,12,Tomato__Target_Spot,Tomato__Target_Spot/e475a5f4-8166-4b18-9f29-8a7ccb541bbb___Com.G_TgS_FL 9878.JPG,selected_dataset/partial_occlusions/012__Tomato_Target_Spot__e475a5f4-8166-4b18-9f29-8a7ccb541bbb_Com.G_TgS_FL_9878.jpg,0.143524169921875,0.034871358707208165,0.43267713278703657,0.6032811651963756
partial_occlusions,13,Tomato__Tomato_YellowLeaf__Curl_Virus,Tomato__Tomato_YellowLeaf__Curl_Virus/87ff4433-edf3-414e-9699-c6780f664b2b___YLCV_NREC 2917.JPG,selected_dataset/partial_occlusions/013__Tomato_Tomato_YellowLeaf_Curl_Virus__87ff4433-edf3-414e-9699-c6780f664b2b_YLCV_NREC_2917.jpg,0.3879547119140625,0.46371681415929206,0.45298109150659177,0.6974948423004205
partial_occlusions,14,Tomato__Tomato_mosaic_virus,Tomato__Tomato_mosaic_virus/2ffd2426-1463-48aa-a3bb-622ece568219___PSU_CG 2137.JPG,selected_dataset/partial_occlusions/014__Tomato_Tomato_mosaic_virus__2ffd2426-1463-48aa-a3bb-622ece568219_PSU_CG_2137.jpg,0.3893585205078125,0.2724066308735353,0.44749605923619284,0.7340315639345457
partial_occlusions,15,Tomato_healthy,Tomato_healthy/3be7ae8c-bacb-4877-b6b5-c2251d22b431___GH_HL Leaf 497.1.JPG,selected_dataset/partial_occlusions/015__Tomato_healthy__3be7ae8c-bacb-4877-b6b5-c2251d22b431_GH_HL_Leaf_497.1.jpg,0.21124267578125,0.1262640855244149,0.56313430462837,0.7499936400185351
partial_occlusions,16,Pepper__bell___Bacterial_spot,Pepper__bell___Bacterial_spot/4c1f3e8b-4c85-4554-b1d7-25feca1f58b3___JR_B.Spot 3250.JPG,selected_dataset/partial_occlusions/016__Pepper_bell_Bacterial_spot__4c1f3e8b-4c85-4554-b1d7-25feca1f58b3_JR_B.Spot_3250.jpg,0.63555908203125,0.15221357917987133,0.6857635136426957,0.4841585259915259
partial_occlusions,17,Pepper__bell___healthy,Pepper__bell___healthy/b81f901d-c870-43fd-b7c7-9b699d10d27e___JR_HL 8316.JPG,selected_dataset/partial_occlusions/017__Pepper_bell_healthy__b81f901d-c870-43fd-b7c7-9b699d10d27e_JR_HL_8316.jpg,0.6569061279296875,0.0,0.234922128238563,0.49071757665536675
partial_occlusions,18,Potato___Early_blight,Potato___Early_blight/9846eead-9fc1-4c35-8b63-1adfbdf0b118___RS_Early.B 8325.JPG,selected_dataset/partial_occlusions/018__Potato_Early_blight__9846eead-9fc1-4c35-8b63-1adfbdf0b118_RS_Early.B_8325.jpg,0.3856048583984375,0.0768074077005263,0.859886691202778,0.37676411093236684
partial_occlusions,19,Potato___Late_blight,Potato___Late_blight/0114b195-844c-4978-93a9-b0d5aae010f1___RS_LB 2738.JPG,selected_dataset/partial_occlusions/019__Potato_Late_blight__0114b195-844c-4978-93a9-b0d5aae010f1_RS_LB_2738.jpg,0.3844757080078125,0.1611302932888836,0.5889051280295564,0.4732496207191403
partial_occlusions,20,Potato___healthy,Potato___healthy/23f1ab77-d664-49c4-92eb-41eb66c6d101___RS_HL 4169.JPG,selected_dataset/partial_occlusions/020__Potato_healthy__23f1ab77-d664-49c4-92eb-41eb66c6d101_RS_HL_4169.jpg,0.442047119140625,0.01915774939592682,0.5285063149407364,0.3541055464970969
partial_occlusions,21,Tomato_Bacterial_spot,Tomato_Bacterial_spot/8aa16ab8-dd90-4293-a577-88006fd26365___GCREC_Bact.Sp 3712.JPG,selected_dataset/partial_occlusions/021__Tomato_Bacterial_spot__8aa16ab8-dd90-4293-a577-88006fd26365_GCREC_Bact.Sp_3712.jpg,0.386962890625,0.25855678233438484,0.492303320807696,0.6263093517900251
partial_occlusions,22,Tomato_Early_blight,Tomato_Early_blight/2ab7f21e-4a55-4895-acdb-5f161167a0f1___RS_Erly.B 8318.JPG,selected_dataset/partial_occlusions/022__Tomato_Early_blight__2ab7f21e-4a55-4895-acdb-5f161167a0f1_RS_Erly.B_8318.jpg,0.39984130859375,0.41035719737444665,0.5400813492964192,0.6570215927464007
partial_occlusions,23,Tomato_Late_blight,Tomato_Late_blight/a46c23d8-f06e-4abd-9ab8-fb75540fa820___GHLB2 Leaf 8615.JPG,selected_dataset/partial_occlusions/023__Tomato_Late_blight__a46c23d8-f06e-4abd-9ab8-fb75540fa820_GHLB2_Leaf_8615.jpg,0.1493377685546875,0.10851129048738122,0.221355097160849,0.7941258064713022
partial_occlusions,24,Tomato_Leaf_Mold,Tomato_Leaf_Mold/77451675-72f4-41be-9e1f-698f7bb5d7bc___Crnl_L.Mold 7032.JPG,selected_dataset/partial_occlusions/024__Tomato_Leaf_Mold__77451675-72f4-41be-9e1f-698f7bb5d7bc_Crnl_L.Mold_7032.jpg,0.3359527587890625,0.17495571603760732,0.5262558100770167,0.7299553904506687
partial_occlusions,25,Tomato_Septoria_leaf_spot,Tomato_Septoria_leaf_spot/0650f176-add9-444e-893e-707969054a43___JR_Sept.L.S 2722.JPG,selected_dataset/partial_occlusions/025__Tomato_Septoria_leaf_spot__0650f176-add9-444e-893e-707969054a43_JR_Sept.L.S_2722.jpg,0.378204345703125,0.3693213911078835,0.6175883874011009,0.7016151544298195
partial_occlusions,26,Tomato_Spider_mites_Two_spotted_spider_mite,Tomato_Spider_mites_Two_spotted_spider_mite/47b9fa43-926d-496f-9315-d0abd74a0802___Com.G_SpM_FL 9041.JPG,selected_dataset/partial_occlusions/026__Tomato_Spider_mites_Two_spotted_spider_mite__47b9fa43-926d-496f-9315-d0abd74a0802_Com.G_SpM_FL_9041.jpg,0.385009765625,0.2438570069752695,0.7132321223214664,0.6864658350801018
partial_occlusions,27,Tomato__Target_Spot,Tomato__Target_Spot/c91d0d6a-e92f-4cac-a8ca-a21e25c15ae8___Com.G_TgS_FL 1066.JPG,selected_dataset/partial_occlusions/027__Tomato_Target_Spot__c91d0d6a-e92f-4cac-a8ca-a21e25c15ae8_Com.G_TgS_FL_1066.jpg,0.428863525390625,0.0857468156265566,0.7079664310525795,0.5998654767608053
partial_occlusions,28,Tomato__Tomato_YellowLeaf__Curl_Virus,Tomato__Tomato_YellowLeaf__Curl_Virus/1845b2ba-6148-4a10-8f95-51f032893c37___YLCV_NREC 2703.JPG,selected_dataset/partial_occlusions/028__Tomato_Tomato_YellowLeaf_Curl_Virus__1845b2ba-6148-4a10-8f95-51f032893c37_YLCV_NREC_2703.jpg,0.372314453125,0.46598360655737703,0.7480229319626184,0.6887277830520571
partial_occlusions,29,Tomato__Tomato_mosaic_virus,Tomato__Tomato_mosaic_virus/9876590b-d8fd-48b0-9b48-c8ed707db6f8___PSU_CG 2127.JPG,selected_dataset/partial_occlusions/029__Tomato_Tomato_mosaic_virus__9876590b-d8fd-48b0-9b48-c8ed707db6f8_PSU_CG_2127.jpg,0.356292724609375,0.0880085653104925,0.24009169548806714,0.7146599806909884
partial_occlusions,30,Tomato_healthy,Tomato_healthy/bd18b0d8-3ee7-4c96-a2d4-cf8db766c047___GH_HL Leaf 498.2.JPG,selected_dataset/partial_occlusions/030__Tomato_healthy__bd18b0d8-3ee7-4c96-a2d4-cf8db766c047_GH_HL_Leaf_498.2.jpg,0.280731201171875,0.23143819980432656,0.529471994348067,0.7241691714258707
partial_occlusions,31,Pepper__bell___Bacterial_spot,Pepper__bell___Bacterial_spot/a32c2976-7ef3-4dfa-95d8-c3c056b36012___JR_B.Spot 3145.JPG,selected_dataset/partial_occlusions/031__Pepper_bell_Bacterial_spot__a32c2976-7ef3-4dfa-95d8-c3c056b36012_JR_B.Spot_3145.jpg,0.45843505859375,0.26071761416589,0.5166154157013106,0.4630964443197136
partial_occlusions,32,Pepper__bell___healthy,Pepper__bell___healthy/3306b49b-e3b3-4450-8609-ae44ab2b6593___bell-pepper-plant-61726.jpg,selected_dataset/partial_occlusions/032__Pepper_bell_healthy__3306b49b-e3b3-4450-8609-ae44ab2b6593_bell-pepper-plant-61726.jpg,0.839202880859375,0.39377795556202044,0.35209575804878845,0.48248803729710327
partial_occlusions,33,Potato___Early_blight,Potato___Early_blight/f536e055-666e-41cc-8ee2-c1af2fbf754a___RS_Early.B 8104.JPG,selected_dataset/partial_occlusions/033__Potato_Early_blight__f536e055-666e-41cc-8ee2-c1af2fbf754a_RS_Early.B_8104.jpg,0.3855438232421875,0.09055289508053983,0.8944826854349903,0.3682155496302412
partial_occlusions,34,Potato___Late_blight,Potato___Late_blight/96879d98-11ca-40c7-9708-9ca8f235f407___RS_LB 2739.JPG,selected_dataset/partial_occlusions/034__Potato_Late_blight__96879d98-11ca-40c7-9708-9ca8f235f407_RS_LB_2739.jpg,0.3563385009765625,0.19517834967670106,0.8466018699888844,0.4521481261968844
partial_occlusions,35,Potato___healthy,Potato___healthy/14484ea5-9c34-427c-abe4-2743265aced0___RS_HL 4204.JPG,selected_dataset/partial_occlusions/035__Potato_healthy__14484ea5-9c34-427c-abe4-2743265aced0_RS_HL_4204.jpg,0.370758056640625,0.19190879907811342,0.342784676862547,0.33113309427486637
partial_occlusions,36,Tomato_Bacterial_spot,Tomato_Bacterial_spot/3503743b-11b3-47f0-8713-2ad330226745___UF.GRC_BS_Lab Leaf 9129.JPG,selected_dataset/partial_occlusions/036__Tomato_Bacterial_spot__3503743b-11b3-47f0-8713-2ad330226745_UF.GRC_BS_Lab_Leaf_9129.jpg,0.4555206298828125,0.08618899273104881,0.14013680546787424,0.6168626093432872
partial_occlusions,37,Tomato_Early_blight,Tomato_Early_blight/5daba301-b6f9-4fc4-8be7-a918d3a7554c___RS_Erly.B 8282.JPG,selected_dataset/partial_occlusions/037__Tomato_Early_blight__5daba301-b6f9-4fc4-8be7-a918d3a7554c_RS_Erly.B_8282.jpg,0.43798828125,0.22620540691192864,0.7558947637509368,0.6534654077041978
partial_occlusions,38,Tomato_Late_blight,Tomato_Late_blight/9d2ecf1a-640b-4427-9092-0ce7c08cb6d0___GHLB2 Leaf 8611.JPG,selected_dataset/partial_occlusions/038__Tomato_Late_blight__9d2ecf1a-640b-4427-9092-0ce7c08cb6d0_GHLB2_Leaf_8611.jpg,0.2785491943359375,0.1073678444261846,0.1254593121841458,0.7813689180963621
partial_occlusions,39,Tomato_Leaf_Mold,Tomato_Leaf_Mold/b9beb5ed-0e80-4a9f-bcec-0be7abc6904d___Crnl_L.Mold 7152.JPG,selected_dataset/partial_occlusions/039__Tomato_Leaf_Mold__b9beb5ed-0e80-4a9f-bcec-0be7abc6904d_Crnl_L.Mold_7152.jpg,0.3838653564453125,0.25980840322772986,0.10285327961381319,0.723978916615541
partial_occlusions,40,Tomato_Septoria_leaf_spot,Tomato_Septoria_leaf_spot/6aad1489-2ff3-4b26-a037-45e56f572ad7___JR_Sept.L.S 2690.JPG,selected_dataset/partial_occlusions/040__Tomato_Septoria_leaf_spot__6aad1489-2ff3-4b26-a037-45e56f572ad7_JR_Sept.L.S_2690.jpg,0.337646484375,0.13706616052060738,0.7735605812870494,0.6962312859333619
partial_occlusions,41,Tomato_Spider_mites_Two_spotted_spider_mite,Tomato_Spider_mites_Two_spotted_spider_mite/5baec3fa-4a77-4bee-96b3-330696b48f8a___Com.G_SpM_FL 8658.JPG,selected_dataset/partial_occlusions/041__Tomato_Spider_mites_Two_spotted_spider_mite__5baec3fa-4a77-4bee-96b3-330696b48f8a_Com.G_SpM_FL_8658.jpg,0.3923797607421875,0.23348240326657593,0.5961532300857046,0.680436162851377
partial_occlusions,42,Tomato__Target_Spot,Tomato__Target_Spot/21aa9ddb-0051-41c7-b1e3-316c20c64483___Com.G_TgS_FL 8151.JPG,selected_dataset/partial_occlusions/042__Tomato_Target_Spot__21aa9ddb-0051-41c7-b1e3-316c20c64483_Com.G_TgS_FL_8151.jpg,0.20556640625,0.10503266033254156,0.7248116514851146,0.5859682264002395
partial_occlusions,43,Tomato__Tomato_YellowLeaf__Curl_Virus,Tomato__Tomato_YellowLeaf__Curl_Virus/40441998-2e0b-4f97-9111-bea536867e2c___YLCV_NREC 2487.JPG,selected_dataset/partial_occlusions/043__Tomato_Tomato_YellowLeaf_Curl_Virus__40441998-2e0b-4f97-9111-bea536867e2c_YLCV_NREC_2487.jpg,0.3650360107421875,0.26443171842996277,0.7878666074956975,0.6824133789576923
partial_occlusions,44,Tomato__Tomato_mosaic_virus,Tomato__Tomato_mosaic_virus/b32647fc-d502-4bb4-99f6-3003874daee4___PSU_CG 2246.JPG,selected_dataset/partial_occlusions/044__Tomato_Tomato_mosaic_virus__b32647fc-d502-4bb4-99f6-3003874daee4_PSU_CG_2246.jpg,0.3535003662109375,0.12565286830405317,0.5612845112124113,0.7113699271586281
partial_occlusions,45,Tomato_healthy,Tomato_healthy/da34f406-4f46-480c-a63d-fb093a83e670___GH_HL Leaf 499.2.JPG,selected_dataset/partial_occlusions/045__Tomato_healthy__da34f406-4f46-480c-a63d-fb093a83e670_GH_HL_Leaf_499.2.jpg,0.2612152099609375,0.1689935159764005,0.5239898862501479,0.7111450579960072
partial_occlusions,46,Pepper__bell___Bacterial_spot,Pepper__bell___Bacterial_spot/447735c7-b650-4ef6-a53b-8fb661470de3___JR_B.Spot 3370.JPG,selected_dataset/partial_occlusions/046__Pepper_bell_Bacterial_spot__447735c7-b650-4ef6-a53b-8fb661470de3_JR_B.Spot_3370.jpg,0.6017913818359375,0.03194807170567205,0.08646707576573374,0.45892496195493476
partial_occlusions,47,Pepper__bell___healthy,Pepper__bell___healthy/2e9037ac-b030-4837-bf2f-56b89c4b66bf___JR_HL 7603.JPG,selected_dataset/partial_occlusions/047__Pepper_bell_healthy__2e9037ac-b030-4837-bf2f-56b89c4b66bf_JR_HL_7603.jpg,0.610382080078125,0.06502174891255437,0.1358948706071524,0.3897620087844756
partial_occlusions,48,Potato___Early_blight,Potato___Early_blight/bc378ba0-533d-42db-a8b2-82decc73f4d5___RS_Early.B 9092.JPG,selected_dataset/partial_occlusions/048__Potato_Early_blight__bc378ba0-533d-42db-a8b2-82decc73f4d5_RS_Early.B_9092.jpg,0.3949737548828125,0.06467065868263473,0.844170482921011,0.36790948544001234
partial_occlusions,49,Potato___Late_blight,Potato___Late_blight/64fd9d16-28df-4dd7-9bb5-973bbd9ac6db___RS_LB 4654.JPG,selected_dataset/partial_occlusions/049__Potato_Late_blight__64fd9d16-28df-4dd7-9bb5-973bbd9ac6db_RS_LB_4654.jpg,0.3922271728515625,0.4602606496790508,0.6106482792106693,0.45201617416789847
partial_occlusions,50,Potato___healthy,Potato___healthy/b0fe9fe9-52e7-40e4-b4c0-769f1a0c7fb9___RS_HL 4175.JPG,selected_dataset/partial_occlusions/050__Potato_healthy__b0fe9fe9-52e7-40e4-b4c0-769f1a0c7fb9_RS_HL_4175.jpg,0.3993682861328125,0.07664386963664846,0.39564637225144494,0.2860830295149743
partial_occlusions,51,Tomato_Bacterial_spot,Tomato_Bacterial_spot/66348a1f-6ca3-43c3-9883-ccf79c8dec89___GCREC_Bact.Sp 3640.JPG,selected_dataset/partial_occlusions/051__Tomato_Bacterial_spot__66348a1f-6ca3-43c3-9883-ccf79c8dec89_GCREC_Bact.Sp_3640.jpg,0.3929595947265625,0.4229798470081156,0.2813794679785103,0.5024135908494135
partial_occlusions,52,Tomato_Early_blight,Tomato_Early_blight/5d5d73a4-b480-4479-a5a5-8d6ba6909eac___RS_Erly.B 9409.JPG,selected_dataset/partial_occlusions/052__Tomato_Early_blight__5d5d73a4-b480-4479-a5a5-8d6ba6909eac_RS_Erly.B_9409.jpg,0.41180419921875,0.470616570327553,0.5308679345265268,0.6505413913408099
partial_occlusions,53,Tomato_Late_blight,Tomato_Late_blight/531d1dc7-d864-4464-b2ad-1fc76f825021___GHLB2 Leaf 8742.JPG,selected_dataset/partial_occlusions/053__Tomato_Late_blight__531d1dc7-d864-4464-b2ad-1fc76f825021_GHLB2_Leaf_8742.jpg,0.2446746826171875,0.15640785781103836,0.16950598730733024,0.7760216694757334
partial_occlusions,54,Tomato_Leaf_Mold,Tomato_Leaf_Mold/6f733647-eb00-45d7-91a9-0845c1613d80___Crnl_L.Mold 7049.JPG,selected_dataset/partial_occlusions/054__Tomato_Leaf_Mold__6f733647-eb00-45d7-91a9-0845c1613d80_Crnl_L.Mold_7049.jpg,0.2579193115234375,0.0,0.15416859409622924,0.7232856950869502
partial_occlusions,55,Tomato_Septoria_leaf_spot,Tomato_Septoria_leaf_spot/18d05aef-311a-4e99-9489-f702ecdaffb6___Matt.S_CG 1703.JPG,selected_dataset/partial_occlusions/055__Tomato_Septoria_leaf_spot__18d05aef-311a-4e99-9489-f702ecdaffb6_Matt.S_CG_1703.jpg,0.3667755126953125,0.1612098015559346,0.5858243142081985,0.693491040405277
partial_occlusions,56,Tomato_Spider_mites_Two_spotted_spider_mite,Tomato_Spider_mites_Two_spotted_spider_mite/a78175ff-9e32-4f4d-b8b7-f66640a1a995___Com.G_SpM_FL 9024.JPG,selected_dataset/partial_occlusions/056__Tomato_Spider_mites_Two_spotted_spider_mite__a78175ff-9e32-4f4d-b8b7-f66640a1a995_Com.G_SpM_FL_9024.jpg,0.3997344970703125,0.3685154788716265,0.7327179048180482,0.6754210903396676
partial_occlusions,57,Tomato__Target_Spot,Tomato__Target_Spot/46e01033-9285-43bf-8596-2f09789c0d83___Com.G_TgS_FL 8283.JPG,selected_dataset/partial_occlusions/057__Tomato_Target_Spot__46e01033-9285-43bf-8596-2f09789c0d83_Com.G_TgS_FL_8283.jpg,0.523284912109375,0.24021694757100368,0.7547572518014906,0.4707168973064517
partial_occlusions,58,Tomato__Tomato_YellowLeaf__Curl_Virus,Tomato__Tomato_YellowLeaf__Curl_Virus/08b78f04-45dc-4a44-aab6-32ccb42bc837___YLCV_NREC 1995.JPG,selected_dataset/partial_occlusions/058__Tomato_Tomato_YellowLeaf_Curl_Virus__08b78f04-45dc-4a44-aab6-32ccb42bc837_YLCV_NREC_1995.jpg,0.387939453125,0.5132551919446192,0.47900720268160624,0.6775363369301487
partial_occlusions,59,Tomato__Tomato_mosaic_virus,Tomato__Tomato_mosaic_virus/bd22aa4a-ea90-41af-862d-7e887eb57a00___PSU_CG 2416.JPG,selected_dataset/partial_occlusions/059__Tomato_Tomato_mosaic_virus__bd22aa4a-ea90-41af-862d-7e887eb57a00_PSU_CG_2416.jpg,0.348724365234375,0.10098888597182112,0.6213203401896338,0.6846002912712189
partial_occlusions,60,Tomato_healthy,Tomato_healthy/95a43787-4b69-4ad8-854f-7d8cbd1e6cac___RS_HL 9642.JPG,selected_dataset/partial_occlusions/060__Tomato_healthy__95a43787-4b69-4ad8-854f-7d8cbd1e6cac_RS_HL_9642.jpg,0.34844970703125,0.19132072166754246,0.7181572938884693,0.6953687299403206
partial_occlusions,61,Pepper__bell___Bacterial_spot,Pepper__bell___Bacterial_spot/57ff0455-861f-4f25-9598-c2954ca44027___JR_B.Spot 3115.JPG,selected_dataset/partial_occlusions/061__Pepper_bell_Bacterial_spot__57ff0455-861f-4f25-9598-c2954ca44027_JR_B.Spot_3115.jpg,0.5122833251953125,0.16182646769725673,0.23437978469025922,0.4545145662065719
partial_occlusions,62,Pepper__bell___healthy,Pepper__bell___healthy/f025d161-089c-49e4-8f42-ca979e430977___JR_HL 6012.JPG,selected_dataset/partial_occlusions/062__Pepper_bell_healthy__f025d161-089c-49e4-8f42-ca979e430977_JR_HL_6012.jpg,0.298980712890625,0.19296723486781667,0.12381666225987975,0.3706217643452446
partial_occlusions,63,Potato___Early_blight,Potato___Early_blight/610d8d2d-c28d-4d99-9f37-a6a79148b529___RS_Early.B 8023.JPG,selected_dataset/partial_occlusions/063__Potato_Early_blight__610d8d2d-c28d-4d99-9f37-a6a79148b529_RS_Early.B_8023.jpg,0.3916778564453125,0.06490319061903463,0.8893668410561555,0.3663353191030247
partial_occlusions,64,Potato___Late_blight,Potato___Late_blight/ce38cb15-70c8-4203-adbb-db648eb87554___RS_LB 4107.JPG,selected_dataset/partial_occlusions/064__Potato_Late_blight__ce38cb15-70c8-4203-adbb-db648eb87554_RS_LB_4107.jpg,0.4764404296875,0.10318985395849346,0.329890027709805,0.4453054079190747
partial_occlusions,65,Potato___healthy,Potato___healthy/36bdc44c-96a4-40bb-86f7-63a91d706e96___RS_HL 4203.JPG,selected_dataset/partial_occlusions/065__Potato_healthy__36bdc44c-96a4-40bb-86f7-63a91d706e96_RS_HL_4203.jpg,0.4737701416015625,0.2897999935585687,0.5672222914322469,0.2847984098132385
partial_occlusions,66,Tomato_Bacterial_spot,Tomato_Bacterial_spot/7d7eab4f-21d6-4601-9c1e-1ff07404774e___UF.GRC_BS_Lab Leaf 0268.JPG,selected_dataset/partial_occlusions/066__Tomato_Bacterial_spot__7d7eab4f-21d6-4601-9c1e-1ff07404774e_UF.GRC_BS_Lab_Leaf_0268.jpg,0.320709228515625,0.1711390236939766,0.4069503845392236,0.46603751457152964
partial_occlusions,67,Tomato_Early_blight,Tomato_Early_blight/bc894aa4-76ca-427e-a964-e86236fc0217___RS_Erly.B 7526.JPG,selected_dataset/partial_occlusions/067__Tomato_Early_blight__bc894aa4-76ca-427e-a964-e86236fc0217_RS_Erly.B_7526.jpg,0.4718780517578125,0.11033144704931286,0.4062061932644616,0.6444393953563503
partial_occlusions,68,Tomato_Late_blight,Tomato_Late_blight/d0dceae1-6bf8-475a-99fa-f27accadece0___GHLB2 Leaf 8778.JPG,selected_dataset/partial_occlusions/068__Tomato_Late_blight__d0dceae1-6bf8-475a-99fa-f27accadece0_GHLB2_Leaf_8778.jpg,0.2403106689453125,0.1734078354181218,0.1546716238026032,0.7648122758967869
partial_occlusions,69,Tomato_Leaf_Mold,Tomato_Leaf_Mold/60f7b149-4286-4101-a156-9bf5551261d7___Crnl_L.Mold 7137.JPG,selected_dataset/partial_occlusions/069__Tomato_Leaf_Mold__60f7b149-4286-4101-a156-9bf5551261d7_Crnl_L.Mold_7137.jpg,0.3723907470703125,0.3586150379020692,0.12675969909052426,0.7225556474524951
partial_occlusions,70,Tomato_Septoria_leaf_spot,Tomato_Septoria_leaf_spot/3d638a43-43eb-4f93-85bf-b1cc41ab117f___Matt.S_CG 0751.JPG,selected_dataset/partial_occlusions/070__Tomato_Septoria_leaf_spot__3d638a43-43eb-4f93-85bf-b1cc41ab117f_Matt.S_CG_0751.jpg,0.3260498046875,0.06813927368026956,0.030879560093329667,0.6916568415435452
partial_occlusions,71,Tomato_Spider_mites_Two_spotted_spider_mite,Tomato_Spider_mites_Two_spotted_spider_mite/5d41d1f6-6e1c-401c-9ac3-d81683ea1191___Com.G_SpM_FL 9030.JPG,selected_dataset/partial_occlusions/071__Tomato_Spider_mites_Two_spotted_spider_mite__5d41d1f6-6e1c-401c-9ac3-d81683ea1191_Com.G_SpM_FL_9030.jpg,0.401763916015625,0.2209266995822256,0.719620556544555,0.6732435432914344
partial_occlusions,72,Tomato__Target_Spot,Tomato__Target_Spot/4d6e773b-af80-461b-b682-962579767e6b___Com.G_TgS_FL 8210.JPG,selected_dataset/partial_occlusions/072__Tomato_Target_Spot__4d6e773b-af80-461b-b682-962579767e6b_Com.G_TgS_FL_8210.jpg,0.3934783935546875,0.4123783301663629,0.6666737559598399,0.4659464788690425
partial_occlusions,73,Tomato__Tomato_YellowLeaf__Curl_Virus,Tomato__Tomato_YellowLeaf__Curl_Virus/4db90450-4f6c-4152-b3a1-dc4f8fcdc346___YLCV_NREC 0160.JPG,selected_dataset/partial_occlusions/073__Tomato_Tomato_YellowLeaf_Curl_Virus__4db90450-4f6c-4152-b3a1-dc4f8fcdc346_YLCV_NREC_0160.jpg,0.351715087890625,0.14967462039045554,0.46640190694633665,0.6687984090929369
partial_occlusions,74,Tomato__Tomato_mosaic_virus,Tomato__Tomato_mosaic_virus/5c49d086-dc47-480e-b5b1-0b69bacb66bf___PSU_CG 2241.JPG,selected_dataset/partial_occlusions/074__Tomato_Tomato_mosaic_virus__5c49d086-dc47-480e-b5b1-0b69bacb66bf_PSU_CG_2241.jpg,0.384063720703125,0.14270957489074296,0.299324938907786,0.6822528798182459
partial_occlusions,75,Tomato_healthy,Tomato_healthy/e6fdaad9-b536-46c3-a819-faf414cfbf47___GH_HL Leaf 500.2.JPG,selected_dataset/partial_occlusions/075__Tomato_healthy__e6fdaad9-b536-46c3-a819-faf414cfbf47_GH_HL_Leaf_500.2.jpg,0.32147216796875,0.1424435162331498,0.4736216982741754,0.680858296928091
partial_occlusions,76,Pepper__bell___Bacterial_spot,Pepper__bell___Bacterial_spot/ea460c0a-532e-492b-93fa-5b9b936c7506___NREC_B.Spot 1810.JPG,selected_dataset/partial_occlusions/076__Pepper_bell_Bacterial_spot__ea460c0a-532e-492b-93fa-5b9b936c7506_NREC_B.Spot_1810.jpg,0.4567108154296875,0.32107179846981393,0.8054791573109066,0.4265241490455298
partial_occlusions,77,Pepper__bell___healthy,Pepper__bell___healthy/8f22c1c0-6cbe-4fa3-9fe1-2752685622d1___JR_HL 7570.JPG,selected_dataset/partial_occlusions/077__Pepper_bell_healthy__8f22c1c0-6cbe-4fa3-9fe1-2752685622d1_JR_HL_7570.jpg,0.4354248046875,0.06549621530698066,0.5640606266463712,0.3571286998661557
partial_occlusions,78,Potato___Early_blight,Potato___Early_blight/1d2ec63e-acfb-4a80-ba21-853a724fff4a___RS_Early.B 8083.JPG,selected_dataset/partial_occlusions/078__Potato_Early_blight__1d2ec63e-acfb-4a80-ba21-853a724fff4a_RS_Early.B_8083.jpg,0.4277191162109375,0.05140737041133031,0.9099538159764817,0.3642087102597129
partial_occlusions,79,Potato___Late_blight,Potato___Late_blight/f2676f08-798e-4291-8aa2-0655ca54cb07___RS_LB 4292.JPG,selected_dataset/partial_occlusions/079__Potato_Late_blight__f2676f08-798e-4291-8aa2-0655ca54cb07_RS_LB_4292.jpg,0.3228759765625,0.047637051039697544,0.6448350630847491,0.4026366910184001
partial_occlusions,80,Potato___healthy,Potato___healthy/468d3107-f09a-4f0d-8b9d-f08d7c49738f___RS_HL 1747.JPG,selected_dataset/partial_occlusions/080__Potato_healthy__468d3107-f09a-4f0d-8b9d-f08d7c49738f_RS_HL_1747.jpg,0.4456024169921875,0.0,0.41669993913164516,0.28108247197779795
partial_occlusions,81,Tomato_Bacterial_spot,Tomato_Bacterial_spot/5a43dabd-d732-4fe5-bd01-1d23f4a41d5e___GCREC_Bact.Sp 6389.JPG,selected_dataset/partial_occlusions/081__Tomato_Bacterial_spot__5a43dabd-d732-4fe5-bd01-1d23f4a41d5e_GCREC_Bact.Sp_6389.jpg,0.34033203125,0.36195301291248205,0.42874513718389673,0.4202568389471788
partial_occlusions,82,Tomato_Early_blight,Tomato_Early_blight/d4d20c99-4cf3-4ecc-95ae-a964560cfeed___RS_Erly.B 9604.JPG,selected_dataset/partial_occlusions/082__Tomato_Early_blight__d4d20c99-4cf3-4ecc-95ae-a964560cfeed_RS_Erly.B_9604.jpg,0.380462646484375,0.24749338252987887,0.6940733144999969,0.6441333136209386
partial_occlusions,83,Tomato_Late_blight,Tomato_Late_blight/0545d961-8c4c-43ee-9574-e05d7682a99f___GHLB2 Leaf 8631.JPG,selected_dataset/partial_occlusions/083__Tomato_Late_blight__0545d961-8c4c-43ee-9574-e05d7682a99f_GHLB2_Leaf_8631.jpg,0.30853271484375,0.0324431256181998,0.22938265955386322,0.7645629189191034
partial_occlusions,84,Tomato_Leaf_Mold,Tomato_Leaf_Mold/a37dad1e-446e-42f9-a923-b6a654e4132a___Crnl_L.Mold 7155.JPG,selected_dataset/partial_occlusions/084__Tomato_Leaf_Mold__a37dad1e-446e-42f9-a923-b6a654e4132a_Crnl_L.Mold_7155.jpg,0.3374786376953125,0.03834154722611566,0.1740328901222215,0.7143686195119548
partial_occlusions,85,Tomato_Septoria_leaf_spot,Tomato_Septoria_leaf_spot/2ee8fa50-545b-4de2-9b26-6af401c46ede___JR_Sept.L.S 2696.JPG,selected_dataset/partial_occlusions/085__Tomato_Septoria_leaf_spot__2ee8fa50-545b-4de2-9b26-6af401c46ede_JR_Sept.L.S_2696.jpg,0.335235595703125,0.19321802457897133,0.30520219188659986,0.687507329953975
partial_occlusions,86,Tomato_Spider_mites_Two_spotted_spider_mite,Tomato_Spider_mites_Two_spotted_spider_mite/fb798dfa-5365-4180-b4ce-e46ce5aa9de7___Com.G_SpM_FL 9034.JPG,selected_dataset/partial_occlusions/086__Tomato_Spider_mites_Two_spotted_spider_mite__fb798dfa-5365-4180-b4ce-e46ce5aa9de7_Com.G_SpM_FL_9034.jpg,0.3830108642578125,0.15632843313015418,0.7347841676915742,0.6729527583498499
partial_occlusions,87,Tomato__Target_Spot,Tomato__Target_Spot/bc020a47-dda4-4928-8d2d-6e20411b4de9___Com.G_TgS_FL 8008.JPG,selected_dataset/partial_occlusions/087__Tomato_Target_Spot__bc020a47-dda4-4928-8d2d-6e20411b4de9_Com.G_TgS_FL_8008.jpg,0.536041259765625,0.2770566467406775,0.6360118642104011,0.4637040071642862
partial_occlusions,88,Tomato__Tomato_YellowLeaf__Curl_Virus,Tomato__Tomato_YellowLeaf__Curl_Virus/612c246b-6f3b-4b5d-a13b-a8c028d86873___YLCV_NREC 2836.JPG,selected_dataset/partial_occlusions/088__Tomato_Tomato_YellowLeaf_Curl_Virus__612c246b-6f3b-4b5d-a13b-a8c028d86873_YLCV_NREC_2836.jpg,0.39691162109375,0.4629401814547132,0.42996446932012544,0.6633885227063573
partial_occlusions,89,Tomato__Tomato_mosaic_virus,Tomato__Tomato_mosaic_virus/f5d2043f-a274-431f-accc-1a3e1a7df172___PSU_CG 2400.JPG,selected_dataset/partial_occlusions/089__Tomato_Tomato_mosaic_virus__f5d2043f-a274-431f-accc-1a3e1a7df172_PSU_CG_2400.jpg,0.3147430419921875,0.3490085809860862,0.08779653940597237,0.6797211207703063
partial_occlusions,90,Tomato_healthy,Tomato_healthy/0c8c9c80-b7e0-47a7-81d3-b5a2174e545d___GH_HL Leaf 496.1.JPG,selected_dataset/partial_occlusions/090__Tomato_healthy__0c8c9c80-b7e0-47a7-81d3-b5a2174e545d_GH_HL_Leaf_496.1.jpg,0.35906982421875,0.18149753527112017,0.21449545240442172,0.6655820701760403
partial_occlusions,91,Pepper__bell___Bacterial_spot,Pepper__bell___Bacterial_spot/0495b4d4-66a4-438c-862d-c483f08e4a95___JR_B.Spot 3288.JPG,selected_dataset/partial_occlusions/091__Pepper_bell_Bacterial_spot__0495b4d4-66a4-438c-862d-c483f08e4a95_JR_B.Spot_3288.jpg,0.520904541015625,0.08456851602319995,0.25120136937534177,0.4201597258425566
partial_occlusions,92,Pepper__bell___healthy,Pepper__bell___healthy/fa865ee2-c3b8-45ac-b845-1dead949a24a___JR_HL 5818.JPG,selected_dataset/partial_occlusions/092__Pepper_bell_healthy__fa865ee2-c3b8-45ac-b845-1dead949a24a_JR_HL_5818.jpg,0.5425872802734375,0.02606934953176411,0.2765660737878193,0.35397016969744216
partial_occlusions,93,Potato___Early_blight,Potato___Early_blight/5aee3e9f-0469-42e7-8ae7-56f7a1900fd5___RS_Early.B 9091.JPG,selected_dataset/partial_occlusions/093__Potato_Early_blight__5aee3e9f-0469-42e7-8ae7-56f7a1900fd5_RS_Early.B_9091.jpg,0.4009552001953125,0.04509647220002283,0.8717874048462526,0.360178467405884
partial_occlusions,94,Potato___Late_blight,Potato___Late_blight/20880dc9-069c-40e5-81be-6d6e33f9519c___RS_LB 4098.JPG,selected_dataset/partial_occlusions/094__Potato_Late_blight__20880dc9-069c-40e5-81be-6d6e33f9519c_RS_LB_4098.jpg,0.6002655029296875,0.043010752688172046,0.3525629464615062,0.39299318444860337
partial_occlusions,95,Potato___healthy,Potato___healthy/57e262fc-e0ba-44db-a967-5ba6f1826e49___RS_HL 1897.JPG,selected_dataset/partial_occlusions/095__Potato_healthy__57e262fc-e0ba-44db-a967-5ba6f1826e49_RS_HL_1897.jpg,0.483428955078125,0.0108579003850767,0.6056734339310599,0.2642817717409498
partial_occlusions,96,Tomato_Bacterial_spot,Tomato_Bacterial_spot/0740bf94-09c3-4718-8375-6ceed7db97a3___GCREC_Bact.Sp 3628.JPG,selected_dataset/partial_occlusions/096__Tomato_Bacterial_spot__0740bf94-09c3-4718-8375-6ceed7db97a3_GCREC_Bact.Sp_3628.jpg,0.5608062744140625,0.17925067341441514,0.396671353182143,0.4133497565735193
partial_occlusions,97,Tomato_Early_blight,Tomato_Early_blight/533debcd-c993-4c11-8515-9ec280cdc023___RS_Erly.B 7389.JPG,selected_dataset/partial_occlusions/097__Tomato_Early_blight__533debcd-c993-4c11-8515-9ec280cdc023_RS_Erly.B_7389.jpg,0.4256744384765625,0.13585690217586122,0.4918890092583855,0.6432839798568867
partial_occlusions,98,Tomato_Late_blight,Tomato_Late_blight/93ac9f1d-6694-44db-ad77-b9b8470cab1b___GHLB2 Leaf 8796.JPG,selected_dataset/partial_occlusions/098__Tomato_Late_blight__93ac9f1d-6694-44db-ad77-b9b8470cab1b_GHLB2_Leaf_8796.jpg,0.23516845703125,0.11588372696600052,0.20194640954636608,0.7644597771316042
partial_occlusions,99,Tomato_Leaf_Mold,Tomato_Leaf_Mold/fe0bcd7f-a7de-4155-95a5-79043190eef7___Crnl_L.Mold 7030.JPG,selected_dataset/partial_occlusions/099__Tomato_Leaf_Mold__fe0bcd7f-a7de-4155-95a5-79043190eef7_Crnl_L.Mold_7030.jpg,0.3412628173828125,0.15506371562709592,0.2892198322027617,0.7093977165357743
partial_occlusions,100,Tomato_Septoria_leaf_spot,Tomato_Septoria_leaf_spot/d42bee1e-15b3-4351-a2cb-1e062359e011___Keller.St_CG 1849.JPG,selected_dataset/partial_occlusions/100__Tomato_Septoria_leaf_spot__d42bee1e-15b3-4351-a2cb-1e062359e011_Keller.St_CG_1849.jpg,0.367767333984375,0.061779105468425854,0.19089296962454558,0.6838114167032847
partial_occlusions,101,Tomato_Spider_mites_Two_spotted_spider_mite,Tomato_Spider_mites_Two_spotted_spider_mite/4ceaac12-5d26-494a-be0a-6f7e747a02c2___Com.G_SpM_FL 8963.JPG,selected_dataset/partial_occlusions/101__Tomato_Spider_mites_Two_spotted_spider_mite__4ceaac12-5d26-494a-be0a-6f7e747a02c2_Com.G_SpM_FL_8963.jpg,0.3248443603515625,0.31495138334351075,0.6802470470068022,0.6675268386239227
partial_occlusions,102,Tomato__Target_Spot,Tomato__Target_Spot/a04bbb04-5455-4a67-b5fa-4ae4f3df34ef___Com.G_TgS_FL 8074.JPG,selected_dataset/partial_occlusions/102__Tomato_Target_Spot__a04bbb04-5455-4a67-b5fa-4ae4f3df34ef_Com.G_TgS_FL_8074.jpg,0.43212890625,0.16253531073446328,0.777775099612783,0.4406448348385135
partial_occlusions,103,Tomato__Tomato_YellowLeaf__Curl_Virus,Tomato__Tomato_YellowLeaf__Curl_Virus/40bb4231-7f46-47ff-8647-217bc369317a___YLCV_NREC 2684.JPG,selected_dataset/partial_occlusions/103__Tomato_Tomato_YellowLeaf_Curl_Virus__40bb4231-7f46-47ff-8647-217bc369317a_YLCV_NREC_2684.jpg,0.3894500732421875,0.3554832895819457,0.7616581671176911,0.6564727995863097
partial_occlusions,104,Tomato__Tomato_mosaic_virus,Tomato__Tomato_mosaic_virus/fb199918-5c7f-4285-993b-3ed212140456___PSU_CG 2124.JPG,selected_dataset/partial_occlusions/104__Tomato_Tomato_mosaic_virus__fb199918-5c7f-4285-993b-3ed212140456_PSU_CG_2124.jpg,0.3664398193359375,0.06945658963148033,0.2660301538107637,0.676232916820689
partial_occlusions,105,Tomato_healthy,Tomato_healthy/2f9e1c60-06fc-41e9-af7d-a91c4a5e9f3d___GH_HL Leaf 504.1.JPG,selected_dataset/partial_occlusions/105__Tomato_healthy__2f9e1c60-06fc-41e9-af7d-a91c4a5e9f3d_GH_HL_Leaf_504.1.jpg,0.3349151611328125,0.15075857670053305,0.5245452259552019,0.6627760676123147
partial_occlusions,106,Pepper__bell___Bacterial_spot,Pepper__bell___Bacterial_spot/a96f3eaa-2532-4595-b8b4-8f6d7a6a4e47___JR_B.Spot 3182.JPG,selected_dataset/partial_occlusions/106__Pepper_bell_Bacterial_spot__a96f3eaa-2532-4595-b8b4-8f6d7a6a4e47_JR_B.Spot_3182.jpg,0.5850830078125,0.2009962445232631,0.42958061569474815,0.41028175370445585
partial_occlusions,107,Pepper__bell___healthy,Pepper__bell___healthy/279a5c86-76d2-4c9d-9293-9ce666ced419___JR_HL 7893.JPG,selected_dataset/partial_occlusions/107__Pepper_bell_healthy__279a5c86-76d2-4c9d-9293-9ce666ced419_JR_HL_7893.jpg,0.39239501953125,0.19672577383729972,0.503564261078009,0.34968291768186033
partial_occlusions,108,Potato___Early_blight,Potato___Early_blight/089fb289-4bea-48b6-a29a-3a1d268d9dd3___RS_Early.B 8081.JPG,selected_dataset/partial_occlusions/108__Potato_Early_blight__089fb289-4bea-48b6-a29a-3a1d268d9dd3_RS_Early.B_8081.jpg,0.4122772216796875,0.06858136866649395,0.9317798640145469,0.3583483520485449
partial_occlusions,109,Potato___Late_blight,Potato___Late_blight/97a903b7-9b9b-4014-9052-a284f21bfd53___RS_LB 2511.JPG,selected_dataset/partial_occlusions/109__Potato_Late_blight__97a903b7-9b9b-4014-9052-a284f21bfd53_RS_LB_2511.jpg,0.5319061279296875,0.14389397286210162,0.531008558681929,0.3820849402464373
partial_occlusions,110,Potato___healthy,Potato___healthy/ec6e43d3-512d-4908-99f2-c9e2a0be54be___RS_HL 4202.JPG,selected_dataset/partial_occlusions/110__Potato_healthy__ec6e43d3-512d-4908-99f2-c9e2a0be54be_RS_HL_4202.jpg,0.6030120849609375,0.21103772868746679,0.5680058733872588,0.26416128472902894
partial_occlusions,111,Tomato_Bacterial_spot,Tomato_Bacterial_spot/c3fbdba4-a285-463b-a3fd-26d0d4a4d936___GCREC_Bact.Sp 3677.JPG,selected_dataset/partial_occlusions/111__Tomato_Bacterial_spot__c3fbdba4-a285-463b-a3fd-26d0d4a4d936_GCREC_Bact.Sp_3677.jpg,0.6484527587890625,0.19078993811327857,0.34804501092648893,0.4082668552401273
partial_occlusions,112,Tomato_Early_blight,Tomato_Early_blight/ad567130-1714-4f31-9735-9ffe4b373964___RS_Erly.B 7623.JPG,selected_dataset/partial_occlusions/112__Tomato_Early_blight__ad567130-1714-4f31-9735-9ffe4b373964_RS_Erly.B_7623.jpg,0.4301300048828125,0.3298095001596367,0.602584679236696,0.6401956462096874
partial_occlusions,113,Tomato_Late_blight,Tomato_Late_blight/63184ff1-7a41-4cc3-9ff8-0ad46c45944a___GHLB2 Leaf 8614.JPG,selected_dataset/partial_occlusions/113__Tomato_Late_blight__63184ff1-7a41-4cc3-9ff8-0ad46c45944a_GHLB2_Leaf_8614.jpg,0.2020263671875,0.015030211480362538,0.07351788599915135,0.7600017189011681
partial_occlusions,114,Tomato_Leaf_Mold,Tomato_Leaf_Mold/662d31b7-5dcb-4af1-b645-20b83610d1ee___Crnl_L.Mold 8687.JPG,selected_dataset/partial_occlusions/114__Tomato_Leaf_Mold__662d31b7-5dcb-4af1-b645-20b83610d1ee_Crnl_L.Mold_8687.jpg,0.3299102783203125,0.16844734286110727,0.6134015783608022,0.707650348364679
partial_occlusions,115,Tomato_Septoria_leaf_spot,Tomato_Septoria_leaf_spot/a7c9d081-6e31-4344-bfe4-6184a6b16df8___JR_Sept.L.S 2588.JPG,selected_dataset/partial_occlusions/115__Tomato_Septoria_leaf_spot__a7c9d081-6e31-4344-bfe4-6184a6b16df8_JR_Sept.L.S_2588.jpg,0.360076904296875,0.16475972540045766,0.22825872297839447,0.6755306526591474
partial_occlusions,116,Tomato_Spider_mites_Two_spotted_spider_mite,Tomato_Spider_mites_Two_spotted_spider_mite/6acdfc27-7fc5-47c9-bbe9-153ac4a3b797___Com.G_SpM_FL 9014.JPG,selected_dataset/partial_occlusions/116__Tomato_Spider_mites_Two_spotted_spider_mite__6acdfc27-7fc5-47c9-bbe9-153ac4a3b797_Com.G_SpM_FL_9014.jpg,0.389068603515625,0.27155070985959684,0.6523387787751048,0.6667072945209701
partial_occlusions,117,Tomato__Target_Spot,Tomato__Target_Spot/5e9d7d56-4b5c-46d1-b036-0c1a8a02245d___Com.G_TgS_FL 7990.JPG,selected_dataset/partial_occlusions/117__Tomato_Target_Spot__5e9d7d56-4b5c-46d1-b036-0c1a8a02245d_Com.G_TgS_FL_7990.jpg,0.4958038330078125,0.10876188717569939,0.6870053191162682,0.4173991794422333
partial_occlusions,118,Tomato__Tomato_YellowLeaf__Curl_Virus,Tomato__Tomato_YellowLeaf__Curl_Virus/2a67b51d-1ad6-4ab9-8a1d-db599f8593f3___YLCV_NREC 0081.JPG,selected_dataset/partial_occlusions/118__Tomato_Tomato_YellowLeaf_Curl_Virus__2a67b51d-1ad6-4ab9-8a1d-db599f8593f3_YLCV_NREC_0081.jpg,0.3765869140625,0.376418152350081,0.60288798355109,0.6537099057482154
partial_occlusions,119,Tomato__Tomato_mosaic_virus,Tomato__Tomato_mosaic_virus/67662638-1bfa-4ff6-8305-2d8544277ef0___PSU_CG 2222.JPG,selected_dataset/partial_occlusions/119__Tomato_Tomato_mosaic_virus__67662638-1bfa-4ff6-8305-2d8544277ef0_PSU_CG_2222.jpg,0.3783416748046875,0.12506553740673523,0.248571829264841,0.6740097397306185
partial_occlusions,120,Tomato_healthy,Tomato_healthy/7ce1f8c1-1542-4d7b-be27-11e29d572283___GH_HL Leaf 508.2.JPG,selected_dataset/partial_occlusions/120__Tomato_healthy__7ce1f8c1-1542-4d7b-be27-11e29d572283_GH_HL_Leaf_508.2.jpg,0.3071136474609375,0.27068117454166046,0.369117946742875,0.6621275845268539
partial_occlusions,121,Pepper__bell___Bacterial_spot,Pepper__bell___Bacterial_spot/b928cffb-f480-44a8-9b09-70ef158fdc7c___JR_B.Spot 3155.JPG,selected_dataset/partial_occlusions/121__Pepper_bell_Bacterial_spot__b928cffb-f480-44a8-9b09-70ef158fdc7c_JR_B.Spot_3155.jpg,0.3946533203125,0.38895762449737087,0.3652780768648197,0.3791698231549601
partial_occlusions,122,Pepper__bell___healthy,Pepper__bell___healthy/f822e8d5-6cb7-40ad-a6ce-b92105e7ce03___JR_HL 7905.JPG,selected_dataset/partial_occlusions/122__Pepper_bell_healthy__f822e8d5-6cb7-40ad-a6ce-b92105e7ce03_JR_HL_7905.jpg,0.383453369140625,0.30218861918026263,0.5566219481970562,0.34809182090964363
partial_occlusions,123,Potato___Early_blight,Potato___Early_blight/e9f9e200-b7ff-4a59-af32-b4faf3f27b17___RS_Early.B 8028.JPG,selected_dataset/partial_occlusions/123__Potato_Early_blight__e9f9e200-b7ff-4a59-af32-b4faf3f27b17_RS_Early.B_8028.jpg,0.436279296875,0.07736429770565192,0.8677744252136956,0.35770514032577116
partial_occlusions,124,Potato___Late_blight,Potato___Late_blight/e575421c-a9d4-4c0e-8027-b12fca1e3ac9___RS_LB 2806.JPG,selected_dataset/partial_occlusions/124__Potato_Late_blight__e575421c-a9d4-4c0e-8027-b12fca1e3ac9_RS_LB_2806.jpg,0.5348663330078125,0.015519356403160928,0.7142609085755827,0.3765922176421933
partial_occlusions,125,Potato___healthy,Potato___healthy/b9ea902d-e557-4fa5-893b-39a7a57c0121___RS_HL 1893.JPG,selected_dataset/partial_occlusions/125__Potato_healthy__b9ea902d-e557-4fa5-893b-39a7a57c0121_RS_HL_1893.jpg,0.487548828125,0.0,0.47497858390487724,0.26388739914681736
partial_occlusions,126,Tomato_Bacterial_spot,Tomato_Bacterial_spot/05777829-6912-44bb-bcef-901bc5190584___GCREC_Bact.Sp 6150.JPG,selected_dataset/partial_occlusions/126__Tomato_Bacterial_spot__05777829-6912-44bb-bcef-901bc5190584_GCREC_Bact.Sp_6150.jpg,0.46453857421875,0.21551044540796216,0.4362090375992762,0.4060231942303719
partial_occlusions,127,Tomato_Early_blight,Tomato_Early_blight/4e24576f-00c2-494f-b47b-b2b3885b4749___RS_Erly.B 8279.JPG,selected_dataset/partial_occlusions/127__Tomato_Early_blight__4e24576f-00c2-494f-b47b-b2b3885b4749_RS_Erly.B_8279.jpg,0.4393768310546875,0.5103316548011808,0.6609788988384535,0.6321425847010633
partial_occlusions,128,Tomato_Late_blight,Tomato_Late_blight/e0cf0b07-8ee9-406e-a7fb-5410ba7c84b7___GHLB2 Leaf 8630.JPG,selected_dataset/partial_occlusions/128__Tomato_Late_blight__e0cf0b07-8ee9-406e-a7fb-5410ba7c84b7_GHLB2_Leaf_8630.jpg,0.286651611328125,0.06355796870009582,0.13885942410348306,0.7573346652339393
partial_occlusions,129,Tomato_Leaf_Mold,Tomato_Leaf_Mold/60c13496-85a3-4c97-8242-d7c61bdd3a1f___Crnl_L.Mold 6936.JPG,selected_dataset/partial_occlusions/129__Tomato_Leaf_Mold__60c13496-85a3-4c97-8242-d7c61bdd3a1f_Crnl_L.Mold_6936.jpg,0.3828887939453125,0.22336906707049775,0.20875704823750313,0.7058517546439803
partial_occlusions,130,Tomato_Septoria_leaf_spot,Tomato_Septoria_leaf_spot/2c032ba1-d4fa-4a66-be5e-9e43a28ffbb9___JR_Sept.L.S 2701.JPG,selected_dataset/partial_occlusions/130__Tomato_Septoria_leaf_spot__2c032ba1-d4fa-4a66-be5e-9e43a28ffbb9_JR_Sept.L.S_2701.jpg,0.3468475341796875,0.24433592890765915,0.3730078919812305,0.6689348129108207
partial_occlusions,131,Tomato_Spider_mites_Two_spotted_spider_mite,Tomato_Spider_mites_Two_spotted_spider_mite/6b769652-dc4d-43ba-b6e1-b1b0da57a9fc___Com.G_SpM_FL 8677.JPG,selected_dataset/partial_occlusions/131__Tomato_Spider_mites_Two_spotted_spider_mite__6b769652-dc4d-43ba-b6e1-b1b0da57a9fc_Com.G_SpM_FL_8677.jpg,0.398040771484375,0.2684965115387564,0.6806676067000801,0.6667041442899609
partial_occlusions,132,Tomato__Target_Spot,Tomato__Target_Spot/c60898be-3a20-4132-a973-aa270bf8e692___Com.G_TgS_FL 7961.JPG,selected_dataset/partial_occlusions/132__Tomato_Target_Spot__c60898be-3a20-4132-a973-aa270bf8e692_Com.G_TgS_FL_7961.jpg,0.456451416015625,0.1200775556595574,0.743026044461904,0.412401866629835
partial_occlusions,133,Tomato__Tomato_YellowLeaf__Curl_Virus,Tomato__Tomato_YellowLeaf__Curl_Virus/1559bd4d-251e-4568-9e25-08c1e8fa3674___YLCV_NREC 2384.JPG,selected_dataset/partial_occlusions/133__Tomato_Tomato_YellowLeaf_Curl_Virus__1559bd4d-251e-4568-9e25-08c1e8fa3674_YLCV_NREC_2384.jpg,0.391357421875,0.4378509045539613,0.6807739556613875,0.6527049899194848
partial_occlusions,134,Tomato__Tomato_mosaic_virus,Tomato__Tomato_mosaic_virus/8a398af5-59cc-4d7e-9de9-07c5a5bb2cf3___PSU_CG 2116.JPG,selected_dataset/partial_occlusions/134__Tomato_Tomato_mosaic_virus__8a398af5-59cc-4d7e-9de9-07c5a5bb2cf3_PSU_CG_2116.jpg,0.32135009765625,0.09131054131054131,0.5248376825848228,0.6695352571734411
partial_occlusions,135,Tomato_healthy,Tomato_healthy/16ed4e23-5218-4e8b-85df-86a7069a675d___GH_HL Leaf 519.1.JPG,selected_dataset/partial_occlusions/135__Tomato_healthy__16ed4e23-5218-4e8b-85df-86a7069a675d_GH_HL_Leaf_519.1.jpg,0.310302734375,0.17215774980330448,0.4265863887433471,0.6607461709138126
partial_occlusions,136,Pepper__bell___Bacterial_spot,Pepper__bell___Bacterial_spot/ecb3abf1-f826-4c7a-9ee6-e4f112a6cb9f___JR_B.Spot 3154.JPG,selected_dataset/partial_occlusions/136__Pepper_bell_Bacterial_spot__ecb3abf1-f826-4c7a-9ee6-e4f112a6cb9f_JR_B.Spot_3154.jpg,0.4013214111328125,0.3398730086308505,0.44966964019228484,0.3789106965679335
partial_occlusions,137,Pepper__bell___healthy,Pepper__bell___healthy/0de13a24-e542-45a2-be5a-8db7d8d858db___JR_HL 5982.JPG,selected_dataset/partial_occlusions/137__Pepper_bell_healthy__0de13a24-e542-45a2-be5a-8db7d8d858db_JR_HL_5982.jpg,0.331787109375,0.04989882266372333,0.30953606103964426,0.344989021503298
partial_occlusions,138,Potato___Early_blight,Potato___Early_blight/5755142f-0cba-45b7-a563-beb1bf6db374___RS_Early.B 8321.JPG,selected_dataset/partial_occlusions/138__Potato_Early_blight__5755142f-0cba-45b7-a563-beb1bf6db374_RS_Early.B_8321.jpg,0.39013671875,0.09539267834793493,0.8515327923995828,0.3574753166878739
partial_occlusions,139,Potato___Late_blight,Potato___Late_blight/29bfc55a-8cb2-4938-b0b5-5e2748fd1a22___RS_LB 5070.JPG,selected_dataset/partial_occlusions/139__Potato_Late_blight__29bfc55a-8cb2-4938-b0b5-5e2748fd1a22_RS_LB_5070.jpg,0.4167938232421875,0.04177192019037159,0.6384323725448029,0.35933063547034627
partial_occlusions,140,Potato___healthy,Potato___healthy/413bc2e9-eb2a-48fd-ba65-48b5121fd85c___RS_HL 4200.JPG,selected_dataset/partial_occlusions/140__Potato_healthy__413bc2e9-eb2a-48fd-ba65-48b5121fd85c_RS_HL_4200.jpg,0.4802703857421875,0.0,0.5021130834505741,0.26203139158521926
partial_occlusions,141,Tomato_Bacterial_spot,Tomato_Bacterial_spot/c95ec538-9ce6-4ed7-9ba8-224debe0ee64___UF.GRC_BS_Lab Leaf 0891.JPG,selected_dataset/partial_occlusions/141__Tomato_Bacterial_spot__c95ec538-9ce6-4ed7-9ba8-224debe0ee64_UF.GRC_BS_Lab_Leaf_0891.jpg,0.6258697509765625,0.2575761269717434,0.20284908029686183,0.40277389054269264
partial_occlusions,142,Tomato_Early_blight,Tomato_Early_blight/93dd10f7-791e-4c52-a8d0-f9196cafaecb___RS_Erly.B 8284.JPG,selected_dataset/partial_occlusions/142__Tomato_Early_blight__93dd10f7-791e-4c52-a8d0-f9196cafaecb_RS_Erly.B_8284.jpg,0.49249267578125,0.1744020324699467,0.6997661123599832,0.6257670421230505
partial_occlusions,143,Tomato_Late_blight,Tomato_Late_blight/bf89b543-1d30-4648-8b4a-bb8d1f2f913a___GHLB2 Leaf 8606.JPG,selected_dataset/partial_occlusions/143__Tomato_Late_blight__bf89b543-1d30-4648-8b4a-bb8d1f2f913a_GHLB2_Leaf_8606.jpg,0.3258056640625,0.08289621581116523,0.12565168332877022,0.7570344914503839
partial_occlusions,144,Tomato_Leaf_Mold,Tomato_Leaf_Mold/5362725f-e508-4dcf-bdcd-fb08c37630e1___Crnl_L.Mold 9114.JPG,selected_dataset/partial_occlusions/144__Tomato_Leaf_Mold__5362725f-e508-4dcf-bdcd-fb08c37630e1_Crnl_L.Mold_9114.jpg,0.3757171630859375,0.05027819518336515,0.5868428567065415,0.705650171544977
partial_occlusions,145,Tomato_Septoria_leaf_spot,Tomato_Septoria_leaf_spot/25f7a39f-7fef-4f5d-af4f-cf21934f516a___JR_Sept.L.S 2493.JPG,selected_dataset/partial_occlusions/145__Tomato_Septoria_leaf_spot__25f7a39f-7fef-4f5d-af4f-cf21934f516a_JR_Sept.L.S_2493.jpg,0.3764190673828125,0.5435161538773359,0.46752651890784297,0.6685058644253281
partial_occlusions,146,Tomato_Spider_mites_Two_spotted_spider_mite,Tomato_Spider_mites_Two_spotted_spider_mite/6bbc0d44-dffc-49fe-873e-9dae229ce2e4___Com.G_SpM_FL 9497.JPG,selected_dataset/partial_occlusions/146__Tomato_Spider_mites_Two_spotted_spider_mite__6bbc0d44-dffc-49fe-873e-9dae229ce2e4_Com.G_SpM_FL_9497.jpg,0.3536834716796875,0.08093532939298503,0.3532023083143506,0.6663162521856827
partial_occlusions,147,Tomato__Target_Spot,Tomato__Target_Spot/40ddbdb5-e7fa-4e8a-b36b-5745ab45c89c___Com.G_TgS_FL 0826.JPG,selected_dataset/partial_occlusions/147__Tomato_Target_Spot__40ddbdb5-e7fa-4e8a-b36b-5745ab45c89c_Com.G_TgS_FL_0826.jpg,0.4681243896484375,0.18110107891391505,0.7771902945325719,0.4039553378892355
partial_occlusions,148,Tomato__Tomato_YellowLeaf__Curl_Virus,Tomato__Tomato_YellowLeaf__Curl_Virus/0aa5f107-5a75-4679-a316-634a840660fe___YLCV_NREC 2657.JPG,selected_dataset/partial_occlusions/148__Tomato_Tomato_YellowLeaf_Curl_Virus__0aa5f107-5a75-4679-a316-634a840660fe_YLCV_NREC_2657.jpg,0.35137939453125,0.28222164321695326,0.7466409770509882,0.6525207129652125
partial_occlusions,149,Tomato__Tomato_mosaic_virus,Tomato__Tomato_mosaic_virus/696758e5-0f10-4599-b596-e9e7566c4791___PSU_CG 2062.JPG,selected_dataset/partial_occlusions/149__Tomato_Tomato_mosaic_virus__696758e5-0f10-4599-b596-e9e7566c4791_PSU_CG_2062.jpg,0.336029052734375,0.22990645717918445,0.6047671512010666,0.6613248987064686
partial_occlusions,150,Tomato_healthy,Tomato_healthy/b0bf12cb-8868-4762-bd27-8cb3ebf69594___GH_HL Leaf 512.1.JPG,selected_dataset/partial_occlusions/150__Tomato_healthy__b0bf12cb-8868-4762-bd27-8cb3ebf69594_GH_HL_Leaf_512.1.jpg,0.32476806640625,0.23792520202969367,0.5002487949777664,0.6536363398883431
partial_occlusions,151,Pepper__bell___Bacterial_spot,Pepper__bell___Bacterial_spot/e4e7e5a2-5aa1-4378-833d-9142358c7c9b___JR_B.Spot 9092.JPG,selected_dataset/partial_occlusions/151__Pepper_bell_Bacterial_spot__e4e7e5a2-5aa1-4378-833d-9142358c7c9b_JR_B.Spot_9092.jpg,0.4267120361328125,0.08850348650098337,0.40920971899317116,0.37147810306049384
partial_occlusions,152,Pepper__bell___healthy,Pepper__bell___healthy/fe682576-9a9b-40c9-a875-62af05d3bc1e___JR_HL 7984.JPG,selected_dataset/partial_occlusions/152__Pepper_bell_healthy__fe682576-9a9b-40c9-a875-62af05d3bc1e_JR_HL_7984.jpg,0.43829345703125,0.10792368750870353,0.38826825977959734,0.3392777941866032
partial_occlusions,153,Potato___Early_blight,Potato___Early_blight/c53d85d7-bddb-422b-955c-6842cce9a927___RS_Early.B 7253.JPG,selected_dataset/partial_occlusions/153__Potato_Early_blight__c53d85d7-bddb-422b-955c-6842cce9a927_RS_Early.B_7253.jpg,0.3796539306640625,0.07764961215385234,0.8344938263828372,0.3540380397514197
partial_occlusions,154,Potato___Late_blight,Potato___Late_blight/b89a9e11-b184-4b4d-bc56-5f27a2626982___RS_LB 2512.JPG,selected_dataset/partial_occlusions/154__Potato_Late_blight__b89a9e11-b184-4b4d-bc56-5f27a2626982_RS_LB_2512.jpg,0.5191802978515625,0.11221160911094784,0.5490196988074005,0.35360351456405364
partial_occlusions,155,Potato___healthy,Potato___healthy/b4031970-60ea-4739-9fed-6c81be1bad1c___RS_HL 1752.JPG,selected_dataset/partial_occlusions/155__Potato_healthy__b4031970-60ea-4739-9fed-6c81be1bad1c_RS_HL_1752.jpg,0.4315032958984375,0.03872131263481735,0.507573604661067,0.2568665471299863
partial_occlusions,156,Tomato_Bacterial_spot,Tomato_Bacterial_spot/4913ff90-0ca7-43b5-a157-a8ab19e43f12___UF.GRC_BS_Lab Leaf 0537.JPG,selected_dataset/partial_occlusions/156__Tomato_Bacterial_spot__4913ff90-0ca7-43b5-a157-a8ab19e43f12_UF.GRC_BS_Lab_Leaf_0537.jpg,0.3741607666015625,0.028424615635577667,0.19672824312595336,0.39737579118200317
partial_occlusions,157,Tomato_Early_blight,Tomato_Early_blight/3f35dad7-734b-46ee-8193-09fd3c8562ff___RS_Erly.B 7600.JPG,selected_dataset/partial_occlusions/157__Tomato_Early_blight__3f35dad7-734b-46ee-8193-09fd3c8562ff_RS_Erly.B_7600.jpg,0.347625732421875,0.5901588973751207,0.3479271066039238,0.6219126869064572
partial_occlusions,158,Tomato_Late_blight,Tomato_Late_blight/cf21ccf7-0ad0-44cb-b541-a03d3921afcf___GHLB2 Leaf 8798.JPG,selected_dataset/partial_occlusions/158__Tomato_Late_blight__cf21ccf7-0ad0-44cb-b541-a03d3921afcf_GHLB2_Leaf_8798.jpg,0.31640625,0.3350694444444444,0.21904072908576971,0.7544941431048713
partial_occlusions,159,Tomato_Leaf_Mold,Tomato_Leaf_Mold/7d097c24-0e8a-44c2-8ef5-722c26ad718f___Crnl_L.Mold 8964.JPG,selected_dataset/partial_occlusions/159__Tomato_Leaf_Mold__7d097c24-0e8a-44c2-8ef5-722c26ad718f_Crnl_L.Mold_8964.jpg,0.367095947265625,0.09576855931498877,0.15634168111358263,0.6979784202198709
partial_occlusions,160,Tomato_Septoria_leaf_spot,Tomato_Septoria_leaf_spot/da1f93df-82fb-47a9-9582-d2dadb97a2a0___JR_Sept.L.S 2649.JPG,selected_dataset/partial_occlusions/160__Tomato_Septoria_leaf_spot__da1f93df-82fb-47a9-9582-d2dadb97a2a0_JR_Sept.L.S_2649.jpg,0.335601806640625,0.10925707011003001,0.7179724939713554,0.6665329674390352
partial_occlusions,161,Tomato_Spider_mites_Two_spotted_spider_mite,Tomato_Spider_mites_Two_spotted_spider_mite/fbba5b32-e839-4253-927c-091963977c55___Com.G_SpM_FL 8930.JPG,selected_dataset/partial_occlusions/161__Tomato_Spider_mites_Two_spotted_spider_mite__fbba5b32-e839-4253-927c-091963977c55_Com.G_SpM_FL_8930.jpg,0.326385498046875,0.25694249649368867,0.671675562290332,0.6643740138994894
partial_occlusions,162,Tomato__Target_Spot,Tomato__Target_Spot/54ee234a-85b3-4275-a4a8-8d0d81f70f31___Com.G_TgS_FL 7960.JPG,selected_dataset/partial_occlusions/162__Tomato_Target_Spot__54ee234a-85b3-4275-a4a8-8d0d81f70f31_Com.G_TgS_FL_7960.jpg,0.4637298583984375,0.372939357046494,0.7312127306222452,0.40120280562324306
partial_occlusions,163,Tomato__Tomato_YellowLeaf__Curl_Virus,Tomato__Tomato_YellowLeaf__Curl_Virus/109e896c-55e4-4e8e-a8eb-5d80e71e627f___UF.GRC_YLCV_Lab 09519.JPG,selected_dataset/partial_occlusions/163__Tomato_Tomato_YellowLeaf_Curl_Virus__109e896c-55e4-4e8e-a8eb-5d80e71e627f_UF.GRC_YLCV_Lab_09519.jpg,0.332794189453125,0.28340210912425495,0.21644798394564427,0.6516480273008909
partial_occlusions,164,Tomato__Tomato_mosaic_virus,Tomato__Tomato_mosaic_virus/d9812306-9ab7-4c41-8c08-0aaaa0a9db5f___PSU_CG 2056.JPG,selected_dataset/partial_occlusions/164__Tomato_Tomato_mosaic_virus__d9812306-9ab7-4c41-8c08-0aaaa0a9db5f_PSU_CG_2056.jpg,0.342498779296875,0.06936647955092222,0.7060633217601808,0.6510062464461652
partial_occlusions,165,Tomato_healthy,Tomato_healthy/e2991a66-412d-4841-8dc0-524e38338a82___GH_HL Leaf 517.1.JPG,selected_dataset/partial_occlusions/165__Tomato_healthy__e2991a66-412d-4841-8dc0-524e38338a82_GH_HL_Leaf_517.1.jpg,0.3327789306640625,0.0807464808106745,0.520553966896357,0.6512785651480184
partial_occlusions,166,Pepper__bell___Bacterial_spot,Pepper__bell___Bacterial_spot/0576dd21-3958-46a5-ab99-f9865371bd1a___NREC_B.Spot 1957.JPG,selected_dataset/partial_occlusions/166__Pepper_bell_Bacterial_spot__0576dd21-3958-46a5-ab99-f9865371bd1a_NREC_B.Spot_1957.jpg,0.3928375244140625,0.32884055156341035,0.6040638883328281,0.3712658177869143
partial_occlusions,167,Pepper__bell___healthy,Pepper__bell___healthy/974b8791-d05c-42cf-91bf-4bd0684ecc28___JR_HL 7891.JPG,selected_dataset/partial_occlusions/167__Pepper_bell_healthy__974b8791-d05c-42cf-91bf-4bd0684ecc28_JR_HL_7891.jpg,0.4033050537109375,0.19980326132193257,0.6126369047227531,0.3378521637433537
partial_occlusions,168,Potato___Early_blight,Potato___Early_blight/4a7c680d-9c18-4065-a6e0-70cd2d0a3207___RS_Early.B 8107.JPG,selected_dataset/partial_occlusions/168__Potato_Early_blight__4a7c680d-9c18-4065-a6e0-70cd2d0a3207_RS_Early.B_8107.jpg,0.40496826171875,0.2343632253202713,0.8343016850761875,0.351803844690874
partial_occlusions,169,Potato___Late_blight,Potato___Late_blight/dc289122-aa0d-454b-b617-16824440fce4___RS_LB 2959.JPG,selected_dataset/partial_occlusions/169__Potato_Late_blight__dc289122-aa0d-454b-b617-16824440fce4_RS_LB_2959.jpg,0.3861083984375,0.1760591210875751,0.6524312951633475,0.35275633170761944
partial_occlusions,170,Potato___healthy,Potato___healthy/9c620128-2872-4bbb-bc14-d5b785242cf6___RS_HL 1751.JPG,selected_dataset/partial_occlusions/170__Potato_healthy__9c620128-2872-4bbb-bc14-d5b785242cf6_RS_HL_1751.jpg,0.54620361328125,0.12255559280366521,0.4727192102563128,0.25675866488037014
partial_occlusions,171,Tomato_Bacterial_spot,Tomato_Bacterial_spot/b433dcf3-c57d-4f5e-9116-5aaeecbaef01___GCREC_Bact.Sp 3715.JPG,selected_dataset/partial_occlusions/171__Tomato_Bacterial_spot__b433dcf3-c57d-4f5e-9116-5aaeecbaef01_GCREC_Bact.Sp_3715.jpg,0.3935394287109375,0.15129308673568298,0.6103406012050498,0.397104554493131
partial_occlusions,172,Tomato_Early_blight,Tomato_Early_blight/61f57acc-088f-45e0-b0b5-860120082ae9___RS_Erly.B 7388.JPG,selected_dataset/partial_occlusions/172__Tomato_Early_blight__61f57acc-088f-45e0-b0b5-860120082ae9_RS_Erly.B_7388.jpg,0.4636383056640625,0.31449728484449563,0.28444938200211134,0.6206490112917825
partial_occlusions,173,Tomato_Late_blight,Tomato_Late_blight/2f08688f-f6ea-4772-bfa3-5a995e38988c___GHLB2 Leaf 8827.JPG,selected_dataset/partial_occlusions/173__Tomato_Late_blight__2f08688f-f6ea-4772-bfa3-5a995e38988c_GHLB2_Leaf_8827.jpg,0.3032379150390625,0.03230513762391184,0.16337549402212942,0.7530239984253685
partial_occlusions,174,Tomato_Leaf_Mold,Tomato_Leaf_Mold/cb88247d-9a2a-4cd9-888a-76d799436f10___Crnl_L.Mold 7125.JPG,selected_dataset/partial_occlusions/174__Tomato_Leaf_Mold__cb88247d-9a2a-4cd9-888a-76d799436f10_Crnl_L.Mold_7125.jpg,0.3361053466796875,0.05098288464157625,0.1226104827420189,0.6911287590019295
partial_occlusions,175,Tomato_Septoria_leaf_spot,Tomato_Septoria_leaf_spot/57364d0e-48f0-49e4-89a3-5a697c6efa5b___Keller.St_CG 1813.JPG,selected_dataset/partial_occlusions/175__Tomato_Septoria_leaf_spot__57364d0e-48f0-49e4-89a3-5a697c6efa5b_Keller.St_CG_1813.jpg,0.37652587890625,0.055762684389690384,0.4529960097623974,0.6650205039525692
partial_occlusions,176,Tomato_Spider_mites_Two_spotted_spider_mite,Tomato_Spider_mites_Two_spotted_spider_mite/f41b78aa-281c-416f-9d9b-4a5a3d9f20fc___Com.G_SpM_FL 9012.JPG,selected_dataset/partial_occlusions/176__Tomato_Spider_mites_Two_spotted_spider_mite__f41b78aa-281c-416f-9d9b-4a5a3d9f20fc_Com.G_SpM_FL_9012.jpg,0.33282470703125,0.3205116449660737,0.7100035880940612,0.662943238985116
partial_occlusions,177,Tomato__Target_Spot,Tomato__Target_Spot/5b9d911c-97d2-4a47-99d1-356dd365e213___Com.G_TgS_FL 8073.JPG,selected_dataset/partial_occlusions/177__Tomato_Target_Spot__5b9d911c-97d2-4a47-99d1-356dd365e213_Com.G_TgS_FL_8073.jpg,0.39752197265625,0.19503301090127437,0.7325701206981899,0.39321771101607933
partial_occlusions,178,Tomato__Tomato_YellowLeaf__Curl_Virus,Tomato__Tomato_YellowLeaf__Curl_Virus/1977e58e-440d-4331-b1e3-d7a7a7af587f___UF.GRC_YLCV_Lab 01404.JPG,selected_dataset/partial_occlusions/178__Tomato_Tomato_YellowLeaf_Curl_Virus__1977e58e-440d-4331-b1e3-d7a7a7af587f_UF.GRC_YLCV_Lab_01404.jpg,0.514984130859375,0.25333333333333335,0.23148178988029286,0.6423379843650985
partial_occlusions,179,Tomato__Tomato_mosaic_virus,Tomato__Tomato_mosaic_virus/bfe4e207-18c5-46cb-9022-0a94c6826f81___PSU_CG 2234.JPG,selected_dataset/partial_occlusions/179__Tomato_Tomato_mosaic_virus__bfe4e207-18c5-46cb-9022-0a94c6826f81_PSU_CG_2234.jpg,0.3449554443359375,0.10607334011589331,0.11189301147554784,0.6471881571350319
partial_occlusions,180,Tomato_healthy,Tomato_healthy/be5a8881-cc33-42c0-adc7-52d2380a9902___GH_HL Leaf 505.4.JPG,selected_dataset/partial_occlusions/180__Tomato_healthy__be5a8881-cc33-42c0-adc7-52d2380a9902_GH_HL_Leaf_505.4.jpg,0.307373046875,0.09476767275615568,0.4769294191769681,0.6343433156574485
partial_occlusions,181,Pepper__bell___Bacterial_spot,Pepper__bell___Bacterial_spot/e973e4ca-1670-4fa7-9206-49046080d897___NREC_B.Spot 1831.JPG,selected_dataset/partial_occlusions/181__Pepper_bell_Bacterial_spot__e973e4ca-1670-4fa7-9206-49046080d897_NREC_B.Spot_1831.jpg,0.379119873046875,0.18083393705224182,0.7205279753774743,0.37019270143437094
partial_occlusions,182,Pepper__bell___healthy,Pepper__bell___healthy/60e7a859-d177-4fcb-aec8-352d2eab0791___JR_HL 5922.JPG,selected_dataset/partial_occlusions/182__Pepper_bell_healthy__60e7a859-d177-4fcb-aec8-352d2eab0791_JR_HL_5922.jpg,0.3783416748046875,0.14660213752772736,0.3444071945079418,0.3377179255964541
partial_occlusions,183,Potato___Early_blight,Potato___Early_blight/3ec5894d-dcc2-4276-ba28-0048b6d5605a___RS_Early.B 8027.JPG,selected_dataset/partial_occlusions/183__Potato_Early_blight__3ec5894d-dcc2-4276-ba28-0048b6d5605a_RS_Early.B_8027.jpg,0.430328369140625,0.11711935323735906,0.8786400202663582,0.35040898798469233
partial_occlusions,184,Potato___Late_blight,Potato___Late_blight/8eb5691c-0098-45f6-a782-e297ed340bc0___RS_LB 4153.JPG,selected_dataset/partial_occlusions/184__Potato_Late_blight__8eb5691c-0098-45f6-a782-e297ed340bc0_RS_LB_4153.jpg,0.3952789306640625,0.14313839027214822,0.4687281909739133,0.34996070415122293
partial_occlusions,185,Potato___healthy,Potato___healthy/3c0d6888-c7e1-4cf8-9c25-9a0b8c62ba72___RS_HL 1780.JPG,selected_dataset/partial_occlusions/185__Potato_healthy__3c0d6888-c7e1-4cf8-9c25-9a0b8c62ba72_RS_HL_1780.jpg,0.5290985107421875,0.08870944484498919,0.312588801086023,0.25539843130141165
partial_occlusions,186,Tomato_Bacterial_spot,Tomato_Bacterial_spot/095f2dd4-7e65-44ab-a867-c5d9634ec532___GCREC_Bact.Sp 3801.JPG,selected_dataset/partial_occlusions/186__Tomato_Bacterial_spot__095f2dd4-7e65-44ab-a867-c5d9634ec532_GCREC_Bact.Sp_3801.jpg,0.56610107421875,0.36921832884097033,0.3167827802152141,0.39709742757452415
partial_occlusions,187,Tomato_Early_blight,Tomato_Early_blight/dc4e5770-ed70-4ff3-b61d-a6296faae7e1___RS_Erly.B 7568.JPG,selected_dataset/partial_occlusions/187__Tomato_Early_blight__dc4e5770-ed70-4ff3-b61d-a6296faae7e1_RS_Erly.B_7568.jpg,0.407806396484375,0.961760083813515,0.48159259159592205,0.6199976224644778
partial_occlusions,188,Tomato_Late_blight,Tomato_Late_blight/2bf70a8f-ba33-4405-89d2-8135dbea2b9d___GHLB2 Leaf 9064.JPG,selected_dataset/partial_occlusions/188__Tomato_Late_blight__2bf70a8f-ba33-4405-89d2-8135dbea2b9d_GHLB2_Leaf_9064.jpg,0.2219085693359375,0.10383002131609709,0.214528567847106,0.751253500446396
partial_occlusions,189,Tomato_Leaf_Mold,Tomato_Leaf_Mold/d9fdbaad-4cf2-4214-bd39-5f640f517260___Crnl_L.Mold 7051.JPG,selected_dataset/partial_occlusions/189__Tomato_Leaf_Mold__d9fdbaad-4cf2-4214-bd39-5f640f517260_Crnl_L.Mold_7051.jpg,0.361724853515625,0.017084282460136675,0.08393281838414157,0.6856439267534051
partial_occlusions,190,Tomato_Septoria_leaf_spot,Tomato_Septoria_leaf_spot/650abe19-6687-4d96-ad08-1c887b8c2a62___JR_Sept.L.S 8497.JPG,selected_dataset/partial_occlusions/190__Tomato_Septoria_leaf_spot__650abe19-6687-4d96-ad08-1c887b8c2a62_JR_Sept.L.S_8497.jpg,0.21417236328125,0.16450555713878598,0.4219897092640581,0.6628246923685811
partial_occlusions,191,Tomato_Spider_mites_Two_spotted_spider_mite,Tomato_Spider_mites_Two_spotted_spider_mite/54990f90-575c-4cfc-936d-6c898aeabc03___Com.G_SpM_FL 8948.JPG,selected_dataset/partial_occlusions/191__Tomato_Spider_mites_Two_spotted_spider_mite__54990f90-575c-4cfc-936d-6c898aeabc03_Com.G_SpM_FL_8948.jpg,0.372833251953125,0.17606613734959484,0.6728121563454958,0.6613513891153602
partial_occlusions,192,Tomato__Target_Spot,Tomato__Target_Spot/c5a754c4-01d8-4b53-bf8d-d71ffebb6dba___Com.G_TgS_FL 0959.JPG,selected_dataset/partial_occlusions/192__Tomato_Target_Spot__c5a754c4-01d8-4b53-bf8d-d71ffebb6dba_Com.G_TgS_FL_0959.jpg,0.523681640625,0.16497668997669,0.711970695643498,0.3902868099754902
partial_occlusions,193,Tomato__Tomato_YellowLeaf__Curl_Virus,Tomato__Tomato_YellowLeaf__Curl_Virus/8c919add-80cd-4c60-950e-1a34bf08928a___YLCV_NREC 2632.JPG,selected_dataset/partial_occlusions/193__Tomato_Tomato_YellowLeaf_Curl_Virus__8c919add-80cd-4c60-950e-1a34bf08928a_YLCV_NREC_2632.jpg,0.3883056640625,0.41201666142722415,0.7151146817006788,0.6415795209260495
partial_occlusions,194,Tomato__Tomato_mosaic_virus,Tomato__Tomato_mosaic_virus/5b9b782e-cabd-447c-b690-4b8a29bf7f7e___PSU_CG 2231.JPG,selected_dataset/partial_occlusions/194__Tomato_Tomato_mosaic_virus__5b9b782e-cabd-447c-b690-4b8a29bf7f7e_PSU_CG_2231.jpg,0.35345458984375,0.176567086858919,0.5996652928907656,0.6366577845577513
partial_occlusions,195,Tomato_healthy,Tomato_healthy/5d49f9d4-e27e-4220-933a-3bef2f44c437___GH_HL Leaf 502.3.JPG,selected_dataset/partial_occlusions/195__Tomato_healthy__5d49f9d4-e27e-4220-933a-3bef2f44c437_GH_HL_Leaf_502.3.jpg,0.34442138671875,0.16254651780967572,0.37852319702683346,0.6297653644683268
partial_occlusions,196,Pepper__bell___Bacterial_spot,Pepper__bell___Bacterial_spot/69e109a9-8cfb-427e-8e3c-f327edb59164___JR_B.Spot 9081.JPG,selected_dataset/partial_occlusions/196__Pepper_bell_Bacterial_spot__69e109a9-8cfb-427e-8e3c-f327edb59164_JR_B.Spot_9081.jpg,0.3448486328125,0.0836283185840708,0.219703137886985,0.3639689158660799
partial_occlusions,197,Pepper__bell___healthy,Pepper__bell___healthy/47299b1d-0dbc-4ecd-80c3-3c0561ad48d3___JR_HL 8889.JPG,selected_dataset/partial_occlusions/197__Pepper_bell_healthy__47299b1d-0dbc-4ecd-80c3-3c0561ad48d3_JR_HL_8889.jpg,0.4354095458984375,0.06630453828631505,0.5114056847528098,0.33591342911416544
partial_occlusions,198,Potato___Early_blight,Potato___Early_blight/769b00f1-f5cf-4dee-a2c6-6e97414450f6___RS_Early.B 9149.JPG,selected_dataset/partial_occlusions/198__Potato_Early_blight__769b00f1-f5cf-4dee-a2c6-6e97414450f6_RS_Early.B_9149.jpg,0.39776611328125,0.09348626668712598,0.8273417896348667,0.3478999190797518
partial_occlusions,199,Potato___Late_blight,Potato___Late_blight/5551d3fa-ed55-46df-8a35-b3c53ffdcd31___RS_LB 4138.JPG,selected_dataset/partial_occlusions/199__Potato_Late_blight__5551d3fa-ed55-46df-8a35-b3c53ffdcd31_RS_LB_4138.jpg,0.5384063720703125,0.09023664446648717,0.37349170134097764,0.3498106330400643
partial_occlusions,200,Potato___healthy,Potato___healthy/415ac4a2-8f16-4052-880e-1e1f208965f0___RS_HL 1884.JPG,selected_dataset/partial_occlusions/200__Potato_healthy__415ac4a2-8f16-4052-880e-1e1f208965f0_RS_HL_1884.jpg,0.513336181640625,0.020955947922240058,0.6587545148443139,0.2526971157955947
partial_occlusions,201,Tomato_Bacterial_spot,Tomato_Bacterial_spot/f9614f74-38f0-4ada-b73f-2a65ae1885c7___GCREC_Bact.Sp 3736.JPG,selected_dataset/partial_occlusions/201__Tomato_Bacterial_spot__f9614f74-38f0-4ada-b73f-2a65ae1885c7_GCREC_Bact.Sp_3736.jpg,0.67425537109375,0.01604508011224767,0.296723047214927,0.39648876480982576
partial_occlusions,202,Tomato_Early_blight,Tomato_Early_blight/ad302c48-1f27-43d8-b004-4ca61dfa61c1___RS_Erly.B 7566.JPG,selected_dataset/partial_occlusions/202__Tomato_Early_blight__ad302c48-1f27-43d8-b004-4ca61dfa61c1_RS_Erly.B_7566.jpg,0.4547271728515625,0.8526223952216369,0.5053761554049985,0.6193942936741416
partial_occlusions,203,Tomato_Late_blight,Tomato_Late_blight/56dfc698-989d-4515-b7de-1c2ac6283bb3___GHLB2 Leaf 8923.JPG,selected_dataset/partial_occlusions/203__Tomato_Late_blight__56dfc698-989d-4515-b7de-1c2ac6283bb3_GHLB2_Leaf_8923.jpg,0.23834228515625,0.28021766965428935,0.23131631148366547,0.7503733142877504
partial_occlusions,204,Tomato_Leaf_Mold,Tomato_Leaf_Mold/81ae49b5-40e6-41ac-add6-470a7b108f5b___Crnl_L.Mold 8794.JPG,selected_dataset/partial_occlusions/204__Tomato_Leaf_Mold__81ae49b5-40e6-41ac-add6-470a7b108f5b_Crnl_L.Mold_8794.jpg,0.279205322265625,0.17286042190403322,0.4641791131307481,0.6855016993984444
partial_occlusions,205,Tomato_Septoria_leaf_spot,Tomato_Septoria_leaf_spot/bfb5ed4d-3ab7-4b59-88be-d49f685be1c3___Matt.S_CG 0760.JPG,selected_dataset/partial_occlusions/205__Tomato_Septoria_leaf_spot__bfb5ed4d-3ab7-4b59-88be-d49f685be1c3_Matt.S_CG_0760.jpg,0.376739501953125,0.05350344268934792,0.2606626741358127,0.6596197546155917
partial_occlusions,206,Tomato_Spider_mites_Two_spotted_spider_mite,Tomato_Spider_mites_Two_spotted_spider_mite/bf965ea5-ef95-4a5d-b9aa-dbf80bdec1a0___Com.G_SpM_FL 8742.JPG,selected_dataset/partial_occlusions/206__Tomato_Spider_mites_Two_spotted_spider_mite__bf965ea5-ef95-4a5d-b9aa-dbf80bdec1a0_Com.G_SpM_FL_8742.jpg,0.38201904296875,0.1457900623102732,0.6558866858231638,0.6608186799692048
partial_occlusions,207,Tomato__Target_Spot,Tomato__Target_Spot/7bf463d5-e742-43d9-a0d3-08c07adeb456___Com.G_TgS_FL 0897.JPG,selected_dataset/partial_occlusions/207__Tomato_Target_Spot__7bf463d5-e742-43d9-a0d3-08c07adeb456_Com.G_TgS_FL_0897.jpg,0.4140777587890625,0.16446180491579762,0.7047804343712799,0.3894313723611337
partial_occlusions,208,Tomato__Tomato_YellowLeaf__Curl_Virus,Tomato__Tomato_YellowLeaf__Curl_Virus/4ebe0762-d421-4a65-ae3b-2ecfe863a88a___YLCV_NREC 2429.JPG,selected_dataset/partial_occlusions/208__Tomato_Tomato_YellowLeaf_Curl_Virus__4ebe0762-d421-4a65-ae3b-2ecfe863a88a_YLCV_NREC_2429.jpg,0.3871307373046875,0.5587087619723307,0.6539023757613034,0.6311360588951723
partial_occlusions,209,Tomato__Tomato_mosaic_virus,Tomato__Tomato_mosaic_virus/da1583ac-e469-400a-9092-da870299fd35___PSU_CG 2071.JPG,selected_dataset/partial_occlusions/209__Tomato_Tomato_mosaic_virus__da1583ac-e469-400a-9092-da870299fd35_PSU_CG_2071.jpg,0.37591552734375,0.1016398766033447,0.40053581905095176,0.6293412250993474
partial_occlusions,210,Tomato_healthy,Tomato_healthy/2b14b93f-0664-4b7f-93fa-b7d3df03dc06___GH_HL Leaf 508.1.JPG,selected_dataset/partial_occlusions/210__Tomato_healthy__2b14b93f-0664-4b7f-93fa-b7d3df03dc06_GH_HL_Leaf_508.1.jpg,0.287261962890625,0.09784340805269308,0.585106724671496,0.6295450907488387
partial_occlusions,211,Pepper__bell___Bacterial_spot,Pepper__bell___Bacterial_spot/0ce74db6-be9b-4c43-a104-6a3f9bcd2de2___NREC_B.Spot 1827.JPG,selected_dataset/partial_occlusions/211__Pepper_bell_Bacterial_spot__0ce74db6-be9b-4c43-a104-6a3f9bcd2de2_NREC_B.Spot_1827.jpg,0.435699462890625,0.20042726062898367,0.5894337189086799,0.3626801197490454
partial_occlusions,212,Pepper__bell___healthy,Pepper__bell___healthy/79052190-9b72-4a0c-ae70-ac468d89b3fb___JR_HL 8150.JPG,selected_dataset/partial_occlusions/212__Pepper_bell_healthy__79052190-9b72-4a0c-ae70-ac468d89b3fb_JR_HL_8150.jpg,0.5359954833984375,0.03134341105132804,0.6312684845305508,0.3317072396284916
partial_occlusions,213,Potato___Early_blight,Potato___Early_blight/7ba072ea-9bb3-4b5e-8fff-82758ff3f722___RS_Early.B 8262.JPG,selected_dataset/partial_occlusions/213__Potato_Early_blight__7ba072ea-9bb3-4b5e-8fff-82758ff3f722_RS_Early.B_8262.jpg,0.3685302734375,0.21691785359390528,0.8931091367994759,0.34684801974238594
partial_occlusions,214,Potato___Late_blight,Potato___Late_blight/9a7d732b-12e2-400f-9206-068df63de1ba___RS_LB 2926.JPG,selected_dataset/partial_occlusions/214__Potato_Late_blight__9a7d732b-12e2-400f-9206-068df63de1ba_RS_LB_2926.jpg,0.380126953125,0.13302825947334618,0.5494906069881892,0.34701335018576557
partial_occlusions,215,Potato___healthy,Potato___healthy/57c2663b-5d1d-4476-b067-38b2149c3b2d___RS_HL 1796.JPG,selected_dataset/partial_occlusions/215__Potato_healthy__57c2663b-5d1d-4476-b067-38b2149c3b2d_RS_HL_1796.jpg,0.480255126953125,0.013820931562559573,0.6450334442515182,0.25258765807670885
partial_occlusions,216,Tomato_Bacterial_spot,Tomato_Bacterial_spot/30479f05-421c-4598-8e91-4e2c6722c450___UF.GRC_BS_Lab Leaf 0538.JPG,selected_dataset/partial_occlusions/216__Tomato_Bacterial_spot__30479f05-421c-4598-8e91-4e2c6722c450_UF.GRC_BS_Lab_Leaf_0538.jpg,0.392364501953125,0.02395582173135257,0.2014885891462329,0.3931910180649326
partial_occlusions,217,Tomato_Early_blight,Tomato_Early_blight/a7aac68f-92a8-42dd-ad5b-662c172fa594___RS_Erly.B 7579.JPG,selected_dataset/partial_occlusions/217__Tomato_Early_blight__a7aac68f-92a8-42dd-ad5b-662c172fa594_RS_Erly.B_7579.jpg,0.464691162109375,0.23806396532475207,0.48086256419403794,0.6104821612796899
partial_occlusions,218,Tomato_Late_blight,Tomato_Late_blight/3d9cca85-96cf-4186-b863-933bbbbc8075___GHLB2 Leaf 117.4.JPG,selected_dataset/partial_occlusions/218__Tomato_Late_blight__3d9cca85-96cf-4186-b863-933bbbbc8075_GHLB2_Leaf_117.4.jpg,0.321990966796875,0.11851957160458725,0.2909364572205621,0.748239561579826
partial_occlusions,219,Tomato_Leaf_Mold,Tomato_Leaf_Mold/5d0e582a-7d32-4069-9987-468d87614c8f___Crnl_L.Mold 9138.JPG,selected_dataset/partial_occlusions/219__Tomato_Leaf_Mold__5d0e582a-7d32-4069-9987-468d87614c8f_Crnl_L.Mold_9138.jpg,0.3666839599609375,0.12808455744663144,0.2611831878569334,0.6825900385494139
partial_occlusions,220,Tomato_Septoria_leaf_spot,Tomato_Septoria_leaf_spot/4ff7ff02-1fce-4994-bea2-bc46bd60fa4f___JR_Sept.L.S 8501.JPG,selected_dataset/partial_occlusions/220__Tomato_Septoria_leaf_spot__4ff7ff02-1fce-4994-bea2-bc46bd60fa4f_JR_Sept.L.S_8501.jpg,0.223968505859375,0.16419130671753646,0.39405504735854235,0.651948285198556
partial_occlusions,221,Tomato_Spider_mites_Two_spotted_spider_mite,Tomato_Spider_mites_Two_spotted_spider_mite/a4f8db48-3677-438b-b06f-d1832dcefbd7___Com.G_SpM_FL 8982.JPG,selected_dataset/partial_occlusions/221__Tomato_Spider_mites_Two_spotted_spider_mite__a4f8db48-3677-438b-b06f-d1832dcefbd7_Com.G_SpM_FL_8982.jpg,0.388946533203125,0.34841114162416637,0.7081182418425024,0.6569283980660952
partial_occlusions,222,Tomato__Target_Spot,Tomato__Target_Spot/3057f7d1-30c6-4e73-a21d-ff0564649812___Com.G_TgS_FL 1083.JPG,selected_dataset/partial_occlusions/222__Tomato_Target_Spot__3057f7d1-30c6-4e73-a21d-ff0564649812_Com.G_TgS_FL_1083.jpg,0.4321441650390625,0.14745242046537904,0.7557525643368095,0.3886449936438922
partial_occlusions,223,Tomato__Tomato_YellowLeaf__Curl_Virus,Tomato__Tomato_YellowLeaf__Curl_Virus/6f917f56-2ce6-4055-8119-d3251c9c9236___UF.GRC_YLCV_Lab 09501.JPG,selected_dataset/partial_occlusions/223__Tomato_Tomato_YellowLeaf_Curl_Virus__6f917f56-2ce6-4055-8119-d3251c9c9236_UF.GRC_YLCV_Lab_09501.jpg,0.498291015625,0.08926384125428712,0.07851549902018376,0.6294786302511137
partial_occlusions,224,Tomato__Tomato_mosaic_virus,Tomato__Tomato_mosaic_virus/27000177-5a1d-4539-b78d-07a6f9a38089___PSU_CG 2168.JPG,selected_dataset/partial_occlusions/224__Tomato_Tomato_mosaic_virus__27000177-5a1d-4539-b78d-07a6f9a38089_PSU_CG_2168.jpg,0.377349853515625,0.062232106752931664,0.665639325566733,0.6237639457010598
partial_occlusions,225,Tomato_healthy,Tomato_healthy/7f7b6cff-3d29-45ad-a0df-56f568289be9___GH_HL Leaf 506.1.JPG,selected_dataset/partial_occlusions/225__Tomato_healthy__7f7b6cff-3d29-45ad-a0df-56f568289be9_GH_HL_Leaf_506.1.jpg,0.24237060546875,0.061382523293880636,0.4365556087983328,0.6286014746006041
partial_occlusions,226,Pepper__bell___Bacterial_spot,Pepper__bell___Bacterial_spot/30559581-e3ea-4ac4-8e8b-ff8bbc44b014___JR_B.Spot 8832.JPG,selected_dataset/partial_occlusions/226__Pepper_bell_Bacterial_spot__30559581-e3ea-4ac4-8e8b-ff8bbc44b014_JR_B.Spot_8832.jpg,0.35955810546875,0.12468171787472415,0.41935047980037105,0.3607955515304991
partial_occlusions,227,Pepper__bell___healthy,Pepper__bell___healthy/452dd2b2-6d8e-46d5-a791-6e693fd9354b___JR_HL 8887.JPG,selected_dataset/partial_occlusions/227__Pepper_bell_healthy__452dd2b2-6d8e-46d5-a791-6e693fd9354b_JR_HL_8887.jpg,0.4207916259765625,0.12198571273162417,0.6961211676519663,0.327981558240042
partial_occlusions,228,Potato___Early_blight,Potato___Early_blight/51bc94fe-ba23-4776-a9ec-727e55015acb___RS_Early.B 8267.JPG,selected_dataset/partial_occlusions/228__Potato_Early_blight__51bc94fe-ba23-4776-a9ec-727e55015acb_RS_Early.B_8267.jpg,0.4290771484375,0.08396159317211949,0.9343732766028172,0.34673362520852236
partial_occlusions,229,Potato___Late_blight,Potato___Late_blight/1ab62af3-c0a5-4fab-bb62-e06d6f7ddb59___RS_LB 2908.JPG,selected_dataset/partial_occlusions/229__Potato_Late_blight__1ab62af3-c0a5-4fab-bb62-e06d6f7ddb59_RS_LB_2908.jpg,0.385650634765625,0.18346917781118938,0.5885249740969956,0.3420473062498266
partial_occlusions,230,Potato___healthy,Potato___healthy/1ae826e2-5148-47bd-a44c-711ec9cc9c75___RS_HL 1954.JPG,selected_dataset/partial_occlusions/230__Potato_healthy__1ae826e2-5148-47bd-a44c-711ec9cc9c75_RS_HL_1954.jpg,0.5096893310546875,0.009430290692452773,0.6270724331290992,0.25164045865809254
partial_occlusions,231,Tomato_Bacterial_spot,Tomato_Bacterial_spot/4bd24403-eb33-4848-b47e-39e4d48333fa___GCREC_Bact.Sp 3713.JPG,selected_dataset/partial_occlusions/231__Tomato_Bacterial_spot__4bd24403-eb33-4848-b47e-39e4d48333fa_GCREC_Bact.Sp_3713.jpg,0.3735198974609375,0.17623268924384167,0.35990751051919245,0.3926635524570763
partial_occlusions,232,Tomato_Early_blight,Tomato_Early_blight/f33995ae-6456-476c-b832-4ff4cbaf49f7___RS_Erly.B 7525.JPG,selected_dataset/partial_occlusions/232__Tomato_Early_blight__f33995ae-6456-476c-b832-4ff4cbaf49f7_RS_Erly.B_7525.jpg,0.3840484619140625,0.08824347411498272,0.25911959173592436,0.6100735245479796
partial_occlusions,233,Tomato_Late_blight,Tomato_Late_blight/0b6caac4-cc62-4c46-9de4-1815a0aa6dbe___GHLB2 Leaf 8799.JPG,selected_dataset/partial_occlusions/233__Tomato_Late_blight__0b6caac4-cc62-4c46-9de4-1815a0aa6dbe_GHLB2_Leaf_8799.jpg,0.26727294921875,0.1650490979675725,0.19045500565493376,0.7468552231218691
partial_occlusions,234,Tomato_Leaf_Mold,Tomato_Leaf_Mold/c66db186-88ba-48d5-aa14-41eaa4d172bd___Crnl_L.Mold 9079.JPG,selected_dataset/partial_occlusions/234__Tomato_Leaf_Mold__c66db186-88ba-48d5-aa14-41eaa4d172bd_Crnl_L.Mold_9079.jpg,0.386016845703125,0.12060241916357024,0.6524185824988185,0.675289449479899
partial_occlusions,235,Tomato_Septoria_leaf_spot,Tomato_Septoria_leaf_spot/56d9c252-fe48-4a39-8264-8bfce1f8ba2a___JR_Sept.L.S 2562.JPG,selected_dataset/partial_occlusions/235__Tomato_Septoria_leaf_spot__56d9c252-fe48-4a39-8264-8bfce1f8ba2a_JR_Sept.L.S_2562.jpg,0.3649444580078125,0.12907137182757034,0.5656408082096095,0.6504335932754584
partial_occlusions,236,Tomato_Spider_mites_Two_spotted_spider_mite,Tomato_Spider_mites_Two_spotted_spider_mite/0d835caf-0069-4fa5-a022-c8cc7763189c___Com.G_SpM_FL 8917.JPG,selected_dataset/partial_occlusions/236__Tomato_Spider_mites_Two_spotted_spider_mite__0d835caf-0069-4fa5-a022-c8cc7763189c_Com.G_SpM_FL_8917.jpg,0.38818359375,0.4409198113207547,0.7028153351471096,0.6542696941369137
partial_occlusions,237,Tomato__Target_Spot,Tomato__Target_Spot/f561f1f2-8d07-4cfc-b380-ccc3c303f5af___Com.G_TgS_FL 8209.JPG,selected_dataset/partial_occlusions/237__Tomato_Target_Spot__f561f1f2-8d07-4cfc-b380-ccc3c303f5af_Com.G_TgS_FL_8209.jpg,0.392913818359375,0.35036893203883496,0.6241911034393662,0.3850465752402204
partial_occlusions,238,Tomato__Tomato_YellowLeaf__Curl_Virus,Tomato__Tomato_YellowLeaf__Curl_Virus/09ea6962-1c6a-46c5-9948-013f8f7ee101___YLCV_NREC 2808.JPG,selected_dataset/partial_occlusions/238__Tomato_Tomato_YellowLeaf_Curl_Virus__09ea6962-1c6a-46c5-9948-013f8f7ee101_YLCV_NREC_2808.jpg,0.3519439697265625,0.35460654671580316,0.5952634061521054,0.6120454526195378
partial_occlusions,239,Tomato__Tomato_mosaic_virus,Tomato__Tomato_mosaic_virus/e1693a70-df15-4743-829a-67f593d1e381___PSU_CG 2110.JPG,selected_dataset/partial_occlusions/239__Tomato_Tomato_mosaic_virus__e1693a70-df15-4743-829a-67f593d1e381_PSU_CG_2110.jpg,0.3291778564453125,0.13187781022574516,0.3665746646728221,0.6235943412685521
partial_occlusions,240,Tomato_healthy,Tomato_healthy/f62d9b06-1625-4277-9347-0f3097c41fcf___GH_HL Leaf 518.2.JPG,selected_dataset/partial_occlusions/240__Tomato_healthy__f62d9b06-1625-4277-9347-0f3097c41fcf_GH_HL_Leaf_518.2.jpg,0.2912445068359375,0.23937758683920993,0.5688100831262861,0.6285501645701113
partial_occlusions,241,Pepper__bell___Bacterial_spot,Pepper__bell___Bacterial_spot/5e0a97ce-9b9d-4528-ae61-28aeab5809aa___NREC_B.Spot 1830.JPG,selected_dataset/partial_occlusions/241__Pepper_bell_Bacterial_spot__5e0a97ce-9b9d-4528-ae61-28aeab5809aa_NREC_B.Spot_1830.jpg,0.4004974365234375,0.16946698670324228,0.6333578052722445,0.35948274690146287
partial_occlusions,242,Pepper__bell___healthy,Pepper__bell___healthy/d00322d6-55cb-43fb-9685-927c6939736b___JR_HL 7903.JPG,selected_dataset/partial_occlusions/242__Pepper_bell_healthy__d00322d6-55cb-43fb-9685-927c6939736b_JR_HL_7903.jpg,0.4121856689453125,0.19164846555362233,0.6506972975882557,0.3252010254965721
partial_occlusions,243,Potato___Early_blight,Potato___Early_blight/d9293730-8ba7-4f41-936a-eb129bde096b___RS_Early.B 8102.JPG,selected_dataset/partial_occlusions/243__Potato_Early_blight__d9293730-8ba7-4f41-936a-eb129bde096b_RS_Early.B_8102.jpg,0.391998291015625,0.10459322693655118,0.8641226782462603,0.34420527868039297
partial_occlusions,244,Potato___Late_blight,Potato___Late_blight/4d213f48-e73a-45bf-badd-ead51dda60b4___RS_LB 2981.JPG,selected_dataset/partial_occlusions/244__Potato_Late_blight__4d213f48-e73a-45bf-badd-ead51dda60b4_RS_LB_2981.jpg,0.3985748291015625,0.1097201485394893,0.720874992331296,0.34031998283008225
partial_occlusions,245,Potato___healthy,Potato___healthy/20ac28d6-5708-4e31-8676-1b1979de094f___RS_HL 1735.JPG,selected_dataset/partial_occlusions/245__Potato_healthy__20ac28d6-5708-4e31-8676-1b1979de094f_RS_HL_1735.jpg,0.548126220703125,0.08966649963810479,0.2837135448473527,0.2515608480587793
partial_occlusions,246,Tomato_Bacterial_spot,Tomato_Bacterial_spot/4707268c-7dea-4327-9b13-a8da598c4356___GCREC_Bact.Sp 3643.JPG,selected_dataset/partial_occlusions/246__Tomato_Bacterial_spot__4707268c-7dea-4327-9b13-a8da598c4356_GCREC_Bact.Sp_3643.jpg,0.364898681640625,0.1874215940453291,0.4038737291779135,0.3875086884511769
partial_occlusions,247,Tomato_Early_blight,Tomato_Early_blight/9d8aacaf-ef28-4f23-a18d-4035f59d92b1___RS_Erly.B 7565.JPG,selected_dataset/partial_occlusions/247__Tomato_Early_blight__9d8aacaf-ef28-4f23-a18d-4035f59d92b1_RS_Erly.B_7565.jpg,0.43280029296875,0.3534409815258779,0.22434682921890242,0.6025861142612009
partial_occlusions,248,Tomato_Late_blight,Tomato_Late_blight/edec546b-3d6b-40e1-a11e-fb03a34cad5a___GHLB2 Leaf 8613.JPG,selected_dataset/partial_occlusions/248__Tomato_Late_blight__edec546b-3d6b-40e1-a11e-fb03a34cad5a_GHLB2_Leaf_8613.jpg,0.245635986328125,0.13641446142377936,0.24343644756179128,0.7452955496645977
partial_occlusions,249,Tomato_Leaf_Mold,Tomato_Leaf_Mold/e40da81e-07e7-4914-af0d-461a2b1a10ec___Crnl_L.Mold 7101.JPG,selected_dataset/partial_occlusions/249__Tomato_Leaf_Mold__e40da81e-07e7-4914-af0d-461a2b1a10ec_Crnl_L.Mold_7101.jpg,0.379364013671875,0.25665674523369,0.016748917437262173,0.6690960649227746
partial_occlusions,250,Tomato_Septoria_leaf_spot,Tomato_Septoria_leaf_spot/8cbaba7f-8b0b-4eea-a4ed-afd375a7c55a___JR_Sept.L.S 2720.JPG,selected_dataset/partial_occlusions/250__Tomato_Septoria_leaf_spot__8cbaba7f-8b0b-4eea-a4ed-afd375a7c55a_JR_Sept.L.S_2720.jpg,0.3087615966796875,0.19199406968124536,0.651277295532136,0.6483102131374413
partial_occlusions,251,Tomato_Spider_mites_Two_spotted_spider_mite,Tomato_Spider_mites_Two_spotted_spider_mite/6438ec03-562d-4187-bb20-9046dcce5601___Com.G_SpM_FL 8920.JPG,selected_dataset/partial_occlusions/251__Tomato_Spider_mites_Two_spotted_spider_mite__6438ec03-562d-4187-bb20-9046dcce5601_Com.G_SpM_FL_8920.jpg,0.324371337890625,0.26507667701571175,0.6604080038571494,0.6530122471685957
partial_occlusions,252,Tomato__Target_Spot,Tomato__Target_Spot/7a53588f-b543-4858-a3b5-0e9dab0eaf06___Com.G_TgS_FL 8004.JPG,selected_dataset/partial_occlusions/252__Tomato_Target_Spot__7a53588f-b543-4858-a3b5-0e9dab0eaf06_Com.G_TgS_FL_8004.jpg,0.4924468994140625,0.22740371208130636,0.6310064017412499,0.3751216272157301
partial_occlusions,253,Tomato__Tomato_YellowLeaf__Curl_Virus,Tomato__Tomato_YellowLeaf__Curl_Virus/3a5f3b8d-69f9-4070-b4b5-4316a6d8072b___YLCV_NREC 2219.JPG,selected_dataset/partial_occlusions/253__Tomato_Tomato_YellowLeaf_Curl_Virus__3a5f3b8d-69f9-4070-b4b5-4316a6d8072b_YLCV_NREC_2219.jpg,0.337860107421875,0.47719266552253636,0.5124019852186714,0.6037026300590611
partial_occlusions,254,Tomato__Tomato_mosaic_virus,Tomato__Tomato_mosaic_virus/1ae794c7-287b-4a16-9cff-2fa11545eb00___PSU_CG 2102.JPG,selected_dataset/partial_occlusions/254__Tomato_Tomato_mosaic_virus__1ae794c7-287b-4a16-9cff-2fa11545eb00_PSU_CG_2102.jpg,0.3386077880859375,0.0903068811680411,0.33298496324236565,0.6227122213064792
partial_occlusions,255,Tomato_healthy,Tomato_healthy/fb084c48-8c42-43a1-8193-191ba873bd2d___GH_HL Leaf 514.1.JPG,selected_dataset/partial_occlusions/255__Tomato_healthy__fb084c48-8c42-43a1-8193-191ba873bd2d_GH_HL_Leaf_514.1.jpg,0.3101959228515625,0.21240592257366325,0.5825692442136524,0.6222563808411707
partial_occlusions,256,Pepper__bell___Bacterial_spot,Pepper__bell___Bacterial_spot/cb718917-b719-4cb5-af66-394129c4320b___JR_B.Spot 3405.JPG,selected_dataset/partial_occlusions/256__Pepper_bell_Bacterial_spot__cb718917-b719-4cb5-af66-394129c4320b_JR_B.Spot_3405.jpg,0.3914031982421875,0.16451600327472612,0.6524734625012863,0.3591061966612409
partial_occlusions,257,Pepper__bell___healthy,Pepper__bell___healthy/cb09bcdb-3a22-41f5-abce-ec92d151752f___JR_HL 8778.JPG,selected_dataset/partial_occlusions/257__Pepper_bell_healthy__cb09bcdb-3a22-41f5-abce-ec92d151752f_JR_HL_8778.jpg,0.35107421875,0.04398470097357441,0.33076622402346123,0.32488679849206914
partial_occlusions,258,Potato___Early_blight,Potato___Early_blight/b99ba68b-4608-4335-a292-b4249d83762d___RS_Early.B 9096.JPG,selected_dataset/partial_occlusions/258__Potato_Early_blight__b99ba68b-4608-4335-a292-b4249d83762d_RS_Early.B_9096.jpg,0.3966522216796875,0.12248509328717061,0.7805207169180064,0.34203251161058706
partial_occlusions,259,Potato___Late_blight,Potato___Late_blight/17a07992-ebb9-4368-8cb7-4af40d8ded08___RS_LB 3064.JPG,selected_dataset/partial_occlusions/259__Potato_Late_blight__17a07992-ebb9-4368-8cb7-4af40d8ded08_RS_LB_3064.jpg,0.3872528076171875,0.22163993853185704,0.6852358344254442,0.33882113431490757
partial_occlusions,260,Potato___healthy,Potato___healthy/882798ca-67c3-45a3-86cf-4aed69388145___RS_HL 1750.JPG,selected_dataset/partial_occlusions/260__Potato_healthy__882798ca-67c3-45a3-86cf-4aed69388145_RS_HL_1750.jpg,0.4640045166015625,0.04314512151007925,0.48079835433211604,0.2513635668064157
partial_occlusions,261,Tomato_Bacterial_spot,Tomato_Bacterial_spot/1a47b569-a868-4a45-ad81-eec12a9dae7a___GCREC_Bact.Sp 6148.JPG,selected_dataset/partial_occlusions/261__Tomato_Bacterial_spot__1a47b569-a868-4a45-ad81-eec12a9dae7a_GCREC_Bact.Sp_6148.jpg,0.5123138427734375,0.2031571109456441,0.4239758627953641,0.3857307600625291
partial_occlusions,262,Tomato_Early_blight,Tomato_Early_blight/48749ece-911d-440f-873d-475e58132969___RS_Erly.B 7479.JPG,selected_dataset/partial_occlusions/262__Tomato_Early_blight__48749ece-911d-440f-873d-475e58132969_RS_Erly.B_7479.jpg,0.5147857666015625,0.4732785962000178,0.3913543149994622,0.59615507850581
partial_occlusions,263,Tomato_Late_blight,Tomato_Late_blight/960137a5-2b52-4349-8c33-cb8b7afed9eb___GHLB2 Leaf 8765.JPG,selected_dataset/partial_occlusions/263__Tomato_Late_blight__960137a5-2b52-4349-8c33-cb8b7afed9eb_GHLB2_Leaf_8765.jpg,0.36138916015625,0.18476608680966053,0.07404784306981861,0.7345912755334174
partial_occlusions,264,Tomato_Leaf_Mold,Tomato_Leaf_Mold/10671d95-f882-4e19-994f-b35917d2c763___Crnl_L.Mold 9098.JPG,selected_dataset/partial_occlusions/264__Tomato_Leaf_Mold__10671d95-f882-4e19-994f-b35917d2c763_Crnl_L.Mold_9098.jpg,0.3513946533203125,0.08289547961266229,0.59314857508796,0.6661612551713947
partial_occlusions,265,Tomato_Septoria_leaf_spot,Tomato_Septoria_leaf_spot/94af2c43-753b-459f-8767-da8cee61bfe1___JR_Sept.L.S 2496.JPG,selected_dataset/partial_occlusions/265__Tomato_Septoria_leaf_spot__94af2c43-753b-459f-8767-da8cee61bfe1_JR_Sept.L.S_2496.jpg,0.3760833740234375,0.43133038503671844,0.8238297319067598,0.6479364971710995
partial_occlusions,266,Tomato_Spider_mites_Two_spotted_spider_mite,Tomato_Spider_mites_Two_spotted_spider_mite/3359d10c-2afd-4734-8a71-d19d25a041a6___Com.G_SpM_FL 9016.JPG,selected_dataset/partial_occlusions/266__Tomato_Spider_mites_Two_spotted_spider_mite__3359d10c-2afd-4734-8a71-d19d25a041a6_Com.G_SpM_FL_9016.jpg,0.3481597900390625,0.37884033834421704,0.7210732777215351,0.6503968270519112
partial_occlusions,267,Tomato__Target_Spot,Tomato__Target_Spot/aae1be74-033c-4a03-85b0-ee8dbad5873b___Com.G_TgS_FL 7930.JPG,selected_dataset/partial_occlusions/267__Tomato_Target_Spot__aae1be74-033c-4a03-85b0-ee8dbad5873b_Com.G_TgS_FL_7930.jpg,0.4564666748046875,0.18980444593013537,0.7481091286661445,0.37353711039375564
partial_occlusions,268,Tomato__Tomato_YellowLeaf__Curl_Virus,Tomato__Tomato_YellowLeaf__Curl_Virus/0b78b271-70eb-478c-b6b5-c271a2dfd3e2___UF.GRC_YLCV_Lab 01380.JPG,selected_dataset/partial_occlusions/268__Tomato_Tomato_YellowLeaf_Curl_Virus__0b78b271-70eb-478c-b6b5-c271a2dfd3e2_UF.GRC_YLCV_Lab_01380.jpg,0.6036529541015625,0.07391117514724097,0.08926826529434773,0.6015786095612744
partial_occlusions,269,Tomato__Tomato_mosaic_virus,Tomato__Tomato_mosaic_virus/6a2c0438-3207-4998-893a-02ddb3a26081___PSU_CG 2294.JPG,selected_dataset/partial_occlusions/269__Tomato_Tomato_mosaic_virus__6a2c0438-3207-4998-893a-02ddb3a26081_PSU_CG_2294.jpg,0.3753814697265625,0.01886102190967847,0.4553359556193731,0.6214705555342619
partial_occlusions,270,Tomato_healthy,Tomato_healthy/e33cde2d-5103-48aa-bb82-490aa779312c___GH_HL Leaf 515.2.JPG,selected_dataset/partial_occlusions/270__Tomato_healthy__e33cde2d-5103-48aa-bb82-490aa779312c_GH_HL_Leaf_515.2.jpg,0.320465087890625,0.06604132939720027,0.44103545260593574,0.6171198170850312
partial_occlusions,271,Pepper__bell___Bacterial_spot,Pepper__bell___Bacterial_spot/a9770664-3c9c-46ed-808d-5aa7a87a5c1b___NREC_B.Spot 9065.JPG,selected_dataset/partial_occlusions/271__Pepper_bell_Bacterial_spot__a9770664-3c9c-46ed-808d-5aa7a87a5c1b_NREC_B.Spot_9065.jpg,0.3887176513671875,0.46747791952894996,0.6567647262012539,0.3590521186629399
partial_occlusions,272,Pepper__bell___healthy,Pepper__bell___healthy/084a1485-7006-4277-bd4f-5b9e766cfd24___JR_HL 7892.JPG,selected_dataset/partial_occlusions/272__Pepper_bell_healthy__084a1485-7006-4277-bd4f-5b9e766cfd24_JR_HL_7892.jpg,0.412384033203125,0.22493154739880117,0.5415844001968684,0.32437454980667146
partial_occlusions,273,Potato___Early_blight,Potato___Early_blight/4f12ef84-6c6e-43d6-b6f1-3a8b0278b3a6___RS_Early.B 8101.JPG,selected_dataset/partial_occlusions/273__Potato_Early_blight__4f12ef84-6c6e-43d6-b6f1-3a8b0278b3a6_RS_Early.B_8101.jpg,0.4259490966796875,0.09901486655919757,0.8087552100045572,0.3417354259064034
partial_occlusions,274,Potato___Late_blight,Potato___Late_blight/12ce2ab1-14c4-4960-81d4-e6ae776510e9___RS_LB 2880.JPG,selected_dataset/partial_occlusions/274__Potato_Late_blight__12ce2ab1-14c4-4960-81d4-e6ae776510e9_RS_LB_2880.jpg,0.356658935546875,0.333832463420895,0.6291318310801863,0.33872169917058953
partial_occlusions,275,Potato___healthy,Potato___healthy/5cb360dd-5c17-4c57-b31d-97cd8dd8d0bd___RS_HL 1797.JPG,selected_dataset/partial_occlusions/275__Potato_healthy__5cb360dd-5c17-4c57-b31d-97cd8dd8d0bd_RS_HL_1797.jpg,0.42822265625,0.0,0.6471917124150711,0.2513055631771536
partial_occlusions,276,Tomato_Bacterial_spot,Tomato_Bacterial_spot/6959b518-7a96-46f1-a232-95f7d82767fa___GCREC_Bact.Sp 3642.JPG,selected_dataset/partial_occlusions/276__Tomato_Bacterial_spot__6959b518-7a96-46f1-a232-95f7d82767fa_GCREC_Bact.Sp_3642.jpg,0.3901519775390625,0.30177167663968085,0.2772058927258496,0.3851417796042953
partial_occlusions,277,Tomato_Early_blight,Tomato_Early_blight/506f85e7-6f27-40e2-bb9c-5ddb6f35a787___RS_Erly.B 8406.JPG,selected_dataset/partial_occlusions/277__Tomato_Early_blight__506f85e7-6f27-40e2-bb9c-5ddb6f35a787_RS_Erly.B_8406.jpg,0.4035797119140625,0.2631857537146962,0.7918709318815338,0.5938558116445066
partial_occlusions,278,Tomato_Late_blight,Tomato_Late_blight/116c7fc2-8443-40b7-a8c0-9619e3e46f08___GHLB2 Leaf 8797.JPG,selected_dataset/partial_occlusions/278__Tomato_Late_blight__116c7fc2-8443-40b7-a8c0-9619e3e46f08_GHLB2_Leaf_8797.jpg,0.238677978515625,0.3187571921749137,0.15576953041753389,0.7324523410531293
partial_occlusions,279,Tomato_Leaf_Mold,Tomato_Leaf_Mold/d677f9dd-7f27-44de-a0ad-b8e582ee63a8___Crnl_L.Mold 6946.JPG,selected_dataset/partial_occlusions/279__Tomato_Leaf_Mold__d677f9dd-7f27-44de-a0ad-b8e582ee63a8_Crnl_L.Mold_6946.jpg,0.3039093017578125,0.1553446804237586,0.21022280158536671,0.6630413489801201
partial_occlusions,280,Tomato_Septoria_leaf_spot,Tomato_Septoria_leaf_spot/131407de-62dc-44bf-81c8-b0c4c173df9e___JR_Sept.L.S 2726.JPG,selected_dataset/partial_occlusions/280__Tomato_Septoria_leaf_spot__131407de-62dc-44bf-81c8-b0c4c173df9e_JR_Sept.L.S_2726.jpg,0.3320770263671875,0.2837844047236135,0.670007719436287,0.6475209009358374
partial_occlusions,281,Tomato_Spider_mites_Two_spotted_spider_mite,Tomato_Spider_mites_Two_spotted_spider_mite/e214cad9-04f5-46ec-95fe-a6388a207350___Com.G_SpM_FL 9013.JPG,selected_dataset/partial_occlusions/281__Tomato_Spider_mites_Two_spotted_spider_mite__e214cad9-04f5-46ec-95fe-a6388a207350_Com.G_SpM_FL_9013.jpg,0.3892822265625,0.37217779868297274,0.6937853016995672,0.6364997568147814
partial_occlusions,282,Tomato__Target_Spot,Tomato__Target_Spot/7cd468c6-69dd-43a2-a5b5-b9b38fffd6b3___Com.G_TgS_FL 0732.JPG,selected_dataset/partial_occlusions/282__Tomato_Target_Spot__7cd468c6-69dd-43a2-a5b5-b9b38fffd6b3_Com.G_TgS_FL_0732.jpg,0.37823486328125,0.20251734710343713,0.6560637688353513,0.37215781284556004
partial_occlusions,283,Tomato__Tomato_YellowLeaf__Curl_Virus,Tomato__Tomato_YellowLeaf__Curl_Virus/016bbee4-7b9d-40c8-a802-2bbf00f3bb27___YLCV_NREC 2290.JPG,selected_dataset/partial_occlusions/283__Tomato_Tomato_YellowLeaf_Curl_Virus__016bbee4-7b9d-40c8-a802-2bbf00f3bb27_YLCV_NREC_2290.jpg,0.364501953125,0.35980408573342265,0.6696771697358166,0.600795918719132
partial_occlusions,284,Tomato__Tomato_mosaic_virus,Tomato__Tomato_mosaic_virus/d38e784f-9bbb-4c1f-84d1-3464ff0dbc16___PSU_CG 2103.JPG,selected_dataset/partial_occlusions/284__Tomato_Tomato_mosaic_virus__d38e784f-9bbb-4c1f-84d1-3464ff0dbc16_PSU_CG_2103.jpg,0.2875213623046875,0.30011144722177996,0.5511755572326597,0.6096646472293645
partial_occlusions,285,Tomato_healthy,Tomato_healthy/598606b2-3e32-4d1d-b86e-042a14cd24d0___GH_HL Leaf 504.2.JPG,selected_dataset/partial_occlusions/285__Tomato_healthy__598606b2-3e32-4d1d-b86e-042a14cd24d0_GH_HL_Leaf_504.2.jpg,0.3070220947265625,0.1377665125987774,0.5149482297095693,0.6011043416128106
partial_occlusions,286,Pepper__bell___Bacterial_spot,Pepper__bell___Bacterial_spot/9f3a7e14-bd0e-48ea-89c3-9c3bd743fb19___NREC_B.Spot 1956.JPG,selected_dataset/partial_occlusions/286__Pepper_bell_Bacterial_spot__9f3a7e14-bd0e-48ea-89c3-9c3bd743fb19_NREC_B.Spot_1956.jpg,0.4015045166015625,0.3837266750275529,0.5807943965414468,0.3588513608034718
partial_occlusions,287,Pepper__bell___healthy,Pepper__bell___healthy/650a5f9b-7a57-46fd-a18a-844bb03bdf80___JR_HL 6013.JPG,selected_dataset/partial_occlusions/287__Pepper_bell_healthy__650a5f9b-7a57-46fd-a18a-844bb03bdf80_JR_HL_6013.jpg,0.394683837890625,0.18847135235444212,0.31828740558785545,0.3221709068557193
partial_occlusions,288,Potato___Early_blight,Potato___Early_blight/0f9c098f-a6df-4a73-8c14-8e7d4dbb1b0b___RS_Early.B 7991.JPG,selected_dataset/partial_occlusions/288__Potato_Early_blight__0f9c098f-a6df-4a73-8c14-8e7d4dbb1b0b_RS_Early.B_7991.jpg,0.42779541015625,0.029676130689113997,0.7865845773175432,0.339041049260598
partial_occlusions,289,Potato___Late_blight,Potato___Late_blight/09a215a1-a539-4635-a27f-232229ff11f4___RS_LB 4529.JPG,selected_dataset/partial_occlusions/289__Potato_Late_blight__09a215a1-a539-4635-a27f-232229ff11f4_RS_LB_4529.jpg,0.4114990234375,0.10901809552061703,0.7039167405149563,0.3372037727966091
partial_occlusions,290,Potato___healthy,Potato___healthy/2ccb9ee9-faac-4d32-9af5-29497fa2e028___RS_HL 1837.JPG,selected_dataset/partial_occlusions/290__Potato_healthy__2ccb9ee9-faac-4d32-9af5-29497fa2e028_RS_HL_1837.jpg,0.541229248046875,0.04274034395263603,0.5702153105202298,0.2504376369286462
partial_occlusions,291,Tomato_Bacterial_spot,Tomato_Bacterial_spot/8afd7ba7-45ef-4d35-ac46-4e5e0b83301f___GCREC_Bact.Sp 3711.JPG,selected_dataset/partial_occlusions/291__Tomato_Bacterial_spot__8afd7ba7-45ef-4d35-ac46-4e5e0b83301f_GCREC_Bact.Sp_3711.jpg,0.4469757080078125,0.3029392687672823,0.5095897246057625,0.3836206200289765
partial_occlusions,292,Tomato_Early_blight,Tomato_Early_blight/1ba9a636-a673-45bc-b515-4fe6848f271e___RS_Erly.B 9605.JPG,selected_dataset/partial_occlusions/292__Tomato_Early_blight__1ba9a636-a673-45bc-b515-4fe6848f271e_RS_Erly.B_9605.jpg,0.3555145263671875,0.49319713292415984,0.23740989694728187,0.5926016100074704
partial_occlusions,293,Tomato_Late_blight,Tomato_Late_blight/4ca113ee-0468-483d-be29-68a27bf60a71___GHLB2 Leaf 8890.JPG,selected_dataset/partial_occlusions/293__Tomato_Late_blight__4ca113ee-0468-483d-be29-68a27bf60a71_GHLB2_Leaf_8890.jpg,0.261688232421875,0.2861224489795918,0.2469644612412433,0.7290869532766084
partial_occlusions,294,Tomato_Leaf_Mold,Tomato_Leaf_Mold/45c5b434-5849-4d00-99bf-c0d54088c6f6___Crnl_L.Mold 9100.JPG,selected_dataset/partial_occlusions/294__Tomato_Leaf_Mold__45c5b434-5849-4d00-99bf-c0d54088c6f6_Crnl_L.Mold_9100.jpg,0.400177001953125,0.2755281018836269,0.3954467435264296,0.6572930195806699
partial_occlusions,295,Tomato_Septoria_leaf_spot,Tomato_Septoria_leaf_spot/889d74d1-a687-4a03-a5b7-08fe446a05ff___Keller.St_CG 1986.JPG,selected_dataset/partial_occlusions/295__Tomato_Septoria_leaf_spot__889d74d1-a687-4a03-a5b7-08fe446a05ff_Keller.St_CG_1986.jpg,0.34893798828125,0.23854294210250132,0.5852443206005445,0.6473181125853673
partial_occlusions,296,Tomato_Spider_mites_Two_spotted_spider_mite,Tomato_Spider_mites_Two_spotted_spider_mite/4bac1537-cc33-460d-901c-70eb70db38a0___Com.G_SpM_FL 9021.JPG,selected_dataset/partial_occlusions/296__Tomato_Spider_mites_Two_spotted_spider_mite__4bac1537-cc33-460d-901c-70eb70db38a0_Com.G_SpM_FL_9021.jpg,0.397369384765625,0.35319867905690805,0.7859363967582926,0.6151690122681783
partial_occlusions,297,Tomato__Target_Spot,Tomato__Target_Spot/2d918628-2486-4303-8e68-07fdefe3ae6b___Com.G_TgS_FL 9729.JPG,selected_dataset/partial_occlusions/297__Tomato_Target_Spot__2d918628-2486-4303-8e68-07fdefe3ae6b_Com.G_TgS_FL_9729.jpg,0.290313720703125,0.15357931251970988,0.35561224007065856,0.3711255218722567
partial_occlusions,298,Tomato__Tomato_YellowLeaf__Curl_Virus,Tomato__Tomato_YellowLeaf__Curl_Virus/11030437-942c-4cb4-a40e-b35236778a4b___UF.GRC_YLCV_Lab 02923.JPG,selected_dataset/partial_occlusions/298__Tomato_Tomato_YellowLeaf_Curl_Virus__11030437-942c-4cb4-a40e-b35236778a4b_UF.GRC_YLCV_Lab_02923.jpg,0.56695556640625,0.37681666487242976,0.3302225638206092,0.592223157204764
partial_occlusions,299,Tomato__Tomato_mosaic_virus,Tomato__Tomato_mosaic_virus/20182b2d-dfda-4ef1-89cc-17856e051b00___PSU_CG 2072.JPG,selected_dataset/partial_occlusions/299__Tomato_Tomato_mosaic_virus__20182b2d-dfda-4ef1-89cc-17856e051b00_PSU_CG_2072.jpg,0.355682373046875,0.055855855855855854,0.34993521415130097,0.5882003636113332
partial_occlusions,300,Tomato_healthy,Tomato_healthy/8db2e3c6-c5d9-41ec-9977-7b1a71964f24___GH_HL Leaf 501.2.JPG,selected_dataset/partial_occlusions/300__Tomato_healthy__8db2e3c6-c5d9-41ec-9977-7b1a71964f24_GH_HL_Leaf_501.2.jpg,0.3240966796875,0.10145951035781545,0.4345897318382469,0.5955732112101322
