Id,Target
ecz23fie7142gebsj3ga_11,157
ecz23fie7142gebsj3ga_17,284
ecz23fie7142gebsj3ga_18,643
ecz23fie7142gebsj3ga_19,336
ecz23fie7142gebsj3ga_20,336
ecz23fie7142gebsj3ga_26,489
ecz23fie7142gebsj3ga_28,488
ecz23fie7142gebsj3ga_32,120
ecz23fie7142gebsj3ga_33,932
ecz23fie7142gebsj3ga_34,932
ecz23fie7142gebsj3ga_35,848
ecz23fie7142gebsj3ga_42,138
ecz23fie7142gebsj3ga_43,50
ecz23fie7142gebsj3ga_44,285
ecz23fie7142gebsj3ga_48,311
ecz23fie7142gebsj3ga_58,418
jb5nm7a79phf29zjzm3q_30,308
jb5nm7a79phf29zjzm3q_36,827
jb5nm7a79phf29zjzm3q_42,749
jb5nm7a79phf29zjzm3q_45,403
jb5nm7a79phf29zjzm3q_46,504
jb5nm7a79phf29zjzm3q_50,367
jb5nm7a79phf29zjzm3q_52,723
jb5nm7a79phf29zjzm3q_55,504
jb5nm7a79phf29zjzm3q_59,723
wa099dyuztut271yo1xf_29,500
wa099dyuztut271yo1xf_37,798
wa099dyuztut271yo1xf_40,495
wa099dyuztut271yo1xf_42,504
wa099dyuztut271yo1xf_51,504
wa099dyuztut271yo1xf_53,798
wa099dyuztut271yo1xf_55,1017
wa099dyuztut271yo1xf_56,723
wa099dyuztut271yo1xf_57,723
ex909cetcxguuwmgid1s_11,1019
ex909cetcxguuwmgid1s_19,327
ex909cetcxguuwmgid1s_24,917
ex909cetcxguuwmgid1s_25,749
ex909cetcxguuwmgid1s_33,724
ex909cetcxguuwmgid1s_36,157
ex909cetcxguuwmgid1s_41,724
ex909cetcxguuwmgid1s_47,450
ex909cetcxguuwmgid1s_48,120
ex909cetcxguuwmgid1s_49,724
ex909cetcxguuwmgid1s_50,979
ex909cetcxguuwmgid1s_52,505
ex909cetcxguuwmgid1s_54,880
ex909cetcxguuwmgid1s_55,450
ex909cetcxguuwmgid1s_57,756
ex909cetcxguuwmgid1s_58,979
ex909cetcxguuwmgid1s_59,979
ex909cetcxguuwmgid1s_62,443
e3x59b3sti4f5jykqyg2_4,918
e3x59b3sti4f5jykqyg2_5,389
e3x59b3sti4f5jykqyg2_16,1002
e3x59b3sti4f5jykqyg2_18,268
e3x59b3sti4f5jykqyg2_27,507
e3x59b3sti4f5jykqyg2_31,591
e3x59b3sti4f5jykqyg2_36,14
e3x59b3sti4f5jykqyg2_37,14
e3x59b3sti4f5jykqyg2_38,504
e3x59b3sti4f5jykqyg2_40,1014
e3x59b3sti4f5jykqyg2_42,14
e3x59b3sti4f5jykqyg2_48,1014
e3x59b3sti4f5jykqyg2_50,517
e3x59b3sti4f5jykqyg2_55,29
e3x59b3sti4f5jykqyg2_58,433
eyjssh3vrt6xg9oy0yog_1,640
eyjssh3vrt6xg9oy0yog_4,249
eyjssh3vrt6xg9oy0yog_12,629
eyjssh3vrt6xg9oy0yog_18,456
eyjssh3vrt6xg9oy0yog_20,487
eyjssh3vrt6xg9oy0yog_27,488
eyjssh3vrt6xg9oy0yog_34,488
eyjssh3vrt6xg9oy0yog_40,852
eyjssh3vrt6xg9oy0yog_41,488
eyjssh3vrt6xg9oy0yog_51,396
x6a9y3b1m3hvkpblybvm_13,219
x6a9y3b1m3hvkpblybvm_14,601
x6a9y3b1m3hvkpblybvm_29,219
x6a9y3b1m3hvkpblybvm_31,827
x6a9y3b1m3hvkpblybvm_36,14
x6a9y3b1m3hvkpblybvm_41,932
x6a9y3b1m3hvkpblybvm_42,91
x6a9y3b1m3hvkpblybvm_44,298
x6a9y3b1m3hvkpblybvm_50,52
x6a9y3b1m3hvkpblybvm_58,418
x6a9y3b1m3hvkpblybvm_62,43
d1ryhn7cclmwpo82e7wm_1,522
d1ryhn7cclmwpo82e7wm_23,581
d1ryhn7cclmwpo82e7wm_25,886
d1ryhn7cclmwpo82e7wm_29,961
d1ryhn7cclmwpo82e7wm_31,581
d1ryhn7cclmwpo82e7wm_33,62
d1ryhn7cclmwpo82e7wm_34,753
d1ryhn7cclmwpo82e7wm_38,376
d1ryhn7cclmwpo82e7wm_42,375
d1ryhn7cclmwpo82e7wm_45,975
d1ryhn7cclmwpo82e7wm_47,581
d1ryhn7cclmwpo82e7wm_48,1003
d1ryhn7cclmwpo82e7wm_52,50
d1ryhn7cclmwpo82e7wm_55,361
d1ryhn7cclmwpo82e7wm_58,289
d1ryhn7cclmwpo82e7wm_60,505
j6lf7tyqnooms86v4mnx_18,920
j6lf7tyqnooms86v4mnx_20,992
j6lf7tyqnooms86v4mnx_22,255
j6lf7tyqnooms86v4mnx_36,690
j6lf7tyqnooms86v4mnx_38,386
j6lf7tyqnooms86v4mnx_39,532
j6lf7tyqnooms86v4mnx_48,1014
j6lf7tyqnooms86v4mnx_55,112
j6lf7tyqnooms86v4mnx_59,126
j6lf7tyqnooms86v4mnx_61,43
gu1jeula43un192w1r8d_3,743
gu1jeula43un192w1r8d_6,389
gu1jeula43un192w1r8d_13,164
gu1jeula43un192w1r8d_19,164
gu1jeula43un192w1r8d_37,327
gu1jeula43un192w1r8d_40,917
gu1jeula43un192w1r8d_46,219
gu1jeula43un192w1r8d_48,91
gu1jeula43un192w1r8d_53,826
gu1jeula43un192w1r8d_62,313
f4wglihw96q8wpkg00qk_0,743
f4wglihw96q8wpkg00qk_1,389
f4wglihw96q8wpkg00qk_4,389
f4wglihw96q8wpkg00qk_9,682
f4wglihw96q8wpkg00qk_10,682
f4wglihw96q8wpkg00qk_19,993
f4wglihw96q8wpkg00qk_25,549
f4wglihw96q8wpkg00qk_26,549
f4wglihw96q8wpkg00qk_32,549
f4wglihw96q8wpkg00qk_33,733
f4wglihw96q8wpkg00qk_34,214
f4wglihw96q8wpkg00qk_44,733
f4wglihw96q8wpkg00qk_47,214
f4wglihw96q8wpkg00qk_49,214
f4wglihw96q8wpkg00qk_54,214
f4wglihw96q8wpkg00qk_58,866
f4wglihw96q8wpkg00qk_62,214
f4wglihw96q8wpkg00qk_63,214
jz4go7jfe9tiicrtupz6_6,49
jz4go7jfe9tiicrtupz6_20,590
jz4go7jfe9tiicrtupz6_22,124
jz4go7jfe9tiicrtupz6_23,992
jz4go7jfe9tiicrtupz6_25,643
jz4go7jfe9tiicrtupz6_26,989
jz4go7jfe9tiicrtupz6_28,124
jz4go7jfe9tiicrtupz6_35,298
jz4go7jfe9tiicrtupz6_36,213
jz4go7jfe9tiicrtupz6_39,840
jz4go7jfe9tiicrtupz6_42,91
jz4go7jfe9tiicrtupz6_43,554
jz4go7jfe9tiicrtupz6_45,295
jz4go7jfe9tiicrtupz6_47,840
jz4go7jfe9tiicrtupz6_48,884
jz4go7jfe9tiicrtupz6_52,285
jz4go7jfe9tiicrtupz6_54,295
jz4go7jfe9tiicrtupz6_57,156
jz4go7jfe9tiicrtupz6_58,909
jz4go7jfe9tiicrtupz6_59,909
lw9h3nhrtl0vx4yb6ykl_0,194
lw9h3nhrtl0vx4yb6ykl_1,371
lw9h3nhrtl0vx4yb6ykl_2,681
lw9h3nhrtl0vx4yb6ykl_5,857
lw9h3nhrtl0vx4yb6ykl_7,857
lw9h3nhrtl0vx4yb6ykl_9,372
lw9h3nhrtl0vx4yb6ykl_11,25
lw9h3nhrtl0vx4yb6ykl_15,981
lw9h3nhrtl0vx4yb6ykl_22,483
lw9h3nhrtl0vx4yb6ykl_23,981
lw9h3nhrtl0vx4yb6ykl_38,718
lw9h3nhrtl0vx4yb6ykl_46,613
lw9h3nhrtl0vx4yb6ykl_50,154
lw9h3nhrtl0vx4yb6ykl_51,154
lw9h3nhrtl0vx4yb6ykl_52,962
lw9h3nhrtl0vx4yb6ykl_53,52
lw9h3nhrtl0vx4yb6ykl_60,962
lw9h3nhrtl0vx4yb6ykl_61,196
dr4mtvus8yl2l7pfzmum_2,958
dr4mtvus8yl2l7pfzmum_7,717
dr4mtvus8yl2l7pfzmum_11,49
dr4mtvus8yl2l7pfzmum_13,382
dr4mtvus8yl2l7pfzmum_14,382
dr4mtvus8yl2l7pfzmum_24,256
dr4mtvus8yl2l7pfzmum_26,25
dr4mtvus8yl2l7pfzmum_29,991
dr4mtvus8yl2l7pfzmum_30,2
dr4mtvus8yl2l7pfzmum_34,25
dr4mtvus8yl2l7pfzmum_36,2
dr4mtvus8yl2l7pfzmum_49,127
dr4mtvus8yl2l7pfzmum_56,1003
dr4mtvus8yl2l7pfzmum_57,909
dr4mtvus8yl2l7pfzmum_58,2
tfejpzjbcecgi27mk0xz_2,17
tfejpzjbcecgi27mk0xz_5,17
tfejpzjbcecgi27mk0xz_6,17
tfejpzjbcecgi27mk0xz_7,857
tfejpzjbcecgi27mk0xz_9,590
tfejpzjbcecgi27mk0xz_12,838
tfejpzjbcecgi27mk0xz_35,935
tfejpzjbcecgi27mk0xz_41,295
tfejpzjbcecgi27mk0xz_42,70
tfejpzjbcecgi27mk0xz_43,935
tfejpzjbcecgi27mk0xz_44,277
tfejpzjbcecgi27mk0xz_49,295
tfejpzjbcecgi27mk0xz_51,935
tfejpzjbcecgi27mk0xz_53,277
tfejpzjbcecgi27mk0xz_55,277
tfejpzjbcecgi27mk0xz_57,838
tfejpzjbcecgi27mk0xz_58,693
tfejpzjbcecgi27mk0xz_61,277
rkt53ctyenaebyjpe370_2,919
rkt53ctyenaebyjpe370_10,877
rkt53ctyenaebyjpe370_28,372
rkt53ctyenaebyjpe370_29,590
rkt53ctyenaebyjpe370_31,574
rkt53ctyenaebyjpe370_37,590
rkt53ctyenaebyjpe370_39,581
rkt53ctyenaebyjpe370_43,617
rkt53ctyenaebyjpe370_44,505
rkt53ctyenaebyjpe370_45,812
rkt53ctyenaebyjpe370_52,313
rkt53ctyenaebyjpe370_53,336
rkt53ctyenaebyjpe370_58,528
rkt53ctyenaebyjpe370_59,722
rkt53ctyenaebyjpe370_63,621
e19p14miy71vi09w49ow_0,194
e19p14miy71vi09w49ow_1,371
e19p14miy71vi09w49ow_2,681
e19p14miy71vi09w49ow_3,681
e19p14miy71vi09w49ow_8,311
e19p14miy71vi09w49ow_9,371
e19p14miy71vi09w49ow_10,489
e19p14miy71vi09w49ow_12,314
e19p14miy71vi09w49ow_17,920
e19p14miy71vi09w49ow_18,489
e19p14miy71vi09w49ow_25,489
e19p14miy71vi09w49ow_40,311
e19p14miy71vi09w49ow_46,209
e19p14miy71vi09w49ow_60,154
40xf2qjrwpt0gw5nmsg7_3,369
40xf2qjrwpt0gw5nmsg7_12,693
40xf2qjrwpt0gw5nmsg7_18,489
40xf2qjrwpt0gw5nmsg7_26,489
40xf2qjrwpt0gw5nmsg7_28,693
40xf2qjrwpt0gw5nmsg7_29,277
40xf2qjrwpt0gw5nmsg7_35,52
40xf2qjrwpt0gw5nmsg7_36,838
40xf2qjrwpt0gw5nmsg7_37,386
40xf2qjrwpt0gw5nmsg7_50,52
40xf2qjrwpt0gw5nmsg7_51,832
40xf2qjrwpt0gw5nmsg7_54,832
40xf2qjrwpt0gw5nmsg7_59,832
40xf2qjrwpt0gw5nmsg7_62,832
itidnv2jwwoyxo2s30dm_3,681
itidnv2jwwoyxo2s30dm_5,17
itidnv2jwwoyxo2s30dm_16,1003
itidnv2jwwoyxo2s30dm_18,489
itidnv2jwwoyxo2s30dm_19,414
itidnv2jwwoyxo2s30dm_22,992
itidnv2jwwoyxo2s30dm_24,311
itidnv2jwwoyxo2s30dm_27,505
itidnv2jwwoyxo2s30dm_28,372
itidnv2jwwoyxo2s30dm_29,372
itidnv2jwwoyxo2s30dm_31,991
itidnv2jwwoyxo2s30dm_34,489
itidnv2jwwoyxo2s30dm_42,295
itidnv2jwwoyxo2s30dm_43,295
itidnv2jwwoyxo2s30dm_48,1003
itidnv2jwwoyxo2s30dm_56,1003
itidnv2jwwoyxo2s30dm_58,693
92yv5cg1rd9i78jmpv4c_0,2
92yv5cg1rd9i78jmpv4c_1,2
92yv5cg1rd9i78jmpv4c_7,119
92yv5cg1rd9i78jmpv4c_8,2
92yv5cg1rd9i78jmpv4c_25,2
92yv5cg1rd9i78jmpv4c_31,532
92yv5cg1rd9i78jmpv4c_33,2
92yv5cg1rd9i78jmpv4c_37,2
92yv5cg1rd9i78jmpv4c_38,962
92yv5cg1rd9i78jmpv4c_39,532
92yv5cg1rd9i78jmpv4c_40,215
92yv5cg1rd9i78jmpv4c_45,962
92yv5cg1rd9i78jmpv4c_48,347
92yv5cg1rd9i78jmpv4c_52,676
92yv5cg1rd9i78jmpv4c_55,215
92yv5cg1rd9i78jmpv4c_59,215
92yv5cg1rd9i78jmpv4c_60,448
tqa9jrm6d5u358i8d0tp_3,2
tqa9jrm6d5u358i8d0tp_4,2
tqa9jrm6d5u358i8d0tp_8,2
tqa9jrm6d5u358i8d0tp_9,2
tqa9jrm6d5u358i8d0tp_10,586
tqa9jrm6d5u358i8d0tp_11,586
tqa9jrm6d5u358i8d0tp_17,586
tqa9jrm6d5u358i8d0tp_21,2
tqa9jrm6d5u358i8d0tp_23,382
tqa9jrm6d5u358i8d0tp_24,2
tqa9jrm6d5u358i8d0tp_25,2
tqa9jrm6d5u358i8d0tp_29,2
tqa9jrm6d5u358i8d0tp_39,532
tqa9jrm6d5u358i8d0tp_47,382
tqa9jrm6d5u358i8d0tp_54,215
tqa9jrm6d5u358i8d0tp_55,215
tqa9jrm6d5u358i8d0tp_60,448
tqa9jrm6d5u358i8d0tp_61,448
tqa9jrm6d5u358i8d0tp_62,215
hfd5i3at2t8b6b4l50oa_0,949
hfd5i3at2t8b6b4l50oa_9,17
hfd5i3at2t8b6b4l50oa_11,454
hfd5i3at2t8b6b4l50oa_18,643
hfd5i3at2t8b6b4l50oa_19,60
hfd5i3at2t8b6b4l50oa_34,298
hfd5i3at2t8b6b4l50oa_38,946
hfd5i3at2t8b6b4l50oa_56,415
hfd5i3at2t8b6b4l50oa_58,415
srcs16m7mhij0nmyhril_0,194
srcs16m7mhij0nmyhril_12,859
srcs16m7mhij0nmyhril_18,320
srcs16m7mhij0nmyhril_20,1007
srcs16m7mhij0nmyhril_21,456
srcs16m7mhij0nmyhril_25,138
srcs16m7mhij0nmyhril_35,696
srcs16m7mhij0nmyhril_44,60
srcs16m7mhij0nmyhril_59,586
srcs16m7mhij0nmyhril_60,991
og0efmve7fw3w0klxv1e_0,877
og0efmve7fw3w0klxv1e_1,586
og0efmve7fw3w0klxv1e_8,877
og0efmve7fw3w0klxv1e_21,834
og0efmve7fw3w0klxv1e_22,834
og0efmve7fw3w0klxv1e_23,581
og0efmve7fw3w0klxv1e_27,492
og0efmve7fw3w0klxv1e_29,596
og0efmve7fw3w0klxv1e_30,834
og0efmve7fw3w0klxv1e_35,492
og0efmve7fw3w0klxv1e_42,2
og0efmve7fw3w0klxv1e_43,666
og0efmve7fw3w0klxv1e_52,209
og0efmve7fw3w0klxv1e_54,745
og0efmve7fw3w0klxv1e_58,832
4hwvlbthbzgoqely1n77_6,949
4hwvlbthbzgoqely1n77_25,806
4hwvlbthbzgoqely1n77_36,798
4hwvlbthbzgoqely1n77_37,33
4hwvlbthbzgoqely1n77_39,574
4hwvlbthbzgoqely1n77_41,456
4hwvlbthbzgoqely1n77_42,867
4hwvlbthbzgoqely1n77_50,313
4hwvlbthbzgoqely1n77_51,505
4hwvlbthbzgoqely1n77_54,151
4hwvlbthbzgoqely1n77_56,722
jxxeph3ui5urd5npeipi_4,810
jxxeph3ui5urd5npeipi_9,142
jxxeph3ui5urd5npeipi_12,590
jxxeph3ui5urd5npeipi_22,935
jxxeph3ui5urd5npeipi_26,142
jxxeph3ui5urd5npeipi_27,639
jxxeph3ui5urd5npeipi_34,142
jxxeph3ui5urd5npeipi_36,990
jxxeph3ui5urd5npeipi_40,218
jxxeph3ui5urd5npeipi_44,990
jxxeph3ui5urd5npeipi_50,593
jxxeph3ui5urd5npeipi_51,639
jxxeph3ui5urd5npeipi_52,404
jxxeph3ui5urd5npeipi_53,270
jxxeph3ui5urd5npeipi_54,722
jxxeph3ui5urd5npeipi_58,285
jxxeph3ui5urd5npeipi_60,593
jxxeph3ui5urd5npeipi_62,735
jxxeph3ui5urd5npeipi_63,877
rbr4qsg386myer2ud16c_14,130
rbr4qsg386myer2ud16c_27,157
rbr4qsg386myer2ud16c_38,109
rbr4qsg386myer2ud16c_39,130
rbr4qsg386myer2ud16c_45,676
rbr4qsg386myer2ud16c_47,563
rbr4qsg386myer2ud16c_48,756
rbr4qsg386myer2ud16c_49,52
rbr4qsg386myer2ud16c_54,745
rbr4qsg386myer2ud16c_61,540
ytwu5lfd162f7oh38wyp_0,389
ytwu5lfd162f7oh38wyp_6,260
ytwu5lfd162f7oh38wyp_22,195
ytwu5lfd162f7oh38wyp_24,98
ytwu5lfd162f7oh38wyp_33,688
ytwu5lfd162f7oh38wyp_37,938
ytwu5lfd162f7oh38wyp_39,1017
ytwu5lfd162f7oh38wyp_44,14
ytwu5lfd162f7oh38wyp_47,1017
ytwu5lfd162f7oh38wyp_50,688
ytwu5lfd162f7oh38wyp_54,906
ytwu5lfd162f7oh38wyp_55,257
ytwu5lfd162f7oh38wyp_57,836
ytwu5lfd162f7oh38wyp_58,639
ytwu5lfd162f7oh38wyp_59,639
0fnu6wajf1t7l72b9w0x_1,949
0fnu6wajf1t7l72b9w0x_9,142
0fnu6wajf1t7l72b9w0x_10,142
0fnu6wajf1t7l72b9w0x_17,142
0fnu6wajf1t7l72b9w0x_19,590
0fnu6wajf1t7l72b9w0x_23,877
0fnu6wajf1t7l72b9w0x_37,270
0fnu6wajf1t7l72b9w0x_39,422
0fnu6wajf1t7l72b9w0x_42,990
0fnu6wajf1t7l72b9w0x_44,990
0fnu6wajf1t7l72b9w0x_45,990
0fnu6wajf1t7l72b9w0x_47,877
0fnu6wajf1t7l72b9w0x_50,593
0fnu6wajf1t7l72b9w0x_52,404
0fnu6wajf1t7l72b9w0x_58,285
0fnu6wajf1t7l72b9w0x_60,593
0fnu6wajf1t7l72b9w0x_62,735
0fnu6wajf1t7l72b9w0x_63,877
lo5nssznd7fv04s8klrz_4,389
lo5nssznd7fv04s8klrz_17,669
lo5nssznd7fv04s8klrz_21,701
lo5nssznd7fv04s8klrz_29,701
lo5nssznd7fv04s8klrz_36,327
lo5nssznd7fv04s8klrz_38,310
lo5nssznd7fv04s8klrz_48,852
lo5nssznd7fv04s8klrz_56,852
lo5nssznd7fv04s8klrz_61,126
lo5nssznd7fv04s8klrz_63,667
uigy022vrc38l0e7dt6u_21,590
uigy022vrc38l0e7dt6u_22,124
uigy022vrc38l0e7dt6u_28,124
uigy022vrc38l0e7dt6u_34,489
uigy022vrc38l0e7dt6u_44,295
uigy022vrc38l0e7dt6u_50,91
uigy022vrc38l0e7dt6u_58,909
uigy022vrc38l0e7dt6u_61,909
x6mwtrj2gxz9e1jn5w34_24,311
x6mwtrj2gxz9e1jn5w34_34,396
x6mwtrj2gxz9e1jn5w34_36,6
x6mwtrj2gxz9e1jn5w34_40,311
x6mwtrj2gxz9e1jn5w34_43,6
x6mwtrj2gxz9e1jn5w34_45,6
x6mwtrj2gxz9e1jn5w34_52,541
x6mwtrj2gxz9e1jn5w34_61,476
x6mwtrj2gxz9e1jn5w34_62,621
bx0gyppwb8ninyt3xrzd_25,255
bx0gyppwb8ninyt3xrzd_33,953
bx0gyppwb8ninyt3xrzd_37,14
bx0gyppwb8ninyt3xrzd_38,456
bx0gyppwb8ninyt3xrzd_41,24
bx0gyppwb8ninyt3xrzd_44,14
bx0gyppwb8ninyt3xrzd_47,29
bx0gyppwb8ninyt3xrzd_50,826
bx0gyppwb8ninyt3xrzd_53,504
o60moo8069s5erqmnlow_26,643
o60moo8069s5erqmnlow_27,643
o60moo8069s5erqmnlow_31,532
o60moo8069s5erqmnlow_36,127
o60moo8069s5erqmnlow_41,601
o60moo8069s5erqmnlow_42,52
o60moo8069s5erqmnlow_57,483
o60moo8069s5erqmnlow_60,593
8yut32m8o5ff7fa25u8a_27,507
8yut32m8o5ff7fa25u8a_36,14
8yut32m8o5ff7fa25u8a_38,504
8yut32m8o5ff7fa25u8a_42,14
8yut32m8o5ff7fa25u8a_45,14
8yut32m8o5ff7fa25u8a_52,504
8yut32m8o5ff7fa25u8a_57,418
8yut32m8o5ff7fa25u8a_59,126
8yut32m8o5ff7fa25u8a_62,836
by5ho5impve6b27byoxa_25,280
by5ho5impve6b27byoxa_33,280
by5ho5impve6b27byoxa_38,819
by5ho5impve6b27byoxa_40,562
by5ho5impve6b27byoxa_41,7
by5ho5impve6b27byoxa_49,562
by5ho5impve6b27byoxa_57,505
by5ho5impve6b27byoxa_63,667
9lo11k3zsd4up08sdrbp_16,538
9lo11k3zsd4up08sdrbp_26,932
9lo11k3zsd4up08sdrbp_32,538
9lo11k3zsd4up08sdrbp_34,541
9lo11k3zsd4up08sdrbp_37,488
9lo11k3zsd4up08sdrbp_39,981
9lo11k3zsd4up08sdrbp_42,6
9lo11k3zsd4up08sdrbp_45,696
9lo11k3zsd4up08sdrbp_47,674
9lo11k3zsd4up08sdrbp_49,680
9lo11k3zsd4up08sdrbp_50,418
9lo11k3zsd4up08sdrbp_55,939
9lo11k3zsd4up08sdrbp_59,418
9lo11k3zsd4up08sdrbp_60,43
9lo11k3zsd4up08sdrbp_61,621
6iazsw4p35lofy0jku3k_10,124
6iazsw4p35lofy0jku3k_15,452
6iazsw4p35lofy0jku3k_18,216
6iazsw4p35lofy0jku3k_21,650
6iazsw4p35lofy0jku3k_32,765
6iazsw4p35lofy0jku3k_33,690
6iazsw4p35lofy0jku3k_41,690
6iazsw4p35lofy0jku3k_49,900
6iazsw4p35lofy0jku3k_50,792
6iazsw4p35lofy0jku3k_59,63
6iazsw4p35lofy0jku3k_61,266
6iazsw4p35lofy0jku3k_63,873
k0x2xvh6omc4v8m51fbf_30,985
k0x2xvh6omc4v8m51fbf_33,643
k0x2xvh6omc4v8m51fbf_42,489
k0x2xvh6omc4v8m51fbf_44,295
k0x2xvh6omc4v8m51fbf_45,295
k0x2xvh6omc4v8m51fbf_46,617
k0x2xvh6omc4v8m51fbf_54,295
k0x2xvh6omc4v8m51fbf_55,840
k0x2xvh6omc4v8m51fbf_56,494
k0x2xvh6omc4v8m51fbf_57,156
k0x2xvh6omc4v8m51fbf_58,909
k0x2xvh6omc4v8m51fbf_60,843
k0x2xvh6omc4v8m51fbf_61,909
k0x2xvh6omc4v8m51fbf_62,295
w2630wf5m95q2kxl0gyv_24,561
w2630wf5m95q2kxl0gyv_25,561
w2630wf5m95q2kxl0gyv_28,561
w2630wf5m95q2kxl0gyv_32,626
w2630wf5m95q2kxl0gyv_33,211
w2630wf5m95q2kxl0gyv_37,211
w2630wf5m95q2kxl0gyv_39,211
w2630wf5m95q2kxl0gyv_40,995
w2630wf5m95q2kxl0gyv_41,211
w2630wf5m95q2kxl0gyv_42,211
w2630wf5m95q2kxl0gyv_44,995
w2630wf5m95q2kxl0gyv_45,211
w2630wf5m95q2kxl0gyv_47,995
w2630wf5m95q2kxl0gyv_48,969
w2630wf5m95q2kxl0gyv_51,211
w2630wf5m95q2kxl0gyv_58,995
w2630wf5m95q2kxl0gyv_59,995
w2630wf5m95q2kxl0gyv_60,211
lxijvcj24962kt7u44ol_21,168
lxijvcj24962kt7u44ol_22,168
lxijvcj24962kt7u44ol_34,229
lxijvcj24962kt7u44ol_44,309
lxijvcj24962kt7u44ol_47,309
lxijvcj24962kt7u44ol_55,508
lxijvcj24962kt7u44ol_58,795
lxijvcj24962kt7u44ol_60,795
kqa0bnf4l6uomaxh3zv1_8,256
kqa0bnf4l6uomaxh3zv1_25,920
kqa0bnf4l6uomaxh3zv1_30,101
kqa0bnf4l6uomaxh3zv1_32,256
kqa0bnf4l6uomaxh3zv1_33,554
kqa0bnf4l6uomaxh3zv1_35,124
kqa0bnf4l6uomaxh3zv1_39,532
kqa0bnf4l6uomaxh3zv1_49,910
kqa0bnf4l6uomaxh3zv1_51,593
kqa0bnf4l6uomaxh3zv1_53,234
kqa0bnf4l6uomaxh3zv1_57,273
kqa0bnf4l6uomaxh3zv1_58,910
kqa0bnf4l6uomaxh3zv1_61,691
kqa0bnf4l6uomaxh3zv1_62,150
ic73lepb37meedrk5unt_16,120
ic73lepb37meedrk5unt_17,70
ic73lepb37meedrk5unt_19,127
ic73lepb37meedrk5unt_22,398
ic73lepb37meedrk5unt_23,308
ic73lepb37meedrk5unt_26,583
ic73lepb37meedrk5unt_28,776
ic73lepb37meedrk5unt_31,7
ic73lepb37meedrk5unt_33,932
ic73lepb37meedrk5unt_34,583
ic73lepb37meedrk5unt_35,776
ic73lepb37meedrk5unt_37,537
ic73lepb37meedrk5unt_38,724
ic73lepb37meedrk5unt_39,358
ic73lepb37meedrk5unt_40,311
ic73lepb37meedrk5unt_46,628
ic73lepb37meedrk5unt_50,570
y1atkokpqkyt9q7ca9i2_3,994
y1atkokpqkyt9q7ca9i2_5,660
y1atkokpqkyt9q7ca9i2_6,660
y1atkokpqkyt9q7ca9i2_12,27
y1atkokpqkyt9q7ca9i2_17,449
y1atkokpqkyt9q7ca9i2_25,660
y1atkokpqkyt9q7ca9i2_33,730
y1atkokpqkyt9q7ca9i2_34,57
y1atkokpqkyt9q7ca9i2_37,955
y1atkokpqkyt9q7ca9i2_43,660
y1atkokpqkyt9q7ca9i2_44,955
y1atkokpqkyt9q7ca9i2_49,189
y1atkokpqkyt9q7ca9i2_54,955
y1atkokpqkyt9q7ca9i2_56,969
hist78nl0xng0ahclc30_0,249
hist78nl0xng0ahclc30_1,308
hist78nl0xng0ahclc30_3,247
hist78nl0xng0ahclc30_7,861
hist78nl0xng0ahclc30_8,247
hist78nl0xng0ahclc30_14,33
hist78nl0xng0ahclc30_16,450
hist78nl0xng0ahclc30_18,219
hist78nl0xng0ahclc30_20,867
hist78nl0xng0ahclc30_26,72
hist78nl0xng0ahclc30_28,867
hist78nl0xng0ahclc30_29,601
hist78nl0xng0ahclc30_32,450
hist78nl0xng0ahclc30_34,601
hist78nl0xng0ahclc30_40,228
hist78nl0xng0ahclc30_42,14
hist78nl0xng0ahclc30_45,169
g5nbve3gsh5zdd577e8x_0,194
g5nbve3gsh5zdd577e8x_3,332
g5nbve3gsh5zdd577e8x_9,320
g5nbve3gsh5zdd577e8x_15,722
g5nbve3gsh5zdd577e8x_19,109
g5nbve3gsh5zdd577e8x_23,722
g5nbve3gsh5zdd577e8x_28,843
g5nbve3gsh5zdd577e8x_31,722
g5nbve3gsh5zdd577e8x_35,414
g5nbve3gsh5zdd577e8x_38,469
wz0q2epoq15ebqxej994_12,332
wz0q2epoq15ebqxej994_13,284
wz0q2epoq15ebqxej994_21,469
wz0q2epoq15ebqxej994_25,332
wz0q2epoq15ebqxej994_28,469
wz0q2epoq15ebqxej994_32,332
wz0q2epoq15ebqxej994_33,284
wz0q2epoq15ebqxej994_41,376
wz0q2epoq15ebqxej994_46,36
wz0q2epoq15ebqxej994_48,332
wz0q2epoq15ebqxej994_51,727
wz0q2epoq15ebqxej994_55,36
wz0q2epoq15ebqxej994_59,332
xqruqatajrpza5jwf86q_1,446
xqruqatajrpza5jwf86q_5,321
xqruqatajrpza5jwf86q_6,633
xqruqatajrpza5jwf86q_9,554
xqruqatajrpza5jwf86q_16,783
xqruqatajrpza5jwf86q_17,227
xqruqatajrpza5jwf86q_20,118
xqruqatajrpza5jwf86q_36,118
xqruqatajrpza5jwf86q_45,189
xqruqatajrpza5jwf86q_52,189
xqruqatajrpza5jwf86q_53,189
xqruqatajrpza5jwf86q_56,573
xqruqatajrpza5jwf86q_60,189
xqruqatajrpza5jwf86q_61,179
xqruqatajrpza5jwf86q_62,189
a5ehr23h34m568d1f7m4_1,383
a5ehr23h34m568d1f7m4_3,446
a5ehr23h34m568d1f7m4_6,1000
a5ehr23h34m568d1f7m4_11,446
a5ehr23h34m568d1f7m4_16,783
a5ehr23h34m568d1f7m4_17,541
a5ehr23h34m568d1f7m4_18,27
a5ehr23h34m568d1f7m4_21,397
a5ehr23h34m568d1f7m4_25,487
a5ehr23h34m568d1f7m4_29,182
a5ehr23h34m568d1f7m4_31,397
a5ehr23h34m568d1f7m4_33,487
a5ehr23h34m568d1f7m4_44,397
a5ehr23h34m568d1f7m4_46,544
a5ehr23h34m568d1f7m4_47,544
a5ehr23h34m568d1f7m4_60,727
98gq88iiqc9hwpvecfrn_0,861
98gq88iiqc9hwpvecfrn_3,681
98gq88iiqc9hwpvecfrn_14,17
98gq88iiqc9hwpvecfrn_17,332
98gq88iiqc9hwpvecfrn_27,910
98gq88iiqc9hwpvecfrn_33,142
98gq88iiqc9hwpvecfrn_42,320
98gq88iiqc9hwpvecfrn_43,848
rda3pah074friupy735r_10,292
rda3pah074friupy735r_13,111
rda3pah074friupy735r_18,295
rda3pah074friupy735r_33,767
rda3pah074friupy735r_36,907
rda3pah074friupy735r_44,767
rda3pah074friupy735r_50,767
rda3pah074friupy735r_53,767
rda3pah074friupy735r_56,494
rda3pah074friupy735r_58,846
rda3pah074friupy735r_59,767
rda3pah074friupy735r_62,43
rda3pah074friupy735r_63,939
fgsur23b5uxobgqbz1fz_3,354
fgsur23b5uxobgqbz1fz_16,608
fgsur23b5uxobgqbz1fz_17,617
fgsur23b5uxobgqbz1fz_20,354
fgsur23b5uxobgqbz1fz_24,608
fgsur23b5uxobgqbz1fz_28,535
fgsur23b5uxobgqbz1fz_33,617
fgsur23b5uxobgqbz1fz_34,57
fgsur23b5uxobgqbz1fz_43,57
fgsur23b5uxobgqbz1fz_47,471
fgsur23b5uxobgqbz1fz_50,471
fgsur23b5uxobgqbz1fz_57,251
fgsur23b5uxobgqbz1fz_59,471
nk840up1qn573euzmsfl_3,446
nk840up1qn573euzmsfl_11,290
nk840up1qn573euzmsfl_12,894
nk840up1qn573euzmsfl_22,134
nk840up1qn573euzmsfl_23,358
nk840up1qn573euzmsfl_27,290
nk840up1qn573euzmsfl_48,179
nk840up1qn573euzmsfl_60,189
nk840up1qn573euzmsfl_61,196
n3k0ey4mj5ov8rucz3nw_1,1000
n3k0ey4mj5ov8rucz3nw_2,434
n3k0ey4mj5ov8rucz3nw_12,590
n3k0ey4mj5ov8rucz3nw_28,483
n3k0ey4mj5ov8rucz3nw_32,218
n3k0ey4mj5ov8rucz3nw_37,502
n3k0ey4mj5ov8rucz3nw_38,488
n3k0ey4mj5ov8rucz3nw_39,722
n3k0ey4mj5ov8rucz3nw_43,541
n3k0ey4mj5ov8rucz3nw_48,788
n3k0ey4mj5ov8rucz3nw_50,483
n3k0ey4mj5ov8rucz3nw_53,502
n3k0ey4mj5ov8rucz3nw_55,981
n3k0ey4mj5ov8rucz3nw_59,196
n3k0ey4mj5ov8rucz3nw_60,196
n3k0ey4mj5ov8rucz3nw_61,502
n3k0ey4mj5ov8rucz3nw_62,502
zhg1hpnled8h8o2xgfhp_0,194
zhg1hpnled8h8o2xgfhp_7,640
zhg1hpnled8h8o2xgfhp_15,753
zhg1hpnled8h8o2xgfhp_23,397
zhg1hpnled8h8o2xgfhp_26,72
zhg1hpnled8h8o2xgfhp_42,218
zhg1hpnled8h8o2xgfhp_44,867
zhg1hpnled8h8o2xgfhp_53,313
34b7eakpc8w59vi71jr3_0,949
34b7eakpc8w59vi71jr3_2,17
34b7eakpc8w59vi71jr3_3,681
34b7eakpc8w59vi71jr3_5,681
34b7eakpc8w59vi71jr3_12,109
34b7eakpc8w59vi71jr3_13,590
34b7eakpc8w59vi71jr3_15,857
34b7eakpc8w59vi71jr3_17,489
34b7eakpc8w59vi71jr3_22,456
34b7eakpc8w59vi71jr3_25,142
34b7eakpc8w59vi71jr3_29,991
34b7eakpc8w59vi71jr3_31,771
34b7eakpc8w59vi71jr3_32,311
34b7eakpc8w59vi71jr3_33,489
34b7eakpc8w59vi71jr3_35,693
34b7eakpc8w59vi71jr3_43,50
34b7eakpc8w59vi71jr3_44,693
tvfsjbuc1e3di22waqv1_0,949
tvfsjbuc1e3di22waqv1_10,17
tvfsjbuc1e3di22waqv1_13,590
tvfsjbuc1e3di22waqv1_17,414
tvfsjbuc1e3di22waqv1_19,314
tvfsjbuc1e3di22waqv1_20,70
tvfsjbuc1e3di22waqv1_21,590
tvfsjbuc1e3di22waqv1_22,985
tvfsjbuc1e3di22waqv1_24,256
tvfsjbuc1e3di22waqv1_30,1013
tvfsjbuc1e3di22waqv1_33,920
tvfsjbuc1e3di22waqv1_35,989
tvfsjbuc1e3di22waqv1_44,989
tvfsjbuc1e3di22waqv1_45,613
tvfsjbuc1e3di22waqv1_48,1003
tvfsjbuc1e3di22waqv1_49,920
d3latqsdw462shvtd4l7_0,37
d3latqsdw462shvtd4l7_4,806
d3latqsdw462shvtd4l7_7,806
d3latqsdw462shvtd4l7_8,91
d3latqsdw462shvtd4l7_10,806
d3latqsdw462shvtd4l7_15,806
d3latqsdw462shvtd4l7_18,806
d3latqsdw462shvtd4l7_20,991
d3latqsdw462shvtd4l7_22,560
d3latqsdw462shvtd4l7_23,806
d3latqsdw462shvtd4l7_28,354
d3latqsdw462shvtd4l7_42,838
d3latqsdw462shvtd4l7_45,398
w8dv64et43afn5avvvxm_0,179
w8dv64et43afn5avvvxm_9,189
w8dv64et43afn5avvvxm_11,541
w8dv64et43afn5avvvxm_20,446
w8dv64et43afn5avvvxm_23,358
w8dv64et43afn5avvvxm_27,263
w8dv64et43afn5avvvxm_28,263
w8dv64et43afn5avvvxm_41,487
w8dv64et43afn5avvvxm_42,894
w8dv64et43afn5avvvxm_43,541
w8dv64et43afn5avvvxm_46,894
w8dv64et43afn5avvvxm_47,358
w8dv64et43afn5avvvxm_51,541
w8dv64et43afn5avvvxm_54,27
w8dv64et43afn5avvvxm_59,894
w8dv64et43afn5avvvxm_61,894
w8dv64et43afn5avvvxm_62,525
j43d33jihd873jdfx1xw_0,194
j43d33jihd873jdfx1xw_1,293
j43d33jihd873jdfx1xw_10,590
j43d33jihd873jdfx1xw_11,590
j43d33jihd873jdfx1xw_13,336
j43d33jihd873jdfx1xw_14,456
j43d33jihd873jdfx1xw_16,838
j43d33jihd873jdfx1xw_19,298
j43d33jihd873jdfx1xw_26,298
j43d33jihd873jdfx1xw_27,991
j43d33jihd873jdfx1xw_28,298
j43d33jihd873jdfx1xw_29,590
j43d33jihd873jdfx1xw_40,838
j43d33jihd873jdfx1xw_45,962
j43d33jihd873jdfx1xw_46,209
j43d33jihd873jdfx1xw_48,1003
j43d33jihd873jdfx1xw_49,727
j43d33jihd873jdfx1xw_56,573
j43d33jihd873jdfx1xw_57,570
j43d33jihd873jdfx1xw_58,386
2z2unz7dswa8n5byx1yo_7,540
2z2unz7dswa8n5byx1yo_8,586
2z2unz7dswa8n5byx1yo_14,195
2z2unz7dswa8n5byx1yo_18,25
2z2unz7dswa8n5byx1yo_28,379
2z2unz7dswa8n5byx1yo_30,730
2z2unz7dswa8n5byx1yo_35,379
2z2unz7dswa8n5byx1yo_38,815
2z2unz7dswa8n5byx1yo_40,57
2z2unz7dswa8n5byx1yo_45,815
2z2unz7dswa8n5byx1yo_46,499
2z2unz7dswa8n5byx1yo_56,211
2z2unz7dswa8n5byx1yo_57,211
2z2unz7dswa8n5byx1yo_61,815
f2tdgort5xffjmdqg4iq_0,538
f2tdgort5xffjmdqg4iq_24,783
f2tdgort5xffjmdqg4iq_25,487
f2tdgort5xffjmdqg4iq_32,783
f2tdgort5xffjmdqg4iq_33,487
f2tdgort5xffjmdqg4iq_35,138
f2tdgort5xffjmdqg4iq_45,397
f2tdgort5xffjmdqg4iq_47,544
f2tdgort5xffjmdqg4iq_48,538
f2tdgort5xffjmdqg4iq_55,468
f2tdgort5xffjmdqg4iq_58,973
f2tdgort5xffjmdqg4iq_61,433
f2tdgort5xffjmdqg4iq_62,639
f2tdgort5xffjmdqg4iq_63,639
mib3mo8zu6qz9ilpaszq_15,293
mib3mo8zu6qz9ilpaszq_19,142
mib3mo8zu6qz9ilpaszq_23,639
mib3mo8zu6qz9ilpaszq_35,639
mib3mo8zu6qz9ilpaszq_36,989
mib3mo8zu6qz9ilpaszq_39,722
mib3mo8zu6qz9ilpaszq_41,639
mib3mo8zu6qz9ilpaszq_42,639
mib3mo8zu6qz9ilpaszq_43,639
mib3mo8zu6qz9ilpaszq_44,990
mib3mo8zu6qz9ilpaszq_45,639
mib3mo8zu6qz9ilpaszq_47,722
mib3mo8zu6qz9ilpaszq_48,81
mib3mo8zu6qz9ilpaszq_50,990
mib3mo8zu6qz9ilpaszq_53,476
mib3mo8zu6qz9ilpaszq_57,674
mib3mo8zu6qz9ilpaszq_59,196
mib3mo8zu6qz9ilpaszq_63,722
kfbiczup28w3shxd0tbn_2,113
kfbiczup28w3shxd0tbn_7,539
kfbiczup28w3shxd0tbn_13,143
kfbiczup28w3shxd0tbn_16,992
kfbiczup28w3shxd0tbn_17,216
kfbiczup28w3shxd0tbn_24,690
kfbiczup28w3shxd0tbn_29,403
kfbiczup28w3shxd0tbn_30,309
kfbiczup28w3shxd0tbn_41,386
kfbiczup28w3shxd0tbn_43,77
kfbiczup28w3shxd0tbn_46,746
kfbiczup28w3shxd0tbn_49,792
kfbiczup28w3shxd0tbn_50,792
kfbiczup28w3shxd0tbn_53,746
kfbiczup28w3shxd0tbn_54,745
kfbiczup28w3shxd0tbn_56,836
kfbiczup28w3shxd0tbn_57,43
kfbiczup28w3shxd0tbn_58,846
kfbiczup28w3shxd0tbn_59,347
uhpcss45qy82efnz6uu2_0,730
uhpcss45qy82efnz6uu2_17,995
uhpcss45qy82efnz6uu2_21,211
uhpcss45qy82efnz6uu2_24,211
uhpcss45qy82efnz6uu2_25,995
uhpcss45qy82efnz6uu2_28,995
uhpcss45qy82efnz6uu2_44,211
uhpcss45qy82efnz6uu2_52,27
ut5iw5hu1gov8qnha2pb_14,487
ut5iw5hu1gov8qnha2pb_21,290
ut5iw5hu1gov8qnha2pb_22,424
ut5iw5hu1gov8qnha2pb_23,554
ut5iw5hu1gov8qnha2pb_31,424
ut5iw5hu1gov8qnha2pb_32,424
ut5iw5hu1gov8qnha2pb_34,424
ut5iw5hu1gov8qnha2pb_35,424
ut5iw5hu1gov8qnha2pb_37,175
ut5iw5hu1gov8qnha2pb_41,424
ut5iw5hu1gov8qnha2pb_44,424
ut5iw5hu1gov8qnha2pb_49,424
ut5iw5hu1gov8qnha2pb_51,424
ut5iw5hu1gov8qnha2pb_52,424
ut5iw5hu1gov8qnha2pb_55,424
ut5iw5hu1gov8qnha2pb_57,424
ut5iw5hu1gov8qnha2pb_61,424
ut5iw5hu1gov8qnha2pb_62,145
a3bt2q32ekarhn5ag4xi_5,331
a3bt2q32ekarhn5ag4xi_12,116
a3bt2q32ekarhn5ag4xi_13,463
a3bt2q32ekarhn5ag4xi_35,463
a3bt2q32ekarhn5ag4xi_36,993
a3bt2q32ekarhn5ag4xi_41,993
a3bt2q32ekarhn5ag4xi_49,464
a3bt2q32ekarhn5ag4xi_53,174
a3bt2q32ekarhn5ag4xi_57,497
a3bt2q32ekarhn5ag4xi_58,780
a3bt2q32ekarhn5ag4xi_61,174
kzggswsphyota43q1xac_8,850
kzggswsphyota43q1xac_14,310
kzggswsphyota43q1xac_16,549
kzggswsphyota43q1xac_18,597
kzggswsphyota43q1xac_22,310
kzggswsphyota43q1xac_24,324
kzggswsphyota43q1xac_26,25
kzggswsphyota43q1xac_50,80
kzggswsphyota43q1xac_56,420
3dk4mijt56z2h8bs603c_10,31
3dk4mijt56z2h8bs603c_19,31
3dk4mijt56z2h8bs603c_20,31
3dk4mijt56z2h8bs603c_24,420
3dk4mijt56z2h8bs603c_27,80
3dk4mijt56z2h8bs603c_28,31
3dk4mijt56z2h8bs603c_34,80
3dk4mijt56z2h8bs603c_35,80
3dk4mijt56z2h8bs603c_37,1013
3dk4mijt56z2h8bs603c_42,420
3dk4mijt56z2h8bs603c_46,1013
3dk4mijt56z2h8bs603c_48,850
3dk4mijt56z2h8bs603c_51,420
3dk4mijt56z2h8bs603c_56,850
3dk4mijt56z2h8bs603c_57,850
3dk4mijt56z2h8bs603c_58,324
3dk4mijt56z2h8bs603c_60,80
e6go6of8von1rha3awv4_9,331
e6go6of8von1rha3awv4_10,331
e6go6of8von1rha3awv4_11,597
e6go6of8von1rha3awv4_16,463
e6go6of8von1rha3awv4_18,463
e6go6of8von1rha3awv4_20,597
e6go6of8von1rha3awv4_24,780
e6go6of8von1rha3awv4_29,597
e6go6of8von1rha3awv4_35,993
e6go6of8von1rha3awv4_40,3
e6go6of8von1rha3awv4_43,3
2hjiqc9qupl7mbgjq5h9_3,654
2hjiqc9qupl7mbgjq5h9_29,42
2hjiqc9qupl7mbgjq5h9_37,42
2hjiqc9qupl7mbgjq5h9_38,51
2hjiqc9qupl7mbgjq5h9_49,1013
2hjiqc9qupl7mbgjq5h9_51,240
2hjiqc9qupl7mbgjq5h9_53,636
2hjiqc9qupl7mbgjq5h9_55,329
2hjiqc9qupl7mbgjq5h9_57,497
2hjiqc9qupl7mbgjq5h9_59,588
2hjiqc9qupl7mbgjq5h9_60,588
2hjiqc9qupl7mbgjq5h9_63,711
nefsdbfz60eh0p30vix8_4,359
nefsdbfz60eh0p30vix8_10,464
nefsdbfz60eh0p30vix8_11,597
nefsdbfz60eh0p30vix8_14,580
nefsdbfz60eh0p30vix8_15,580
nefsdbfz60eh0p30vix8_17,464
nefsdbfz60eh0p30vix8_23,25
nefsdbfz60eh0p30vix8_29,55
nefsdbfz60eh0p30vix8_31,691
nefsdbfz60eh0p30vix8_36,855
nefsdbfz60eh0p30vix8_37,893
nefsdbfz60eh0p30vix8_39,691
nefsdbfz60eh0p30vix8_46,691
nefsdbfz60eh0p30vix8_47,880
nefsdbfz60eh0p30vix8_55,228
nefsdbfz60eh0p30vix8_56,497
nefsdbfz60eh0p30vix8_58,240
nefsdbfz60eh0p30vix8_62,410
adltwnss49x3yfp0fmzu_5,331
adltwnss49x3yfp0fmzu_6,331
adltwnss49x3yfp0fmzu_11,331
adltwnss49x3yfp0fmzu_14,3
adltwnss49x3yfp0fmzu_15,328
adltwnss49x3yfp0fmzu_18,993
adltwnss49x3yfp0fmzu_19,941
adltwnss49x3yfp0fmzu_26,116
adltwnss49x3yfp0fmzu_35,485
adltwnss49x3yfp0fmzu_38,240
adltwnss49x3yfp0fmzu_41,993
adltwnss49x3yfp0fmzu_42,993
adltwnss49x3yfp0fmzu_44,240
adltwnss49x3yfp0fmzu_45,993
adltwnss49x3yfp0fmzu_52,174
adltwnss49x3yfp0fmzu_54,463
adltwnss49x3yfp0fmzu_58,116
adltwnss49x3yfp0fmzu_61,240
adltwnss49x3yfp0fmzu_62,240
dhim2bjc40q699ku0r9p_9,490
dhim2bjc40q699ku0r9p_18,324
dhim2bjc40q699ku0r9p_20,314
dhim2bjc40q699ku0r9p_25,259
dhim2bjc40q699ku0r9p_32,259
dhim2bjc40q699ku0r9p_34,259
dhim2bjc40q699ku0r9p_35,490
dhim2bjc40q699ku0r9p_43,490
dhim2bjc40q699ku0r9p_58,490
1ieqn0omor6gi72iow0b_4,359
1ieqn0omor6gi72iow0b_12,597
1ieqn0omor6gi72iow0b_13,25
1ieqn0omor6gi72iow0b_14,580
1ieqn0omor6gi72iow0b_15,580
1ieqn0omor6gi72iow0b_19,597
1ieqn0omor6gi72iow0b_20,328
1ieqn0omor6gi72iow0b_27,597
1ieqn0omor6gi72iow0b_29,55
1ieqn0omor6gi72iow0b_31,691
1ieqn0omor6gi72iow0b_37,893
1ieqn0omor6gi72iow0b_38,691
1ieqn0omor6gi72iow0b_43,464
1ieqn0omor6gi72iow0b_45,328
1ieqn0omor6gi72iow0b_46,691
1ieqn0omor6gi72iow0b_53,941
1ieqn0omor6gi72iow0b_54,691
1ieqn0omor6gi72iow0b_55,228
077axgmfzssa4l1flfpk_5,359
077axgmfzssa4l1flfpk_6,359
077axgmfzssa4l1flfpk_9,597
077axgmfzssa4l1flfpk_10,790
077axgmfzssa4l1flfpk_14,597
077axgmfzssa4l1flfpk_15,329
077axgmfzssa4l1flfpk_17,893
077axgmfzssa4l1flfpk_18,323
077axgmfzssa4l1flfpk_19,957
077axgmfzssa4l1flfpk_23,45
077axgmfzssa4l1flfpk_28,957
077axgmfzssa4l1flfpk_29,457
077axgmfzssa4l1flfpk_32,401
077axgmfzssa4l1flfpk_34,55
077axgmfzssa4l1flfpk_36,691
077axgmfzssa4l1flfpk_42,893
077axgmfzssa4l1flfpk_52,150
077axgmfzssa4l1flfpk_58,328
077axgmfzssa4l1flfpk_59,691
v8x6m5biq5t68uqf7zju_6,40
v8x6m5biq5t68uqf7zju_20,328
v8x6m5biq5t68uqf7zju_21,55
v8x6m5biq5t68uqf7zju_22,503
v8x6m5biq5t68uqf7zju_35,464
v8x6m5biq5t68uqf7zju_37,893
v8x6m5biq5t68uqf7zju_41,464
v8x6m5biq5t68uqf7zju_43,464
v8x6m5biq5t68uqf7zju_44,240
v8x6m5biq5t68uqf7zju_45,328
v8x6m5biq5t68uqf7zju_46,691
v8x6m5biq5t68uqf7zju_60,240
v8x6m5biq5t68uqf7zju_61,55
v8x6m5biq5t68uqf7zju_62,410
v8x6m5biq5t68uqf7zju_63,240
rsavfhckioyrc1mno9il_1,40
rsavfhckioyrc1mno9il_2,40
rsavfhckioyrc1mno9il_3,40
rsavfhckioyrc1mno9il_11,597
rsavfhckioyrc1mno9il_25,55
rsavfhckioyrc1mno9il_26,691
rsavfhckioyrc1mno9il_28,25
rsavfhckioyrc1mno9il_41,365
rsavfhckioyrc1mno9il_42,691
rsavfhckioyrc1mno9il_49,941
rsavfhckioyrc1mno9il_51,44
jejnino31bg9xerwckp8_0,31
jejnino31bg9xerwckp8_3,95
jejnino31bg9xerwckp8_8,80
jejnino31bg9xerwckp8_16,420
jejnino31bg9xerwckp8_21,457
jejnino31bg9xerwckp8_24,420
jejnino31bg9xerwckp8_32,324
jejnino31bg9xerwckp8_34,80
jejnino31bg9xerwckp8_41,324
jejnino31bg9xerwckp8_56,850
jejnino31bg9xerwckp8_63,361
dvlgri8sutvr02ri8nlj_22,682
dvlgri8sutvr02ri8nlj_23,1020
dvlgri8sutvr02ri8nlj_30,1020
dvlgri8sutvr02ri8nlj_34,496
dvlgri8sutvr02ri8nlj_35,25
dvlgri8sutvr02ri8nlj_37,216
dvlgri8sutvr02ri8nlj_38,216
dvlgri8sutvr02ri8nlj_40,850
dvlgri8sutvr02ri8nlj_43,128
dvlgri8sutvr02ri8nlj_45,978
dvlgri8sutvr02ri8nlj_52,789
dvlgri8sutvr02ri8nlj_53,789
dvlgri8sutvr02ri8nlj_56,850
dvlgri8sutvr02ri8nlj_58,850
dvlgri8sutvr02ri8nlj_63,707
hldgxreeyqs81p9c0u5p_16,580
hldgxreeyqs81p9c0u5p_24,769
hldgxreeyqs81p9c0u5p_28,496
hldgxreeyqs81p9c0u5p_35,769
hldgxreeyqs81p9c0u5p_40,930
hldgxreeyqs81p9c0u5p_41,930
hldgxreeyqs81p9c0u5p_46,663
hldgxreeyqs81p9c0u5p_51,206
hldgxreeyqs81p9c0u5p_59,47
hldgxreeyqs81p9c0u5p_63,466
sd66n8dkgtohn84n9h6j_11,1020
sd66n8dkgtohn84n9h6j_25,484
sd66n8dkgtohn84n9h6j_26,8
sd66n8dkgtohn84n9h6j_36,484
sd66n8dkgtohn84n9h6j_37,484
sd66n8dkgtohn84n9h6j_38,8
sd66n8dkgtohn84n9h6j_42,523
sd66n8dkgtohn84n9h6j_44,92
sd66n8dkgtohn84n9h6j_46,92
sd66n8dkgtohn84n9h6j_51,556
sd66n8dkgtohn84n9h6j_61,416
g7wzzho8vgcxqp9h84v8_3,522
g7wzzho8vgcxqp9h84v8_5,359
g7wzzho8vgcxqp9h84v8_9,493
g7wzzho8vgcxqp9h84v8_16,354
g7wzzho8vgcxqp9h84v8_24,354
g7wzzho8vgcxqp9h84v8_32,354
g7wzzho8vgcxqp9h84v8_34,7
g7wzzho8vgcxqp9h84v8_44,760
g7wzzho8vgcxqp9h84v8_50,617
g7wzzho8vgcxqp9h84v8_52,760
g7wzzho8vgcxqp9h84v8_63,873
4wsjy6n02ltmiu1sakej_5,389
4wsjy6n02ltmiu1sakej_6,389
4wsjy6n02ltmiu1sakej_13,164
4wsjy6n02ltmiu1sakej_23,329
4wsjy6n02ltmiu1sakej_28,219
4wsjy6n02ltmiu1sakej_29,219
4wsjy6n02ltmiu1sakej_30,219
4wsjy6n02ltmiu1sakej_36,219
4wsjy6n02ltmiu1sakej_38,219
4wsjy6n02ltmiu1sakej_40,917
4wsjy6n02ltmiu1sakej_41,367
4wsjy6n02ltmiu1sakej_53,826
4wsjy6n02ltmiu1sakej_59,900
4wsjy6n02ltmiu1sakej_61,836
4wsjy6n02ltmiu1sakej_62,313
c1gldphywraaw7f8rpg0_1,49
c1gldphywraaw7f8rpg0_2,369
c1gldphywraaw7f8rpg0_5,810
c1gldphywraaw7f8rpg0_6,810
c1gldphywraaw7f8rpg0_10,434
c1gldphywraaw7f8rpg0_12,1007
c1gldphywraaw7f8rpg0_15,30
c1gldphywraaw7f8rpg0_29,848
c1gldphywraaw7f8rpg0_34,81
c1gldphywraaw7f8rpg0_44,718
c1gldphywraaw7f8rpg0_57,81
c1gldphywraaw7f8rpg0_58,175
c1gldphywraaw7f8rpg0_59,476
c1gldphywraaw7f8rpg0_60,175
c1gldphywraaw7f8rpg0_62,151
31eas8sk6c0mrrbpvd9y_1,17
31eas8sk6c0mrrbpvd9y_9,590
31eas8sk6c0mrrbpvd9y_21,590
31eas8sk6c0mrrbpvd9y_23,574
31eas8sk6c0mrrbpvd9y_29,834
31eas8sk6c0mrrbpvd9y_37,50
31eas8sk6c0mrrbpvd9y_39,554
31eas8sk6c0mrrbpvd9y_59,753
31eas8sk6c0mrrbpvd9y_60,134
44gi2zmgl5k8d05m03i7_0,2
44gi2zmgl5k8d05m03i7_1,421
44gi2zmgl5k8d05m03i7_3,347
44gi2zmgl5k8d05m03i7_6,382
44gi2zmgl5k8d05m03i7_9,421
44gi2zmgl5k8d05m03i7_10,382
44gi2zmgl5k8d05m03i7_11,382
44gi2zmgl5k8d05m03i7_23,448
44gi2zmgl5k8d05m03i7_38,145
44gi2zmgl5k8d05m03i7_39,145
44gi2zmgl5k8d05m03i7_43,448
44gi2zmgl5k8d05m03i7_46,145
44gi2zmgl5k8d05m03i7_49,448
44gi2zmgl5k8d05m03i7_51,767
44gi2zmgl5k8d05m03i7_55,424
44gi2zmgl5k8d05m03i7_59,448
loyk5msvvuhfqj14id3l_6,382
loyk5msvvuhfqj14id3l_14,958
loyk5msvvuhfqj14id3l_19,448
loyk5msvvuhfqj14id3l_21,145
loyk5msvvuhfqj14id3l_26,617
loyk5msvvuhfqj14id3l_27,382
loyk5msvvuhfqj14id3l_30,448
loyk5msvvuhfqj14id3l_31,424
loyk5msvvuhfqj14id3l_36,448
loyk5msvvuhfqj14id3l_51,767
loyk5msvvuhfqj14id3l_52,145
loyk5msvvuhfqj14id3l_56,448
loyk5msvvuhfqj14id3l_58,448
loyk5msvvuhfqj14id3l_61,448
loyk5msvvuhfqj14id3l_62,424
loyk5msvvuhfqj14id3l_63,424
yzd6cp98ly56oirmirjf_2,382
yzd6cp98ly56oirmirjf_3,382
yzd6cp98ly56oirmirjf_4,382
yzd6cp98ly56oirmirjf_12,314
yzd6cp98ly56oirmirjf_14,187
yzd6cp98ly56oirmirjf_19,382
yzd6cp98ly56oirmirjf_21,382
yzd6cp98ly56oirmirjf_22,187
yzd6cp98ly56oirmirjf_29,382
yzd6cp98ly56oirmirjf_38,487
yzd6cp98ly56oirmirjf_43,448
yzd6cp98ly56oirmirjf_44,448
yzd6cp98ly56oirmirjf_45,448
yzd6cp98ly56oirmirjf_49,421
yzd6cp98ly56oirmirjf_50,448
yzd6cp98ly56oirmirjf_52,448
yzd6cp98ly56oirmirjf_53,145
yzd6cp98ly56oirmirjf_55,424
yzd6cp98ly56oirmirjf_61,145
yzd6cp98ly56oirmirjf_62,424
556npvv3nu488q4ssr42_0,717
556npvv3nu488q4ssr42_5,382
556npvv3nu488q4ssr42_6,382
556npvv3nu488q4ssr42_7,382
556npvv3nu488q4ssr42_9,920
556npvv3nu488q4ssr42_10,992
556npvv3nu488q4ssr42_11,992
556npvv3nu488q4ssr42_12,2
556npvv3nu488q4ssr42_25,693
556npvv3nu488q4ssr42_41,448
556npvv3nu488q4ssr42_50,448
556npvv3nu488q4ssr42_51,448
556npvv3nu488q4ssr42_53,448
556npvv3nu488q4ssr42_55,145
556npvv3nu488q4ssr42_56,448
556npvv3nu488q4ssr42_60,448
556npvv3nu488q4ssr42_61,448
x77x0noimm0zakso327c_1,996
x77x0noimm0zakso327c_2,996
x77x0noimm0zakso327c_15,30
x77x0noimm0zakso327c_21,414
x77x0noimm0zakso327c_27,696
x77x0noimm0zakso327c_28,696
x77x0noimm0zakso327c_32,542
x77x0noimm0zakso327c_33,253
x77x0noimm0zakso327c_37,6
x77x0noimm0zakso327c_40,542
x77x0noimm0zakso327c_41,488
x77x0noimm0zakso327c_43,696
x77x0noimm0zakso327c_48,542
x77x0noimm0zakso327c_50,696
x77x0noimm0zakso327c_54,621
x77x0noimm0zakso327c_59,81
r0ek1tbckfx6a7iewnso_2,810
r0ek1tbckfx6a7iewnso_3,358
r0ek1tbckfx6a7iewnso_5,388
r0ek1tbckfx6a7iewnso_9,749
r0ek1tbckfx6a7iewnso_10,375
r0ek1tbckfx6a7iewnso_11,375
r0ek1tbckfx6a7iewnso_13,502
r0ek1tbckfx6a7iewnso_18,446
r0ek1tbckfx6a7iewnso_19,720
r0ek1tbckfx6a7iewnso_32,538
r0ek1tbckfx6a7iewnso_33,932
r0ek1tbckfx6a7iewnso_41,932
r0ek1tbckfx6a7iewnso_44,621
r0ek1tbckfx6a7iewnso_52,974
r0ek1tbckfx6a7iewnso_56,573
r0ek1tbckfx6a7iewnso_57,418
r0ek1tbckfx6a7iewnso_59,973
r0ek1tbckfx6a7iewnso_60,783
uiq0eehtcjg5ezymbcvj_5,382
uiq0eehtcjg5ezymbcvj_7,382
uiq0eehtcjg5ezymbcvj_22,382
uiq0eehtcjg5ezymbcvj_30,382
uiq0eehtcjg5ezymbcvj_35,586
uiq0eehtcjg5ezymbcvj_43,900
uiq0eehtcjg5ezymbcvj_44,900
uiq0eehtcjg5ezymbcvj_45,448
uiq0eehtcjg5ezymbcvj_49,448
uiq0eehtcjg5ezymbcvj_55,145
uiq0eehtcjg5ezymbcvj_61,448
ai0vnp7o1kkmmaxsxu6m_3,382
ai0vnp7o1kkmmaxsxu6m_11,992
ai0vnp7o1kkmmaxsxu6m_12,2
ai0vnp7o1kkmmaxsxu6m_17,124
ai0vnp7o1kkmmaxsxu6m_18,2
ai0vnp7o1kkmmaxsxu6m_19,2
ai0vnp7o1kkmmaxsxu6m_20,2
ai0vnp7o1kkmmaxsxu6m_21,962
ai0vnp7o1kkmmaxsxu6m_22,382
ai0vnp7o1kkmmaxsxu6m_29,2
ai0vnp7o1kkmmaxsxu6m_32,1003
ai0vnp7o1kkmmaxsxu6m_37,2
ai0vnp7o1kkmmaxsxu6m_38,448
ai0vnp7o1kkmmaxsxu6m_41,448
ai0vnp7o1kkmmaxsxu6m_43,900
ai0vnp7o1kkmmaxsxu6m_49,448
ai0vnp7o1kkmmaxsxu6m_50,448
ai0vnp7o1kkmmaxsxu6m_52,448
ai0vnp7o1kkmmaxsxu6m_54,145
ai0vnp7o1kkmmaxsxu6m_61,448
74fp12d2psxakm85vpoi_0,358
74fp12d2psxakm85vpoi_1,720
74fp12d2psxakm85vpoi_2,358
74fp12d2psxakm85vpoi_7,358
74fp12d2psxakm85vpoi_8,322
74fp12d2psxakm85vpoi_9,434
74fp12d2psxakm85vpoi_12,720
74fp12d2psxakm85vpoi_15,720
74fp12d2psxakm85vpoi_20,253
74fp12d2psxakm85vpoi_26,118
74fp12d2psxakm85vpoi_43,397
74fp12d2psxakm85vpoi_51,886
74fp12d2psxakm85vpoi_52,493
74fp12d2psxakm85vpoi_59,570
74fp12d2psxakm85vpoi_61,727
10b2i23c8h2sdk1bmtuz_9,456
10b2i23c8h2sdk1bmtuz_23,581
10b2i23c8h2sdk1bmtuz_25,771
10b2i23c8h2sdk1bmtuz_26,590
10b2i23c8h2sdk1bmtuz_31,574
10b2i23c8h2sdk1bmtuz_46,746
10b2i23c8h2sdk1bmtuz_50,991
10b2i23c8h2sdk1bmtuz_60,885
3kl26bonmbqigx2hxm72_2,293
3kl26bonmbqigx2hxm72_3,664
3kl26bonmbqigx2hxm72_10,332
3kl26bonmbqigx2hxm72_12,332
3kl26bonmbqigx2hxm72_13,664
3kl26bonmbqigx2hxm72_23,722
3kl26bonmbqigx2hxm72_24,120
3kl26bonmbqigx2hxm72_29,843
3kl26bonmbqigx2hxm72_33,932
3kl26bonmbqigx2hxm72_38,639
3kl26bonmbqigx2hxm72_39,639
3kl26bonmbqigx2hxm72_40,884
3kl26bonmbqigx2hxm72_44,613
3kl26bonmbqigx2hxm72_46,50
3kl26bonmbqigx2hxm72_61,621
x951d5o06vahy3gojo4a_0,918
x951d5o06vahy3gojo4a_8,164
x951d5o06vahy3gojo4a_9,645
x951d5o06vahy3gojo4a_10,1019
x951d5o06vahy3gojo4a_16,917
x951d5o06vahy3gojo4a_17,507
x951d5o06vahy3gojo4a_18,328
x951d5o06vahy3gojo4a_19,1019
x951d5o06vahy3gojo4a_20,1019
x951d5o06vahy3gojo4a_27,507
x951d5o06vahy3gojo4a_35,157
x951d5o06vahy3gojo4a_36,228
x951d5o06vahy3gojo4a_38,450
x951d5o06vahy3gojo4a_40,450
x951d5o06vahy3gojo4a_46,479
x951d5o06vahy3gojo4a_52,546
x951d5o06vahy3gojo4a_59,289
x951d5o06vahy3gojo4a_60,723
sbw2jngqbhvqplhbxe1u_1,247
sbw2jngqbhvqplhbxe1u_2,247
sbw2jngqbhvqplhbxe1u_9,228
sbw2jngqbhvqplhbxe1u_10,228
sbw2jngqbhvqplhbxe1u_11,724
sbw2jngqbhvqplhbxe1u_18,724
sbw2jngqbhvqplhbxe1u_19,157
sbw2jngqbhvqplhbxe1u_29,798
sbw2jngqbhvqplhbxe1u_30,798
sbw2jngqbhvqplhbxe1u_32,149
sbw2jngqbhvqplhbxe1u_35,157
sbw2jngqbhvqplhbxe1u_36,284
sbw2jngqbhvqplhbxe1u_43,72
sbw2jngqbhvqplhbxe1u_45,798
sbw2jngqbhvqplhbxe1u_53,798
sbw2jngqbhvqplhbxe1u_55,212
lrg863ouirl7ixyf67us_8,164
lrg863ouirl7ixyf67us_16,917
lrg863ouirl7ixyf67us_25,321
lrg863ouirl7ixyf67us_38,450
lrg863ouirl7ixyf67us_40,450
lrg863ouirl7ixyf67us_46,479
lrg863ouirl7ixyf67us_49,546
lrg863ouirl7ixyf67us_52,546
lrg863ouirl7ixyf67us_54,14
teiqln5c84yup0tbqz1j_9,284
teiqln5c84yup0tbqz1j_18,284
teiqln5c84yup0tbqz1j_19,332
teiqln5c84yup0tbqz1j_20,72
teiqln5c84yup0tbqz1j_25,284
teiqln5c84yup0tbqz1j_36,72
teiqln5c84yup0tbqz1j_39,544
teiqln5c84yup0tbqz1j_51,749
teiqln5c84yup0tbqz1j_52,723
teiqln5c84yup0tbqz1j_54,14
teiqln5c84yup0tbqz1j_57,418
teiqln5c84yup0tbqz1j_63,29
nf0lg8wlzd60pn2lyx75_10,72
nf0lg8wlzd60pn2lyx75_11,72
nf0lg8wlzd60pn2lyx75_17,218
nf0lg8wlzd60pn2lyx75_19,867
nf0lg8wlzd60pn2lyx75_24,311
nf0lg8wlzd60pn2lyx75_32,311
nf0lg8wlzd60pn2lyx75_33,932
nf0lg8wlzd60pn2lyx75_38,799
nf0lg8wlzd60pn2lyx75_42,551
nf0lg8wlzd60pn2lyx75_45,799
nf0lg8wlzd60pn2lyx75_46,885
nf0lg8wlzd60pn2lyx75_47,544
nf0lg8wlzd60pn2lyx75_50,551
nf0lg8wlzd60pn2lyx75_53,799
nf0lg8wlzd60pn2lyx75_54,885
kzqu6ywc3rar5ua4rxv6_18,19
kzqu6ywc3rar5ua4rxv6_24,662
kzqu6ywc3rar5ua4rxv6_25,19
kzqu6ywc3rar5ua4rxv6_29,19
kzqu6ywc3rar5ua4rxv6_30,19
kzqu6ywc3rar5ua4rxv6_32,662
kzqu6ywc3rar5ua4rxv6_37,19
kzqu6ywc3rar5ua4rxv6_39,662
kzqu6ywc3rar5ua4rxv6_40,662
kzqu6ywc3rar5ua4rxv6_41,19
kzqu6ywc3rar5ua4rxv6_42,19
kzqu6ywc3rar5ua4rxv6_46,19
kzqu6ywc3rar5ua4rxv6_47,662
kzqu6ywc3rar5ua4rxv6_48,662
kzqu6ywc3rar5ua4rxv6_52,19
kzqu6ywc3rar5ua4rxv6_55,662
kzqu6ywc3rar5ua4rxv6_56,662
kzqu6ywc3rar5ua4rxv6_57,531
s37z3gvtgxvnihtu0ba9_0,419
s37z3gvtgxvnihtu0ba9_7,708
s37z3gvtgxvnihtu0ba9_32,783
s37z3gvtgxvnihtu0ba9_34,961
s37z3gvtgxvnihtu0ba9_35,961
s37z3gvtgxvnihtu0ba9_41,961
s37z3gvtgxvnihtu0ba9_42,118
s37z3gvtgxvnihtu0ba9_48,756
s37z3gvtgxvnihtu0ba9_51,118
s37z3gvtgxvnihtu0ba9_54,592
s37z3gvtgxvnihtu0ba9_55,793
s37z3gvtgxvnihtu0ba9_58,723
s37z3gvtgxvnihtu0ba9_59,525
s37z3gvtgxvnihtu0ba9_63,879
mqcp07ng0uwww0k2lbbz_0,972
mqcp07ng0uwww0k2lbbz_6,708
mqcp07ng0uwww0k2lbbz_12,708
mqcp07ng0uwww0k2lbbz_27,597
mqcp07ng0uwww0k2lbbz_29,328
mqcp07ng0uwww0k2lbbz_31,691
mqcp07ng0uwww0k2lbbz_39,691
mqcp07ng0uwww0k2lbbz_45,601
mqcp07ng0uwww0k2lbbz_47,228
mqcp07ng0uwww0k2lbbz_48,507
mqcp07ng0uwww0k2lbbz_50,150
mqcp07ng0uwww0k2lbbz_53,546
mqcp07ng0uwww0k2lbbz_56,98
mqcp07ng0uwww0k2lbbz_57,328
mqcp07ng0uwww0k2lbbz_60,868
mqcp07ng0uwww0k2lbbz_61,410
mqcp07ng0uwww0k2lbbz_62,410
mqcp07ng0uwww0k2lbbz_63,112
hjqiev3x84lqtxxam8kt_1,708
hjqiev3x84lqtxxam8kt_24,917
hjqiev3x84lqtxxam8kt_25,79
hjqiev3x84lqtxxam8kt_32,860
hjqiev3x84lqtxxam8kt_36,84
hjqiev3x84lqtxxam8kt_37,150
hjqiev3x84lqtxxam8kt_43,749
hjqiev3x84lqtxxam8kt_45,84
hjqiev3x84lqtxxam8kt_48,763
hjqiev3x84lqtxxam8kt_54,698
hjqiev3x84lqtxxam8kt_55,546
hjqiev3x84lqtxxam8kt_58,915
hjqiev3x84lqtxxam8kt_59,536
hjqiev3x84lqtxxam8kt_60,698
hjqiev3x84lqtxxam8kt_63,29
bfx98jhfhcmx3z2pcbq3_26,272
bfx98jhfhcmx3z2pcbq3_27,1010
bfx98jhfhcmx3z2pcbq3_31,352
bfx98jhfhcmx3z2pcbq3_32,700
bfx98jhfhcmx3z2pcbq3_34,272
bfx98jhfhcmx3z2pcbq3_46,352
bfx98jhfhcmx3z2pcbq3_48,272
bfx98jhfhcmx3z2pcbq3_52,272
bfx98jhfhcmx3z2pcbq3_56,969
bfx98jhfhcmx3z2pcbq3_58,146
zm0te1l427kjhsawpnjs_17,633
zm0te1l427kjhsawpnjs_21,168
zm0te1l427kjhsawpnjs_24,229
zm0te1l427kjhsawpnjs_29,819
zm0te1l427kjhsawpnjs_32,955
zm0te1l427kjhsawpnjs_36,168
zm0te1l427kjhsawpnjs_37,168
zm0te1l427kjhsawpnjs_41,955
zm0te1l427kjhsawpnjs_42,955
zm0te1l427kjhsawpnjs_43,229
zm0te1l427kjhsawpnjs_44,309
zm0te1l427kjhsawpnjs_48,955
zm0te1l427kjhsawpnjs_57,795
zm0te1l427kjhsawpnjs_59,572
zm0te1l427kjhsawpnjs_63,795
ds7xodns5jb6nibulibn_6,42
ds7xodns5jb6nibulibn_11,429
ds7xodns5jb6nibulibn_14,42
ds7xodns5jb6nibulibn_20,429
ds7xodns5jb6nibulibn_22,42
ds7xodns5jb6nibulibn_31,429
ds7xodns5jb6nibulibn_35,940
ds7xodns5jb6nibulibn_45,636
ds7xodns5jb6nibulibn_49,464
ds7xodns5jb6nibulibn_50,464
ds7xodns5jb6nibulibn_55,940
1owojt7r1loka1jwjiw1_24,691
1owojt7r1loka1jwjiw1_29,310
1owojt7r1loka1jwjiw1_33,228
1owojt7r1loka1jwjiw1_41,562
1owojt7r1loka1jwjiw1_43,1009
1owojt7r1loka1jwjiw1_49,794
1owojt7r1loka1jwjiw1_51,562
1owojt7r1loka1jwjiw1_55,208
joad5m5buisshf854rcw_13,7
joad5m5buisshf854rcw_14,164
joad5m5buisshf854rcw_15,329
joad5m5buisshf854rcw_21,398
joad5m5buisshf854rcw_29,219
joad5m5buisshf854rcw_30,219
joad5m5buisshf854rcw_35,219
joad5m5buisshf854rcw_36,14
joad5m5buisshf854rcw_40,788
joad5m5buisshf854rcw_45,14
joad5m5buisshf854rcw_47,450
joad5m5buisshf854rcw_49,367
joad5m5buisshf854rcw_51,562
joad5m5buisshf854rcw_56,763
joad5m5buisshf854rcw_60,289
76nmrh9nxonrfylyc0h2_3,918
76nmrh9nxonrfylyc0h2_16,645
76nmrh9nxonrfylyc0h2_18,645
76nmrh9nxonrfylyc0h2_20,1019
76nmrh9nxonrfylyc0h2_21,507
76nmrh9nxonrfylyc0h2_24,645
76nmrh9nxonrfylyc0h2_25,645
76nmrh9nxonrfylyc0h2_26,645
76nmrh9nxonrfylyc0h2_27,1019
76nmrh9nxonrfylyc0h2_29,1019
76nmrh9nxonrfylyc0h2_33,645
76nmrh9nxonrfylyc0h2_35,1019
76nmrh9nxonrfylyc0h2_36,691
76nmrh9nxonrfylyc0h2_37,1019
76nmrh9nxonrfylyc0h2_53,979
76nmrh9nxonrfylyc0h2_55,581
76nmrh9nxonrfylyc0h2_56,443
76nmrh9nxonrfylyc0h2_57,57
76nmrh9nxonrfylyc0h2_62,832
fn7hz2n872jueq18i94o_8,918
fn7hz2n872jueq18i94o_26,219
fn7hz2n872jueq18i94o_35,327
fn7hz2n872jueq18i94o_37,812
fn7hz2n872jueq18i94o_40,98
fn7hz2n872jueq18i94o_42,14
fn7hz2n872jueq18i94o_43,14
fn7hz2n872jueq18i94o_45,77
fn7hz2n872jueq18i94o_51,14
fn7hz2n872jueq18i94o_52,826
fn7hz2n872jueq18i94o_56,852
fn7hz2n872jueq18i94o_59,443
fn7hz2n872jueq18i94o_63,540
2jggm4wr9c0aool6tzyl_7,918
2jggm4wr9c0aool6tzyl_23,964
2jggm4wr9c0aool6tzyl_30,219
2jggm4wr9c0aool6tzyl_31,827
2jggm4wr9c0aool6tzyl_43,867
2jggm4wr9c0aool6tzyl_48,763
2jggm4wr9c0aool6tzyl_51,562
2jggm4wr9c0aool6tzyl_52,562
2jggm4wr9c0aool6tzyl_53,14
2jggm4wr9c0aool6tzyl_54,14
2jggm4wr9c0aool6tzyl_59,289
673vf8lhp3n0ikwdz0fb_3,55
673vf8lhp3n0ikwdz0fb_9,24
673vf8lhp3n0ikwdz0fb_10,55
673vf8lhp3n0ikwdz0fb_11,55
673vf8lhp3n0ikwdz0fb_14,55
673vf8lhp3n0ikwdz0fb_19,55
673vf8lhp3n0ikwdz0fb_25,881
673vf8lhp3n0ikwdz0fb_26,55
673vf8lhp3n0ikwdz0fb_30,691
673vf8lhp3n0ikwdz0fb_33,320
673vf8lhp3n0ikwdz0fb_34,881
673vf8lhp3n0ikwdz0fb_39,877
673vf8lhp3n0ikwdz0fb_41,601
673vf8lhp3n0ikwdz0fb_46,190
673vf8lhp3n0ikwdz0fb_48,433
673vf8lhp3n0ikwdz0fb_49,749
673vf8lhp3n0ikwdz0fb_51,270
673vf8lhp3n0ikwdz0fb_52,395
673vf8lhp3n0ikwdz0fb_58,251
aerjsaowhyky6vqtee6x_20,327
aerjsaowhyky6vqtee6x_24,228
aerjsaowhyky6vqtee6x_28,827
aerjsaowhyky6vqtee6x_32,827
aerjsaowhyky6vqtee6x_43,964
aerjsaowhyky6vqtee6x_46,798
aerjsaowhyky6vqtee6x_48,450
aerjsaowhyky6vqtee6x_53,867
aerjsaowhyky6vqtee6x_54,798
aerjsaowhyky6vqtee6x_55,257
aerjsaowhyky6vqtee6x_62,947
vhgxobgnqh6avh6ccay9_4,74
vhgxobgnqh6avh6ccay9_19,645
vhgxobgnqh6avh6ccay9_23,329
vhgxobgnqh6avh6ccay9_28,645
vhgxobgnqh6avh6ccay9_29,645
vhgxobgnqh6avh6ccay9_31,228
vhgxobgnqh6avh6ccay9_38,1019
vhgxobgnqh6avh6ccay9_43,953
vhgxobgnqh6avh6ccay9_46,507
vhgxobgnqh6avh6ccay9_52,691
vhgxobgnqh6avh6ccay9_53,724
vhgxobgnqh6avh6ccay9_57,763
vhgxobgnqh6avh6ccay9_58,450
lik8vc47i0yxmn6dmksn_5,389
lik8vc47i0yxmn6dmksn_20,219
lik8vc47i0yxmn6dmksn_25,367
lik8vc47i0yxmn6dmksn_26,367
lik8vc47i0yxmn6dmksn_28,601
lik8vc47i0yxmn6dmksn_29,219
lik8vc47i0yxmn6dmksn_34,601
lik8vc47i0yxmn6dmksn_36,219
lik8vc47i0yxmn6dmksn_39,826
lik8vc47i0yxmn6dmksn_43,14
lik8vc47i0yxmn6dmksn_45,456
lik8vc47i0yxmn6dmksn_50,554
lik8vc47i0yxmn6dmksn_51,601
lik8vc47i0yxmn6dmksn_53,456
lik8vc47i0yxmn6dmksn_57,517
lik8vc47i0yxmn6dmksn_62,542
lik8vc47i0yxmn6dmksn_63,735
mgupr1mdzvi9y7dzacx0_1,55
mgupr1mdzvi9y7dzacx0_5,113
mgupr1mdzvi9y7dzacx0_10,55
mgupr1mdzvi9y7dzacx0_13,457
mgupr1mdzvi9y7dzacx0_18,691
mgupr1mdzvi9y7dzacx0_19,190
mgupr1mdzvi9y7dzacx0_26,436
mgupr1mdzvi9y7dzacx0_28,190
mgupr1mdzvi9y7dzacx0_29,811
mgupr1mdzvi9y7dzacx0_34,55
mgupr1mdzvi9y7dzacx0_35,811
mgupr1mdzvi9y7dzacx0_43,150
mgupr1mdzvi9y7dzacx0_45,190
mgupr1mdzvi9y7dzacx0_49,802
mgupr1mdzvi9y7dzacx0_50,395
mgupr1mdzvi9y7dzacx0_52,365
mgupr1mdzvi9y7dzacx0_54,811
mgupr1mdzvi9y7dzacx0_56,433
mgupr1mdzvi9y7dzacx0_59,251
mgupr1mdzvi9y7dzacx0_60,251
fji3jdv93h9mjskqf9em_4,918
fji3jdv93h9mjskqf9em_5,918
fji3jdv93h9mjskqf9em_6,918
fji3jdv93h9mjskqf9em_7,918
fji3jdv93h9mjskqf9em_11,164
fji3jdv93h9mjskqf9em_15,329
fji3jdv93h9mjskqf9em_18,164
fji3jdv93h9mjskqf9em_21,164
fji3jdv93h9mjskqf9em_31,96
fji3jdv93h9mjskqf9em_39,96
fji3jdv93h9mjskqf9em_46,328
fji3jdv93h9mjskqf9em_51,588
fji3jdv93h9mjskqf9em_55,507
fji3jdv93h9mjskqf9em_60,443
fji3jdv93h9mjskqf9em_62,562
t3zkh1epx1e2bzkfzwu5_8,645
t3zkh1epx1e2bzkfzwu5_12,164
t3zkh1epx1e2bzkfzwu5_24,645
t3zkh1epx1e2bzkfzwu5_45,328
t3zkh1epx1e2bzkfzwu5_46,1019
t3zkh1epx1e2bzkfzwu5_48,868
t3zkh1epx1e2bzkfzwu5_52,979
t3zkh1epx1e2bzkfzwu5_59,724
t3zkh1epx1e2bzkfzwu5_62,832
fs5asrsuq1hza2j8dh8m_2,25
fs5asrsuq1hza2j8dh8m_4,656
fs5asrsuq1hza2j8dh8m_17,25
fs5asrsuq1hza2j8dh8m_19,55
fs5asrsuq1hza2j8dh8m_27,370
fs5asrsuq1hza2j8dh8m_30,691
fs5asrsuq1hza2j8dh8m_34,881
fs5asrsuq1hza2j8dh8m_36,55
fs5asrsuq1hza2j8dh8m_39,877
fs5asrsuq1hza2j8dh8m_44,55
fs5asrsuq1hza2j8dh8m_46,190
fs5asrsuq1hza2j8dh8m_54,55
fs5asrsuq1hza2j8dh8m_55,270
fs5asrsuq1hza2j8dh8m_57,251
fs5asrsuq1hza2j8dh8m_58,251
fs5asrsuq1hza2j8dh8m_59,251
fs5asrsuq1hza2j8dh8m_61,251
fs5asrsuq1hza2j8dh8m_63,29
zpz9wgljs177kz2ewcd5_0,544
zpz9wgljs177kz2ewcd5_1,918
zpz9wgljs177kz2ewcd5_16,247
zpz9wgljs177kz2ewcd5_17,827
zpz9wgljs177kz2ewcd5_19,867
zpz9wgljs177kz2ewcd5_25,867
zpz9wgljs177kz2ewcd5_43,14
zpz9wgljs177kz2ewcd5_49,14
zpz9wgljs177kz2ewcd5_56,647
zpz9wgljs177kz2ewcd5_61,947
87663yr8lox0si7wve3t_12,164
87663yr8lox0si7wve3t_20,1019
87663yr8lox0si7wve3t_21,228
87663yr8lox0si7wve3t_25,150
87663yr8lox0si7wve3t_28,1019
87663yr8lox0si7wve3t_35,450
87663yr8lox0si7wve3t_49,979
87663yr8lox0si7wve3t_58,979
87663yr8lox0si7wve3t_59,836
87663yr8lox0si7wve3t_62,562
5h61qquj7ketzfuz8j7l_0,37
5h61qquj7ketzfuz8j7l_2,25
5h61qquj7ketzfuz8j7l_5,55
5h61qquj7ketzfuz8j7l_21,55
5h61qquj7ketzfuz8j7l_28,55
5h61qquj7ketzfuz8j7l_35,55
5h61qquj7ketzfuz8j7l_50,251
5h61qquj7ketzfuz8j7l_52,395
5h61qquj7ketzfuz8j7l_61,251
vqejj4xgrjk5qzes2g2t_12,164
vqejj4xgrjk5qzes2g2t_14,868
vqejj4xgrjk5qzes2g2t_19,327
vqejj4xgrjk5qzes2g2t_23,603
vqejj4xgrjk5qzes2g2t_30,386
vqejj4xgrjk5qzes2g2t_37,219
vqejj4xgrjk5qzes2g2t_39,827
vqejj4xgrjk5qzes2g2t_47,532
vqejj4xgrjk5qzes2g2t_52,628
vqejj4xgrjk5qzes2g2t_63,149
za8ihs0gurp8xvdtj2kx_5,810
za8ihs0gurp8xvdtj2kx_9,27
za8ihs0gurp8xvdtj2kx_13,961
za8ihs0gurp8xvdtj2kx_15,30
za8ihs0gurp8xvdtj2kx_21,290
za8ihs0gurp8xvdtj2kx_27,27
za8ihs0gurp8xvdtj2kx_30,424
za8ihs0gurp8xvdtj2kx_31,424
za8ihs0gurp8xvdtj2kx_36,424
za8ihs0gurp8xvdtj2kx_37,175
za8ihs0gurp8xvdtj2kx_43,424
za8ihs0gurp8xvdtj2kx_48,633
za8ihs0gurp8xvdtj2kx_49,424
za8ihs0gurp8xvdtj2kx_56,722
5opbrwafbgny0bpwsw6o_5,57
5opbrwafbgny0bpwsw6o_6,717
5opbrwafbgny0bpwsw6o_11,354
5opbrwafbgny0bpwsw6o_16,608
5opbrwafbgny0bpwsw6o_17,617
5opbrwafbgny0bpwsw6o_19,493
5opbrwafbgny0bpwsw6o_21,493
5opbrwafbgny0bpwsw6o_22,471
5opbrwafbgny0bpwsw6o_24,499
5opbrwafbgny0bpwsw6o_25,493
5opbrwafbgny0bpwsw6o_30,354
5opbrwafbgny0bpwsw6o_39,7
5opbrwafbgny0bpwsw6o_54,57
5opbrwafbgny0bpwsw6o_59,471
5opbrwafbgny0bpwsw6o_60,471
5opbrwafbgny0bpwsw6o_61,471
5opbrwafbgny0bpwsw6o_62,704
5opbrwafbgny0bpwsw6o_63,471
7vixklo33vll7v8pvj7n_2,565
7vixklo33vll7v8pvj7n_4,565
7vixklo33vll7v8pvj7n_10,372
7vixklo33vll7v8pvj7n_11,143
7vixklo33vll7v8pvj7n_12,590
7vixklo33vll7v8pvj7n_13,1007
7vixklo33vll7v8pvj7n_18,62
7vixklo33vll7v8pvj7n_19,414
7vixklo33vll7v8pvj7n_23,1017
7vixklo33vll7v8pvj7n_25,560
7vixklo33vll7v8pvj7n_30,725
7vixklo33vll7v8pvj7n_31,574
7vixklo33vll7v8pvj7n_35,414
7vixklo33vll7v8pvj7n_42,414
7vixklo33vll7v8pvj7n_46,169
7vixklo33vll7v8pvj7n_53,104
7vixklo33vll7v8pvj7n_59,505
7vixklo33vll7v8pvj7n_61,947
7vixklo33vll7v8pvj7n_62,745
iqd7t5tosqfldbzjjr4a_4,565
iqd7t5tosqfldbzjjr4a_5,743
iqd7t5tosqfldbzjjr4a_9,921
iqd7t5tosqfldbzjjr4a_10,994
iqd7t5tosqfldbzjjr4a_16,608
iqd7t5tosqfldbzjjr4a_22,143
iqd7t5tosqfldbzjjr4a_23,329
iqd7t5tosqfldbzjjr4a_24,608
iqd7t5tosqfldbzjjr4a_26,471
iqd7t5tosqfldbzjjr4a_33,617
iqd7t5tosqfldbzjjr4a_45,914
iqd7t5tosqfldbzjjr4a_46,760
iqd7t5tosqfldbzjjr4a_53,732
iqd7t5tosqfldbzjjr4a_54,760
iqd7t5tosqfldbzjjr4a_58,471
iqd7t5tosqfldbzjjr4a_59,471
iqd7t5tosqfldbzjjr4a_61,321
iqd7t5tosqfldbzjjr4a_62,443
iqd7t5tosqfldbzjjr4a_63,112
bo30s4e8pdej4xjvbjt1_1,446
bo30s4e8pdej4xjvbjt1_11,424
bo30s4e8pdej4xjvbjt1_14,446
bo30s4e8pdej4xjvbjt1_22,145
bo30s4e8pdej4xjvbjt1_27,145
bo30s4e8pdej4xjvbjt1_28,424
bo30s4e8pdej4xjvbjt1_33,138
bo30s4e8pdej4xjvbjt1_37,145
rbvn138og7t2o7vt6jd8_2,95
rbvn138og7t2o7vt6jd8_4,835
rbvn138og7t2o7vt6jd8_12,717
rbvn138og7t2o7vt6jd8_15,835
rbvn138og7t2o7vt6jd8_18,561
rbvn138og7t2o7vt6jd8_19,561
rbvn138og7t2o7vt6jd8_20,561
rbvn138og7t2o7vt6jd8_21,561
rbvn138og7t2o7vt6jd8_27,382
rbvn138og7t2o7vt6jd8_28,382
rbvn138og7t2o7vt6jd8_29,382
rbvn138og7t2o7vt6jd8_31,382
rbvn138og7t2o7vt6jd8_37,382
rbvn138og7t2o7vt6jd8_43,298
rbvn138og7t2o7vt6jd8_47,532
rbvn138og7t2o7vt6jd8_51,2
rbvn138og7t2o7vt6jd8_54,101
rbvn138og7t2o7vt6jd8_60,2
rbvn138og7t2o7vt6jd8_61,57
rbvn138og7t2o7vt6jd8_63,586
zpebxf10cg3iham8tg1k_1,62
zpebxf10cg3iham8tg1k_2,953
zpebxf10cg3iham8tg1k_3,366
zpebxf10cg3iham8tg1k_8,321
zpebxf10cg3iham8tg1k_12,414
zpebxf10cg3iham8tg1k_30,227
zpebxf10cg3iham8tg1k_31,675
zpebxf10cg3iham8tg1k_35,676
zpebxf10cg3iham8tg1k_39,675
zpebxf10cg3iham8tg1k_42,52
zpebxf10cg3iham8tg1k_43,224
zpebxf10cg3iham8tg1k_63,257
m1dcgry7pn2ccu2ye08f_0,946
m1dcgry7pn2ccu2ye08f_3,946
m1dcgry7pn2ccu2ye08f_6,1000
m1dcgry7pn2ccu2ye08f_9,946
m1dcgry7pn2ccu2ye08f_11,528
m1dcgry7pn2ccu2ye08f_12,962
m1dcgry7pn2ccu2ye08f_14,838
m1dcgry7pn2ccu2ye08f_16,946
m1dcgry7pn2ccu2ye08f_18,946
m1dcgry7pn2ccu2ye08f_20,962
m1dcgry7pn2ccu2ye08f_21,209
m1dcgry7pn2ccu2ye08f_22,336
m1dcgry7pn2ccu2ye08f_23,581
m1dcgry7pn2ccu2ye08f_25,346
m1dcgry7pn2ccu2ye08f_39,581
m1dcgry7pn2ccu2ye08f_45,52
m1dcgry7pn2ccu2ye08f_47,696
m1dcgry7pn2ccu2ye08f_55,581
m1dcgry7pn2ccu2ye08f_61,380
m1dcgry7pn2ccu2ye08f_62,43
jlxqojy4llv70qvshdyl_0,321
jlxqojy4llv70qvshdyl_4,471
jlxqojy4llv70qvshdyl_7,835
jlxqojy4llv70qvshdyl_20,471
jlxqojy4llv70qvshdyl_25,57
jlxqojy4llv70qvshdyl_48,608
jlxqojy4llv70qvshdyl_49,471
jlxqojy4llv70qvshdyl_56,471
jlxqojy4llv70qvshdyl_58,969
le2oqbqlftvmvokumw31_0,321
le2oqbqlftvmvokumw31_1,321
le2oqbqlftvmvokumw31_4,471
le2oqbqlftvmvokumw31_10,471
le2oqbqlftvmvokumw31_18,493
le2oqbqlftvmvokumw31_25,57
le2oqbqlftvmvokumw31_26,493
le2oqbqlftvmvokumw31_29,354
le2oqbqlftvmvokumw31_37,493
le2oqbqlftvmvokumw31_44,471
fmm2xb26qdzxjvq36ha6_0,37
fmm2xb26qdzxjvq36ha6_2,911
fmm2xb26qdzxjvq36ha6_4,565
fmm2xb26qdzxjvq36ha6_8,69
fmm2xb26qdzxjvq36ha6_11,69
fmm2xb26qdzxjvq36ha6_13,976
fmm2xb26qdzxjvq36ha6_16,369
fmm2xb26qdzxjvq36ha6_22,812
fmm2xb26qdzxjvq36ha6_23,581
fmm2xb26qdzxjvq36ha6_24,838
fmm2xb26qdzxjvq36ha6_25,693
fmm2xb26qdzxjvq36ha6_30,812
fmm2xb26qdzxjvq36ha6_32,332
fmm2xb26qdzxjvq36ha6_55,532
fmm2xb26qdzxjvq36ha6_60,505
fmm2xb26qdzxjvq36ha6_63,939
c4bsljkdypmqe3o14n3f_8,98
c4bsljkdypmqe3o14n3f_9,388
c4bsljkdypmqe3o14n3f_10,388
c4bsljkdypmqe3o14n3f_19,696
c4bsljkdypmqe3o14n3f_22,195
c4bsljkdypmqe3o14n3f_26,483
c4bsljkdypmqe3o14n3f_38,746
c4bsljkdypmqe3o14n3f_43,488
c4bsljkdypmqe3o14n3f_56,542
c4bsljkdypmqe3o14n3f_58,196
45xohsd2lck2z87ipcwl_0,730
45xohsd2lck2z87ipcwl_14,449
45xohsd2lck2z87ipcwl_15,321
45xohsd2lck2z87ipcwl_18,541
45xohsd2lck2z87ipcwl_19,660
45xohsd2lck2z87ipcwl_24,783
45xohsd2lck2z87ipcwl_27,955
45xohsd2lck2z87ipcwl_28,27
45xohsd2lck2z87ipcwl_32,783
45xohsd2lck2z87ipcwl_36,27
45xohsd2lck2z87ipcwl_42,27
45xohsd2lck2z87ipcwl_43,27
45xohsd2lck2z87ipcwl_44,730
45xohsd2lck2z87ipcwl_47,722
45xohsd2lck2z87ipcwl_50,839
45xohsd2lck2z87ipcwl_53,27
45xohsd2lck2z87ipcwl_60,955
45xohsd2lck2z87ipcwl_61,955
y5o0eiisv44jfa61tlfu_0,225
y5o0eiisv44jfa61tlfu_12,145
y5o0eiisv44jfa61tlfu_18,617
y5o0eiisv44jfa61tlfu_21,449
y5o0eiisv44jfa61tlfu_30,487
y5o0eiisv44jfa61tlfu_36,145
y5o0eiisv44jfa61tlfu_37,499
y5o0eiisv44jfa61tlfu_39,399
y5o0eiisv44jfa61tlfu_45,487
y5o0eiisv44jfa61tlfu_58,341
7f22ch42o24v8nocfdeo_11,82
7f22ch42o24v8nocfdeo_16,179
7f22ch42o24v8nocfdeo_18,755
7f22ch42o24v8nocfdeo_29,82
7f22ch42o24v8nocfdeo_34,869
7f22ch42o24v8nocfdeo_38,57
7f22ch42o24v8nocfdeo_45,57
7f22ch42o24v8nocfdeo_51,699
7f22ch42o24v8nocfdeo_56,179
7f22ch42o24v8nocfdeo_60,970
i2wjvy0z7uj0rxlwuonu_11,296
i2wjvy0z7uj0rxlwuonu_18,82
i2wjvy0z7uj0rxlwuonu_19,296
i2wjvy0z7uj0rxlwuonu_27,82
i2wjvy0z7uj0rxlwuonu_28,146
i2wjvy0z7uj0rxlwuonu_30,587
i2wjvy0z7uj0rxlwuonu_32,179
i2wjvy0z7uj0rxlwuonu_50,118
i2wjvy0z7uj0rxlwuonu_52,82
i2wjvy0z7uj0rxlwuonu_58,723
i2wjvy0z7uj0rxlwuonu_63,1011
o7kn1t7yeisvhos8cp08_0,419
o7kn1t7yeisvhos8cp08_10,419
o7kn1t7yeisvhos8cp08_16,419
o7kn1t7yeisvhos8cp08_17,961
o7kn1t7yeisvhos8cp08_27,419
o7kn1t7yeisvhos8cp08_32,783
o7kn1t7yeisvhos8cp08_33,118
o7kn1t7yeisvhos8cp08_35,961
o7kn1t7yeisvhos8cp08_36,961
o7kn1t7yeisvhos8cp08_42,118
o7kn1t7yeisvhos8cp08_43,961
o7kn1t7yeisvhos8cp08_48,756
o7kn1t7yeisvhos8cp08_53,525
o7kn1t7yeisvhos8cp08_57,723
o7kn1t7yeisvhos8cp08_58,723
o7kn1t7yeisvhos8cp08_59,525
o7kn1t7yeisvhos8cp08_62,592
15g25g8hyze89cmd1mer_0,389
15g25g8hyze89cmd1mer_24,827
15g25g8hyze89cmd1mer_33,219
15g25g8hyze89cmd1mer_46,798
15g25g8hyze89cmd1mer_48,826
15g25g8hyze89cmd1mer_51,14
15g25g8hyze89cmd1mer_52,826
15g25g8hyze89cmd1mer_55,212
15g25g8hyze89cmd1mer_63,540
b1j293yetcea750xc3q8_1,382
b1j293yetcea750xc3q8_12,586
b1j293yetcea750xc3q8_13,2
b1j293yetcea750xc3q8_22,914
b1j293yetcea750xc3q8_23,382
b1j293yetcea750xc3q8_28,586
b1j293yetcea750xc3q8_36,900
b1j293yetcea750xc3q8_37,386
b1j293yetcea750xc3q8_44,448
b1j293yetcea750xc3q8_54,448
b1j293yetcea750xc3q8_57,134
b1j293yetcea750xc3q8_60,448
hc3nybqxewf4zy45lrgj_2,382
hc3nybqxewf4zy45lrgj_3,347
hc3nybqxewf4zy45lrgj_4,382
hc3nybqxewf4zy45lrgj_5,382
hc3nybqxewf4zy45lrgj_6,382
hc3nybqxewf4zy45lrgj_22,382
hc3nybqxewf4zy45lrgj_23,448
hc3nybqxewf4zy45lrgj_25,617
hc3nybqxewf4zy45lrgj_34,962
hc3nybqxewf4zy45lrgj_35,448
hc3nybqxewf4zy45lrgj_39,145
hc3nybqxewf4zy45lrgj_42,448
hc3nybqxewf4zy45lrgj_47,424
hc3nybqxewf4zy45lrgj_54,145
hc3nybqxewf4zy45lrgj_55,424
s36mo4bc2esyrwl73pen_1,225
s36mo4bc2esyrwl73pen_2,779
s36mo4bc2esyrwl73pen_3,225
s36mo4bc2esyrwl73pen_17,354
s36mo4bc2esyrwl73pen_19,779
s36mo4bc2esyrwl73pen_20,962
s36mo4bc2esyrwl73pen_24,427
s36mo4bc2esyrwl73pen_26,907
s36mo4bc2esyrwl73pen_27,603
s36mo4bc2esyrwl73pen_28,427
s36mo4bc2esyrwl73pen_34,390
s36mo4bc2esyrwl73pen_35,427
s36mo4bc2esyrwl73pen_37,145
s36mo4bc2esyrwl73pen_41,869
s36mo4bc2esyrwl73pen_42,427
s36mo4bc2esyrwl73pen_57,341
hy41uvvgtjsem5cs5k7q_2,657
hy41uvvgtjsem5cs5k7q_3,804
hy41uvvgtjsem5cs5k7q_19,59
hy41uvvgtjsem5cs5k7q_20,59
hy41uvvgtjsem5cs5k7q_25,566
hy41uvvgtjsem5cs5k7q_29,28
hy41uvvgtjsem5cs5k7q_37,236
hy41uvvgtjsem5cs5k7q_38,566
hy41uvvgtjsem5cs5k7q_39,243
hy41uvvgtjsem5cs5k7q_41,482
hy41uvvgtjsem5cs5k7q_47,566
hy41uvvgtjsem5cs5k7q_50,482
hy41uvvgtjsem5cs5k7q_55,566
hy41uvvgtjsem5cs5k7q_61,808
drptfi4g8bqel9amc9j9_4,660
drptfi4g8bqel9amc9j9_12,27
drptfi4g8bqel9amc9j9_14,955
drptfi4g8bqel9amc9j9_15,660
drptfi4g8bqel9amc9j9_20,145
drptfi4g8bqel9amc9j9_25,660
drptfi4g8bqel9amc9j9_27,397
drptfi4g8bqel9amc9j9_34,57
drptfi4g8bqel9amc9j9_35,134
drptfi4g8bqel9amc9j9_37,955
drptfi4g8bqel9amc9j9_39,660
drptfi4g8bqel9amc9j9_47,955
drptfi4g8bqel9amc9j9_50,660
drptfi4g8bqel9amc9j9_53,955
drptfi4g8bqel9amc9j9_55,955
drptfi4g8bqel9amc9j9_59,955
drptfi4g8bqel9amc9j9_60,955
drptfi4g8bqel9amc9j9_61,955
vd588f1qg7uf5um7bj00_3,449
vd588f1qg7uf5um7bj00_9,779
vd588f1qg7uf5um7bj00_17,779
vd588f1qg7uf5um7bj00_27,145
vd588f1qg7uf5um7bj00_28,145
vd588f1qg7uf5um7bj00_33,295
vd588f1qg7uf5um7bj00_40,427
vd588f1qg7uf5um7bj00_41,427
vd588f1qg7uf5um7bj00_56,341
vd588f1qg7uf5um7bj00_60,341
kyex76uz5j5zqgth3uhn_1,358
kyex76uz5j5zqgth3uhn_2,446
kyex76uz5j5zqgth3uhn_5,446
kyex76uz5j5zqgth3uhn_12,446
kyex76uz5j5zqgth3uhn_13,894
kyex76uz5j5zqgth3uhn_15,290
kyex76uz5j5zqgth3uhn_16,847
kyex76uz5j5zqgth3uhn_20,894
kyex76uz5j5zqgth3uhn_22,27
kyex76uz5j5zqgth3uhn_23,894
kyex76uz5j5zqgth3uhn_26,27
kyex76uz5j5zqgth3uhn_28,27
kyex76uz5j5zqgth3uhn_34,145
kyex76uz5j5zqgth3uhn_43,894
kyex76uz5j5zqgth3uhn_44,894
kyex76uz5j5zqgth3uhn_52,215
kyex76uz5j5zqgth3uhn_53,894
kyex76uz5j5zqgth3uhn_54,145
kyex76uz5j5zqgth3uhn_61,189
gmqp3o3c79g7jkek3koy_2,843
gmqp3o3c79g7jkek3koy_4,718
gmqp3o3c79g7jkek3koy_10,97
gmqp3o3c79g7jkek3koy_12,397
gmqp3o3c79g7jkek3koy_15,397
gmqp3o3c79g7jkek3koy_20,886
gmqp3o3c79g7jkek3koy_24,538
gmqp3o3c79g7jkek3koy_25,385
gmqp3o3c79g7jkek3koy_27,397
gmqp3o3c79g7jkek3koy_29,70
gmqp3o3c79g7jkek3koy_31,753
gmqp3o3c79g7jkek3koy_40,311
gmqp3o3c79g7jkek3koy_41,570
gmqp3o3c79g7jkek3koy_42,142
gmqp3o3c79g7jkek3koy_46,570
gmqp3o3c79g7jkek3koy_47,639
gmqp3o3c79g7jkek3koy_51,570
gmqp3o3c79g7jkek3koy_55,939
0yzbldr5ex0n9wt471ph_3,434
0yzbldr5ex0n9wt471ph_7,194
0yzbldr5ex0n9wt471ph_8,664
0yzbldr5ex0n9wt471ph_14,725
0yzbldr5ex0n9wt471ph_25,376
0yzbldr5ex0n9wt471ph_28,118
0yzbldr5ex0n9wt471ph_29,118
0yzbldr5ex0n9wt471ph_30,541
0yzbldr5ex0n9wt471ph_47,783
0yzbldr5ex0n9wt471ph_55,30
0yzbldr5ex0n9wt471ph_61,621
tbqosjut95go4w67xs4f_0,722
tbqosjut95go4w67xs4f_11,894
tbqosjut95go4w67xs4f_13,541
tbqosjut95go4w67xs4f_16,722
tbqosjut95go4w67xs4f_17,894
tbqosjut95go4w67xs4f_26,81
tbqosjut95go4w67xs4f_29,487
tbqosjut95go4w67xs4f_33,894
tbqosjut95go4w67xs4f_36,894
tbqosjut95go4w67xs4f_41,145
tbqosjut95go4w67xs4f_44,894
j4zel97k9e1xr4gtyfo9_0,633
j4zel97k9e1xr4gtyfo9_4,633
j4zel97k9e1xr4gtyfo9_8,358
j4zel97k9e1xr4gtyfo9_14,839
j4zel97k9e1xr4gtyfo9_19,894
j4zel97k9e1xr4gtyfo9_32,284
j4zel97k9e1xr4gtyfo9_40,175
j4zel97k9e1xr4gtyfo9_43,894
j4zel97k9e1xr4gtyfo9_55,254
6q50f7airtyt307gs2d0_11,97
6q50f7airtyt307gs2d0_22,397
6q50f7airtyt307gs2d0_25,541
6q50f7airtyt307gs2d0_32,399
6q50f7airtyt307gs2d0_33,541
6q50f7airtyt307gs2d0_34,541
6q50f7airtyt307gs2d0_35,732
6q50f7airtyt307gs2d0_42,118
6q50f7airtyt307gs2d0_44,544
6q50f7airtyt307gs2d0_52,617
6q50f7airtyt307gs2d0_59,189
6q50f7airtyt307gs2d0_60,1016
5sblrqzuh3qr2h3r7wcg_9,272
5sblrqzuh3qr2h3r7wcg_12,994
5sblrqzuh3qr2h3r7wcg_25,970
5sblrqzuh3qr2h3r7wcg_26,699
5sblrqzuh3qr2h3r7wcg_46,683
5sblrqzuh3qr2h3r7wcg_49,921
5sblrqzuh3qr2h3r7wcg_55,390
5sblrqzuh3qr2h3r7wcg_63,640
akalqqjjju2ldd1eg7ur_7,717
akalqqjjju2ldd1eg7ur_13,449
akalqqjjju2ldd1eg7ur_15,857
akalqqjjju2ldd1eg7ur_17,473
akalqqjjju2ldd1eg7ur_26,375
akalqqjjju2ldd1eg7ur_28,473
akalqqjjju2ldd1eg7ur_30,499
akalqqjjju2ldd1eg7ur_34,473
akalqqjjju2ldd1eg7ur_37,27
akalqqjjju2ldd1eg7ur_39,753
akalqqjjju2ldd1eg7ur_42,473
akalqqjjju2ldd1eg7ur_44,499
akalqqjjju2ldd1eg7ur_46,905
akalqqjjju2ldd1eg7ur_50,541
akalqqjjju2ldd1eg7ur_52,499
akalqqjjju2ldd1eg7ur_53,27
akalqqjjju2ldd1eg7ur_63,137
5hj4n2zuxoipivyz36ef_6,382
5hj4n2zuxoipivyz36ef_22,382
5hj4n2zuxoipivyz36ef_27,382
5hj4n2zuxoipivyz36ef_37,448
5hj4n2zuxoipivyz36ef_52,145
5hj4n2zuxoipivyz36ef_55,424
5hj4n2zuxoipivyz36ef_60,145
5hj4n2zuxoipivyz36ef_62,424
qlgxhra9frgxjvi5wloo_3,113
qlgxhra9frgxjvi5wloo_11,369
qlgxhra9frgxjvi5wloo_12,372
qlgxhra9frgxjvi5wloo_18,372
qlgxhra9frgxjvi5wloo_32,311
qlgxhra9frgxjvi5wloo_38,209
qlgxhra9frgxjvi5wloo_39,675
qlgxhra9frgxjvi5wloo_40,1003
qlgxhra9frgxjvi5wloo_41,489
qlgxhra9frgxjvi5wloo_42,753
qlgxhra9frgxjvi5wloo_45,52
qlgxhra9frgxjvi5wloo_46,52
qlgxhra9frgxjvi5wloo_47,224
qlgxhra9frgxjvi5wloo_54,794
qlgxhra9frgxjvi5wloo_62,846
via412thoo8mimkm3cyg_2,2
via412thoo8mimkm3cyg_11,586
via412thoo8mimkm3cyg_28,586
via412thoo8mimkm3cyg_29,7
via412thoo8mimkm3cyg_35,27
via412thoo8mimkm3cyg_41,448
via412thoo8mimkm3cyg_44,448
via412thoo8mimkm3cyg_50,448
via412thoo8mimkm3cyg_53,448
via412thoo8mimkm3cyg_58,27
via412thoo8mimkm3cyg_59,448
via412thoo8mimkm3cyg_60,448
r2dfqliwlhco8j43yf24_4,660
r2dfqliwlhco8j43yf24_5,660
r2dfqliwlhco8j43yf24_6,660
r2dfqliwlhco8j43yf24_8,561
r2dfqliwlhco8j43yf24_29,134
r2dfqliwlhco8j43yf24_33,730
r2dfqliwlhco8j43yf24_34,57
r2dfqliwlhco8j43yf24_35,134
r2dfqliwlhco8j43yf24_36,660
r2dfqliwlhco8j43yf24_37,955
r2dfqliwlhco8j43yf24_41,969
r2dfqliwlhco8j43yf24_45,955
r2dfqliwlhco8j43yf24_46,955
r2dfqliwlhco8j43yf24_52,955
r2dfqliwlhco8j43yf24_53,955
r2dfqliwlhco8j43yf24_54,955
r2dfqliwlhco8j43yf24_55,955
r2dfqliwlhco8j43yf24_58,189
ougo01hxdthtandpn8ux_9,382
ougo01hxdthtandpn8ux_15,508
ougo01hxdthtandpn8ux_18,985
ougo01hxdthtandpn8ux_20,590
ougo01hxdthtandpn8ux_29,382
ougo01hxdthtandpn8ux_30,382
ougo01hxdthtandpn8ux_31,574
ougo01hxdthtandpn8ux_36,382
ougo01hxdthtandpn8ux_37,958
ougo01hxdthtandpn8ux_38,187
ougo01hxdthtandpn8ux_43,448
ougo01hxdthtandpn8ux_49,2
ougo01hxdthtandpn8ux_50,448
ougo01hxdthtandpn8ux_52,448
ougo01hxdthtandpn8ux_54,424
ougo01hxdthtandpn8ux_57,617
ougo01hxdthtandpn8ux_59,448
ougo01hxdthtandpn8ux_61,448
hs7xdfbu7zcqkcq47fjz_4,994
hs7xdfbu7zcqkcq47fjz_10,471
hs7xdfbu7zcqkcq47fjz_12,471
hs7xdfbu7zcqkcq47fjz_22,493
hs7xdfbu7zcqkcq47fjz_30,471
hs7xdfbu7zcqkcq47fjz_35,471
hs7xdfbu7zcqkcq47fjz_37,471
hs7xdfbu7zcqkcq47fjz_41,79
hs7xdfbu7zcqkcq47fjz_43,471
hs7xdfbu7zcqkcq47fjz_44,471
hs7xdfbu7zcqkcq47fjz_45,704
hs7xdfbu7zcqkcq47fjz_48,433
hs7xdfbu7zcqkcq47fjz_49,233
hs7xdfbu7zcqkcq47fjz_50,561
hs7xdfbu7zcqkcq47fjz_53,471
tjzyujc0qqdb1zre4hz0_7,627
tjzyujc0qqdb1zre4hz0_11,325
tjzyujc0qqdb1zre4hz0_14,956
tjzyujc0qqdb1zre4hz0_19,325
tjzyujc0qqdb1zre4hz0_23,627
tjzyujc0qqdb1zre4hz0_27,325
tjzyujc0qqdb1zre4hz0_28,325
tjzyujc0qqdb1zre4hz0_29,325
tjzyujc0qqdb1zre4hz0_36,781
tjzyujc0qqdb1zre4hz0_38,620
tjzyujc0qqdb1zre4hz0_39,184
tjzyujc0qqdb1zre4hz0_50,279
tjzyujc0qqdb1zre4hz0_52,135
tjzyujc0qqdb1zre4hz0_53,135
tjzyujc0qqdb1zre4hz0_54,90
tjzyujc0qqdb1zre4hz0_55,184
tjzyujc0qqdb1zre4hz0_58,960
tjzyujc0qqdb1zre4hz0_59,135
tjzyujc0qqdb1zre4hz0_62,90
tjzyujc0qqdb1zre4hz0_63,627
y0lyuky4epjpdadsrdqz_8,697
y0lyuky4epjpdadsrdqz_10,441
y0lyuky4epjpdadsrdqz_15,539
y0lyuky4epjpdadsrdqz_27,997
y0lyuky4epjpdadsrdqz_36,671
y0lyuky4epjpdadsrdqz_39,399
y0lyuky4epjpdadsrdqz_44,732
y0lyuky4epjpdadsrdqz_46,163
y0lyuky4epjpdadsrdqz_49,1016
y0lyuky4epjpdadsrdqz_53,974
y0lyuky4epjpdadsrdqz_55,254
y0lyuky4epjpdadsrdqz_58,1016
y0lyuky4epjpdadsrdqz_63,540
ea9k6a13yf8xwjq8s3tj_5,159
ea9k6a13yf8xwjq8s3tj_6,1000
ea9k6a13yf8xwjq8s3tj_7,861
ea9k6a13yf8xwjq8s3tj_11,159
ea9k6a13yf8xwjq8s3tj_12,285
ea9k6a13yf8xwjq8s3tj_15,574
ea9k6a13yf8xwjq8s3tj_18,159
ea9k6a13yf8xwjq8s3tj_19,554
ea9k6a13yf8xwjq8s3tj_28,159
ea9k6a13yf8xwjq8s3tj_30,906
ea9k6a13yf8xwjq8s3tj_35,159
ea9k6a13yf8xwjq8s3tj_44,593
ea9k6a13yf8xwjq8s3tj_51,159
ea9k6a13yf8xwjq8s3tj_53,151
ea9k6a13yf8xwjq8s3tj_54,703
ea9k6a13yf8xwjq8s3tj_55,30
ea9k6a13yf8xwjq8s3tj_63,257
pgkdylxct013iobocrgz_0,640
pgkdylxct013iobocrgz_3,397
pgkdylxct013iobocrgz_4,446
pgkdylxct013iobocrgz_5,783
pgkdylxct013iobocrgz_7,383
pgkdylxct013iobocrgz_10,27
pgkdylxct013iobocrgz_12,886
pgkdylxct013iobocrgz_27,134
pgkdylxct013iobocrgz_41,720
pgkdylxct013iobocrgz_44,720
pgkdylxct013iobocrgz_45,399
pgkdylxct013iobocrgz_46,783
pgkdylxct013iobocrgz_48,542
pgkdylxct013iobocrgz_49,138
pgkdylxct013iobocrgz_52,848
pgkdylxct013iobocrgz_54,399
pgkdylxct013iobocrgz_60,848
pgkdylxct013iobocrgz_61,848
pgkdylxct013iobocrgz_63,254
w6f92vd9l8sgsdmma5m4_6,449
w6f92vd9l8sgsdmma5m4_7,358
w6f92vd9l8sgsdmma5m4_10,82
w6f92vd9l8sgsdmma5m4_11,82
w6f92vd9l8sgsdmma5m4_16,179
w6f92vd9l8sgsdmma5m4_18,755
w6f92vd9l8sgsdmma5m4_25,541
w6f92vd9l8sgsdmma5m4_34,869
w6f92vd9l8sgsdmma5m4_39,57
w6f92vd9l8sgsdmma5m4_46,82
w6f92vd9l8sgsdmma5m4_54,82
w6f92vd9l8sgsdmma5m4_55,1016
w6f92vd9l8sgsdmma5m4_56,179
6g5gs2k6vnh4vrrx2tu0_1,122
6g5gs2k6vnh4vrrx2tu0_11,122
6g5gs2k6vnh4vrrx2tu0_34,145
6g5gs2k6vnh4vrrx2tu0_41,27
6g5gs2k6vnh4vrrx2tu0_50,145
6g5gs2k6vnh4vrrx2tu0_54,839
6g5gs2k6vnh4vrrx2tu0_58,263
6g5gs2k6vnh4vrrx2tu0_60,263
3zhw6ihshy9c0y7vvy0b_5,449
3zhw6ihshy9c0y7vvy0b_14,446
3zhw6ihshy9c0y7vvy0b_17,783
3zhw6ihshy9c0y7vvy0b_18,27
3zhw6ihshy9c0y7vvy0b_19,541
3zhw6ihshy9c0y7vvy0b_20,446
3zhw6ihshy9c0y7vvy0b_21,446
3zhw6ihshy9c0y7vvy0b_22,525
3zhw6ihshy9c0y7vvy0b_26,263
3zhw6ihshy9c0y7vvy0b_28,263
3zhw6ihshy9c0y7vvy0b_30,27
3zhw6ihshy9c0y7vvy0b_33,894
3zhw6ihshy9c0y7vvy0b_38,894
3zhw6ihshy9c0y7vvy0b_44,483
3zhw6ihshy9c0y7vvy0b_46,894
3zhw6ihshy9c0y7vvy0b_58,189
3zhw6ihshy9c0y7vvy0b_59,894
3zhw6ihshy9c0y7vvy0b_63,633
e4crlupzkv5t3wd2rdob_1,473
e4crlupzkv5t3wd2rdob_3,949
e4crlupzkv5t3wd2rdob_4,571
e4crlupzkv5t3wd2rdob_7,857
e4crlupzkv5t3wd2rdob_10,473
e4crlupzkv5t3wd2rdob_16,473
e4crlupzkv5t3wd2rdob_24,783
e4crlupzkv5t3wd2rdob_25,473
e4crlupzkv5t3wd2rdob_26,473
e4crlupzkv5t3wd2rdob_27,894
e4crlupzkv5t3wd2rdob_35,27
e4crlupzkv5t3wd2rdob_36,27
e4crlupzkv5t3wd2rdob_43,215
e4crlupzkv5t3wd2rdob_48,322
e4crlupzkv5t3wd2rdob_49,473
e4crlupzkv5t3wd2rdob_52,182
e4crlupzkv5t3wd2rdob_53,308
e4crlupzkv5t3wd2rdob_54,308
e4crlupzkv5t3wd2rdob_55,182
e4crlupzkv5t3wd2rdob_60,308
d10ew1fq06ccgej026gs_0,810
d10ew1fq06ccgej026gs_3,959
d10ew1fq06ccgej026gs_9,290
d10ew1fq06ccgej026gs_17,751
d10ew1fq06ccgej026gs_18,544
d10ew1fq06ccgej026gs_21,1010
d10ew1fq06ccgej026gs_22,847
d10ew1fq06ccgej026gs_23,783
d10ew1fq06ccgej026gs_26,544
d10ew1fq06ccgej026gs_27,182
d10ew1fq06ccgej026gs_35,27
d10ew1fq06ccgej026gs_37,751
d10ew1fq06ccgej026gs_39,383
d10ew1fq06ccgej026gs_44,537
d10ew1fq06ccgej026gs_45,783
d10ew1fq06ccgej026gs_49,839
d10ew1fq06ccgej026gs_52,109
d10ew1fq06ccgej026gs_54,720
d10ew1fq06ccgej026gs_56,633
d10ew1fq06ccgej026gs_60,7
11zr3cxjdal1nfot3gck_11,681
11zr3cxjdal1nfot3gck_17,696
11zr3cxjdal1nfot3gck_18,434
11zr3cxjdal1nfot3gck_20,989
11zr3cxjdal1nfot3gck_21,696
11zr3cxjdal1nfot3gck_28,60
11zr3cxjdal1nfot3gck_30,487
11zr3cxjdal1nfot3gck_33,488
11zr3cxjdal1nfot3gck_42,376
11zr3cxjdal1nfot3gck_49,502
11zr3cxjdal1nfot3gck_50,81
11zr3cxjdal1nfot3gck_51,483
11zr3cxjdal1nfot3gck_56,722
11zr3cxjdal1nfot3gck_58,502
11zr3cxjdal1nfot3gck_61,81
11zr3cxjdal1nfot3gck_63,175
6j06ocbhwv6jxto5rlej_3,589
6j06ocbhwv6jxto5rlej_5,799
6j06ocbhwv6jxto5rlej_7,434
6j06ocbhwv6jxto5rlej_9,551
6j06ocbhwv6jxto5rlej_14,388
6j06ocbhwv6jxto5rlej_20,799
6j06ocbhwv6jxto5rlej_22,799
6j06ocbhwv6jxto5rlej_31,730
6j06ocbhwv6jxto5rlej_33,799
6j06ocbhwv6jxto5rlej_34,799
6j06ocbhwv6jxto5rlej_36,799
6j06ocbhwv6jxto5rlej_37,290
6j06ocbhwv6jxto5rlej_38,155
6j06ocbhwv6jxto5rlej_41,118
6j06ocbhwv6jxto5rlej_43,894
6j06ocbhwv6jxto5rlej_46,155
6j06ocbhwv6jxto5rlej_54,592
6j06ocbhwv6jxto5rlej_55,730
6j06ocbhwv6jxto5rlej_56,179
6j06ocbhwv6jxto5rlej_58,189
aq8r4xsxfrpb3p4v8o1f_0,358
aq8r4xsxfrpb3p4v8o1f_2,589
aq8r4xsxfrpb3p4v8o1f_4,134
aq8r4xsxfrpb3p4v8o1f_6,195
aq8r4xsxfrpb3p4v8o1f_7,195
aq8r4xsxfrpb3p4v8o1f_8,720
aq8r4xsxfrpb3p4v8o1f_12,961
aq8r4xsxfrpb3p4v8o1f_15,195
aq8r4xsxfrpb3p4v8o1f_17,321
aq8r4xsxfrpb3p4v8o1f_18,27
aq8r4xsxfrpb3p4v8o1f_23,254
aq8r4xsxfrpb3p4v8o1f_26,894
aq8r4xsxfrpb3p4v8o1f_29,424
aq8r4xsxfrpb3p4v8o1f_32,633
aq8r4xsxfrpb3p4v8o1f_35,424
aq8r4xsxfrpb3p4v8o1f_38,145
aq8r4xsxfrpb3p4v8o1f_39,783
2dwpuumv78jos2sqg7fe_2,142
2dwpuumv78jos2sqg7fe_9,449
2dwpuumv78jos2sqg7fe_11,6
2dwpuumv78jos2sqg7fe_23,955
2dwpuumv78jos2sqg7fe_36,267
2dwpuumv78jos2sqg7fe_39,722
2dwpuumv78jos2sqg7fe_53,185
2dwpuumv78jos2sqg7fe_58,267
lcd7xrjp9hizegefxpx0_11,799
lcd7xrjp9hizegefxpx0_12,799
lcd7xrjp9hizegefxpx0_13,118
lcd7xrjp9hizegefxpx0_19,799
lcd7xrjp9hizegefxpx0_24,799
lcd7xrjp9hizegefxpx0_27,799
lcd7xrjp9hizegefxpx0_35,799
lcd7xrjp9hizegefxpx0_36,290
lcd7xrjp9hizegefxpx0_39,533
lcd7xrjp9hizegefxpx0_41,799
lcd7xrjp9hizegefxpx0_42,799
lcd7xrjp9hizegefxpx0_45,155
lcd7xrjp9hizegefxpx0_48,799
lcd7xrjp9hizegefxpx0_49,894
lcd7xrjp9hizegefxpx0_52,155
lcd7xrjp9hizegefxpx0_53,145
lcd7xrjp9hizegefxpx0_54,592
lcd7xrjp9hizegefxpx0_55,533
lcd7xrjp9hizegefxpx0_62,1016
lcd7xrjp9hizegefxpx0_63,112
6kfjge4wf2lv1zunek1u_3,449
6kfjge4wf2lv1zunek1u_4,499
6kfjge4wf2lv1zunek1u_5,449
6kfjge4wf2lv1zunek1u_14,449
6kfjge4wf2lv1zunek1u_22,449
6kfjge4wf2lv1zunek1u_23,397
6kfjge4wf2lv1zunek1u_28,473
6kfjge4wf2lv1zunek1u_29,499
6kfjge4wf2lv1zunek1u_35,489
6kfjge4wf2lv1zunek1u_36,298
6kfjge4wf2lv1zunek1u_37,27
6kfjge4wf2lv1zunek1u_38,499
6kfjge4wf2lv1zunek1u_45,905
6kfjge4wf2lv1zunek1u_47,137
6kfjge4wf2lv1zunek1u_50,541
6kfjge4wf2lv1zunek1u_59,499
6kfjge4wf2lv1zunek1u_60,973
6kfjge4wf2lv1zunek1u_62,885
h5m7ok4beu7f1yei9hqw_6,449
h5m7ok4beu7f1yei9hqw_11,6
h5m7ok4beu7f1yei9hqw_17,218
h5m7ok4beu7f1yei9hqw_32,538
h5m7ok4beu7f1yei9hqw_33,932
h5m7ok4beu7f1yei9hqw_49,70
h5m7ok4beu7f1yei9hqw_51,267
h5m7ok4beu7f1yei9hqw_53,185
h5m7ok4beu7f1yei9hqw_60,899
n2avls3ylx63ihvmcvw6_3,235
n2avls3ylx63ihvmcvw6_4,657
n2avls3ylx63ihvmcvw6_5,657
n2avls3ylx63ihvmcvw6_6,657
n2avls3ylx63ihvmcvw6_7,865
n2avls3ylx63ihvmcvw6_9,948
n2avls3ylx63ihvmcvw6_11,115
n2avls3ylx63ihvmcvw6_27,762
n2avls3ylx63ihvmcvw6_32,948
n2avls3ylx63ihvmcvw6_37,235
n2avls3ylx63ihvmcvw6_40,948
n2avls3ylx63ihvmcvw6_44,392
n2avls3ylx63ihvmcvw6_47,88
n2avls3ylx63ihvmcvw6_48,115
n2avls3ylx63ihvmcvw6_49,986
n2avls3ylx63ihvmcvw6_50,948
n2avls3ylx63ihvmcvw6_56,115
n2avls3ylx63ihvmcvw6_57,90
n2avls3ylx63ihvmcvw6_58,90
n2avls3ylx63ihvmcvw6_60,88
ae9lihmu569ofiar9jrx_14,500
ae9lihmu569ofiar9jrx_15,972
ae9lihmu569ofiar9jrx_20,880
ae9lihmu569ofiar9jrx_24,321
ae9lihmu569ofiar9jrx_25,506
ae9lihmu569ofiar9jrx_27,150
ae9lihmu569ofiar9jrx_29,699
ae9lihmu569ofiar9jrx_42,84
ae9lihmu569ofiar9jrx_45,683
ae9lihmu569ofiar9jrx_49,698
ae9lihmu569ofiar9jrx_52,698
ae9lihmu569ofiar9jrx_54,868
ae9lihmu569ofiar9jrx_56,852
ae9lihmu569ofiar9jrx_62,947
qh83rju6lchg0cdobh5u_1,687
qh83rju6lchg0cdobh5u_3,687
qh83rju6lchg0cdobh5u_9,362
qh83rju6lchg0cdobh5u_16,874
qh83rju6lchg0cdobh5u_18,22
qh83rju6lchg0cdobh5u_27,929
qh83rju6lchg0cdobh5u_28,362
qh83rju6lchg0cdobh5u_31,950
qh83rju6lchg0cdobh5u_34,519
qh83rju6lchg0cdobh5u_40,874
qh83rju6lchg0cdobh5u_48,874
qh83rju6lchg0cdobh5u_52,201
qh83rju6lchg0cdobh5u_63,662
lb9nbl6fk7a0g12fsmu3_3,74
lb9nbl6fk7a0g12fsmu3_4,708
lb9nbl6fk7a0g12fsmu3_18,708
lb9nbl6fk7a0g12fsmu3_26,708
lb9nbl6fk7a0g12fsmu3_32,786
lb9nbl6fk7a0g12fsmu3_33,880
lb9nbl6fk7a0g12fsmu3_35,784
lb9nbl6fk7a0g12fsmu3_39,357
lb9nbl6fk7a0g12fsmu3_49,535
lb9nbl6fk7a0g12fsmu3_50,321
lb9nbl6fk7a0g12fsmu3_52,506
kusfxb779rze4qm463qf_4,901
kusfxb779rze4qm463qf_12,699
kusfxb779rze4qm463qf_13,786
kusfxb779rze4qm463qf_17,786
kusfxb779rze4qm463qf_21,423
kusfxb779rze4qm463qf_45,150
kusfxb779rze4qm463qf_47,353
kusfxb779rze4qm463qf_54,535
kusfxb779rze4qm463qf_55,353
kusfxb779rze4qm463qf_56,683
kusfxb779rze4qm463qf_57,683
kusfxb779rze4qm463qf_60,683
kusfxb779rze4qm463qf_62,683
kusfxb779rze4qm463qf_63,423
eomr5xsnr1iihjkm0lxn_20,708
eomr5xsnr1iihjkm0lxn_40,786
eomr5xsnr1iihjkm0lxn_45,786
eomr5xsnr1iihjkm0lxn_47,880
eomr5xsnr1iihjkm0lxn_49,535
eomr5xsnr1iihjkm0lxn_54,964
eomr5xsnr1iihjkm0lxn_55,786
eomr5xsnr1iihjkm0lxn_60,321
gldwzy7yf5xmuk8ru67c_18,164
gldwzy7yf5xmuk8ru67c_21,150
gldwzy7yf5xmuk8ru67c_26,656
gldwzy7yf5xmuk8ru67c_31,721
gldwzy7yf5xmuk8ru67c_33,507
gldwzy7yf5xmuk8ru67c_38,507
gldwzy7yf5xmuk8ru67c_39,721
gldwzy7yf5xmuk8ru67c_40,228
gldwzy7yf5xmuk8ru67c_44,410
gldwzy7yf5xmuk8ru67c_46,798
gldwzy7yf5xmuk8ru67c_49,546
gldwzy7yf5xmuk8ru67c_53,728
gldwzy7yf5xmuk8ru67c_54,745
gldwzy7yf5xmuk8ru67c_55,254
gldwzy7yf5xmuk8ru67c_56,98
gldwzy7yf5xmuk8ru67c_58,443
gldwzy7yf5xmuk8ru67c_60,126
wajecrl0zosz6mf5clak_16,1002
wajecrl0zosz6mf5clak_22,558
wajecrl0zosz6mf5clak_37,964
wajecrl0zosz6mf5clak_43,157
wajecrl0zosz6mf5clak_44,880
wajecrl0zosz6mf5clak_48,763
wajecrl0zosz6mf5clak_61,832
wajecrl0zosz6mf5clak_63,29
7k54n1twgu0o5rvnaoai_12,507
7k54n1twgu0o5rvnaoai_20,33
7k54n1twgu0o5rvnaoai_23,540
7k54n1twgu0o5rvnaoai_43,450
7k54n1twgu0o5rvnaoai_44,450
7k54n1twgu0o5rvnaoai_50,562
7k54n1twgu0o5rvnaoai_53,450
7k54n1twgu0o5rvnaoai_54,33
7k54n1twgu0o5rvnaoai_60,823
c1fkztskj8uyczlkc6y9_15,55
c1fkztskj8uyczlkc6y9_22,699
c1fkztskj8uyczlkc6y9_30,699
c1fkztskj8uyczlkc6y9_33,964
c1fkztskj8uyczlkc6y9_37,153
c1fkztskj8uyczlkc6y9_38,410
c1fkztskj8uyczlkc6y9_41,507
c1fkztskj8uyczlkc6y9_43,507
c1fkztskj8uyczlkc6y9_46,728
c1fkztskj8uyczlkc6y9_50,1009
c1fkztskj8uyczlkc6y9_52,134
c1fkztskj8uyczlkc6y9_55,112
c1fkztskj8uyczlkc6y9_56,852
c1fkztskj8uyczlkc6y9_59,915
3zupd1p0y7tsih42evu9_0,717
3zupd1p0y7tsih42evu9_8,256
3zupd1p0y7tsih42evu9_15,382
3zupd1p0y7tsih42evu9_16,382
3zupd1p0y7tsih42evu9_21,962
3zupd1p0y7tsih42evu9_23,382
3zupd1p0y7tsih42evu9_36,586
3zupd1p0y7tsih42evu9_37,2
3zupd1p0y7tsih42evu9_38,448
3zupd1p0y7tsih42evu9_39,448
3zupd1p0y7tsih42evu9_41,448
3zupd1p0y7tsih42evu9_46,448
3zupd1p0y7tsih42evu9_50,448
3zupd1p0y7tsih42evu9_51,448
3zupd1p0y7tsih42evu9_53,448
3zupd1p0y7tsih42evu9_54,145
3zupd1p0y7tsih42evu9_55,145
3zupd1p0y7tsih42evu9_56,448
3zupd1p0y7tsih42evu9_59,448
3zupd1p0y7tsih42evu9_63,730
d4iyaakd1bha2nm7d4x0_5,908
d4iyaakd1bha2nm7d4x0_6,708
d4iyaakd1bha2nm7d4x0_7,708
d4iyaakd1bha2nm7d4x0_9,580
d4iyaakd1bha2nm7d4x0_18,733
d4iyaakd1bha2nm7d4x0_26,903
d4iyaakd1bha2nm7d4x0_38,507
d4iyaakd1bha2nm7d4x0_40,1002
d4iyaakd1bha2nm7d4x0_41,507
d4iyaakd1bha2nm7d4x0_42,395
d4iyaakd1bha2nm7d4x0_45,197
d4iyaakd1bha2nm7d4x0_46,546
d4iyaakd1bha2nm7d4x0_47,546
d4iyaakd1bha2nm7d4x0_50,536
d4iyaakd1bha2nm7d4x0_52,84
d4iyaakd1bha2nm7d4x0_54,964
d4iyaakd1bha2nm7d4x0_55,546
d4iyaakd1bha2nm7d4x0_59,536
d4iyaakd1bha2nm7d4x0_60,443
oa4915qmrnwkri05inkb_16,901
oa4915qmrnwkri05inkb_24,901
oa4915qmrnwkri05inkb_25,580
oa4915qmrnwkri05inkb_27,784
oa4915qmrnwkri05inkb_33,419
oa4915qmrnwkri05inkb_37,525
oa4915qmrnwkri05inkb_41,228
oa4915qmrnwkri05inkb_44,961
oa4915qmrnwkri05inkb_46,155
oa4915qmrnwkri05inkb_48,12
oa4915qmrnwkri05inkb_49,12
oa4915qmrnwkri05inkb_50,12
oa4915qmrnwkri05inkb_51,290
oa4915qmrnwkri05inkb_53,633
oa4915qmrnwkri05inkb_54,155
oa4915qmrnwkri05inkb_56,1011
oa4915qmrnwkri05inkb_57,12
oa4915qmrnwkri05inkb_58,525
oa4915qmrnwkri05inkb_60,189
oa4915qmrnwkri05inkb_61,97
mcszri6a81pmi7rgn8ie_1,949
mcszri6a81pmi7rgn8ie_10,142
mcszri6a81pmi7rgn8ie_15,640
mcszri6a81pmi7rgn8ie_17,643
mcszri6a81pmi7rgn8ie_19,72
mcszri6a81pmi7rgn8ie_22,72
mcszri6a81pmi7rgn8ie_25,749
mcszri6a81pmi7rgn8ie_26,72
mcszri6a81pmi7rgn8ie_31,591
mcszri6a81pmi7rgn8ie_38,72
mcszri6a81pmi7rgn8ie_42,320
mcszri6a81pmi7rgn8ie_43,298
mcszri6a81pmi7rgn8ie_45,992
mcszri6a81pmi7rgn8ie_46,456
mcszri6a81pmi7rgn8ie_50,693
mcszri6a81pmi7rgn8ie_51,2
mcszri6a81pmi7rgn8ie_55,664
mcszri6a81pmi7rgn8ie_60,801
mcszri6a81pmi7rgn8ie_62,62
0g6iid7vi6sp9ul4ibbn_18,285
0g6iid7vi6sp9ul4ibbn_26,985
0g6iid7vi6sp9ul4ibbn_36,696
0g6iid7vi6sp9ul4ibbn_37,989
0g6iid7vi6sp9ul4ibbn_38,187
0g6iid7vi6sp9ul4ibbn_39,574
0g6iid7vi6sp9ul4ibbn_42,718
0g6iid7vi6sp9ul4ibbn_49,313
0g6iid7vi6sp9ul4ibbn_54,834
0g6iid7vi6sp9ul4ibbn_55,212
0g6iid7vi6sp9ul4ibbn_58,674
0g6iid7vi6sp9ul4ibbn_60,285
3w8ac3wx29i2g2x6ngbd_16,449
3w8ac3wx29i2g2x6ngbd_24,969
3w8ac3wx29i2g2x6ngbd_27,397
3w8ac3wx29i2g2x6ngbd_28,27
3w8ac3wx29i2g2x6ngbd_29,134
3w8ac3wx29i2g2x6ngbd_30,660
3w8ac3wx29i2g2x6ngbd_31,660
3w8ac3wx29i2g2x6ngbd_34,57
3w8ac3wx29i2g2x6ngbd_36,660
3w8ac3wx29i2g2x6ngbd_40,383
3w8ac3wx29i2g2x6ngbd_50,660
3w8ac3wx29i2g2x6ngbd_51,955
3w8ac3wx29i2g2x6ngbd_53,955
3w8ac3wx29i2g2x6ngbd_55,955
3w8ac3wx29i2g2x6ngbd_56,969
3w8ac3wx29i2g2x6ngbd_57,969
3w8ac3wx29i2g2x6ngbd_59,955
3w8ac3wx29i2g2x6ngbd_60,955
3w8ac3wx29i2g2x6ngbd_61,955
3w8ac3wx29i2g2x6ngbd_63,995
kkyewgqjy0frro4se7d9_1,901
kkyewgqjy0frro4se7d9_2,901
kkyewgqjy0frro4se7d9_25,268
kkyewgqjy0frro4se7d9_29,219
kkyewgqjy0frro4se7d9_32,1002
kkyewgqjy0frro4se7d9_33,153
kkyewgqjy0frro4se7d9_36,153
kkyewgqjy0frro4se7d9_37,827
kkyewgqjy0frro4se7d9_38,153
kkyewgqjy0frro4se7d9_39,153
kkyewgqjy0frro4se7d9_43,153
kkyewgqjy0frro4se7d9_46,964
kkyewgqjy0frro4se7d9_50,153
kkyewgqjy0frro4se7d9_51,153
kkyewgqjy0frro4se7d9_54,313
kkyewgqjy0frro4se7d9_58,723
kkyewgqjy0frro4se7d9_61,723
13bb03iqkd7it9v0p7cr_5,753
13bb03iqkd7it9v0p7cr_6,308
13bb03iqkd7it9v0p7cr_7,753
13bb03iqkd7it9v0p7cr_12,27
13bb03iqkd7it9v0p7cr_16,302
13bb03iqkd7it9v0p7cr_17,561
13bb03iqkd7it9v0p7cr_25,869
13bb03iqkd7it9v0p7cr_26,608
13bb03iqkd7it9v0p7cr_30,499
13bb03iqkd7it9v0p7cr_35,608
13bb03iqkd7it9v0p7cr_39,886
13bb03iqkd7it9v0p7cr_40,311
13bb03iqkd7it9v0p7cr_43,755
13bb03iqkd7it9v0p7cr_47,753
13bb03iqkd7it9v0p7cr_54,1016
13bb03iqkd7it9v0p7cr_56,971
13bb03iqkd7it9v0p7cr_58,347
13bb03iqkd7it9v0p7cr_60,251
13bb03iqkd7it9v0p7cr_62,443
6rnxl4d17i5h6w4ftui7_29,699
6rnxl4d17i5h6w4ftui7_30,691
6rnxl4d17i5h6w4ftui7_31,721
6rnxl4d17i5h6w4ftui7_37,410
6rnxl4d17i5h6w4ftui7_44,410
6rnxl4d17i5h6w4ftui7_45,410
6rnxl4d17i5h6w4ftui7_46,798
6rnxl4d17i5h6w4ftui7_48,98
6rnxl4d17i5h6w4ftui7_56,98
6rnxl4d17i5h6w4ftui7_57,562
6rnxl4d17i5h6w4ftui7_59,443
6rnxl4d17i5h6w4ftui7_61,443
oguppicbqkk4bafaksrc_1,558
oguppicbqkk4bafaksrc_19,558
oguppicbqkk4bafaksrc_26,100
oguppicbqkk4bafaksrc_27,100
oguppicbqkk4bafaksrc_30,33
oguppicbqkk4bafaksrc_31,1017
oguppicbqkk4bafaksrc_38,798
oguppicbqkk4bafaksrc_41,880
oguppicbqkk4bafaksrc_42,398
oguppicbqkk4bafaksrc_51,964
oguppicbqkk4bafaksrc_53,546
oguppicbqkk4bafaksrc_54,151
lqsbx3f0iwtbhuuqqg5f_9,256
lqsbx3f0iwtbhuuqqg5f_11,862
lqsbx3f0iwtbhuuqqg5f_13,862
lqsbx3f0iwtbhuuqqg5f_27,989
lqsbx3f0iwtbhuuqqg5f_30,806
lqsbx3f0iwtbhuuqqg5f_31,560
lqsbx3f0iwtbhuuqqg5f_37,52
lqsbx3f0iwtbhuuqqg5f_40,322
lqsbx3f0iwtbhuuqqg5f_42,91
lqsbx3f0iwtbhuuqqg5f_45,806
lqsbx3f0iwtbhuuqqg5f_46,560
lqsbx3f0iwtbhuuqqg5f_47,354
lqsbx3f0iwtbhuuqqg5f_51,583
lqsbx3f0iwtbhuuqqg5f_57,915
lqsbx3f0iwtbhuuqqg5f_58,91
lqsbx3f0iwtbhuuqqg5f_62,354
zh5g2dcmqi2aznj691pr_1,359
zh5g2dcmqi2aznj691pr_4,901
zh5g2dcmqi2aznj691pr_23,228
zh5g2dcmqi2aznj691pr_30,964
zh5g2dcmqi2aznj691pr_31,961
zh5g2dcmqi2aznj691pr_32,784
zh5g2dcmqi2aznj691pr_35,961
zh5g2dcmqi2aznj691pr_36,12
zh5g2dcmqi2aznj691pr_40,917
zh5g2dcmqi2aznj691pr_42,12
zh5g2dcmqi2aznj691pr_44,321
zh5g2dcmqi2aznj691pr_48,12
zh5g2dcmqi2aznj691pr_55,1010
zh5g2dcmqi2aznj691pr_58,321
zh5g2dcmqi2aznj691pr_59,290
pf1hvjjxsyy09aefix7k_6,886
pf1hvjjxsyy09aefix7k_14,247
pf1hvjjxsyy09aefix7k_22,886
pf1hvjjxsyy09aefix7k_27,157
pf1hvjjxsyy09aefix7k_29,157
pf1hvjjxsyy09aefix7k_30,721
pf1hvjjxsyy09aefix7k_36,525
pf1hvjjxsyy09aefix7k_39,721
pf1hvjjxsyy09aefix7k_40,756
pf1hvjjxsyy09aefix7k_45,724
pf1hvjjxsyy09aefix7k_49,546
pf1hvjjxsyy09aefix7k_51,724
pf1hvjjxsyy09aefix7k_53,562
pf1hvjjxsyy09aefix7k_60,525
pf1hvjjxsyy09aefix7k_63,254
y2sp3tm0enk1tbkxpyu3_1,901
y2sp3tm0enk1tbkxpyu3_4,901
y2sp3tm0enk1tbkxpyu3_10,901
y2sp3tm0enk1tbkxpyu3_12,901
y2sp3tm0enk1tbkxpyu3_13,901
y2sp3tm0enk1tbkxpyu3_14,782
y2sp3tm0enk1tbkxpyu3_18,860
y2sp3tm0enk1tbkxpyu3_21,247
y2sp3tm0enk1tbkxpyu3_26,268
y2sp3tm0enk1tbkxpyu3_31,591
y2sp3tm0enk1tbkxpyu3_33,788
y2sp3tm0enk1tbkxpyu3_34,268
y2sp3tm0enk1tbkxpyu3_35,153
y2sp3tm0enk1tbkxpyu3_37,153
y2sp3tm0enk1tbkxpyu3_42,268
y2sp3tm0enk1tbkxpyu3_43,268
y2sp3tm0enk1tbkxpyu3_52,153
y2sp3tm0enk1tbkxpyu3_54,153
y2sp3tm0enk1tbkxpyu3_61,153
y2sp3tm0enk1tbkxpyu3_62,153
vgbrxr53u80wh56m8v3b_20,145
vgbrxr53u80wh56m8v3b_21,27
vgbrxr53u80wh56m8v3b_29,134
vgbrxr53u80wh56m8v3b_30,660
vgbrxr53u80wh56m8v3b_31,660
vgbrxr53u80wh56m8v3b_34,57
vgbrxr53u80wh56m8v3b_40,383
vgbrxr53u80wh56m8v3b_41,969
vgbrxr53u80wh56m8v3b_43,660
vgbrxr53u80wh56m8v3b_44,955
vgbrxr53u80wh56m8v3b_46,955
vgbrxr53u80wh56m8v3b_49,189
vgbrxr53u80wh56m8v3b_51,955
vgbrxr53u80wh56m8v3b_57,969
vgbrxr53u80wh56m8v3b_63,995
fht248tg97sas7c5yyq2_14,169
fht248tg97sas7c5yyq2_29,321
fht248tg97sas7c5yyq2_31,955
fht248tg97sas7c5yyq2_40,969
fht248tg97sas7c5yyq2_41,869
fht248tg97sas7c5yyq2_42,660
fht248tg97sas7c5yyq2_47,30
fht248tg97sas7c5yyq2_59,955
58x35dh8vpdi2pwxf2ux_18,2
58x35dh8vpdi2pwxf2ux_23,382
58x35dh8vpdi2pwxf2ux_28,586
58x35dh8vpdi2pwxf2ux_31,382
58x35dh8vpdi2pwxf2ux_32,448
58x35dh8vpdi2pwxf2ux_35,27
58x35dh8vpdi2pwxf2ux_38,448
58x35dh8vpdi2pwxf2ux_40,448
58x35dh8vpdi2pwxf2ux_41,448
58x35dh8vpdi2pwxf2ux_42,448
58x35dh8vpdi2pwxf2ux_45,448
58x35dh8vpdi2pwxf2ux_46,448
58x35dh8vpdi2pwxf2ux_47,448
58x35dh8vpdi2pwxf2ux_50,448
58x35dh8vpdi2pwxf2ux_52,448
58x35dh8vpdi2pwxf2ux_57,134
58x35dh8vpdi2pwxf2ux_59,448
58x35dh8vpdi2pwxf2ux_61,448
58x35dh8vpdi2pwxf2ux_62,448
58x35dh8vpdi2pwxf2ux_63,969
11hhhhend9qy4ff7skpf_22,660
11hhhhend9qy4ff7skpf_25,229
11hhhhend9qy4ff7skpf_27,660
11hhhhend9qy4ff7skpf_29,321
11hhhhend9qy4ff7skpf_46,660
11hhhhend9qy4ff7skpf_49,660
11hhhhend9qy4ff7skpf_51,660
11hhhhend9qy4ff7skpf_56,969
11hhhhend9qy4ff7skpf_58,660
dsb1yfspkqgdptacztor_2,708
dsb1yfspkqgdptacztor_3,708
dsb1yfspkqgdptacztor_4,708
dsb1yfspkqgdptacztor_6,708
dsb1yfspkqgdptacztor_25,506
dsb1yfspkqgdptacztor_28,506
dsb1yfspkqgdptacztor_31,150
dsb1yfspkqgdptacztor_32,917
dsb1yfspkqgdptacztor_35,683
dsb1yfspkqgdptacztor_37,506
dsb1yfspkqgdptacztor_39,535
dsb1yfspkqgdptacztor_43,507
dsb1yfspkqgdptacztor_45,84
dsb1yfspkqgdptacztor_46,683
dsb1yfspkqgdptacztor_47,877
dsb1yfspkqgdptacztor_55,84
dsb1yfspkqgdptacztor_57,536
dsb1yfspkqgdptacztor_59,698
dsb1yfspkqgdptacztor_60,698
dsb1yfspkqgdptacztor_61,698
wixtz6t1on6q6w4kjcgz_19,962
wixtz6t1on6q6w4kjcgz_24,586
wixtz6t1on6q6w4kjcgz_27,448
wixtz6t1on6q6w4kjcgz_35,962
wixtz6t1on6q6w4kjcgz_42,2
wixtz6t1on6q6w4kjcgz_45,145
wixtz6t1on6q6w4kjcgz_47,145
wixtz6t1on6q6w4kjcgz_52,145
wixtz6t1on6q6w4kjcgz_56,427
pi0aaucpbrvnybcv5tfr_4,1019
pi0aaucpbrvnybcv5tfr_5,656
pi0aaucpbrvnybcv5tfr_7,901
pi0aaucpbrvnybcv5tfr_8,917
pi0aaucpbrvnybcv5tfr_10,328
pi0aaucpbrvnybcv5tfr_13,1019
pi0aaucpbrvnybcv5tfr_14,664
pi0aaucpbrvnybcv5tfr_18,177
pi0aaucpbrvnybcv5tfr_20,1019
pi0aaucpbrvnybcv5tfr_21,1019
pi0aaucpbrvnybcv5tfr_22,859
pi0aaucpbrvnybcv5tfr_23,640
pi0aaucpbrvnybcv5tfr_24,917
pi0aaucpbrvnybcv5tfr_28,157
pi0aaucpbrvnybcv5tfr_30,143
pi0aaucpbrvnybcv5tfr_33,724
pi0aaucpbrvnybcv5tfr_52,505
pi0aaucpbrvnybcv5tfr_53,593
k1y6k9g5jzm7li6zu72r_1,640
k1y6k9g5jzm7li6zu72r_3,810
k1y6k9g5jzm7li6zu72r_10,72
k1y6k9g5jzm7li6zu72r_17,560
k1y6k9g5jzm7li6zu72r_18,885
k1y6k9g5jzm7li6zu72r_26,843
k1y6k9g5jzm7li6zu72r_32,149
k1y6k9g5jzm7li6zu72r_38,169
k1y6k9g5jzm7li6zu72r_39,1017
fcarmiml92vxr9lgi53t_2,961
fcarmiml92vxr9lgi53t_3,880
fcarmiml92vxr9lgi53t_5,961
fcarmiml92vxr9lgi53t_6,358
fcarmiml92vxr9lgi53t_11,487
fcarmiml92vxr9lgi53t_12,894
fcarmiml92vxr9lgi53t_14,880
fcarmiml92vxr9lgi53t_18,699
fcarmiml92vxr9lgi53t_20,155
fcarmiml92vxr9lgi53t_23,633
fcarmiml92vxr9lgi53t_29,880
fcarmiml92vxr9lgi53t_32,163
fcarmiml92vxr9lgi53t_34,699
fcarmiml92vxr9lgi53t_35,390
fcarmiml92vxr9lgi53t_37,390
fcarmiml92vxr9lgi53t_43,390
fcarmiml92vxr9lgi53t_45,664
fcarmiml92vxr9lgi53t_52,577
fcarmiml92vxr9lgi53t_53,433
fcarmiml92vxr9lgi53t_61,583
kvjysxhu4j6611qd6h8o_6,656
kvjysxhu4j6611qd6h8o_10,25
kvjysxhu4j6611qd6h8o_17,881
kvjysxhu4j6611qd6h8o_19,228
kvjysxhu4j6611qd6h8o_20,450
kvjysxhu4j6611qd6h8o_24,120
kvjysxhu4j6611qd6h8o_25,284
kvjysxhu4j6611qd6h8o_29,724
kvjysxhu4j6611qd6h8o_31,450
kvjysxhu4j6611qd6h8o_33,120
kvjysxhu4j6611qd6h8o_42,724
kvjysxhu4j6611qd6h8o_46,979
xm4yw5w2p353gqh1s5kf_0,640
xm4yw5w2p353gqh1s5kf_1,857
xm4yw5w2p353gqh1s5kf_4,681
xm4yw5w2p353gqh1s5kf_6,681
xm4yw5w2p353gqh1s5kf_9,456
xm4yw5w2p353gqh1s5kf_12,332
xm4yw5w2p353gqh1s5kf_13,590
xm4yw5w2p353gqh1s5kf_16,25
xm4yw5w2p353gqh1s5kf_17,456
xm4yw5w2p353gqh1s5kf_21,596
xm4yw5w2p353gqh1s5kf_26,456
xm4yw5w2p353gqh1s5kf_30,725
xm4yw5w2p353gqh1s5kf_33,355
xm4yw5w2p353gqh1s5kf_37,169
xm4yw5w2p353gqh1s5kf_38,958
xm4yw5w2p353gqh1s5kf_40,586
xm4yw5w2p353gqh1s5kf_44,209
aocc3jec6sra17fiyh11_0,194
aocc3jec6sra17fiyh11_2,843
aocc3jec6sra17fiyh11_6,358
aocc3jec6sra17fiyh11_8,194
aocc3jec6sra17fiyh11_9,332
aocc3jec6sra17fiyh11_10,332
aocc3jec6sra17fiyh11_12,332
aocc3jec6sra17fiyh11_13,332
aocc3jec6sra17fiyh11_14,843
aocc3jec6sra17fiyh11_20,332
aocc3jec6sra17fiyh11_21,718
aocc3jec6sra17fiyh11_25,696
aocc3jec6sra17fiyh11_26,142
aocc3jec6sra17fiyh11_27,696
aocc3jec6sra17fiyh11_36,175
aocc3jec6sra17fiyh11_37,718
aocc3jec6sra17fiyh11_39,981
aocc3jec6sra17fiyh11_44,284
aocc3jec6sra17fiyh11_45,696
aocc3jec6sra17fiyh11_62,939
bby1intqrmvi5upexvem_2,7
bby1intqrmvi5upexvem_3,730
bby1intqrmvi5upexvem_7,316
bby1intqrmvi5upexvem_11,262
bby1intqrmvi5upexvem_33,262
bby1intqrmvi5upexvem_34,262
bby1intqrmvi5upexvem_36,217
bby1intqrmvi5upexvem_48,753
pb5ibw5akbb28i8ysn2j_2,287
pb5ibw5akbb28i8ysn2j_3,447
pb5ibw5akbb28i8ysn2j_4,200
pb5ibw5akbb28i8ysn2j_9,127
pb5ibw5akbb28i8ysn2j_12,200
pb5ibw5akbb28i8ysn2j_14,200
pb5ibw5akbb28i8ysn2j_15,200
pb5ibw5akbb28i8ysn2j_17,127
pb5ibw5akbb28i8ysn2j_22,200
pb5ibw5akbb28i8ysn2j_23,200
pb5ibw5akbb28i8ysn2j_24,473
pb5ibw5akbb28i8ysn2j_26,617
pb5ibw5akbb28i8ysn2j_39,200
pb5ibw5akbb28i8ysn2j_44,617
pb5ibw5akbb28i8ysn2j_47,486
3bke1jbcnrc9mvjcvg1k_0,825
3bke1jbcnrc9mvjcvg1k_4,717
3bke1jbcnrc9mvjcvg1k_11,880
3bke1jbcnrc9mvjcvg1k_12,490
3bke1jbcnrc9mvjcvg1k_17,580
3bke1jbcnrc9mvjcvg1k_22,150
3bke1jbcnrc9mvjcvg1k_23,173
3bke1jbcnrc9mvjcvg1k_25,561
3bke1jbcnrc9mvjcvg1k_34,392
3bke1jbcnrc9mvjcvg1k_48,608
3bke1jbcnrc9mvjcvg1k_61,57
3bke1jbcnrc9mvjcvg1k_62,57
qt7ba9gs2o27vxe2j53f_11,1020
qt7ba9gs2o27vxe2j53f_12,1020
qt7ba9gs2o27vxe2j53f_13,1020
qt7ba9gs2o27vxe2j53f_14,310
qt7ba9gs2o27vxe2j53f_15,208
qt7ba9gs2o27vxe2j53f_17,493
qt7ba9gs2o27vxe2j53f_20,1020
qt7ba9gs2o27vxe2j53f_26,7
qt7ba9gs2o27vxe2j53f_27,507
qt7ba9gs2o27vxe2j53f_28,500
qt7ba9gs2o27vxe2j53f_33,354
qt7ba9gs2o27vxe2j53f_36,760
qt7ba9gs2o27vxe2j53f_41,354
qt7ba9gs2o27vxe2j53f_42,404
qt7ba9gs2o27vxe2j53f_57,7
8stdnu58w7j8dyj194l5_6,434
8stdnu58w7j8dyj194l5_7,30
8stdnu58w7j8dyj194l5_9,388
8stdnu58w7j8dyj194l5_11,414
8stdnu58w7j8dyj194l5_12,483
8stdnu58w7j8dyj194l5_15,1000
8stdnu58w7j8dyj194l5_16,502
8stdnu58w7j8dyj194l5_17,488
8stdnu58w7j8dyj194l5_18,696
8stdnu58w7j8dyj194l5_23,30
8stdnu58w7j8dyj194l5_26,488
8stdnu58w7j8dyj194l5_27,483
8stdnu58w7j8dyj194l5_32,502
8stdnu58w7j8dyj194l5_35,871
8stdnu58w7j8dyj194l5_37,725
8stdnu58w7j8dyj194l5_41,488
8stdnu58w7j8dyj194l5_43,848
8stdnu58w7j8dyj194l5_56,718
r3997k4sxorw2bzk509a_1,571
r3997k4sxorw2bzk509a_6,119
r3997k4sxorw2bzk509a_8,322
r3997k4sxorw2bzk509a_20,877
r3997k4sxorw2bzk509a_31,629
r3997k4sxorw2bzk509a_32,1003
r3997k4sxorw2bzk509a_45,298
r3997k4sxorw2bzk509a_46,182
r3997k4sxorw2bzk509a_47,532
lr8y84du350jdwh8vpnu_0,949
lr8y84du350jdwh8vpnu_5,565
lr8y84du350jdwh8vpnu_9,473
lr8y84du350jdwh8vpnu_12,859
lr8y84du350jdwh8vpnu_13,859
lr8y84du350jdwh8vpnu_14,857
lr8y84du350jdwh8vpnu_17,473
lr8y84du350jdwh8vpnu_19,871
lr8y84du350jdwh8vpnu_24,473
lr8y84du350jdwh8vpnu_44,905
lr8y84du350jdwh8vpnu_45,715
lr8y84du350jdwh8vpnu_46,7
lr8y84du350jdwh8vpnu_49,749
lr8y84du350jdwh8vpnu_50,676
lr8y84du350jdwh8vpnu_51,727
8v6youph11oga3237jcj_1,49
8v6youph11oga3237jcj_6,501
8v6youph11oga3237jcj_13,501
8v6youph11oga3237jcj_16,256
8v6youph11oga3237jcj_18,124
8v6youph11oga3237jcj_20,501
8v6youph11oga3237jcj_24,1014
8v6youph11oga3237jcj_27,914
8v6youph11oga3237jcj_29,398
8v6youph11oga3237jcj_30,14
8v6youph11oga3237jcj_32,233
8v6youph11oga3237jcj_33,489
8v6youph11oga3237jcj_39,505
8v6youph11oga3237jcj_49,517
8v6youph11oga3237jcj_54,794
8v6youph11oga3237jcj_57,461
8v6youph11oga3237jcj_61,570
3i67rlmdufxj24mxqdmg_0,244
3i67rlmdufxj24mxqdmg_3,244
3i67rlmdufxj24mxqdmg_8,880
3i67rlmdufxj24mxqdmg_9,182
3i67rlmdufxj24mxqdmg_14,574
3i67rlmdufxj24mxqdmg_21,187
3i67rlmdufxj24mxqdmg_27,639
3i67rlmdufxj24mxqdmg_28,320
3i67rlmdufxj24mxqdmg_29,33
3i67rlmdufxj24mxqdmg_43,209
3i67rlmdufxj24mxqdmg_46,361
3i67rlmdufxj24mxqdmg_51,52
3i67rlmdufxj24mxqdmg_53,834
3i67rlmdufxj24mxqdmg_55,212
3i67rlmdufxj24mxqdmg_61,703
hp9ejaqlu8j1nfxn9gda_4,617
hp9ejaqlu8j1nfxn9gda_7,225
hp9ejaqlu8j1nfxn9gda_8,783
hp9ejaqlu8j1nfxn9gda_9,473
hp9ejaqlu8j1nfxn9gda_13,427
hp9ejaqlu8j1nfxn9gda_18,392
hp9ejaqlu8j1nfxn9gda_22,390
hp9ejaqlu8j1nfxn9gda_23,390
hp9ejaqlu8j1nfxn9gda_25,788
hp9ejaqlu8j1nfxn9gda_28,134
hp9ejaqlu8j1nfxn9gda_29,379
hp9ejaqlu8j1nfxn9gda_36,720
hp9ejaqlu8j1nfxn9gda_37,732
hp9ejaqlu8j1nfxn9gda_44,375
hp9ejaqlu8j1nfxn9gda_53,427
hp9ejaqlu8j1nfxn9gda_58,418
hp9ejaqlu8j1nfxn9gda_60,380
hp9ejaqlu8j1nfxn9gda_61,380
hp9ejaqlu8j1nfxn9gda_62,380
x5e4d4hwho3xji8sfjoa_2,49
x5e4d4hwho3xji8sfjoa_7,825
x5e4d4hwho3xji8sfjoa_9,24
x5e4d4hwho3xji8sfjoa_12,314
x5e4d4hwho3xji8sfjoa_13,376
x5e4d4hwho3xji8sfjoa_17,371
x5e4d4hwho3xji8sfjoa_19,992
x5e4d4hwho3xji8sfjoa_23,532
x5e4d4hwho3xji8sfjoa_25,24
x5e4d4hwho3xji8sfjoa_28,992
x5e4d4hwho3xji8sfjoa_33,501
x5e4d4hwho3xji8sfjoa_40,501
x5e4d4hwho3xji8sfjoa_41,690
x5e4d4hwho3xji8sfjoa_43,452
x5e4d4hwho3xji8sfjoa_55,666
x5e4d4hwho3xji8sfjoa_59,900
x5e4d4hwho3xji8sfjoa_63,939
2t4jkzuuq2xjzkzwecw5_4,200
2t4jkzuuq2xjzkzwecw5_9,127
2t4jkzuuq2xjzkzwecw5_10,617
2t4jkzuuq2xjzkzwecw5_22,200
2t4jkzuuq2xjzkzwecw5_26,617
2t4jkzuuq2xjzkzwecw5_27,287
2t4jkzuuq2xjzkzwecw5_34,127
2t4jkzuuq2xjzkzwecw5_49,215
2t4jkzuuq2xjzkzwecw5_50,776
2t4jkzuuq2xjzkzwecw5_51,776
2t4jkzuuq2xjzkzwecw5_56,179
2t4jkzuuq2xjzkzwecw5_59,215
2t4jkzuuq2xjzkzwecw5_60,127
2jw8udwmrq4capdbx7ow_1,835
2jw8udwmrq4capdbx7ow_2,606
2jw8udwmrq4capdbx7ow_4,2
2jw8udwmrq4capdbx7ow_6,2
2jw8udwmrq4capdbx7ow_7,877
2jw8udwmrq4capdbx7ow_10,965
2jw8udwmrq4capdbx7ow_12,617
2jw8udwmrq4capdbx7ow_14,2
2jw8udwmrq4capdbx7ow_19,776
2jw8udwmrq4capdbx7ow_21,666
2jw8udwmrq4capdbx7ow_22,2
2jw8udwmrq4capdbx7ow_35,27
2jw8udwmrq4capdbx7ow_45,215
2jw8udwmrq4capdbx7ow_49,424
2jw8udwmrq4capdbx7ow_50,211
2jw8udwmrq4capdbx7ow_54,767
2jw8udwmrq4capdbx7ow_57,958
jj9mfoaqaaezl19xztj6_2,142
jj9mfoaqaaezl19xztj6_5,449
jj9mfoaqaaezl19xztj6_6,449
jj9mfoaqaaezl19xztj6_16,322
jj9mfoaqaaezl19xztj6_19,145
jj9mfoaqaaezl19xztj6_33,932
jj9mfoaqaaezl19xztj6_34,6
jj9mfoaqaaezl19xztj6_58,267
qki587h7pi7hssxgyore_3,810
qki587h7pi7hssxgyore_4,134
qki587h7pi7hssxgyore_14,487
qki587h7pi7hssxgyore_29,424
qki587h7pi7hssxgyore_31,847
qki587h7pi7hssxgyore_36,424
qki587h7pi7hssxgyore_39,783
qki587h7pi7hssxgyore_42,145
qki587h7pi7hssxgyore_53,145
e79qojfxf9ifk6g1nuzr_3,718
e79qojfxf9ifk6g1nuzr_10,718
e79qojfxf9ifk6g1nuzr_11,446
e79qojfxf9ifk6g1nuzr_15,446
e79qojfxf9ifk6g1nuzr_17,81
e79qojfxf9ifk6g1nuzr_18,81
e79qojfxf9ifk6g1nuzr_22,487
e79qojfxf9ifk6g1nuzr_28,541
e79qojfxf9ifk6g1nuzr_31,30
e79qojfxf9ifk6g1nuzr_36,476
e79qojfxf9ifk6g1nuzr_37,189
e79qojfxf9ifk6g1nuzr_39,254
e79qojfxf9ifk6g1nuzr_46,179
e79qojfxf9ifk6g1nuzr_47,254
e79qojfxf9ifk6g1nuzr_57,81
t36u0pflhnqzy3uijlj7_0,225
t36u0pflhnqzy3uijlj7_3,225
t36u0pflhnqzy3uijlj7_6,449
t36u0pflhnqzy3uijlj7_9,779
t36u0pflhnqzy3uijlj7_11,354
t36u0pflhnqzy3uijlj7_12,617
t36u0pflhnqzy3uijlj7_17,354
t36u0pflhnqzy3uijlj7_26,907
t36u0pflhnqzy3uijlj7_28,427
t36u0pflhnqzy3uijlj7_32,427
t36u0pflhnqzy3uijlj7_35,427
t36u0pflhnqzy3uijlj7_44,145
t36u0pflhnqzy3uijlj7_48,427
t36u0pflhnqzy3uijlj7_60,341
7em5229byvnvnc9bg9ow_0,37
7em5229byvnvnc9bg9ow_3,664
7em5229byvnvnc9bg9ow_4,284
7em5229byvnvnc9bg9ow_5,664
7em5229byvnvnc9bg9ow_7,664
7em5229byvnvnc9bg9ow_9,218
7em5229byvnvnc9bg9ow_11,72
7em5229byvnvnc9bg9ow_12,284
7em5229byvnvnc9bg9ow_17,385
7em5229byvnvnc9bg9ow_18,72
7em5229byvnvnc9bg9ow_19,72
7em5229byvnvnc9bg9ow_23,664
7em5229byvnvnc9bg9ow_25,684
7em5229byvnvnc9bg9ow_47,664
7em5229byvnvnc9bg9ow_56,573
l4t68acdyk4id94bxac5_4,446
l4t68acdyk4id94bxac5_6,1000
l4t68acdyk4id94bxac5_10,884
l4t68acdyk4id94bxac5_12,483
l4t68acdyk4id94bxac5_21,397
l4t68acdyk4id94bxac5_22,397
l4t68acdyk4id94bxac5_24,783
l4t68acdyk4id94bxac5_32,783
l4t68acdyk4id94bxac5_43,397
l4t68acdyk4id94bxac5_46,544
l4t68acdyk4id94bxac5_51,397
l4t68acdyk4id94bxac5_59,727
u92os2ekv1t9ls3cl7y2_5,449
u92os2ekv1t9ls3cl7y2_6,434
u92os2ekv1t9ls3cl7y2_8,730
u92os2ekv1t9ls3cl7y2_9,487
u92os2ekv1t9ls3cl7y2_11,483
u92os2ekv1t9ls3cl7y2_14,446
u92os2ekv1t9ls3cl7y2_18,541
u92os2ekv1t9ls3cl7y2_20,175
u92os2ekv1t9ls3cl7y2_22,446
u92os2ekv1t9ls3cl7y2_23,358
u92os2ekv1t9ls3cl7y2_28,696
u92os2ekv1t9ls3cl7y2_30,502
u92os2ekv1t9ls3cl7y2_36,81
u92os2ekv1t9ls3cl7y2_39,633
u92os2ekv1t9ls3cl7y2_47,633
u92os2ekv1t9ls3cl7y2_51,189
u92os2ekv1t9ls3cl7y2_54,894
u92os2ekv1t9ls3cl7y2_55,981
u92os2ekv1t9ls3cl7y2_61,886
u92os2ekv1t9ls3cl7y2_63,981
v615xualxo2r6y9uyjb1_0,949
v615xualxo2r6y9uyjb1_4,49
v615xualxo2r6y9uyjb1_6,119
v615xualxo2r6y9uyjb1_18,606
v615xualxo2r6y9uyjb1_26,408
v615xualxo2r6y9uyjb1_33,320
v615xualxo2r6y9uyjb1_35,386
v615xualxo2r6y9uyjb1_36,117
v615xualxo2r6y9uyjb1_41,489
v615xualxo2r6y9uyjb1_44,231
v615xualxo2r6y9uyjb1_48,1003
v615xualxo2r6y9uyjb1_50,792
v615xualxo2r6y9uyjb1_57,570
xvigu5fw19vkmr3e0g9j_1,27
xvigu5fw19vkmr3e0g9j_7,383
xvigu5fw19vkmr3e0g9j_8,397
xvigu5fw19vkmr3e0g9j_13,961
xvigu5fw19vkmr3e0g9j_16,321
xvigu5fw19vkmr3e0g9j_23,554
xvigu5fw19vkmr3e0g9j_29,424
xvigu5fw19vkmr3e0g9j_36,424
xvigu5fw19vkmr3e0g9j_37,175
xvigu5fw19vkmr3e0g9j_39,399
xvigu5fw19vkmr3e0g9j_43,424
xvigu5fw19vkmr3e0g9j_45,424
xvigu5fw19vkmr3e0g9j_49,424
xvigu5fw19vkmr3e0g9j_60,554
jtsmwhg8ympovk98nll0_0,57
jtsmwhg8ympovk98nll0_2,449
jtsmwhg8ympovk98nll0_6,434
jtsmwhg8ympovk98nll0_12,434
jtsmwhg8ympovk98nll0_21,175
jtsmwhg8ympovk98nll0_28,696
jtsmwhg8ympovk98nll0_29,175
jtsmwhg8ympovk98nll0_36,81
jtsmwhg8ympovk98nll0_44,839
ztorrj52t3o1soit1wj0_0,308
ztorrj52t3o1soit1wj0_1,753
ztorrj52t3o1soit1wj0_5,434
ztorrj52t3o1soit1wj0_8,877
ztorrj52t3o1soit1wj0_10,476
ztorrj52t3o1soit1wj0_12,476
ztorrj52t3o1soit1wj0_13,848
ztorrj52t3o1soit1wj0_35,476
ztorrj52t3o1soit1wj0_48,476
ztorrj52t3o1soit1wj0_51,196
05phhfjfef2xwb0whru2_9,27
05phhfjfef2xwb0whru2_12,449
05phhfjfef2xwb0whru2_22,434
05phhfjfef2xwb0whru2_26,541
05phhfjfef2xwb0whru2_28,27
05phhfjfef2xwb0whru2_30,27
05phhfjfef2xwb0whru2_45,321
05phhfjfef2xwb0whru2_46,321
wkidz2mhp5jtq29ws7yu_0,434
wkidz2mhp5jtq29ws7yu_2,446
wkidz2mhp5jtq29ws7yu_4,446
wkidz2mhp5jtq29ws7yu_10,483
wkidz2mhp5jtq29ws7yu_16,476
wkidz2mhp5jtq29ws7yu_18,541
wkidz2mhp5jtq29ws7yu_20,446
wkidz2mhp5jtq29ws7yu_26,541
wkidz2mhp5jtq29ws7yu_28,483
wkidz2mhp5jtq29ws7yu_29,483
wkidz2mhp5jtq29ws7yu_33,680
wkidz2mhp5jtq29ws7yu_36,894
wkidz2mhp5jtq29ws7yu_40,399
wkidz2mhp5jtq29ws7yu_41,541
wkidz2mhp5jtq29ws7yu_44,118
wkidz2mhp5jtq29ws7yu_46,27
wkidz2mhp5jtq29ws7yu_48,196
wkidz2mhp5jtq29ws7yu_54,894
vmhyut82wctca2v942xj_6,567
vmhyut82wctca2v942xj_18,718
vmhyut82wctca2v942xj_21,567
vmhyut82wctca2v942xj_24,332
vmhyut82wctca2v942xj_26,284
vmhyut82wctca2v942xj_27,336
vmhyut82wctca2v942xj_35,336
vmhyut82wctca2v942xj_48,505
vmhyut82wctca2v942xj_55,628
eibzq13xzzb1yj9b5583_2,434
eibzq13xzzb1yj9b5583_4,681
eibzq13xzzb1yj9b5583_15,539
eibzq13xzzb1yj9b5583_27,488
eibzq13xzzb1yj9b5583_31,623
eibzq13xzzb1yj9b5583_34,488
eibzq13xzzb1yj9b5583_35,488
eibzq13xzzb1yj9b5583_38,1000
eibzq13xzzb1yj9b5583_39,730
eibzq13xzzb1yj9b5583_43,6
eibzq13xzzb1yj9b5583_46,6
eibzq13xzzb1yj9b5583_48,542
eibzq13xzzb1yj9b5583_51,253
eibzq13xzzb1yj9b5583_52,476
eibzq13xzzb1yj9b5583_59,196
c1ofjmx4cxpmp07wotks_3,949
c1ofjmx4cxpmp07wotks_18,499
c1ofjmx4cxpmp07wotks_26,473
c1ofjmx4cxpmp07wotks_29,27
c1ofjmx4cxpmp07wotks_51,27
c1ofjmx4cxpmp07wotks_55,182
c1ofjmx4cxpmp07wotks_56,969
c1ofjmx4cxpmp07wotks_63,586
zzfgeb8w1ihmmrolb216_3,996
zzfgeb8w1ihmmrolb216_9,182
zzfgeb8w1ihmmrolb216_16,544
zzfgeb8w1ihmmrolb216_19,60
zzfgeb8w1ihmmrolb216_22,886
zzfgeb8w1ihmmrolb216_23,544
zzfgeb8w1ihmmrolb216_25,398
zzfgeb8w1ihmmrolb216_29,783
zzfgeb8w1ihmmrolb216_31,271
zzfgeb8w1ihmmrolb216_34,60
zzfgeb8w1ihmmrolb216_36,118
zzfgeb8w1ihmmrolb216_39,271
zzfgeb8w1ihmmrolb216_44,554
zzfgeb8w1ihmmrolb216_45,487
zzfgeb8w1ihmmrolb216_47,788
zzfgeb8w1ihmmrolb216_54,151
mq6idb0jzdy85s2j1kev_17,643
mq6idb0jzdy85s2j1kev_21,495
mq6idb0jzdy85s2j1kev_23,591
mq6idb0jzdy85s2j1kev_26,91
mq6idb0jzdy85s2j1kev_34,91
mq6idb0jzdy85s2j1kev_38,991
mq6idb0jzdy85s2j1kev_39,991
mq6idb0jzdy85s2j1kev_53,713
mq6idb0jzdy85s2j1kev_55,308
mq6idb0jzdy85s2j1kev_59,289
7m2ab8t8m2rf6wgm505p_20,580
7m2ab8t8m2rf6wgm505p_27,268
7m2ab8t8m2rf6wgm505p_30,164
7m2ab8t8m2rf6wgm505p_33,860
7m2ab8t8m2rf6wgm505p_34,268
7m2ab8t8m2rf6wgm505p_40,763
7m2ab8t8m2rf6wgm505p_51,749
7m2ab8t8m2rf6wgm505p_53,546
7m2ab8t8m2rf6wgm505p_56,494
7m2ab8t8m2rf6wgm505p_58,915
7m2ab8t8m2rf6wgm505p_63,591
aed200cdmvtw9hdpul28_20,733
aed200cdmvtw9hdpul28_24,700
aed200cdmvtw9hdpul28_29,903
aed200cdmvtw9hdpul28_30,84
aed200cdmvtw9hdpul28_32,700
aed200cdmvtw9hdpul28_35,903
aed200cdmvtw9hdpul28_36,197
aed200cdmvtw9hdpul28_42,395
aed200cdmvtw9hdpul28_43,84
aed200cdmvtw9hdpul28_44,395
aed200cdmvtw9hdpul28_50,536
aed200cdmvtw9hdpul28_54,964
aed200cdmvtw9hdpul28_55,546
aed200cdmvtw9hdpul28_56,494
aed200cdmvtw9hdpul28_61,546
aed200cdmvtw9hdpul28_62,443
2oy9rsapzyrs1sed04h5_19,216
2oy9rsapzyrs1sed04h5_24,256
2oy9rsapzyrs1sed04h5_29,690
2oy9rsapzyrs1sed04h5_30,650
2oy9rsapzyrs1sed04h5_31,398
2oy9rsapzyrs1sed04h5_45,386
2oy9rsapzyrs1sed04h5_51,792
2oy9rsapzyrs1sed04h5_53,792
2oy9rsapzyrs1sed04h5_59,380
2oy9rsapzyrs1sed04h5_62,266
w64gas1acxtohqja7o9o_8,992
w64gas1acxtohqja7o9o_16,255
w64gas1acxtohqja7o9o_26,766
w64gas1acxtohqja7o9o_32,900
w64gas1acxtohqja7o9o_37,806
w64gas1acxtohqja7o9o_40,647
w64gas1acxtohqja7o9o_41,792
w64gas1acxtohqja7o9o_45,798
w64gas1acxtohqja7o9o_46,798
w64gas1acxtohqja7o9o_48,852
w64gas1acxtohqja7o9o_51,1009
w64gas1acxtohqja7o9o_53,947
w64gas1acxtohqja7o9o_54,746
w64gas1acxtohqja7o9o_59,846
w64gas1acxtohqja7o9o_61,846
w64gas1acxtohqja7o9o_63,667
wfxkp1lxqlxklw54hfly_26,367
wfxkp1lxqlxklw54hfly_29,219
wfxkp1lxqlxklw54hfly_33,367
wfxkp1lxqlxklw54hfly_35,327
wfxkp1lxqlxklw54hfly_40,917
wfxkp1lxqlxklw54hfly_43,992
wfxkp1lxqlxklw54hfly_44,14
wfxkp1lxqlxklw54hfly_45,14
wfxkp1lxqlxklw54hfly_51,255
wfxkp1lxqlxklw54hfly_52,255
wfxkp1lxqlxklw54hfly_54,14
wfxkp1lxqlxklw54hfly_57,91
wfxkp1lxqlxklw54hfly_58,826
wfxkp1lxqlxklw54hfly_60,386
9k8x0tp37gyuv7kug8j6_4,862
9k8x0tp37gyuv7kug8j6_10,268
9k8x0tp37gyuv7kug8j6_11,367
9k8x0tp37gyuv7kug8j6_13,827
9k8x0tp37gyuv7kug8j6_20,219
9k8x0tp37gyuv7kug8j6_31,827
9k8x0tp37gyuv7kug8j6_41,798
9k8x0tp37gyuv7kug8j6_42,91
9k8x0tp37gyuv7kug8j6_43,749
9k8x0tp37gyuv7kug8j6_44,562
9k8x0tp37gyuv7kug8j6_47,591
9k8x0tp37gyuv7kug8j6_49,763
9k8x0tp37gyuv7kug8j6_54,289
9k8x0tp37gyuv7kug8j6_57,418
9k8x0tp37gyuv7kug8j6_62,289
iwi6zbx2psbb71b8dg7z_16,708
iwi6zbx2psbb71b8dg7z_21,150
iwi6zbx2psbb71b8dg7z_24,249
iwi6zbx2psbb71b8dg7z_26,656
iwi6zbx2psbb71b8dg7z_32,782
iwi6zbx2psbb71b8dg7z_36,507
iwi6zbx2psbb71b8dg7z_52,410
iwi6zbx2psbb71b8dg7z_54,745
iwi6zbx2psbb71b8dg7z_56,98
iwi6zbx2psbb71b8dg7z_59,443
0i7t527wj5ppa1hbp1vu_16,164
0i7t527wj5ppa1hbp1vu_25,328
0i7t527wj5ppa1hbp1vu_28,889
0i7t527wj5ppa1hbp1vu_34,889
0i7t527wj5ppa1hbp1vu_35,889
0i7t527wj5ppa1hbp1vu_36,328
0i7t527wj5ppa1hbp1vu_37,782
0i7t527wj5ppa1hbp1vu_61,443
0i7t527wj5ppa1hbp1vu_62,711
0i7t527wj5ppa1hbp1vu_63,581
ou2py42i6qkzo5mrvrb3_2,645
ou2py42i6qkzo5mrvrb3_4,180
ou2py42i6qkzo5mrvrb3_5,174
ou2py42i6qkzo5mrvrb3_6,180
ou2py42i6qkzo5mrvrb3_19,485
ou2py42i6qkzo5mrvrb3_21,180
ou2py42i6qkzo5mrvrb3_41,749
ou2py42i6qkzo5mrvrb3_43,546
ou2py42i6qkzo5mrvrb3_44,979
ou2py42i6qkzo5mrvrb3_45,613
ou2py42i6qkzo5mrvrb3_48,953
ou2py42i6qkzo5mrvrb3_49,724
ou2py42i6qkzo5mrvrb3_51,724
ou2py42i6qkzo5mrvrb3_52,724
ou2py42i6qkzo5mrvrb3_55,361
ou2py42i6qkzo5mrvrb3_57,380
ou2py42i6qkzo5mrvrb3_59,724
j0ug41dxwv4ln9xnv0ln_20,903
j0ug41dxwv4ln9xnv0ln_24,917
j0ug41dxwv4ln9xnv0ln_25,228
j0ug41dxwv4ln9xnv0ln_27,691
j0ug41dxwv4ln9xnv0ln_30,164
j0ug41dxwv4ln9xnv0ln_33,964
j0ug41dxwv4ln9xnv0ln_34,84
j0ug41dxwv4ln9xnv0ln_35,877
j0ug41dxwv4ln9xnv0ln_36,197
j0ug41dxwv4ln9xnv0ln_47,208
j0ug41dxwv4ln9xnv0ln_49,749
j0ug41dxwv4ln9xnv0ln_50,546
j0ug41dxwv4ln9xnv0ln_51,546
j0ug41dxwv4ln9xnv0ln_53,666
j0ug41dxwv4ln9xnv0ln_54,77
j0ug41dxwv4ln9xnv0ln_56,971
j0ug41dxwv4ln9xnv0ln_61,443
j0ug41dxwv4ln9xnv0ln_62,947
j0ug41dxwv4ln9xnv0ln_63,947
cwqpvitlv2m0h86lj563_19,484
cwqpvitlv2m0h86lj563_21,769
cwqpvitlv2m0h86lj563_25,926
cwqpvitlv2m0h86lj563_28,282
cwqpvitlv2m0h86lj563_31,343
cwqpvitlv2m0h86lj563_38,282
cwqpvitlv2m0h86lj563_41,166
cwqpvitlv2m0h86lj563_43,809
cwqpvitlv2m0h86lj563_46,598
cwqpvitlv2m0h86lj563_47,800
cwqpvitlv2m0h86lj563_50,199
cwqpvitlv2m0h86lj563_55,631
cwqpvitlv2m0h86lj563_60,63
cwqpvitlv2m0h86lj563_61,266
cwqpvitlv2m0h86lj563_62,266
cwqpvitlv2m0h86lj563_63,873
g39y0rqluue7luo1m8iq_1,681
g39y0rqluue7luo1m8iq_2,119
g39y0rqluue7luo1m8iq_3,434
g39y0rqluue7luo1m8iq_4,375
g39y0rqluue7luo1m8iq_12,375
g39y0rqluue7luo1m8iq_19,488
g39y0rqluue7luo1m8iq_22,398
g39y0rqluue7luo1m8iq_26,298
g39y0rqluue7luo1m8iq_27,60
g39y0rqluue7luo1m8iq_32,322
g39y0rqluue7luo1m8iq_33,489
g39y0rqluue7luo1m8iq_41,489
g39y0rqluue7luo1m8iq_43,253
g39y0rqluue7luo1m8iq_53,839
g39y0rqluue7luo1m8iq_57,196
g39y0rqluue7luo1m8iq_58,380
g39y0rqluue7luo1m8iq_60,843
zfec09xpv18537dj4bzo_17,60
zfec09xpv18537dj4bzo_25,869
zfec09xpv18537dj4bzo_28,799
zfec09xpv18537dj4bzo_32,799
zfec09xpv18537dj4bzo_33,799
zfec09xpv18537dj4bzo_34,551
zfec09xpv18537dj4bzo_37,799
zfec09xpv18537dj4bzo_38,290
zfec09xpv18537dj4bzo_42,551
zfec09xpv18537dj4bzo_49,541
zfec09xpv18537dj4bzo_52,799
zfec09xpv18537dj4bzo_54,155
zfec09xpv18537dj4bzo_59,189
axyotq9ul3jl36lvl9h7_8,541
axyotq9ul3jl36lvl9h7_11,446
axyotq9ul3jl36lvl9h7_13,446
axyotq9ul3jl36lvl9h7_15,358
axyotq9ul3jl36lvl9h7_19,541
axyotq9ul3jl36lvl9h7_21,483
axyotq9ul3jl36lvl9h7_38,633
axyotq9ul3jl36lvl9h7_39,633
axyotq9ul3jl36lvl9h7_45,118
mh5zdhybgie83gpwocqj_11,961
mh5zdhybgie83gpwocqj_17,551
mh5zdhybgie83gpwocqj_25,799
mh5zdhybgie83gpwocqj_28,290
mh5zdhybgie83gpwocqj_36,155
mh5zdhybgie83gpwocqj_39,587
mh5zdhybgie83gpwocqj_52,155
mh5zdhybgie83gpwocqj_59,723
upuwbzt906wwdh4wdqc1_13,664
upuwbzt906wwdh4wdqc1_18,788
upuwbzt906wwdh4wdqc1_20,843
upuwbzt906wwdh4wdqc1_25,788
upuwbzt906wwdh4wdqc1_26,332
upuwbzt906wwdh4wdqc1_30,885
upuwbzt906wwdh4wdqc1_31,981
upuwbzt906wwdh4wdqc1_33,218
upuwbzt906wwdh4wdqc1_34,218
upuwbzt906wwdh4wdqc1_35,320
upuwbzt906wwdh4wdqc1_36,52
upuwbzt906wwdh4wdqc1_47,722
upuwbzt906wwdh4wdqc1_51,541
upuwbzt906wwdh4wdqc1_52,915
upuwbzt906wwdh4wdqc1_54,551
upuwbzt906wwdh4wdqc1_60,973
5cbcjhn006qsr9johm9i_19,541
5cbcjhn006qsr9johm9i_21,628
5cbcjhn006qsr9johm9i_23,981
5cbcjhn006qsr9johm9i_24,311
5cbcjhn006qsr9johm9i_27,541
5cbcjhn006qsr9johm9i_34,541
5cbcjhn006qsr9johm9i_42,541
5cbcjhn006qsr9johm9i_44,27
5cbcjhn006qsr9johm9i_46,483
5cbcjhn006qsr9johm9i_49,680
5cbcjhn006qsr9johm9i_53,81
5cbcjhn006qsr9johm9i_54,182
5cbcjhn006qsr9johm9i_55,137
5cbcjhn006qsr9johm9i_59,446
5cbcjhn006qsr9johm9i_62,321
5cbcjhn006qsr9johm9i_63,981
bxpqw001sw6yy7ogyh32_3,718
bxpqw001sw6yy7ogyh32_4,1000
bxpqw001sw6yy7ogyh32_6,434
bxpqw001sw6yy7ogyh32_7,383
bxpqw001sw6yy7ogyh32_9,434
bxpqw001sw6yy7ogyh32_10,590
bxpqw001sw6yy7ogyh32_15,322
bxpqw001sw6yy7ogyh32_21,60
bxpqw001sw6yy7ogyh32_28,60
bxpqw001sw6yy7ogyh32_30,169
bxpqw001sw6yy7ogyh32_33,488
bxpqw001sw6yy7ogyh32_34,502
bxpqw001sw6yy7ogyh32_41,843
bxpqw001sw6yy7ogyh32_44,693
bxpqw001sw6yy7ogyh32_49,502
bxpqw001sw6yy7ogyh32_56,542
bxpqw001sw6yy7ogyh32_57,502
bxpqw001sw6yy7ogyh32_58,502
udmv8dowsede4aq7nqzg_4,234
udmv8dowsede4aq7nqzg_13,742
udmv8dowsede4aq7nqzg_24,1014
udmv8dowsede4aq7nqzg_28,415
udmv8dowsede4aq7nqzg_34,320
udmv8dowsede4aq7nqzg_35,127
udmv8dowsede4aq7nqzg_42,138
udmv8dowsede4aq7nqzg_45,676
gynksxk2q09e0wctzpcu_12,446
gynksxk2q09e0wctzpcu_18,81
gynksxk2q09e0wctzpcu_20,175
gynksxk2q09e0wctzpcu_21,696
gynksxk2q09e0wctzpcu_27,517
gynksxk2q09e0wctzpcu_38,696
gynksxk2q09e0wctzpcu_40,839
gynksxk2q09e0wctzpcu_41,839
gynksxk2q09e0wctzpcu_45,412
gynksxk2q09e0wctzpcu_50,269
gynksxk2q09e0wctzpcu_52,958
gynksxk2q09e0wctzpcu_56,383
gynksxk2q09e0wctzpcu_59,269
nsen2x9sdpwntdkywbpp_19,60
nsen2x9sdpwntdkywbpp_21,60
nsen2x9sdpwntdkywbpp_25,375
nsen2x9sdpwntdkywbpp_27,60
nsen2x9sdpwntdkywbpp_30,60
nsen2x9sdpwntdkywbpp_34,60
nsen2x9sdpwntdkywbpp_40,1003
nsen2x9sdpwntdkywbpp_42,298
nsen2x9sdpwntdkywbpp_48,871
nsen2x9sdpwntdkywbpp_56,720
nsen2x9sdpwntdkywbpp_58,137
nsen2x9sdpwntdkywbpp_60,182
k9uoml8fo8urlr85vdqt_0,640
k9uoml8fo8urlr85vdqt_4,935
k9uoml8fo8urlr85vdqt_6,742
k9uoml8fo8urlr85vdqt_7,640
k9uoml8fo8urlr85vdqt_12,415
k9uoml8fo8urlr85vdqt_13,742
k9uoml8fo8urlr85vdqt_15,234
k9uoml8fo8urlr85vdqt_18,295
k9uoml8fo8urlr85vdqt_21,234
k9uoml8fo8urlr85vdqt_23,234
k9uoml8fo8urlr85vdqt_26,320
k9uoml8fo8urlr85vdqt_29,914
k9uoml8fo8urlr85vdqt_31,400
k9uoml8fo8urlr85vdqt_32,1003
k9uoml8fo8urlr85vdqt_34,489
k9uoml8fo8urlr85vdqt_35,676
k9uoml8fo8urlr85vdqt_36,127
k9uoml8fo8urlr85vdqt_40,1003
k9uoml8fo8urlr85vdqt_43,52
nxyvd4hv1f6o3wvpqmtu_5,308
nxyvd4hv1f6o3wvpqmtu_9,142
nxyvd4hv1f6o3wvpqmtu_10,142
nxyvd4hv1f6o3wvpqmtu_17,142
nxyvd4hv1f6o3wvpqmtu_18,142
nxyvd4hv1f6o3wvpqmtu_26,142
nxyvd4hv1f6o3wvpqmtu_31,639
nxyvd4hv1f6o3wvpqmtu_37,50
nxyvd4hv1f6o3wvpqmtu_38,50
nxyvd4hv1f6o3wvpqmtu_42,253
nxyvd4hv1f6o3wvpqmtu_46,794
nxyvd4hv1f6o3wvpqmtu_57,418
4omag7ba9ml4tkrl8or2_0,194
4omag7ba9ml4tkrl8or2_1,571
4omag7ba9ml4tkrl8or2_4,182
4omag7ba9ml4tkrl8or2_13,400
4omag7ba9ml4tkrl8or2_14,209
4omag7ba9ml4tkrl8or2_19,900
4omag7ba9ml4tkrl8or2_20,877
4omag7ba9ml4tkrl8or2_27,298
4omag7ba9ml4tkrl8or2_28,386
4omag7ba9ml4tkrl8or2_36,60
4omag7ba9ml4tkrl8or2_37,60
4omag7ba9ml4tkrl8or2_40,489
4omag7ba9ml4tkrl8or2_44,298
4omag7ba9ml4tkrl8or2_48,1003
4omag7ba9ml4tkrl8or2_50,62
4omag7ba9ml4tkrl8or2_58,380
4omag7ba9ml4tkrl8or2_59,676
7ve3vp95pwz7y304ipao_7,194
7ve3vp95pwz7y304ipao_17,476
7ve3vp95pwz7y304ipao_29,6
7ve3vp95pwz7y304ipao_32,476
7ve3vp95pwz7y304ipao_44,541
7ve3vp95pwz7y304ipao_55,30
7ve3vp95pwz7y304ipao_56,939
7ve3vp95pwz7y304ipao_58,621
qf02z472y3c3oqj995t7_0,542
qf02z472y3c3oqj995t7_5,1000
qf02z472y3c3oqj995t7_7,861
qf02z472y3c3oqj995t7_8,388
qf02z472y3c3oqj995t7_10,434
qf02z472y3c3oqj995t7_14,60
qf02z472y3c3oqj995t7_16,542
qf02z472y3c3oqj995t7_20,6
qf02z472y3c3oqj995t7_27,771
qf02z472y3c3oqj995t7_35,488
qf02z472y3c3oqj995t7_39,788
qf02z472y3c3oqj995t7_40,542
qf02z472y3c3oqj995t7_42,488
qf02z472y3c3oqj995t7_44,848
qf02z472y3c3oqj995t7_45,6
qf02z472y3c3oqj995t7_49,488
idg4dm6pwbbv5etn6nn6_2,949
idg4dm6pwbbv5etn6nn6_7,857
idg4dm6pwbbv5etn6nn6_12,60
idg4dm6pwbbv5etn6nn6_17,932
idg4dm6pwbbv5etn6nn6_20,696
idg4dm6pwbbv5etn6nn6_21,483
idg4dm6pwbbv5etn6nn6_24,322
idg4dm6pwbbv5etn6nn6_25,848
idg4dm6pwbbv5etn6nn6_26,541
idg4dm6pwbbv5etn6nn6_29,182
idg4dm6pwbbv5etn6nn6_33,577
idg4dm6pwbbv5etn6nn6_49,218
wz87grjh1li13mtd37x8_6,255
wz87grjh1li13mtd37x8_8,133
wz87grjh1li13mtd37x8_9,124
wz87grjh1li13mtd37x8_10,124
wz87grjh1li13mtd37x8_11,216
wz87grjh1li13mtd37x8_13,690
wz87grjh1li13mtd37x8_14,650
wz87grjh1li13mtd37x8_24,693
wz87grjh1li13mtd37x8_26,690
wz87grjh1li13mtd37x8_31,386
wz87grjh1li13mtd37x8_33,690
wz87grjh1li13mtd37x8_35,501
wz87grjh1li13mtd37x8_40,501
wz87grjh1li13mtd37x8_46,745
wz87grjh1li13mtd37x8_49,792
wz87grjh1li13mtd37x8_52,792
wz87grjh1li13mtd37x8_60,63
wz87grjh1li13mtd37x8_61,1004
wz87grjh1li13mtd37x8_62,745
q1q7sk4r5k8w62zf2cmv_0,783
q1q7sk4r5k8w62zf2cmv_4,434
q1q7sk4r5k8w62zf2cmv_8,446
q1q7sk4r5k8w62zf2cmv_9,446
q1q7sk4r5k8w62zf2cmv_16,179
q1q7sk4r5k8w62zf2cmv_26,175
q1q7sk4r5k8w62zf2cmv_28,839
q1q7sk4r5k8w62zf2cmv_33,118
q1q7sk4r5k8w62zf2cmv_37,118
q1q7sk4r5k8w62zf2cmv_42,894
q1q7sk4r5k8w62zf2cmv_44,839
q1q7sk4r5k8w62zf2cmv_49,541
q1q7sk4r5k8w62zf2cmv_50,175
q1q7sk4r5k8w62zf2cmv_54,81
q1q7sk4r5k8w62zf2cmv_56,573
q1q7sk4r5k8w62zf2cmv_57,418
q1q7sk4r5k8w62zf2cmv_58,621
q1q7sk4r5k8w62zf2cmv_59,175
q1q7sk4r5k8w62zf2cmv_60,196
up9rtbdqrovstubhoero_2,717
up9rtbdqrovstubhoero_4,49
up9rtbdqrovstubhoero_5,49
up9rtbdqrovstubhoero_7,369
up9rtbdqrovstubhoero_9,369
up9rtbdqrovstubhoero_10,372
up9rtbdqrovstubhoero_18,72
up9rtbdqrovstubhoero_22,372
up9rtbdqrovstubhoero_52,676
up9rtbdqrovstubhoero_55,735
up9rtbdqrovstubhoero_59,380
ewr8l1n86gu1vzw16o2c_5,119
ewr8l1n86gu1vzw16o2c_9,946
ewr8l1n86gu1vzw16o2c_10,946
ewr8l1n86gu1vzw16o2c_11,946
ewr8l1n86gu1vzw16o2c_13,372
ewr8l1n86gu1vzw16o2c_16,415
ewr8l1n86gu1vzw16o2c_20,962
ewr8l1n86gu1vzw16o2c_22,209
ewr8l1n86gu1vzw16o2c_39,532
ewr8l1n86gu1vzw16o2c_42,946
ewr8l1n86gu1vzw16o2c_43,528
ewr8l1n86gu1vzw16o2c_58,676
nqscx5voahe4owpwn3u1_1,857
nqscx5voahe4owpwn3u1_6,434
nqscx5voahe4owpwn3u1_13,70
nqscx5voahe4owpwn3u1_16,96
nqscx5voahe4owpwn3u1_19,60
nqscx5voahe4owpwn3u1_27,209
nqscx5voahe4owpwn3u1_29,169
nqscx5voahe4owpwn3u1_60,832
04kdxq8ddhrbsu4rc320_2,862
04kdxq8ddhrbsu4rc320_5,173
04kdxq8ddhrbsu4rc320_12,742
04kdxq8ddhrbsu4rc320_14,962
04kdxq8ddhrbsu4rc320_16,256
04kdxq8ddhrbsu4rc320_17,320
04kdxq8ddhrbsu4rc320_19,415
04kdxq8ddhrbsu4rc320_23,369
04kdxq8ddhrbsu4rc320_26,295
04kdxq8ddhrbsu4rc320_27,415
04kdxq8ddhrbsu4rc320_35,676
04kdxq8ddhrbsu4rc320_53,676
04kdxq8ddhrbsu4rc320_54,224
04kdxq8ddhrbsu4rc320_56,971
04kdxq8ddhrbsu4rc320_57,418
04kdxq8ddhrbsu4rc320_61,836
2mcnp4aguz7pg54i2cou_2,244
2mcnp4aguz7pg54i2cou_5,244
2mcnp4aguz7pg54i2cou_11,1010
2mcnp4aguz7pg54i2cou_12,959
2mcnp4aguz7pg54i2cou_13,537
2mcnp4aguz7pg54i2cou_14,296
2mcnp4aguz7pg54i2cou_17,699
2mcnp4aguz7pg54i2cou_19,146
2mcnp4aguz7pg54i2cou_20,499
2mcnp4aguz7pg54i2cou_23,885
2mcnp4aguz7pg54i2cou_24,538
2mcnp4aguz7pg54i2cou_26,375
2mcnp4aguz7pg54i2cou_27,880
2mcnp4aguz7pg54i2cou_40,179
2mcnp4aguz7pg54i2cou_52,296
2mcnp4aguz7pg54i2cou_53,964
2mcnp4aguz7pg54i2cou_54,964
2mcnp4aguz7pg54i2cou_55,502
2mcnp4aguz7pg54i2cou_56,783
j3dqita2zzjxju891a6b_0,37
j3dqita2zzjxju891a6b_1,522
j3dqita2zzjxju891a6b_4,244
j3dqita2zzjxju891a6b_6,113
j3dqita2zzjxju891a6b_10,507
j3dqita2zzjxju891a6b_12,350
j3dqita2zzjxju891a6b_15,119
j3dqita2zzjxju891a6b_21,350
j3dqita2zzjxju891a6b_22,991
j3dqita2zzjxju891a6b_23,532
j3dqita2zzjxju891a6b_28,609
j3dqita2zzjxju891a6b_33,489
j3dqita2zzjxju891a6b_40,24
j3dqita2zzjxju891a6b_53,676
j3dqita2zzjxju891a6b_56,971
j3dqita2zzjxju891a6b_57,756
j3dqita2zzjxju891a6b_58,289
j3dqita2zzjxju891a6b_60,836
j3dqita2zzjxju891a6b_62,939
f3dtokrfg0sjp2vjg645_1,718
f3dtokrfg0sjp2vjg645_4,1000
f3dtokrfg0sjp2vjg645_5,681
f3dtokrfg0sjp2vjg645_10,718
f3dtokrfg0sjp2vjg645_16,542
f3dtokrfg0sjp2vjg645_24,388
f3dtokrfg0sjp2vjg645_28,94
f3dtokrfg0sjp2vjg645_30,725
f3dtokrfg0sjp2vjg645_41,253
f3dtokrfg0sjp2vjg645_43,488
f3dtokrfg0sjp2vjg645_45,6
f3dtokrfg0sjp2vjg645_49,502
f3dtokrfg0sjp2vjg645_50,718
f3dtokrfg0sjp2vjg645_55,675
f3dtokrfg0sjp2vjg645_59,502
f3dtokrfg0sjp2vjg645_60,674
f3dtokrfg0sjp2vjg645_62,196
f3dtokrfg0sjp2vjg645_63,257
j6viw9prlpeefvm7ud9h_7,857
j6viw9prlpeefvm7ud9h_8,311
j6viw9prlpeefvm7ud9h_16,218
j6viw9prlpeefvm7ud9h_17,932
j6viw9prlpeefvm7ud9h_27,253
j6viw9prlpeefvm7ud9h_29,182
j6viw9prlpeefvm7ud9h_37,483
j6viw9prlpeefvm7ud9h_52,253
wf7864bx0f95chgaq42t_2,996
wf7864bx0f95chgaq42t_10,414
wf7864bx0f95chgaq42t_14,104
wf7864bx0f95chgaq42t_16,542
wf7864bx0f95chgaq42t_18,483
wf7864bx0f95chgaq42t_19,848
wf7864bx0f95chgaq42t_44,6
wf7864bx0f95chgaq42t_48,542
wf7864bx0f95chgaq42t_49,488
wf7864bx0f95chgaq42t_52,104
wf7864bx0f95chgaq42t_58,196
wf7864bx0f95chgaq42t_62,621
qg00qnideaivlv4aldab_5,544
qg00qnideaivlv4aldab_15,722
qg00qnideaivlv4aldab_21,843
qg00qnideaivlv4aldab_22,843
qg00qnideaivlv4aldab_25,218
qg00qnideaivlv4aldab_28,483
qg00qnideaivlv4aldab_32,311
qg00qnideaivlv4aldab_49,6
qg00qnideaivlv4aldab_50,6
qg00qnideaivlv4aldab_54,145
qg00qnideaivlv4aldab_58,418
190e0oiv7wbicky0o36n_0,722
190e0oiv7wbicky0o36n_5,664
190e0oiv7wbicky0o36n_8,722
190e0oiv7wbicky0o36n_16,358
190e0oiv7wbicky0o36n_18,446
190e0oiv7wbicky0o36n_40,542
190e0oiv7wbicky0o36n_42,541
190e0oiv7wbicky0o36n_43,253
190e0oiv7wbicky0o36n_45,159
190e0oiv7wbicky0o36n_46,159
190e0oiv7wbicky0o36n_50,476
190e0oiv7wbicky0o36n_51,703
190e0oiv7wbicky0o36n_52,703
190e0oiv7wbicky0o36n_53,159
190e0oiv7wbicky0o36n_54,159
190e0oiv7wbicky0o36n_56,542
190e0oiv7wbicky0o36n_57,621
190e0oiv7wbicky0o36n_58,621
190e0oiv7wbicky0o36n_62,703
190e0oiv7wbicky0o36n_63,257
u52aj3g09n79dqaufb4i_2,434
u52aj3g09n79dqaufb4i_5,434
u52aj3g09n79dqaufb4i_11,848
u52aj3g09n79dqaufb4i_20,138
u52aj3g09n79dqaufb4i_31,383
u52aj3g09n79dqaufb4i_35,483
u52aj3g09n79dqaufb4i_40,722
u52aj3g09n79dqaufb4i_43,81
u52aj3g09n79dqaufb4i_55,30
c9cid1kyuiol5kegg3df_6,383
c9cid1kyuiol5kegg3df_9,434
c9cid1kyuiol5kegg3df_17,97
c9cid1kyuiol5kegg3df_21,487
c9cid1kyuiol5kegg3df_22,574
c9cid1kyuiol5kegg3df_28,848
c9cid1kyuiol5kegg3df_37,60
c9cid1kyuiol5kegg3df_43,182
c9cid1kyuiol5kegg3df_50,298
c9cid1kyuiol5kegg3df_52,871
c9cid1kyuiol5kegg3df_54,151
c9cid1kyuiol5kegg3df_56,542
c9cid1kyuiol5kegg3df_58,502
c9cid1kyuiol5kegg3df_60,341
rxmr8rpq7jfnp5eag1yo_8,722
rxmr8rpq7jfnp5eag1yo_10,718
rxmr8rpq7jfnp5eag1yo_12,577
rxmr8rpq7jfnp5eag1yo_13,577
rxmr8rpq7jfnp5eag1yo_32,542
rxmr8rpq7jfnp5eag1yo_39,383
rxmr8rpq7jfnp5eag1yo_40,722
rxmr8rpq7jfnp5eag1yo_46,725
rxmr8rpq7jfnp5eag1yo_50,27
rxmr8rpq7jfnp5eag1yo_56,722
rxmr8rpq7jfnp5eag1yo_63,30
cc1f5jj5og5pldgjbxpq_3,434
cc1f5jj5og5pldgjbxpq_4,483
cc1f5jj5og5pldgjbxpq_5,869
cc1f5jj5og5pldgjbxpq_13,483
cc1f5jj5og5pldgjbxpq_22,885
cc1f5jj5og5pldgjbxpq_27,483
cc1f5jj5og5pldgjbxpq_31,182
cc1f5jj5og5pldgjbxpq_33,680
cc1f5jj5og5pldgjbxpq_34,541
cc1f5jj5og5pldgjbxpq_38,182
cc1f5jj5og5pldgjbxpq_41,541
cc1f5jj5og5pldgjbxpq_48,538
cc1f5jj5og5pldgjbxpq_49,476
cc1f5jj5og5pldgjbxpq_59,196
cc1f5jj5og5pldgjbxpq_63,981
4sa7zewp9o7wuollyqk9_4,449
4sa7zewp9o7wuollyqk9_5,449
4sa7zewp9o7wuollyqk9_6,449
4sa7zewp9o7wuollyqk9_7,449
4sa7zewp9o7wuollyqk9_10,27
4sa7zewp9o7wuollyqk9_12,449
4sa7zewp9o7wuollyqk9_13,449
4sa7zewp9o7wuollyqk9_14,449
4sa7zewp9o7wuollyqk9_15,321
4sa7zewp9o7wuollyqk9_16,783
4sa7zewp9o7wuollyqk9_19,660
4sa7zewp9o7wuollyqk9_21,27
4sa7zewp9o7wuollyqk9_25,541
4sa7zewp9o7wuollyqk9_32,783
4sa7zewp9o7wuollyqk9_33,541
4sa7zewp9o7wuollyqk9_35,321
4sa7zewp9o7wuollyqk9_38,321
4sa7zewp9o7wuollyqk9_47,722
4sa7zewp9o7wuollyqk9_53,27
4sa7zewp9o7wuollyqk9_54,27
xoc09ol99d6jvfra2uy0_0,388
xoc09ol99d6jvfra2uy0_3,718
xoc09ol99d6jvfra2uy0_4,434
xoc09ol99d6jvfra2uy0_6,1000
xoc09ol99d6jvfra2uy0_17,483
xoc09ol99d6jvfra2uy0_31,409
xoc09ol99d6jvfra2uy0_34,718
xoc09ol99d6jvfra2uy0_38,665
xoc09ol99d6jvfra2uy0_40,718
xoc09ol99d6jvfra2uy0_48,843
xoc09ol99d6jvfra2uy0_50,414
xoc09ol99d6jvfra2uy0_51,396
xoc09ol99d6jvfra2uy0_52,665
xoc09ol99d6jvfra2uy0_56,647
xoc09ol99d6jvfra2uy0_57,289
kxrspf469w61of4cg4aq_1,1000
kxrspf469w61of4cg4aq_3,434
kxrspf469w61of4cg4aq_7,857
kxrspf469w61of4cg4aq_13,848
kxrspf469w61of4cg4aq_14,885
kxrspf469w61of4cg4aq_30,909
kxrspf469w61of4cg4aq_31,909
kxrspf469w61of4cg4aq_35,111
kxrspf469w61of4cg4aq_36,111
kxrspf469w61of4cg4aq_40,838
kxrspf469w61of4cg4aq_42,57
kxrspf469w61of4cg4aq_43,354
kxrspf469w61of4cg4aq_47,532
105vr6zj3egrh6kxp6lv_5,338
105vr6zj3egrh6kxp6lv_12,34
105vr6zj3egrh6kxp6lv_22,882
105vr6zj3egrh6kxp6lv_27,977
105vr6zj3egrh6kxp6lv_30,342
105vr6zj3egrh6kxp6lv_32,648
105vr6zj3egrh6kxp6lv_41,201
105vr6zj3egrh6kxp6lv_44,394
105vr6zj3egrh6kxp6lv_48,165
105vr6zj3egrh6kxp6lv_58,201
pegfyxsqgak31fz4u1k0_9,394
pegfyxsqgak31fz4u1k0_11,377
pegfyxsqgak31fz4u1k0_14,791
pegfyxsqgak31fz4u1k0_18,317
pegfyxsqgak31fz4u1k0_20,704
pegfyxsqgak31fz4u1k0_22,59
pegfyxsqgak31fz4u1k0_25,0
pegfyxsqgak31fz4u1k0_28,704
pegfyxsqgak31fz4u1k0_29,704
pegfyxsqgak31fz4u1k0_31,482
pegfyxsqgak31fz4u1k0_34,317
pegfyxsqgak31fz4u1k0_35,791
pegfyxsqgak31fz4u1k0_37,482
pegfyxsqgak31fz4u1k0_39,482
pegfyxsqgak31fz4u1k0_51,394
pegfyxsqgak31fz4u1k0_55,637
msd6fgngctcijmfzceko_4,687
msd6fgngctcijmfzceko_11,325
msd6fgngctcijmfzceko_12,491
msd6fgngctcijmfzceko_24,874
msd6fgngctcijmfzceko_36,977
msd6fgngctcijmfzceko_37,882
msd6fgngctcijmfzceko_39,34
msd6fgngctcijmfzceko_40,874
msd6fgngctcijmfzceko_45,384
msd6fgngctcijmfzceko_53,384
msd6fgngctcijmfzceko_62,35
msd6fgngctcijmfzceko_63,90
ztazj8ylgj8asfj06d25_4,278
ztazj8ylgj8asfj06d25_8,34
ztazj8ylgj8asfj06d25_9,34
ztazj8ylgj8asfj06d25_19,34
ztazj8ylgj8asfj06d25_25,394
ztazj8ylgj8asfj06d25_26,381
ztazj8ylgj8asfj06d25_30,977
ztazj8ylgj8asfj06d25_42,201
ztazj8ylgj8asfj06d25_43,637
muv4utnrfphfsnuq3ewz_3,726
muv4utnrfphfsnuq3ewz_4,103
muv4utnrfphfsnuq3ewz_6,75
muv4utnrfphfsnuq3ewz_7,956
muv4utnrfphfsnuq3ewz_8,1006
muv4utnrfphfsnuq3ewz_11,258
muv4utnrfphfsnuq3ewz_12,943
muv4utnrfphfsnuq3ewz_15,620
muv4utnrfphfsnuq3ewz_18,750
muv4utnrfphfsnuq3ewz_22,440
muv4utnrfphfsnuq3ewz_27,258
muv4utnrfphfsnuq3ewz_28,258
muv4utnrfphfsnuq3ewz_31,230
muv4utnrfphfsnuq3ewz_38,106
muv4utnrfphfsnuq3ewz_40,430
muv4utnrfphfsnuq3ewz_45,1006
muv4utnrfphfsnuq3ewz_46,394
muv4utnrfphfsnuq3ewz_53,394
muv4utnrfphfsnuq3ewz_54,637
muv4utnrfphfsnuq3ewz_62,201
sinoxui4xee4lt19x82o_3,135
sinoxui4xee4lt19x82o_4,950
sinoxui4xee4lt19x82o_8,933
sinoxui4xee4lt19x82o_13,184
sinoxui4xee4lt19x82o_14,627
sinoxui4xee4lt19x82o_19,750
sinoxui4xee4lt19x82o_25,381
sinoxui4xee4lt19x82o_27,381
sinoxui4xee4lt19x82o_28,762
sinoxui4xee4lt19x82o_32,279
sinoxui4xee4lt19x82o_40,933
sinoxui4xee4lt19x82o_42,719
sinoxui4xee4lt19x82o_43,719
sinoxui4xee4lt19x82o_56,135
sinoxui4xee4lt19x82o_57,90
sinoxui4xee4lt19x82o_58,201
sinoxui4xee4lt19x82o_59,184
sinoxui4xee4lt19x82o_62,230
6ua4s7yamyhbdmpt3y2z_12,278
6ua4s7yamyhbdmpt3y2z_16,165
6ua4s7yamyhbdmpt3y2z_18,438
6ua4s7yamyhbdmpt3y2z_20,278
6ua4s7yamyhbdmpt3y2z_38,491
6ua4s7yamyhbdmpt3y2z_40,294
6ua4s7yamyhbdmpt3y2z_54,34
6ua4s7yamyhbdmpt3y2z_57,201
fdm9v4kou9bku99y8ph6_9,317
fdm9v4kou9bku99y8ph6_11,35
fdm9v4kou9bku99y8ph6_12,35
fdm9v4kou9bku99y8ph6_17,106
fdm9v4kou9bku99y8ph6_26,882
fdm9v4kou9bku99y8ph6_27,882
fdm9v4kou9bku99y8ph6_43,35
fdm9v4kou9bku99y8ph6_48,394
fdm9v4kou9bku99y8ph6_49,106
fdm9v4kou9bku99y8ph6_52,648
fdm9v4kou9bku99y8ph6_59,637
ow1g124l2i1eyqrsyryz_0,362
ow1g124l2i1eyqrsyryz_1,342
ow1g124l2i1eyqrsyryz_2,338
ow1g124l2i1eyqrsyryz_3,338
ow1g124l2i1eyqrsyryz_12,648
ow1g124l2i1eyqrsyryz_17,977
ow1g124l2i1eyqrsyryz_19,977
ow1g124l2i1eyqrsyryz_25,578
ow1g124l2i1eyqrsyryz_28,844
ow1g124l2i1eyqrsyryz_33,578
ow1g124l2i1eyqrsyryz_34,342
ow1g124l2i1eyqrsyryz_35,394
ow1g124l2i1eyqrsyryz_36,719
ow1g124l2i1eyqrsyryz_41,766
ow1g124l2i1eyqrsyryz_42,394
ow1g124l2i1eyqrsyryz_50,519
ow1g124l2i1eyqrsyryz_51,519
ow1g124l2i1eyqrsyryz_57,874
ow1g124l2i1eyqrsyryz_58,844
4xm4wcx7fh3dvoqst9pa_5,384
4xm4wcx7fh3dvoqst9pa_6,34
4xm4wcx7fh3dvoqst9pa_10,34
4xm4wcx7fh3dvoqst9pa_21,34
4xm4wcx7fh3dvoqst9pa_25,394
4xm4wcx7fh3dvoqst9pa_30,977
4xm4wcx7fh3dvoqst9pa_31,977
4xm4wcx7fh3dvoqst9pa_36,394
4xm4wcx7fh3dvoqst9pa_37,384
4xm4wcx7fh3dvoqst9pa_40,165
4xm4wcx7fh3dvoqst9pa_41,201
4xm4wcx7fh3dvoqst9pa_42,201
4xm4wcx7fh3dvoqst9pa_44,394
4xm4wcx7fh3dvoqst9pa_46,648
4xm4wcx7fh3dvoqst9pa_47,648
4xm4wcx7fh3dvoqst9pa_50,201
4xm4wcx7fh3dvoqst9pa_51,201
4xm4wcx7fh3dvoqst9pa_53,394
4xm4wcx7fh3dvoqst9pa_56,402
4xm4wcx7fh3dvoqst9pa_63,402
aqyn455s77n0bt09tmfy_34,381
aqyn455s77n0bt09tmfy_39,34
aqyn455s77n0bt09tmfy_42,394
aqyn455s77n0bt09tmfy_44,381
aqyn455s77n0bt09tmfy_46,578
aqyn455s77n0bt09tmfy_48,874
aqyn455s77n0bt09tmfy_50,201
aqyn455s77n0bt09tmfy_55,977
aqyn455s77n0bt09tmfy_57,201
aqyn455s77n0bt09tmfy_58,201
aqyn455s77n0bt09tmfy_59,201
u9gvlnjtocycqoe9x4th_1,362
u9gvlnjtocycqoe9x4th_11,362
u9gvlnjtocycqoe9x4th_16,392
u9gvlnjtocycqoe9x4th_20,491
u9gvlnjtocycqoe9x4th_29,781
u9gvlnjtocycqoe9x4th_37,392
u9gvlnjtocycqoe9x4th_38,586
u9gvlnjtocycqoe9x4th_44,34
u9gvlnjtocycqoe9x4th_53,882
u9gvlnjtocycqoe9x4th_60,882
3cz189dtak7z8fnjype9_13,106
3cz189dtak7z8fnjype9_16,342
3cz189dtak7z8fnjype9_21,106
3cz189dtak7z8fnjype9_22,106
3cz189dtak7z8fnjype9_24,165
3cz189dtak7z8fnjype9_26,977
3cz189dtak7z8fnjype9_28,394
3cz189dtak7z8fnjype9_29,648
3cz189dtak7z8fnjype9_30,342
3cz189dtak7z8fnjype9_31,106
3cz189dtak7z8fnjype9_35,394
3cz189dtak7z8fnjype9_36,719
3cz189dtak7z8fnjype9_44,719
3cz189dtak7z8fnjype9_49,394
3cz189dtak7z8fnjype9_50,637
3cz189dtak7z8fnjype9_56,402
51ankbn600veouqz9zkb_1,687
51ankbn600veouqz9zkb_2,687
51ankbn600veouqz9zkb_3,687
51ankbn600veouqz9zkb_9,22
51ankbn600veouqz9zkb_10,362
51ankbn600veouqz9zkb_11,325
51ankbn600veouqz9zkb_12,325
51ankbn600veouqz9zkb_13,519
51ankbn600veouqz9zkb_26,342
51ankbn600veouqz9zkb_32,874
51ankbn600veouqz9zkb_35,392
51ankbn600veouqz9zkb_36,392
51ankbn600veouqz9zkb_38,106
51ankbn600veouqz9zkb_41,874
51ankbn600veouqz9zkb_44,161
51ankbn600veouqz9zkb_49,394
51ankbn600veouqz9zkb_51,1005
51ankbn600veouqz9zkb_58,1005
51ankbn600veouqz9zkb_59,648
51ankbn600veouqz9zkb_62,637
zk54im8avhy9cblo6qj5_1,384
zk54im8avhy9cblo6qj5_2,384
zk54im8avhy9cblo6qj5_4,491
zk54im8avhy9cblo6qj5_7,936
zk54im8avhy9cblo6qj5_15,440
zk54im8avhy9cblo6qj5_43,648
zk54im8avhy9cblo6qj5_47,620
zk54im8avhy9cblo6qj5_49,637
zk54im8avhy9cblo6qj5_51,648
zk54im8avhy9cblo6qj5_52,637
zk54im8avhy9cblo6qj5_62,201
zk54im8avhy9cblo6qj5_63,402
12cnmq7j99gtrlwtlnie_1,904
12cnmq7j99gtrlwtlnie_5,176
12cnmq7j99gtrlwtlnie_14,20
12cnmq7j99gtrlwtlnie_16,1008
12cnmq7j99gtrlwtlnie_21,1008
12cnmq7j99gtrlwtlnie_25,1008
12cnmq7j99gtrlwtlnie_28,176
12cnmq7j99gtrlwtlnie_30,1008
12cnmq7j99gtrlwtlnie_31,1008
12cnmq7j99gtrlwtlnie_32,477
12cnmq7j99gtrlwtlnie_34,477
12cnmq7j99gtrlwtlnie_41,394
12cnmq7j99gtrlwtlnie_46,677
mqz4iv49lbpdg56tv1zy_10,34
mqz4iv49lbpdg56tv1zy_32,165
mqz4iv49lbpdg56tv1zy_34,381
mqz4iv49lbpdg56tv1zy_37,34
mqz4iv49lbpdg56tv1zy_43,394
mqz4iv49lbpdg56tv1zy_44,381
mqz4iv49lbpdg56tv1zy_45,578
mqz4iv49lbpdg56tv1zy_47,161
mqz4iv49lbpdg56tv1zy_48,874
mqz4iv49lbpdg56tv1zy_52,201
mqz4iv49lbpdg56tv1zy_58,201
mqz4iv49lbpdg56tv1zy_62,430
thhi1ldr2z4z0nkqdfin_16,165
thhi1ldr2z4z0nkqdfin_19,882
thhi1ldr2z4z0nkqdfin_32,712
thhi1ldr2z4z0nkqdfin_34,882
thhi1ldr2z4z0nkqdfin_41,35
thhi1ldr2z4z0nkqdfin_42,35
thhi1ldr2z4z0nkqdfin_47,384
thhi1ldr2z4z0nkqdfin_55,342
thhi1ldr2z4z0nkqdfin_56,106
thhi1ldr2z4z0nkqdfin_60,637
thhi1ldr2z4z0nkqdfin_61,106
thhi1ldr2z4z0nkqdfin_62,637
rn1nigwztvkpd01w37q6_6,687
rn1nigwztvkpd01w37q6_7,956
rn1nigwztvkpd01w37q6_9,135
rn1nigwztvkpd01w37q6_14,362
rn1nigwztvkpd01w37q6_30,135
rn1nigwztvkpd01w37q6_43,279
rn1nigwztvkpd01w37q6_44,279
rn1nigwztvkpd01w37q6_47,135
rn1nigwztvkpd01w37q6_54,135
rn1nigwztvkpd01w37q6_57,279
rn1nigwztvkpd01w37q6_61,430
e6xmrpjks9mbr6wb44g5_1,491
e6xmrpjks9mbr6wb44g5_3,294
e6xmrpjks9mbr6wb44g5_9,135
e6xmrpjks9mbr6wb44g5_11,781
e6xmrpjks9mbr6wb44g5_12,491
e6xmrpjks9mbr6wb44g5_21,491
e6xmrpjks9mbr6wb44g5_32,933
e6xmrpjks9mbr6wb44g5_36,135
e6xmrpjks9mbr6wb44g5_37,135
e6xmrpjks9mbr6wb44g5_41,607
e6xmrpjks9mbr6wb44g5_44,135
e6xmrpjks9mbr6wb44g5_48,279
e6xmrpjks9mbr6wb44g5_50,943
e6xmrpjks9mbr6wb44g5_53,135
e6xmrpjks9mbr6wb44g5_54,135
71wb0s8445ayoo99s5e1_2,960
71wb0s8445ayoo99s5e1_6,960
71wb0s8445ayoo99s5e1_9,960
71wb0s8445ayoo99s5e1_14,960
71wb0s8445ayoo99s5e1_15,960
71wb0s8445ayoo99s5e1_16,960
71wb0s8445ayoo99s5e1_21,960
71wb0s8445ayoo99s5e1_22,960
71wb0s8445ayoo99s5e1_27,960
71wb0s8445ayoo99s5e1_28,960
71wb0s8445ayoo99s5e1_35,960
71wb0s8445ayoo99s5e1_37,39
71wb0s8445ayoo99s5e1_38,960
71wb0s8445ayoo99s5e1_44,960
71wb0s8445ayoo99s5e1_51,960
71wb0s8445ayoo99s5e1_52,960
71wb0s8445ayoo99s5e1_53,960
71wb0s8445ayoo99s5e1_54,960
71wb0s8445ayoo99s5e1_55,960
71wb0s8445ayoo99s5e1_63,960
k55cqnjy54i24wttkhd2_9,39
k55cqnjy54i24wttkhd2_13,279
k55cqnjy54i24wttkhd2_17,135
k55cqnjy54i24wttkhd2_22,279
k55cqnjy54i24wttkhd2_30,279
k55cqnjy54i24wttkhd2_35,135
k55cqnjy54i24wttkhd2_37,135
k55cqnjy54i24wttkhd2_38,279
k55cqnjy54i24wttkhd2_42,279
k55cqnjy54i24wttkhd2_53,135
k55cqnjy54i24wttkhd2_55,135
pmmggcp8e05npsanrz7z_1,279
pmmggcp8e05npsanrz7z_2,279
pmmggcp8e05npsanrz7z_4,135
pmmggcp8e05npsanrz7z_5,135
pmmggcp8e05npsanrz7z_8,943
pmmggcp8e05npsanrz7z_9,933
pmmggcp8e05npsanrz7z_11,279
pmmggcp8e05npsanrz7z_18,513
pmmggcp8e05npsanrz7z_33,279
pmmggcp8e05npsanrz7z_36,943
pmmggcp8e05npsanrz7z_37,135
pmmggcp8e05npsanrz7z_38,135
pmmggcp8e05npsanrz7z_44,279
pmmggcp8e05npsanrz7z_45,279
pmmggcp8e05npsanrz7z_55,950
pmmggcp8e05npsanrz7z_56,950
0lsopi4mp68xpkfnjqfg_6,956
0lsopi4mp68xpkfnjqfg_10,135
0lsopi4mp68xpkfnjqfg_13,687
0lsopi4mp68xpkfnjqfg_23,294
0lsopi4mp68xpkfnjqfg_30,135
0lsopi4mp68xpkfnjqfg_43,135
0lsopi4mp68xpkfnjqfg_47,482
0lsopi4mp68xpkfnjqfg_52,607
0lsopi4mp68xpkfnjqfg_53,135
fqx2a8utep79hcvtw3u0_0,279
fqx2a8utep79hcvtw3u0_1,279
fqx2a8utep79hcvtw3u0_8,279
fqx2a8utep79hcvtw3u0_10,279
fqx2a8utep79hcvtw3u0_11,279
fqx2a8utep79hcvtw3u0_13,135
fqx2a8utep79hcvtw3u0_21,135
fqx2a8utep79hcvtw3u0_24,135
fqx2a8utep79hcvtw3u0_26,933
fqx2a8utep79hcvtw3u0_28,135
fqx2a8utep79hcvtw3u0_39,294
fqx2a8utep79hcvtw3u0_46,394
fqx2a8utep79hcvtw3u0_54,637
fqx2a8utep79hcvtw3u0_63,402
fvuewkfmk4cl10677c6k_1,279
fvuewkfmk4cl10677c6k_5,294
fvuewkfmk4cl10677c6k_13,514
fvuewkfmk4cl10677c6k_15,620
fvuewkfmk4cl10677c6k_17,279
fvuewkfmk4cl10677c6k_27,135
fvuewkfmk4cl10677c6k_28,394
fvuewkfmk4cl10677c6k_36,430
fvuewkfmk4cl10677c6k_37,719
fvuewkfmk4cl10677c6k_45,719
fvuewkfmk4cl10677c6k_53,230
fvuewkfmk4cl10677c6k_61,402
lmhgqlhb9pbt4uj4wakh_3,781
lmhgqlhb9pbt4uj4wakh_10,781
lmhgqlhb9pbt4uj4wakh_24,279
lmhgqlhb9pbt4uj4wakh_28,279
lmhgqlhb9pbt4uj4wakh_29,135
lmhgqlhb9pbt4uj4wakh_37,781
lmhgqlhb9pbt4uj4wakh_40,279
lmhgqlhb9pbt4uj4wakh_42,279
lmhgqlhb9pbt4uj4wakh_45,135
lmhgqlhb9pbt4uj4wakh_46,394
lmhgqlhb9pbt4uj4wakh_53,135
lmhgqlhb9pbt4uj4wakh_57,933
lmhgqlhb9pbt4uj4wakh_58,933
lmhgqlhb9pbt4uj4wakh_61,135
lmhgqlhb9pbt4uj4wakh_62,90
b1pn3kgxm8s5b5f4koc9_3,279
b1pn3kgxm8s5b5f4koc9_4,279
b1pn3kgxm8s5b5f4koc9_5,933
b1pn3kgxm8s5b5f4koc9_16,135
b1pn3kgxm8s5b5f4koc9_22,279
b1pn3kgxm8s5b5f4koc9_23,279
b1pn3kgxm8s5b5f4koc9_24,135
b1pn3kgxm8s5b5f4koc9_25,135
b1pn3kgxm8s5b5f4koc9_26,279
b1pn3kgxm8s5b5f4koc9_27,135
b1pn3kgxm8s5b5f4koc9_30,135
b1pn3kgxm8s5b5f4koc9_31,135
b1pn3kgxm8s5b5f4koc9_35,135
b1pn3kgxm8s5b5f4koc9_38,933
b1pn3kgxm8s5b5f4koc9_43,135
b1pn3kgxm8s5b5f4koc9_46,135
b1pn3kgxm8s5b5f4koc9_47,135
b1pn3kgxm8s5b5f4koc9_54,381
7mzne6yrgkwqms6il8bu_3,279
7mzne6yrgkwqms6il8bu_7,135
7mzne6yrgkwqms6il8bu_13,279
7mzne6yrgkwqms6il8bu_14,279
7mzne6yrgkwqms6il8bu_15,943
7mzne6yrgkwqms6il8bu_23,279
7mzne6yrgkwqms6il8bu_25,135
7mzne6yrgkwqms6il8bu_31,135
7mzne6yrgkwqms6il8bu_37,135
7mzne6yrgkwqms6il8bu_39,135
7mzne6yrgkwqms6il8bu_42,135
7mzne6yrgkwqms6il8bu_43,135
7mzne6yrgkwqms6il8bu_46,135
7mzne6yrgkwqms6il8bu_49,430
7mzne6yrgkwqms6il8bu_52,394
7mzne6yrgkwqms6il8bu_53,440
nh30ukomzrcfu4eia2z8_4,135
nh30ukomzrcfu4eia2z8_5,135
nh30ukomzrcfu4eia2z8_6,135
nh30ukomzrcfu4eia2z8_13,135
nh30ukomzrcfu4eia2z8_21,279
nh30ukomzrcfu4eia2z8_26,279
nh30ukomzrcfu4eia2z8_27,135
nh30ukomzrcfu4eia2z8_30,135
nh30ukomzrcfu4eia2z8_31,135
nh30ukomzrcfu4eia2z8_36,943
nh30ukomzrcfu4eia2z8_41,279
nh30ukomzrcfu4eia2z8_42,279
nh30ukomzrcfu4eia2z8_43,279
nh30ukomzrcfu4eia2z8_44,279
nh30ukomzrcfu4eia2z8_49,279
nh30ukomzrcfu4eia2z8_50,135
nh30ukomzrcfu4eia2z8_51,279
nh30ukomzrcfu4eia2z8_54,135
nh30ukomzrcfu4eia2z8_56,950
k7zhvayjwohrhmu1n5yd_1,933
k7zhvayjwohrhmu1n5yd_3,607
k7zhvayjwohrhmu1n5yd_4,147
k7zhvayjwohrhmu1n5yd_6,607
k7zhvayjwohrhmu1n5yd_10,607
k7zhvayjwohrhmu1n5yd_18,607
k7zhvayjwohrhmu1n5yd_20,607
k7zhvayjwohrhmu1n5yd_21,147
k7zhvayjwohrhmu1n5yd_23,147
k7zhvayjwohrhmu1n5yd_29,462
k7zhvayjwohrhmu1n5yd_31,462
k7zhvayjwohrhmu1n5yd_36,514
k7zhvayjwohrhmu1n5yd_37,936
k7zhvayjwohrhmu1n5yd_44,844
k7zhvayjwohrhmu1n5yd_45,844
k7zhvayjwohrhmu1n5yd_46,294
k7zhvayjwohrhmu1n5yd_51,201
k7zhvayjwohrhmu1n5yd_54,201
k7zhvayjwohrhmu1n5yd_61,402
07qii7yg6cj8g6hv3wms_8,933
07qii7yg6cj8g6hv3wms_13,135
07qii7yg6cj8g6hv3wms_32,279
07qii7yg6cj8g6hv3wms_34,39
07qii7yg6cj8g6hv3wms_35,39
07qii7yg6cj8g6hv3wms_37,960
07qii7yg6cj8g6hv3wms_38,135
07qii7yg6cj8g6hv3wms_39,135
07qii7yg6cj8g6hv3wms_42,279
07qii7yg6cj8g6hv3wms_43,279
07qii7yg6cj8g6hv3wms_48,279
07qii7yg6cj8g6hv3wms_49,513
07qii7yg6cj8g6hv3wms_50,135
07qii7yg6cj8g6hv3wms_52,135
07qii7yg6cj8g6hv3wms_53,279
07qii7yg6cj8g6hv3wms_54,135
07qii7yg6cj8g6hv3wms_60,513
b5oc00pvz4wfcg8hw9is_2,279
b5oc00pvz4wfcg8hw9is_5,943
b5oc00pvz4wfcg8hw9is_15,135
b5oc00pvz4wfcg8hw9is_23,135
b5oc00pvz4wfcg8hw9is_24,135
b5oc00pvz4wfcg8hw9is_30,279
b5oc00pvz4wfcg8hw9is_36,135
b5oc00pvz4wfcg8hw9is_39,135
b5oc00pvz4wfcg8hw9is_47,135
b5oc00pvz4wfcg8hw9is_52,135
b5oc00pvz4wfcg8hw9is_62,135
jwgt5p4wuzhofh599cqu_1,300
jwgt5p4wuzhofh599cqu_17,279
jwgt5p4wuzhofh599cqu_18,405
jwgt5p4wuzhofh599cqu_25,135
jwgt5p4wuzhofh599cqu_31,279
jwgt5p4wuzhofh599cqu_34,135
jwgt5p4wuzhofh599cqu_35,279
jwgt5p4wuzhofh599cqu_43,135
jwgt5p4wuzhofh599cqu_49,294
jwgt5p4wuzhofh599cqu_51,430
jwgt5p4wuzhofh599cqu_53,607
jwgt5p4wuzhofh599cqu_59,430
jwgt5p4wuzhofh599cqu_60,135
6mu69wubh5hosjs7ohvt_10,135
6mu69wubh5hosjs7ohvt_34,279
6mu69wubh5hosjs7ohvt_38,933
6mu69wubh5hosjs7ohvt_41,381
6mu69wubh5hosjs7ohvt_47,135
6mu69wubh5hosjs7ohvt_49,430
6mu69wubh5hosjs7ohvt_50,430
6mu69wubh5hosjs7ohvt_53,440
6mu69wubh5hosjs7ohvt_60,844
6mu69wubh5hosjs7ohvt_63,381
w9co9hgsy4nulojpuvfn_2,279
w9co9hgsy4nulojpuvfn_8,279
w9co9hgsy4nulojpuvfn_9,39
w9co9hgsy4nulojpuvfn_10,39
w9co9hgsy4nulojpuvfn_16,279
w9co9hgsy4nulojpuvfn_18,279
w9co9hgsy4nulojpuvfn_20,279
w9co9hgsy4nulojpuvfn_21,279
w9co9hgsy4nulojpuvfn_25,279
w9co9hgsy4nulojpuvfn_26,39
w9co9hgsy4nulojpuvfn_27,135
w9co9hgsy4nulojpuvfn_33,135
w9co9hgsy4nulojpuvfn_43,513
w9co9hgsy4nulojpuvfn_44,279
w9co9hgsy4nulojpuvfn_53,135
j6045yxuodvmdripee2d_3,279
j6045yxuodvmdripee2d_13,279
j6045yxuodvmdripee2d_15,943
j6045yxuodvmdripee2d_22,279
j6045yxuodvmdripee2d_25,135
j6045yxuodvmdripee2d_27,135
j6045yxuodvmdripee2d_31,135
j6045yxuodvmdripee2d_33,135
j6045yxuodvmdripee2d_36,135
j6045yxuodvmdripee2d_38,933
j6045yxuodvmdripee2d_43,135
j6045yxuodvmdripee2d_44,135
j6045yxuodvmdripee2d_46,135
j6045yxuodvmdripee2d_47,135
j6045yxuodvmdripee2d_50,430
j6045yxuodvmdripee2d_52,394
j6045yxuodvmdripee2d_59,844
j6045yxuodvmdripee2d_61,844
exd8n3yykyw4ueghk3qc_15,943
exd8n3yykyw4ueghk3qc_17,135
exd8n3yykyw4ueghk3qc_20,279
exd8n3yykyw4ueghk3qc_24,135
exd8n3yykyw4ueghk3qc_29,135
exd8n3yykyw4ueghk3qc_32,135
exd8n3yykyw4ueghk3qc_34,279
exd8n3yykyw4ueghk3qc_42,135
exd8n3yykyw4ueghk3qc_44,135
exd8n3yykyw4ueghk3qc_45,135
exd8n3yykyw4ueghk3qc_47,135
exd8n3yykyw4ueghk3qc_55,135
exd8n3yykyw4ueghk3qc_59,844
m548048kqqgslx6qh5y4_0,279
m548048kqqgslx6qh5y4_2,279
m548048kqqgslx6qh5y4_12,279
m548048kqqgslx6qh5y4_17,135
m548048kqqgslx6qh5y4_20,279
m548048kqqgslx6qh5y4_22,279
m548048kqqgslx6qh5y4_24,135
m548048kqqgslx6qh5y4_28,135
m548048kqqgslx6qh5y4_29,135
m548048kqqgslx6qh5y4_33,135
m548048kqqgslx6qh5y4_34,279
m548048kqqgslx6qh5y4_38,933
m548048kqqgslx6qh5y4_47,135
m548048kqqgslx6qh5y4_51,430
m548048kqqgslx6qh5y4_54,381
p2chds3t17ua2cmyobe8_0,279
p2chds3t17ua2cmyobe8_1,279
p2chds3t17ua2cmyobe8_4,816
p2chds3t17ua2cmyobe8_6,607
p2chds3t17ua2cmyobe8_10,279
p2chds3t17ua2cmyobe8_12,279
p2chds3t17ua2cmyobe8_18,279
p2chds3t17ua2cmyobe8_23,135
p2chds3t17ua2cmyobe8_30,279
p2chds3t17ua2cmyobe8_44,135
p2chds3t17ua2cmyobe8_45,135
p2chds3t17ua2cmyobe8_51,279
p2chds3t17ua2cmyobe8_61,135
p2chds3t17ua2cmyobe8_63,440
bwaqj0ii3kwvcwr9lgld_2,956
bwaqj0ii3kwvcwr9lgld_7,956
bwaqj0ii3kwvcwr9lgld_11,135
bwaqj0ii3kwvcwr9lgld_23,135
bwaqj0ii3kwvcwr9lgld_31,135
bwaqj0ii3kwvcwr9lgld_44,279
bwaqj0ii3kwvcwr9lgld_47,279
bwaqj0ii3kwvcwr9lgld_49,135
bwaqj0ii3kwvcwr9lgld_52,39
fx6fnp13nr5twbmo2f2y_10,658
fx6fnp13nr5twbmo2f2y_12,491
fx6fnp13nr5twbmo2f2y_15,956
fx6fnp13nr5twbmo2f2y_17,135
fx6fnp13nr5twbmo2f2y_18,135
fx6fnp13nr5twbmo2f2y_19,135
fx6fnp13nr5twbmo2f2y_23,18
fx6fnp13nr5twbmo2f2y_25,279
fx6fnp13nr5twbmo2f2y_26,279
fx6fnp13nr5twbmo2f2y_27,135
fx6fnp13nr5twbmo2f2y_30,135
fx6fnp13nr5twbmo2f2y_33,279
fx6fnp13nr5twbmo2f2y_35,279
fx6fnp13nr5twbmo2f2y_36,279
fx6fnp13nr5twbmo2f2y_42,279
fx6fnp13nr5twbmo2f2y_43,279
fx6fnp13nr5twbmo2f2y_44,279
fx6fnp13nr5twbmo2f2y_46,279
fx6fnp13nr5twbmo2f2y_52,135
fx6fnp13nr5twbmo2f2y_59,135
xo1xkea3j6nw5l3rm0z3_11,933
xo1xkea3j6nw5l3rm0z3_13,135
xo1xkea3j6nw5l3rm0z3_14,135
xo1xkea3j6nw5l3rm0z3_15,135
xo1xkea3j6nw5l3rm0z3_16,279
xo1xkea3j6nw5l3rm0z3_19,279
xo1xkea3j6nw5l3rm0z3_22,135
xo1xkea3j6nw5l3rm0z3_24,279
xo1xkea3j6nw5l3rm0z3_28,960
xo1xkea3j6nw5l3rm0z3_29,960
xo1xkea3j6nw5l3rm0z3_34,39
xo1xkea3j6nw5l3rm0z3_37,960
xo1xkea3j6nw5l3rm0z3_38,135
xo1xkea3j6nw5l3rm0z3_40,135
xo1xkea3j6nw5l3rm0z3_41,279
xo1xkea3j6nw5l3rm0z3_45,279
xo1xkea3j6nw5l3rm0z3_46,135
xo1xkea3j6nw5l3rm0z3_47,440
xo1xkea3j6nw5l3rm0z3_53,279
xo1xkea3j6nw5l3rm0z3_54,135
w4xs05sn7xdc2i9v9a9z_3,781
w4xs05sn7xdc2i9v9a9z_4,135
w4xs05sn7xdc2i9v9a9z_6,135
w4xs05sn7xdc2i9v9a9z_7,294
w4xs05sn7xdc2i9v9a9z_11,279
w4xs05sn7xdc2i9v9a9z_14,135
w4xs05sn7xdc2i9v9a9z_15,781
w4xs05sn7xdc2i9v9a9z_16,933
w4xs05sn7xdc2i9v9a9z_22,135
w4xs05sn7xdc2i9v9a9z_24,279
w4xs05sn7xdc2i9v9a9z_28,279
w4xs05sn7xdc2i9v9a9z_30,135
w4xs05sn7xdc2i9v9a9z_37,933
w4xs05sn7xdc2i9v9a9z_39,933
w4xs05sn7xdc2i9v9a9z_40,135
w4xs05sn7xdc2i9v9a9z_46,933
w4xs05sn7xdc2i9v9a9z_53,279
w4xs05sn7xdc2i9v9a9z_59,135
w4xs05sn7xdc2i9v9a9z_61,279
gnbecm5w6g4o56d68luo_0,279
gnbecm5w6g4o56d68luo_3,936
gnbecm5w6g4o56d68luo_8,960
gnbecm5w6g4o56d68luo_10,135
gnbecm5w6g4o56d68luo_11,781
gnbecm5w6g4o56d68luo_12,135
gnbecm5w6g4o56d68luo_16,279
gnbecm5w6g4o56d68luo_21,513
gnbecm5w6g4o56d68luo_24,279
gnbecm5w6g4o56d68luo_26,279
gnbecm5w6g4o56d68luo_31,440
gnbecm5w6g4o56d68luo_34,960
gnbecm5w6g4o56d68luo_45,135
gnbecm5w6g4o56d68luo_50,135
gnbecm5w6g4o56d68luo_55,950
gnbecm5w6g4o56d68luo_59,381
gnbecm5w6g4o56d68luo_60,294
gnbecm5w6g4o56d68luo_62,75
evwe6s7rc42wc9879ko6_7,956
evwe6s7rc42wc9879ko6_15,294
evwe6s7rc42wc9879ko6_21,325
evwe6s7rc42wc9879ko6_22,362
evwe6s7rc42wc9879ko6_23,620
evwe6s7rc42wc9879ko6_27,325
evwe6s7rc42wc9879ko6_29,325
evwe6s7rc42wc9879ko6_30,944
evwe6s7rc42wc9879ko6_33,135
evwe6s7rc42wc9879ko6_34,135
evwe6s7rc42wc9879ko6_35,781
evwe6s7rc42wc9879ko6_43,135
evwe6s7rc42wc9879ko6_45,491
evwe6s7rc42wc9879ko6_48,279
evwe6s7rc42wc9879ko6_49,279
evwe6s7rc42wc9879ko6_50,279
evwe6s7rc42wc9879ko6_52,607
evwe6s7rc42wc9879ko6_53,135
evwe6s7rc42wc9879ko6_58,279
evwe6s7rc42wc9879ko6_60,279
pmjt79foyupocqa8dfj6_9,325
pmjt79foyupocqa8dfj6_13,294
pmjt79foyupocqa8dfj6_15,956
pmjt79foyupocqa8dfj6_31,294
pmjt79foyupocqa8dfj6_42,279
pmjt79foyupocqa8dfj6_49,279
pmjt79foyupocqa8dfj6_55,279
pmjt79foyupocqa8dfj6_61,933
yzqkpi7hdunqa3yo1lw1_1,279
yzqkpi7hdunqa3yo1lw1_3,279
yzqkpi7hdunqa3yo1lw1_4,135
yzqkpi7hdunqa3yo1lw1_6,135
yzqkpi7hdunqa3yo1lw1_11,279
yzqkpi7hdunqa3yo1lw1_14,135
yzqkpi7hdunqa3yo1lw1_16,279
yzqkpi7hdunqa3yo1lw1_17,279
yzqkpi7hdunqa3yo1lw1_19,513
yzqkpi7hdunqa3yo1lw1_44,279
yzqkpi7hdunqa3yo1lw1_45,279
yzqkpi7hdunqa3yo1lw1_47,440
yzqkpi7hdunqa3yo1lw1_51,279
yzqkpi7hdunqa3yo1lw1_52,39
yzqkpi7hdunqa3yo1lw1_54,135
yzqkpi7hdunqa3yo1lw1_55,950
yzqkpi7hdunqa3yo1lw1_60,135
yzqkpi7hdunqa3yo1lw1_62,135
yzqkpi7hdunqa3yo1lw1_63,294
kcunmcq8ghbhn9sobdyc_4,687
kcunmcq8ghbhn9sobdyc_7,956
kcunmcq8ghbhn9sobdyc_12,491
kcunmcq8ghbhn9sobdyc_18,135
kcunmcq8ghbhn9sobdyc_21,781
kcunmcq8ghbhn9sobdyc_35,279
kcunmcq8ghbhn9sobdyc_38,135
kcunmcq8ghbhn9sobdyc_41,279
kcunmcq8ghbhn9sobdyc_42,279
kcunmcq8ghbhn9sobdyc_46,279
kcunmcq8ghbhn9sobdyc_49,943
kcunmcq8ghbhn9sobdyc_51,135
kcunmcq8ghbhn9sobdyc_54,135
kcunmcq8ghbhn9sobdyc_55,135
kcunmcq8ghbhn9sobdyc_57,279
kcunmcq8ghbhn9sobdyc_62,381
axpaktoeln3jlw5l6y50_5,135
axpaktoeln3jlw5l6y50_6,135
axpaktoeln3jlw5l6y50_8,933
axpaktoeln3jlw5l6y50_11,279
axpaktoeln3jlw5l6y50_14,135
axpaktoeln3jlw5l6y50_15,781
axpaktoeln3jlw5l6y50_23,607
axpaktoeln3jlw5l6y50_24,279
axpaktoeln3jlw5l6y50_25,39
axpaktoeln3jlw5l6y50_34,279
axpaktoeln3jlw5l6y50_37,933
axpaktoeln3jlw5l6y50_43,39
axpaktoeln3jlw5l6y50_48,960
axpaktoeln3jlw5l6y50_49,279
axpaktoeln3jlw5l6y50_53,279
axpaktoeln3jlw5l6y50_56,135
axpaktoeln3jlw5l6y50_57,135
a45jag3itu39ymzhyvk9_1,279
a45jag3itu39ymzhyvk9_8,279
a45jag3itu39ymzhyvk9_14,135
a45jag3itu39ymzhyvk9_17,135
a45jag3itu39ymzhyvk9_25,135
a45jag3itu39ymzhyvk9_30,279
a45jag3itu39ymzhyvk9_41,135
a45jag3itu39ymzhyvk9_51,279
a45jag3itu39ymzhyvk9_58,201
a45jag3itu39ymzhyvk9_60,381
a45jag3itu39ymzhyvk9_61,135
yx5btm5ttler5iuurr1y_11,325
yx5btm5ttler5iuurr1y_16,165
yx5btm5ttler5iuurr1y_23,781
yx5btm5ttler5iuurr1y_24,165
yx5btm5ttler5iuurr1y_27,373
yx5btm5ttler5iuurr1y_35,578
yx5btm5ttler5iuurr1y_43,34
yx5btm5ttler5iuurr1y_47,578
yx5btm5ttler5iuurr1y_60,637
yx5btm5ttler5iuurr1y_61,844
vjcl6z2289e6anqlui53_8,172
vjcl6z2289e6anqlui53_9,677
vjcl6z2289e6anqlui53_13,325
vjcl6z2289e6anqlui53_14,317
vjcl6z2289e6anqlui53_16,172
vjcl6z2289e6anqlui53_17,807
vjcl6z2289e6anqlui53_20,325
vjcl6z2289e6anqlui53_24,807
vjcl6z2289e6anqlui53_26,325
vjcl6z2289e6anqlui53_28,876
vjcl6z2289e6anqlui53_35,807
vjcl6z2289e6anqlui53_36,445
vjcl6z2289e6anqlui53_40,278
vjcl6z2289e6anqlui53_43,445
vjcl6z2289e6anqlui53_51,876
hdo95n2da52ezutau6ky_4,278
hdo95n2da52ezutau6ky_11,34
hdo95n2da52ezutau6ky_13,491
hdo95n2da52ezutau6ky_16,430
hdo95n2da52ezutau6ky_27,34
hdo95n2da52ezutau6ky_37,34
hdo95n2da52ezutau6ky_42,394
hdo95n2da52ezutau6ky_49,201
hdo95n2da52ezutau6ky_54,161
zccoapamyyujv585j6l3_0,662
zccoapamyyujv585j6l3_8,662
zccoapamyyujv585j6l3_14,929
zccoapamyyujv585j6l3_15,929
zccoapamyyujv585j6l3_19,19
zccoapamyyujv585j6l3_22,929
zccoapamyyujv585j6l3_25,19
zccoapamyyujv585j6l3_37,519
zccoapamyyujv585j6l3_38,519
8hx8rrdjp9gnrpti3h44_0,330
8hx8rrdjp9gnrpti3h44_1,630
8hx8rrdjp9gnrpti3h44_3,74
8hx8rrdjp9gnrpti3h44_5,687
8hx8rrdjp9gnrpti3h44_7,611
8hx8rrdjp9gnrpti3h44_8,630
8hx8rrdjp9gnrpti3h44_11,641
8hx8rrdjp9gnrpti3h44_13,641
8hx8rrdjp9gnrpti3h44_15,181
8hx8rrdjp9gnrpti3h44_26,559
8hx8rrdjp9gnrpti3h44_30,519
8hx8rrdjp9gnrpti3h44_34,559
8hx8rrdjp9gnrpti3h44_38,325
8hx8rrdjp9gnrpti3h44_42,548
8hx8rrdjp9gnrpti3h44_49,305
8hx8rrdjp9gnrpti3h44_52,305
8hx8rrdjp9gnrpti3h44_58,239
8hx8rrdjp9gnrpti3h44_60,305
8hx8rrdjp9gnrpti3h44_62,186
8hx8rrdjp9gnrpti3h44_63,467
6knblu9j60n14vckoqne_1,653
6knblu9j60n14vckoqne_2,653
6knblu9j60n14vckoqne_9,653
6knblu9j60n14vckoqne_10,653
6knblu9j60n14vckoqne_11,653
6knblu9j60n14vckoqne_12,653
6knblu9j60n14vckoqne_27,653
6knblu9j60n14vckoqne_32,653
6knblu9j60n14vckoqne_33,933
6knblu9j60n14vckoqne_34,326
6knblu9j60n14vckoqne_37,741
6knblu9j60n14vckoqne_41,943
6knblu9j60n14vckoqne_44,653
6knblu9j60n14vckoqne_48,653
6knblu9j60n14vckoqne_49,607
6knblu9j60n14vckoqne_58,653
6knblu9j60n14vckoqne_59,653
6h12hq48am19kf00145k_3,687
6h12hq48am19kf00145k_18,712
6h12hq48am19kf00145k_20,325
6h12hq48am19kf00145k_22,392
6h12hq48am19kf00145k_24,874
6h12hq48am19kf00145k_37,106
6h12hq48am19kf00145k_46,342
6h12hq48am19kf00145k_53,394
6h12hq48am19kf00145k_59,844
6h12hq48am19kf00145k_61,637
6h12hq48am19kf00145k_62,637
yv5p7y13ern2gt0ybq2u_14,384
yv5p7y13ern2gt0ybq2u_18,34
yv5p7y13ern2gt0ybq2u_19,278
yv5p7y13ern2gt0ybq2u_20,491
yv5p7y13ern2gt0ybq2u_24,578
yv5p7y13ern2gt0ybq2u_37,34
yv5p7y13ern2gt0ybq2u_42,394
yv5p7y13ern2gt0ybq2u_43,977
yv5p7y13ern2gt0ybq2u_47,882
yv5p7y13ern2gt0ybq2u_48,165
yv5p7y13ern2gt0ybq2u_50,384
yv5p7y13ern2gt0ybq2u_55,106
yv5p7y13ern2gt0ybq2u_56,402
yv5p7y13ern2gt0ybq2u_57,648
yv5p7y13ern2gt0ybq2u_58,201
yv5p7y13ern2gt0ybq2u_59,637
rpf04qxws717arh0e782_5,384
rpf04qxws717arh0e782_15,34
rpf04qxws717arh0e782_27,381
rpf04qxws717arh0e782_32,165
rpf04qxws717arh0e782_34,637
rpf04qxws717arh0e782_35,394
rpf04qxws717arh0e782_38,977
rpf04qxws717arh0e782_41,201
rpf04qxws717arh0e782_45,712
rpf04qxws717arh0e782_46,648
rpf04qxws717arh0e782_48,874
rpf04qxws717arh0e782_59,637
rpf04qxws717arh0e782_60,201
eeei5h8v9mlfir3ywcxl_4,278
eeei5h8v9mlfir3ywcxl_10,34
eeei5h8v9mlfir3ywcxl_13,34
eeei5h8v9mlfir3ywcxl_18,34
eeei5h8v9mlfir3ywcxl_21,34
eeei5h8v9mlfir3ywcxl_27,381
eeei5h8v9mlfir3ywcxl_34,637
eeei5h8v9mlfir3ywcxl_35,394
eeei5h8v9mlfir3ywcxl_36,394
eeei5h8v9mlfir3ywcxl_37,384
dx8h73nzqvzgsbez3ojv_24,165
dx8h73nzqvzgsbez3ojv_28,578
dx8h73nzqvzgsbez3ojv_32,165
dx8h73nzqvzgsbez3ojv_43,637
dx8h73nzqvzgsbez3ojv_46,648
dx8h73nzqvzgsbez3ojv_52,637
dx8h73nzqvzgsbez3ojv_53,394
dx8h73nzqvzgsbez3ojv_56,402
dx8h73nzqvzgsbez3ojv_60,201
pmcib1ckd0htcy0340sj_12,325
pmcib1ckd0htcy0340sj_13,491
pmcib1ckd0htcy0340sj_19,362
pmcib1ckd0htcy0340sj_30,278
pmcib1ckd0htcy0340sj_37,950
pmcib1ckd0htcy0340sj_38,392
pmcib1ckd0htcy0340sj_39,882
pmcib1ckd0htcy0340sj_40,578
pmcib1ckd0htcy0340sj_47,578
pmcib1ckd0htcy0340sj_50,342
pmcib1ckd0htcy0340sj_55,648
pmcib1ckd0htcy0340sj_57,844
pmcib1ckd0htcy0340sj_58,844
pmcib1ckd0htcy0340sj_61,844
pmcib1ckd0htcy0340sj_62,342
ptn2pgc5fk6kl4l12nqa_0,956
ptn2pgc5fk6kl4l12nqa_2,362
ptn2pgc5fk6kl4l12nqa_10,362
ptn2pgc5fk6kl4l12nqa_23,620
ptn2pgc5fk6kl4l12nqa_27,394
ptn2pgc5fk6kl4l12nqa_34,394
ptn2pgc5fk6kl4l12nqa_42,394
ptn2pgc5fk6kl4l12nqa_46,519
ptn2pgc5fk6kl4l12nqa_49,394
ptn2pgc5fk6kl4l12nqa_54,519
ptn2pgc5fk6kl4l12nqa_62,519
6sh6p7hugj27fm4yj92j_8,578
6sh6p7hugj27fm4yj92j_9,578
6sh6p7hugj27fm4yj92j_24,578
6sh6p7hugj27fm4yj92j_29,34
6sh6p7hugj27fm4yj92j_31,392
6sh6p7hugj27fm4yj92j_32,165
6sh6p7hugj27fm4yj92j_38,34
6sh6p7hugj27fm4yj92j_40,165
6sh6p7hugj27fm4yj92j_44,578
6sh6p7hugj27fm4yj92j_61,384
so7k3fsp7rzewvrrpijy_5,519
so7k3fsp7rzewvrrpijy_16,342
so7k3fsp7rzewvrrpijy_19,362
so7k3fsp7rzewvrrpijy_20,519
so7k3fsp7rzewvrrpijy_25,578
so7k3fsp7rzewvrrpijy_27,519
so7k3fsp7rzewvrrpijy_30,362
so7k3fsp7rzewvrrpijy_32,766
so7k3fsp7rzewvrrpijy_33,766
so7k3fsp7rzewvrrpijy_41,766
so7k3fsp7rzewvrrpijy_43,519
so7k3fsp7rzewvrrpijy_45,519
so7k3fsp7rzewvrrpijy_47,620
so7k3fsp7rzewvrrpijy_49,394
so7k3fsp7rzewvrrpijy_50,519
so7k3fsp7rzewvrrpijy_51,519
so7k3fsp7rzewvrrpijy_52,519
so7k3fsp7rzewvrrpijy_56,402
so7k3fsp7rzewvrrpijy_57,874
ey8gjt0vn0eegyz5m3v5_0,135
ey8gjt0vn0eegyz5m3v5_1,781
ey8gjt0vn0eegyz5m3v5_2,956
ey8gjt0vn0eegyz5m3v5_13,687
ey8gjt0vn0eegyz5m3v5_15,956
ey8gjt0vn0eegyz5m3v5_18,607
ey8gjt0vn0eegyz5m3v5_21,491
ey8gjt0vn0eegyz5m3v5_23,294
ey8gjt0vn0eegyz5m3v5_28,135
ey8gjt0vn0eegyz5m3v5_35,279
ey8gjt0vn0eegyz5m3v5_37,135
ey8gjt0vn0eegyz5m3v5_38,135
ey8gjt0vn0eegyz5m3v5_40,279
ey8gjt0vn0eegyz5m3v5_46,135
ey8gjt0vn0eegyz5m3v5_48,279
ey8gjt0vn0eegyz5m3v5_52,607
ey8gjt0vn0eegyz5m3v5_54,135
ey8gjt0vn0eegyz5m3v5_55,135
ey8gjt0vn0eegyz5m3v5_61,135
ey8gjt0vn0eegyz5m3v5_63,440
9hfph17q589f047cjg5u_8,279
9hfph17q589f047cjg5u_16,279
9hfph17q589f047cjg5u_22,279
9hfph17q589f047cjg5u_26,279
9hfph17q589f047cjg5u_28,279
9hfph17q589f047cjg5u_29,279
9hfph17q589f047cjg5u_34,279
9hfph17q589f047cjg5u_40,279
9hfph17q589f047cjg5u_42,279
9hfph17q589f047cjg5u_46,933
9hfph17q589f047cjg5u_51,39
9hfph17q589f047cjg5u_55,943
9hfph17q589f047cjg5u_56,135
9hfph17q589f047cjg5u_60,279
9hfph17q589f047cjg5u_61,135
i5injolm3m5ls0ctisqr_0,956
i5injolm3m5ls0ctisqr_5,741
i5injolm3m5ls0ctisqr_9,726
i5injolm3m5ls0ctisqr_15,135
i5injolm3m5ls0ctisqr_17,950
i5injolm3m5ls0ctisqr_26,491
i5injolm3m5ls0ctisqr_34,781
i5injolm3m5ls0ctisqr_43,943
bhwpmou543jpp6ffff05_17,279
bhwpmou543jpp6ffff05_28,394
bhwpmou543jpp6ffff05_33,933
bhwpmou543jpp6ffff05_36,430
bhwpmou543jpp6ffff05_45,719
bhwpmou543jpp6ffff05_46,620
bhwpmou543jpp6ffff05_54,230
bhwpmou543jpp6ffff05_61,402
uug8jk5t93g9j6zfxaca_0,816
uug8jk5t93g9j6zfxaca_4,135
uug8jk5t93g9j6zfxaca_8,943
uug8jk5t93g9j6zfxaca_12,279
uug8jk5t93g9j6zfxaca_14,135
uug8jk5t93g9j6zfxaca_16,279
uug8jk5t93g9j6zfxaca_28,135
uug8jk5t93g9j6zfxaca_35,816
uug8jk5t93g9j6zfxaca_43,279
uug8jk5t93g9j6zfxaca_44,279
uug8jk5t93g9j6zfxaca_47,440
uug8jk5t93g9j6zfxaca_55,950
w5j274cf4xa4gm47yhoq_2,279
w5j274cf4xa4gm47yhoq_3,279
w5j274cf4xa4gm47yhoq_6,943
w5j274cf4xa4gm47yhoq_9,39
w5j274cf4xa4gm47yhoq_10,39
w5j274cf4xa4gm47yhoq_18,279
w5j274cf4xa4gm47yhoq_26,39
w5j274cf4xa4gm47yhoq_35,279
w5j274cf4xa4gm47yhoq_45,279
w5j274cf4xa4gm47yhoq_53,135
w5j274cf4xa4gm47yhoq_60,135
w5j274cf4xa4gm47yhoq_61,135
1xvsd28ubxmlvi3u0hkl_12,279
1xvsd28ubxmlvi3u0hkl_18,960
1xvsd28ubxmlvi3u0hkl_23,279
1xvsd28ubxmlvi3u0hkl_27,135
1xvsd28ubxmlvi3u0hkl_37,135
1xvsd28ubxmlvi3u0hkl_42,135
1xvsd28ubxmlvi3u0hkl_43,135
1xvsd28ubxmlvi3u0hkl_49,430
1xvsd28ubxmlvi3u0hkl_53,440
1xvsd28ubxmlvi3u0hkl_59,844
kmgjy1ncfz6nd76e4l3b_3,362
kmgjy1ncfz6nd76e4l3b_10,781
kmgjy1ncfz6nd76e4l3b_11,135
kmgjy1ncfz6nd76e4l3b_19,135
kmgjy1ncfz6nd76e4l3b_22,135
kmgjy1ncfz6nd76e4l3b_27,279
kmgjy1ncfz6nd76e4l3b_37,279
kmgjy1ncfz6nd76e4l3b_44,279
kmgjy1ncfz6nd76e4l3b_45,279
kmgjy1ncfz6nd76e4l3b_46,279
kmgjy1ncfz6nd76e4l3b_59,279
09xbslmpdtfjtfw0ta51_0,279
09xbslmpdtfjtfw0ta51_1,279
09xbslmpdtfjtfw0ta51_2,279
09xbslmpdtfjtfw0ta51_8,279
09xbslmpdtfjtfw0ta51_9,279
09xbslmpdtfjtfw0ta51_10,279
09xbslmpdtfjtfw0ta51_19,279
09xbslmpdtfjtfw0ta51_32,135
09xbslmpdtfjtfw0ta51_33,135
09xbslmpdtfjtfw0ta51_40,135
09xbslmpdtfjtfw0ta51_42,279
09xbslmpdtfjtfw0ta51_43,135
09xbslmpdtfjtfw0ta51_51,381
bdnxl7tbeb3xd7o41yz5_2,279
bdnxl7tbeb3xd7o41yz5_3,933
bdnxl7tbeb3xd7o41yz5_9,279
bdnxl7tbeb3xd7o41yz5_10,279
bdnxl7tbeb3xd7o41yz5_11,279
bdnxl7tbeb3xd7o41yz5_12,482
bdnxl7tbeb3xd7o41yz5_16,135
bdnxl7tbeb3xd7o41yz5_17,135
bdnxl7tbeb3xd7o41yz5_19,279
bdnxl7tbeb3xd7o41yz5_24,135
bdnxl7tbeb3xd7o41yz5_34,135
bdnxl7tbeb3xd7o41yz5_38,440
bdnxl7tbeb3xd7o41yz5_41,135
bdnxl7tbeb3xd7o41yz5_45,135
a3w0hgr82x6a15hb3thw_1,279
a3w0hgr82x6a15hb3thw_6,933
a3w0hgr82x6a15hb3thw_18,960
a3w0hgr82x6a15hb3thw_20,279
a3w0hgr82x6a15hb3thw_21,135
a3w0hgr82x6a15hb3thw_22,279
a3w0hgr82x6a15hb3thw_24,135
a3w0hgr82x6a15hb3thw_26,279
a3w0hgr82x6a15hb3thw_31,135
a3w0hgr82x6a15hb3thw_35,135
a3w0hgr82x6a15hb3thw_46,135
a3w0hgr82x6a15hb3thw_47,135
a3w0hgr82x6a15hb3thw_52,394
a3w0hgr82x6a15hb3thw_55,135
a3w0hgr82x6a15hb3thw_61,844
2q421ltzizz1bjh0m3y3_5,373
2q421ltzizz1bjh0m3y3_7,956
2q421ltzizz1bjh0m3y3_13,781
2q421ltzizz1bjh0m3y3_21,135
2q421ltzizz1bjh0m3y3_25,440
2q421ltzizz1bjh0m3y3_26,135
2q421ltzizz1bjh0m3y3_27,279
2q421ltzizz1bjh0m3y3_32,165
2q421ltzizz1bjh0m3y3_33,440
2q421ltzizz1bjh0m3y3_35,135
2q421ltzizz1bjh0m3y3_41,781
2q421ltzizz1bjh0m3y3_42,279
2q421ltzizz1bjh0m3y3_43,279
2q421ltzizz1bjh0m3y3_46,279
2q421ltzizz1bjh0m3y3_49,135
2q421ltzizz1bjh0m3y3_51,279
2q421ltzizz1bjh0m3y3_53,607
2q421ltzizz1bjh0m3y3_56,440
n6cvcu2ehx092gdrdder_6,607
n6cvcu2ehx092gdrdder_7,147
n6cvcu2ehx092gdrdder_12,147
n6cvcu2ehx092gdrdder_15,607
n6cvcu2ehx092gdrdder_20,39
n6cvcu2ehx092gdrdder_21,147
n6cvcu2ehx092gdrdder_27,147
n6cvcu2ehx092gdrdder_30,147
n6cvcu2ehx092gdrdder_34,147
n6cvcu2ehx092gdrdder_36,607
n6cvcu2ehx092gdrdder_40,462
n6cvcu2ehx092gdrdder_44,462
n6cvcu2ehx092gdrdder_49,294
n6cvcu2ehx092gdrdder_51,514
n6cvcu2ehx092gdrdder_52,373
n6cvcu2ehx092gdrdder_53,381
n6cvcu2ehx092gdrdder_57,402
n6cvcu2ehx092gdrdder_59,944
o9u143b7n7ixk3no52sh_3,279
o9u143b7n7ixk3no52sh_4,279
o9u143b7n7ixk3no52sh_10,279
o9u143b7n7ixk3no52sh_11,279
o9u143b7n7ixk3no52sh_12,875
o9u143b7n7ixk3no52sh_13,875
o9u143b7n7ixk3no52sh_17,279
o9u143b7n7ixk3no52sh_20,875
o9u143b7n7ixk3no52sh_21,607
o9u143b7n7ixk3no52sh_28,279
o9u143b7n7ixk3no52sh_29,279
o9u143b7n7ixk3no52sh_31,239
o9u143b7n7ixk3no52sh_37,279
o9u143b7n7ixk3no52sh_41,279
o9u143b7n7ixk3no52sh_45,513
o9u143b7n7ixk3no52sh_52,279
o9u143b7n7ixk3no52sh_53,135
o9u143b7n7ixk3no52sh_54,279
o9u143b7n7ixk3no52sh_61,39
o9u143b7n7ixk3no52sh_63,279
vn5xnosixcfq7n7ayn6d_0,135
vn5xnosixcfq7n7ayn6d_16,279
vn5xnosixcfq7n7ayn6d_24,279
vn5xnosixcfq7n7ayn6d_32,933
vn5xnosixcfq7n7ayn6d_34,279
vn5xnosixcfq7n7ayn6d_44,279
vn5xnosixcfq7n7ayn6d_50,279
vn5xnosixcfq7n7ayn6d_54,135
vn5xnosixcfq7n7ayn6d_61,135
vn5xnosixcfq7n7ayn6d_63,440
ahmz5nsmjw8dn35kr59f_0,300
ahmz5nsmjw8dn35kr59f_1,300
ahmz5nsmjw8dn35kr59f_4,279
ahmz5nsmjw8dn35kr59f_9,300
ahmz5nsmjw8dn35kr59f_17,239
ahmz5nsmjw8dn35kr59f_18,279
ahmz5nsmjw8dn35kr59f_24,430
ahmz5nsmjw8dn35kr59f_39,135
ahmz5nsmjw8dn35kr59f_43,430
ahmz5nsmjw8dn35kr59f_44,430
ahmz5nsmjw8dn35kr59f_45,135
ahmz5nsmjw8dn35kr59f_46,135
ahmz5nsmjw8dn35kr59f_52,637
ahmz5nsmjw8dn35kr59f_53,440
ahmz5nsmjw8dn35kr59f_61,430
f0l4wxckr3bdgtjgyoof_1,1008
f0l4wxckr3bdgtjgyoof_3,477
f0l4wxckr3bdgtjgyoof_5,956
f0l4wxckr3bdgtjgyoof_17,477
f0l4wxckr3bdgtjgyoof_19,1008
f0l4wxckr3bdgtjgyoof_23,491
f0l4wxckr3bdgtjgyoof_28,1008
f0l4wxckr3bdgtjgyoof_29,1008
f0l4wxckr3bdgtjgyoof_34,477
f0l4wxckr3bdgtjgyoof_38,1008
f0l4wxckr3bdgtjgyoof_42,677
f0l4wxckr3bdgtjgyoof_45,1008
f0l4wxckr3bdgtjgyoof_52,477
f0l4wxckr3bdgtjgyoof_53,1008
f0l4wxckr3bdgtjgyoof_60,477
f0l4wxckr3bdgtjgyoof_63,1008
5tf4j0uzo1h144zen21v_12,135
5tf4j0uzo1h144zen21v_25,22
5tf4j0uzo1h144zen21v_26,362
5tf4j0uzo1h144zen21v_29,279
5tf4j0uzo1h144zen21v_37,279
5tf4j0uzo1h144zen21v_38,279
5tf4j0uzo1h144zen21v_43,135
5tf4j0uzo1h144zen21v_51,135
5tf4j0uzo1h144zen21v_54,279
5tf4j0uzo1h144zen21v_58,90
5tf4j0uzo1h144zen21v_60,135
5tf4j0uzo1h144zen21v_62,279
5tf4j0uzo1h144zen21v_63,513
ewl3j2nu4jg31ws50tqf_1,781
ewl3j2nu4jg31ws50tqf_3,614
ewl3j2nu4jg31ws50tqf_7,943
ewl3j2nu4jg31ws50tqf_8,491
ewl3j2nu4jg31ws50tqf_9,1006
ewl3j2nu4jg31ws50tqf_11,614
ewl3j2nu4jg31ws50tqf_19,300
ewl3j2nu4jg31ws50tqf_22,279
ewl3j2nu4jg31ws50tqf_25,440
ewl3j2nu4jg31ws50tqf_29,279
ewl3j2nu4jg31ws50tqf_36,430
ewl3j2nu4jg31ws50tqf_37,135
ewl3j2nu4jg31ws50tqf_39,279
ewl3j2nu4jg31ws50tqf_54,944
ewl3j2nu4jg31ws50tqf_55,430
ewl3j2nu4jg31ws50tqf_63,402
jo28jjgf1liv998kf10c_1,279
jo28jjgf1liv998kf10c_6,607
jo28jjgf1liv998kf10c_18,279
jo28jjgf1liv998kf10c_25,135
jo28jjgf1liv998kf10c_27,279
jo28jjgf1liv998kf10c_32,135
jo28jjgf1liv998kf10c_46,135
jo28jjgf1liv998kf10c_53,135
10cem2kokhpq5mntvxco_2,279
10cem2kokhpq5mntvxco_3,279
10cem2kokhpq5mntvxco_12,279
10cem2kokhpq5mntvxco_16,135
10cem2kokhpq5mntvxco_32,135
10cem2kokhpq5mntvxco_37,135
10cem2kokhpq5mntvxco_38,933
10cem2kokhpq5mntvxco_50,430
kpaioo152kg1v3ewb6xz_3,279
kpaioo152kg1v3ewb6xz_4,816
kpaioo152kg1v3ewb6xz_10,279
kpaioo152kg1v3ewb6xz_13,279
kpaioo152kg1v3ewb6xz_22,279
kpaioo152kg1v3ewb6xz_30,279
kpaioo152kg1v3ewb6xz_34,135
kpaioo152kg1v3ewb6xz_42,279
kpaioo152kg1v3ewb6xz_43,279
kpaioo152kg1v3ewb6xz_45,135
kpaioo152kg1v3ewb6xz_47,135
kpaioo152kg1v3ewb6xz_49,381
kpaioo152kg1v3ewb6xz_52,135
kpaioo152kg1v3ewb6xz_57,75
kpaioo152kg1v3ewb6xz_58,201
rbkaxf3wddwd11qwe5wx_3,687
rbkaxf3wddwd11qwe5wx_14,620
rbkaxf3wddwd11qwe5wx_18,362
rbkaxf3wddwd11qwe5wx_23,620
rbkaxf3wddwd11qwe5wx_24,781
rbkaxf3wddwd11qwe5wx_25,781
rbkaxf3wddwd11qwe5wx_27,325
rbkaxf3wddwd11qwe5wx_36,491
rbkaxf3wddwd11qwe5wx_45,135
rbkaxf3wddwd11qwe5wx_46,781
rbkaxf3wddwd11qwe5wx_49,300
rbkaxf3wddwd11qwe5wx_50,279
rbkaxf3wddwd11qwe5wx_51,279
rbkaxf3wddwd11qwe5wx_52,279
rbkaxf3wddwd11qwe5wx_57,300
rbkaxf3wddwd11qwe5wx_59,933
rbkaxf3wddwd11qwe5wx_60,279
tjqtgmeqwgradyk953po_2,279
tjqtgmeqwgradyk953po_5,933
tjqtgmeqwgradyk953po_8,933
tjqtgmeqwgradyk953po_10,607
tjqtgmeqwgradyk953po_11,135
tjqtgmeqwgradyk953po_12,135
tjqtgmeqwgradyk953po_13,135
tjqtgmeqwgradyk953po_14,482
tjqtgmeqwgradyk953po_16,933
tjqtgmeqwgradyk953po_17,279
tjqtgmeqwgradyk953po_21,876
tjqtgmeqwgradyk953po_24,135
tjqtgmeqwgradyk953po_37,719
tjqtgmeqwgradyk953po_43,135
tjqtgmeqwgradyk953po_45,519
tjqtgmeqwgradyk953po_48,135
tjqtgmeqwgradyk953po_49,135
tjqtgmeqwgradyk953po_50,135
tjqtgmeqwgradyk953po_57,381
tj62we6r6c01dgyh3qsn_6,135
tj62we6r6c01dgyh3qsn_12,279
tj62we6r6c01dgyh3qsn_14,135
tj62we6r6c01dgyh3qsn_18,513
tj62we6r6c01dgyh3qsn_19,513
tj62we6r6c01dgyh3qsn_23,135
tj62we6r6c01dgyh3qsn_27,135
tj62we6r6c01dgyh3qsn_28,135
tj62we6r6c01dgyh3qsn_31,135
tj62we6r6c01dgyh3qsn_35,816
tj62we6r6c01dgyh3qsn_38,135
tj62we6r6c01dgyh3qsn_43,279
tj62we6r6c01dgyh3qsn_45,279
tj62we6r6c01dgyh3qsn_52,39
tj62we6r6c01dgyh3qsn_61,279
ht38rtcrr9h200w10eut_2,135
ht38rtcrr9h200w10eut_8,960
ht38rtcrr9h200w10eut_10,135
ht38rtcrr9h200w10eut_12,135
ht38rtcrr9h200w10eut_28,279
ht38rtcrr9h200w10eut_29,607
ht38rtcrr9h200w10eut_40,943
ht38rtcrr9h200w10eut_42,960
ht38rtcrr9h200w10eut_45,135
ht38rtcrr9h200w10eut_48,279
ht38rtcrr9h200w10eut_49,279
ht38rtcrr9h200w10eut_52,637
ht38rtcrr9h200w10eut_61,201
ht38rtcrr9h200w10eut_62,75
5kn6347vv60nsem9iuxv_7,960
5kn6347vv60nsem9iuxv_10,741
5kn6347vv60nsem9iuxv_12,960
5kn6347vv60nsem9iuxv_15,960
5kn6347vv60nsem9iuxv_18,960
5kn6347vv60nsem9iuxv_20,960
5kn6347vv60nsem9iuxv_26,960
5kn6347vv60nsem9iuxv_29,960
5kn6347vv60nsem9iuxv_30,960
5kn6347vv60nsem9iuxv_31,960
5kn6347vv60nsem9iuxv_38,960
5kn6347vv60nsem9iuxv_45,543
5kn6347vv60nsem9iuxv_46,960
5kn6347vv60nsem9iuxv_51,960
5kn6347vv60nsem9iuxv_52,960
5kn6347vv60nsem9iuxv_54,543
5kn6347vv60nsem9iuxv_55,960
5kn6347vv60nsem9iuxv_60,999
5kn6347vv60nsem9iuxv_61,960
gfj3hwwesov7wntndzt7_2,279
gfj3hwwesov7wntndzt7_9,279
gfj3hwwesov7wntndzt7_20,607
gfj3hwwesov7wntndzt7_22,607
gfj3hwwesov7wntndzt7_47,279
gfj3hwwesov7wntndzt7_50,394
gfj3hwwesov7wntndzt7_55,381
gfj3hwwesov7wntndzt7_60,944
gfj3hwwesov7wntndzt7_62,430
8x6h6f5aavri9mjgcqcr_13,135
8x6h6f5aavri9mjgcqcr_14,135
8x6h6f5aavri9mjgcqcr_23,607
8x6h6f5aavri9mjgcqcr_37,933
8x6h6f5aavri9mjgcqcr_45,933
8x6h6f5aavri9mjgcqcr_47,279
8x6h6f5aavri9mjgcqcr_48,960
8x6h6f5aavri9mjgcqcr_49,279
8x6h6f5aavri9mjgcqcr_50,279
8x6h6f5aavri9mjgcqcr_53,279
4dfwe10a22muyn2z5cpt_14,491
4dfwe10a22muyn2z5cpt_17,325
4dfwe10a22muyn2z5cpt_20,135
4dfwe10a22muyn2z5cpt_32,165
4dfwe10a22muyn2z5cpt_35,135
4dfwe10a22muyn2z5cpt_36,279
4dfwe10a22muyn2z5cpt_41,781
4dfwe10a22muyn2z5cpt_46,279
4dfwe10a22muyn2z5cpt_53,607
8015izvprf9az8wjahco_2,956
8015izvprf9az8wjahco_10,781
8015izvprf9az8wjahco_18,781
8015izvprf9az8wjahco_20,135
8015izvprf9az8wjahco_22,135
8015izvprf9az8wjahco_30,135
8015izvprf9az8wjahco_37,279
8015izvprf9az8wjahco_41,781
8015izvprf9az8wjahco_43,279
8015izvprf9az8wjahco_45,279
8015izvprf9az8wjahco_53,607
co0vaazxvndrnxk5m07b_2,687
co0vaazxvndrnxk5m07b_6,879
co0vaazxvndrnxk5m07b_10,317
co0vaazxvndrnxk5m07b_11,75
co0vaazxvndrnxk5m07b_12,943
co0vaazxvndrnxk5m07b_13,102
co0vaazxvndrnxk5m07b_19,491
co0vaazxvndrnxk5m07b_23,278
co0vaazxvndrnxk5m07b_26,491
co0vaazxvndrnxk5m07b_27,1006
co0vaazxvndrnxk5m07b_36,337
co0vaazxvndrnxk5m07b_37,300
co0vaazxvndrnxk5m07b_42,1006
co0vaazxvndrnxk5m07b_47,513
co0vaazxvndrnxk5m07b_50,381
co0vaazxvndrnxk5m07b_52,791
co0vaazxvndrnxk5m07b_55,933
co0vaazxvndrnxk5m07b_58,90
co0vaazxvndrnxk5m07b_59,381
co0vaazxvndrnxk5m07b_61,876
huhu5ru9tv5ti9knwmr7_1,933
huhu5ru9tv5ti9knwmr7_6,135
huhu5ru9tv5ti9knwmr7_9,933
huhu5ru9tv5ti9knwmr7_14,482
huhu5ru9tv5ti9knwmr7_18,933
huhu5ru9tv5ti9knwmr7_19,135
huhu5ru9tv5ti9knwmr7_24,135
huhu5ru9tv5ti9knwmr7_31,526
huhu5ru9tv5ti9knwmr7_36,440
huhu5ru9tv5ti9knwmr7_37,719
huhu5ru9tv5ti9knwmr7_39,526
huhu5ru9tv5ti9knwmr7_46,620
huhu5ru9tv5ti9knwmr7_47,627
huhu5ru9tv5ti9knwmr7_55,627
vg4whnzkp4f4fgq50jp9_3,687
vg4whnzkp4f4fgq50jp9_8,781
vg4whnzkp4f4fgq50jp9_10,18
vg4whnzkp4f4fgq50jp9_11,362
vg4whnzkp4f4fgq50jp9_21,491
vg4whnzkp4f4fgq50jp9_25,34
vg4whnzkp4f4fgq50jp9_27,491
vg4whnzkp4f4fgq50jp9_28,491
vg4whnzkp4f4fgq50jp9_29,781
vg4whnzkp4f4fgq50jp9_41,34
vg4whnzkp4f4fgq50jp9_44,34
vg4whnzkp4f4fgq50jp9_46,882
vg4whnzkp4f4fgq50jp9_48,430
vg4whnzkp4f4fgq50jp9_49,876
vg4whnzkp4f4fgq50jp9_50,578
vg4whnzkp4f4fgq50jp9_51,161
vg4whnzkp4f4fgq50jp9_52,161
vg4whnzkp4f4fgq50jp9_55,977
vg4whnzkp4f4fgq50jp9_57,201
vg4whnzkp4f4fgq50jp9_60,882
k2yoqe6vjhph0vnymffx_1,75
k2yoqe6vjhph0vnymffx_8,874
k2yoqe6vjhph0vnymffx_12,362
k2yoqe6vjhph0vnymffx_28,362
k2yoqe6vjhph0vnymffx_31,1005
k2yoqe6vjhph0vnymffx_35,362
k2yoqe6vjhph0vnymffx_38,1005
k2yoqe6vjhph0vnymffx_39,578
k2yoqe6vjhph0vnymffx_42,519
k2yoqe6vjhph0vnymffx_46,1005
k2yoqe6vjhph0vnymffx_53,394
tvv6jyopkk65o4peb2r7_0,956
tvv6jyopkk65o4peb2r7_13,34
tvv6jyopkk65o4peb2r7_14,362
tvv6jyopkk65o4peb2r7_24,578
tvv6jyopkk65o4peb2r7_25,34
tvv6jyopkk65o4peb2r7_26,384
tvv6jyopkk65o4peb2r7_27,59
tvv6jyopkk65o4peb2r7_28,384
tvv6jyopkk65o4peb2r7_29,977
tvv6jyopkk65o4peb2r7_30,882
tvv6jyopkk65o4peb2r7_33,34
tvv6jyopkk65o4peb2r7_35,762
tvv6jyopkk65o4peb2r7_36,106
tvv6jyopkk65o4peb2r7_38,648
tvv6jyopkk65o4peb2r7_39,394
tvv6jyopkk65o4peb2r7_42,34
tvv6jyopkk65o4peb2r7_50,578
tvv6jyopkk65o4peb2r7_53,394
91cnomofe0glzmnje4tx_0,956
91cnomofe0glzmnje4tx_1,956
91cnomofe0glzmnje4tx_3,687
91cnomofe0glzmnje4tx_6,741
91cnomofe0glzmnje4tx_11,929
91cnomofe0glzmnje4tx_12,362
91cnomofe0glzmnje4tx_14,106
91cnomofe0glzmnje4tx_15,876
91cnomofe0glzmnje4tx_16,956
91cnomofe0glzmnje4tx_21,325
91cnomofe0glzmnje4tx_24,874
91cnomofe0glzmnje4tx_25,874
91cnomofe0glzmnje4tx_26,362
91cnomofe0glzmnje4tx_29,519
91cnomofe0glzmnje4tx_33,874
91cnomofe0glzmnje4tx_35,325
91cnomofe0glzmnje4tx_36,944
91cnomofe0glzmnje4tx_41,874
91cnomofe0glzmnje4tx_50,804
91cnomofe0glzmnje4tx_58,201
e7jdy221egqf6xxukme4_1,687
e7jdy221egqf6xxukme4_7,956
e7jdy221egqf6xxukme4_9,362
e7jdy221egqf6xxukme4_12,578
e7jdy221egqf6xxukme4_19,762
e7jdy221egqf6xxukme4_21,392
e7jdy221egqf6xxukme4_26,384
e7jdy221egqf6xxukme4_28,384
e7jdy221egqf6xxukme4_35,762
e7jdy221egqf6xxukme4_45,844
e7jdy221egqf6xxukme4_46,394
e7jdy221egqf6xxukme4_47,620
e7jdy221egqf6xxukme4_53,394
e7jdy221egqf6xxukme4_55,844
e7jdy221egqf6xxukme4_58,90
e7jdy221egqf6xxukme4_60,342
e7jdy221egqf6xxukme4_62,844
e7jdy221egqf6xxukme4_63,944
7ylnzgqigkhqpl9djwyw_0,18
7ylnzgqigkhqpl9djwyw_1,687
7ylnzgqigkhqpl9djwyw_8,165
7ylnzgqigkhqpl9djwyw_25,491
7ylnzgqigkhqpl9djwyw_26,317
7ylnzgqigkhqpl9djwyw_30,804
7ylnzgqigkhqpl9djwyw_31,620
7ylnzgqigkhqpl9djwyw_35,317
7ylnzgqigkhqpl9djwyw_36,394
7ylnzgqigkhqpl9djwyw_38,611
7ylnzgqigkhqpl9djwyw_39,620
7ylnzgqigkhqpl9djwyw_42,515
7ylnzgqigkhqpl9djwyw_43,704
7ylnzgqigkhqpl9djwyw_47,620
7ylnzgqigkhqpl9djwyw_48,515
7ylnzgqigkhqpl9djwyw_49,482
7ylnzgqigkhqpl9djwyw_50,515
7ylnzgqigkhqpl9djwyw_51,515
7ylnzgqigkhqpl9djwyw_52,515
7ylnzgqigkhqpl9djwyw_60,933
k4rc6769geujv7fk6p2n_4,279
k4rc6769geujv7fk6p2n_7,279
k4rc6769geujv7fk6p2n_10,39
k4rc6769geujv7fk6p2n_19,39
k4rc6769geujv7fk6p2n_29,39
k4rc6769geujv7fk6p2n_33,135
k4rc6769geujv7fk6p2n_59,381
k4rc6769geujv7fk6p2n_60,135
7g3fvm18cn96mxxos74r_1,1006
7g3fvm18cn96mxxos74r_6,440
7g3fvm18cn96mxxos74r_8,440
7g3fvm18cn96mxxos74r_14,781
7g3fvm18cn96mxxos74r_17,1006
7g3fvm18cn96mxxos74r_18,933
7g3fvm18cn96mxxos74r_23,493
7g3fvm18cn96mxxos74r_26,933
7g3fvm18cn96mxxos74r_29,337
7g3fvm18cn96mxxos74r_31,493
7g3fvm18cn96mxxos74r_32,279
7g3fvm18cn96mxxos74r_34,135
7g3fvm18cn96mxxos74r_37,482
7g3fvm18cn96mxxos74r_40,933
7g3fvm18cn96mxxos74r_41,933
md5hmi7rkjf346k7dmq4_0,933
md5hmi7rkjf346k7dmq4_1,279
md5hmi7rkjf346k7dmq4_9,135
md5hmi7rkjf346k7dmq4_11,135
md5hmi7rkjf346k7dmq4_20,430
md5hmi7rkjf346k7dmq4_29,719
md5hmi7rkjf346k7dmq4_34,135
md5hmi7rkjf346k7dmq4_38,620
md5hmi7rkjf346k7dmq4_42,135
md5hmi7rkjf346k7dmq4_43,440
md5hmi7rkjf346k7dmq4_45,719
md5hmi7rkjf346k7dmq4_46,620
md5hmi7rkjf346k7dmq4_48,279
md5hmi7rkjf346k7dmq4_49,279
md5hmi7rkjf346k7dmq4_51,135
md5hmi7rkjf346k7dmq4_52,18
md5hmi7rkjf346k7dmq4_56,135
g51j6f65nklollmijd8q_0,956
g51j6f65nklollmijd8q_1,687
g51j6f65nklollmijd8q_4,687
g51j6f65nklollmijd8q_7,956
g51j6f65nklollmijd8q_8,74
g51j6f65nklollmijd8q_11,325
g51j6f65nklollmijd8q_12,325
g51j6f65nklollmijd8q_17,325
g51j6f65nklollmijd8q_22,491
g51j6f65nklollmijd8q_24,165
g51j6f65nklollmijd8q_25,325
g51j6f65nklollmijd8q_41,278
g51j6f65nklollmijd8q_51,34
g51j6f65nklollmijd8q_57,34
g51j6f65nklollmijd8q_59,34
g51j6f65nklollmijd8q_63,384
aulzeuazecargxn00uej_13,578
aulzeuazecargxn00uej_19,342
aulzeuazecargxn00uej_21,161
aulzeuazecargxn00uej_24,874
aulzeuazecargxn00uej_25,22
aulzeuazecargxn00uej_26,22
aulzeuazecargxn00uej_27,394
aulzeuazecargxn00uej_28,977
aulzeuazecargxn00uej_31,34
aulzeuazecargxn00uej_32,165
aulzeuazecargxn00uej_35,325
aulzeuazecargxn00uej_51,317
aulzeuazecargxn00uej_59,394
aulzeuazecargxn00uej_60,35
0817d5iv7m0b1smi33sp_2,278
0817d5iv7m0b1smi33sp_3,440
0817d5iv7m0b1smi33sp_4,687
0817d5iv7m0b1smi33sp_5,74
0817d5iv7m0b1smi33sp_7,956
0817d5iv7m0b1smi33sp_8,578
0817d5iv7m0b1smi33sp_12,278
0817d5iv7m0b1smi33sp_14,325
0817d5iv7m0b1smi33sp_17,34
0817d5iv7m0b1smi33sp_18,34
0817d5iv7m0b1smi33sp_25,440
0817d5iv7m0b1smi33sp_27,34
0817d5iv7m0b1smi33sp_36,34
0817d5iv7m0b1smi33sp_38,34
q28i54vibgnkpariy27k_6,882
q28i54vibgnkpariy27k_7,882
q28i54vibgnkpariy27k_14,882
q28i54vibgnkpariy27k_18,34
q28i54vibgnkpariy27k_19,34
q28i54vibgnkpariy27k_21,34
q28i54vibgnkpariy27k_22,882
q28i54vibgnkpariy27k_32,430
q28i54vibgnkpariy27k_36,394
q28i54vibgnkpariy27k_39,394
q28i54vibgnkpariy27k_40,165
q28i54vibgnkpariy27k_41,201
q28i54vibgnkpariy27k_53,342
q28i54vibgnkpariy27k_62,637
51rw055pper2g2a3u4ri_10,34
51rw055pper2g2a3u4ri_17,34
51rw055pper2g2a3u4ri_18,34
51rw055pper2g2a3u4ri_24,165
51rw055pper2g2a3u4ri_25,440
51rw055pper2g2a3u4ri_26,34
51rw055pper2g2a3u4ri_29,34
51rw055pper2g2a3u4ri_34,381
51rw055pper2g2a3u4ri_35,438
51rw055pper2g2a3u4ri_43,394
51rw055pper2g2a3u4ri_45,578
51rw055pper2g2a3u4ri_46,578
51rw055pper2g2a3u4ri_52,201
51rw055pper2g2a3u4ri_53,394
51rw055pper2g2a3u4ri_54,430
51rw055pper2g2a3u4ri_61,844
51rw055pper2g2a3u4ri_62,430
c3kwfhubelexixex4m7m_0,956
c3kwfhubelexixex4m7m_1,74
c3kwfhubelexixex4m7m_4,687
c3kwfhubelexixex4m7m_5,687
c3kwfhubelexixex4m7m_6,687
c3kwfhubelexixex4m7m_9,362
c3kwfhubelexixex4m7m_13,325
c3kwfhubelexixex4m7m_15,294
c3kwfhubelexixex4m7m_16,491
c3kwfhubelexixex4m7m_17,325
c3kwfhubelexixex4m7m_40,279
c3kwfhubelexixex4m7m_42,135
c3kwfhubelexixex4m7m_48,279
c3kwfhubelexixex4m7m_49,279
c3kwfhubelexixex4m7m_51,279
c3kwfhubelexixex4m7m_53,135
piu5683qihhcz2yh96rg_3,384
piu5683qihhcz2yh96rg_4,578
piu5683qihhcz2yh96rg_5,338
piu5683qihhcz2yh96rg_6,882
piu5683qihhcz2yh96rg_7,882
piu5683qihhcz2yh96rg_11,34
piu5683qihhcz2yh96rg_13,392
piu5683qihhcz2yh96rg_16,34
piu5683qihhcz2yh96rg_24,342
piu5683qihhcz2yh96rg_25,342
piu5683qihhcz2yh96rg_32,430
piu5683qihhcz2yh96rg_34,342
piu5683qihhcz2yh96rg_35,384
piu5683qihhcz2yh96rg_38,342
piu5683qihhcz2yh96rg_39,394
piu5683qihhcz2yh96rg_43,384
piu5683qihhcz2yh96rg_44,384
piu5683qihhcz2yh96rg_45,637
piu5683qihhcz2yh96rg_46,637
piu5683qihhcz2yh96rg_52,384
z965hgkfxzhgi8ztc55w_7,956
z965hgkfxzhgi8ztc55w_16,874
z965hgkfxzhgi8ztc55w_17,874
z965hgkfxzhgi8ztc55w_18,362
z965hgkfxzhgi8ztc55w_19,317
z965hgkfxzhgi8ztc55w_20,851
z965hgkfxzhgi8ztc55w_23,362
z965hgkfxzhgi8ztc55w_24,874
z965hgkfxzhgi8ztc55w_25,362
z965hgkfxzhgi8ztc55w_26,342
z965hgkfxzhgi8ztc55w_28,338
z965hgkfxzhgi8ztc55w_31,620
z965hgkfxzhgi8ztc55w_48,874
z965hgkfxzhgi8ztc55w_50,161
z965hgkfxzhgi8ztc55w_51,1005
z965hgkfxzhgi8ztc55w_53,844
z965hgkfxzhgi8ztc55w_57,394
z965hgkfxzhgi8ztc55w_58,1005
z965hgkfxzhgi8ztc55w_60,394
z965hgkfxzhgi8ztc55w_61,637
ipdip6atxhaptmtl9rxc_35,342
ipdip6atxhaptmtl9rxc_36,384
ipdip6atxhaptmtl9rxc_37,384
ipdip6atxhaptmtl9rxc_38,851
ipdip6atxhaptmtl9rxc_39,851
ipdip6atxhaptmtl9rxc_40,34
ipdip6atxhaptmtl9rxc_41,278
ipdip6atxhaptmtl9rxc_43,384
ipdip6atxhaptmtl9rxc_45,977
ipdip6atxhaptmtl9rxc_47,882
ipdip6atxhaptmtl9rxc_48,34
ipdip6atxhaptmtl9rxc_52,933
ipdip6atxhaptmtl9rxc_53,392
ipdip6atxhaptmtl9rxc_56,578
ipdip6atxhaptmtl9rxc_57,34
ipdip6atxhaptmtl9rxc_58,34
ipdip6atxhaptmtl9rxc_59,34
ipdip6atxhaptmtl9rxc_60,34
kdskzb4qb1z9ftkxkzsd_0,364
kdskzb4qb1z9ftkxkzsd_1,392
kdskzb4qb1z9ftkxkzsd_2,34
kdskzb4qb1z9ftkxkzsd_3,34
kdskzb4qb1z9ftkxkzsd_4,278
kdskzb4qb1z9ftkxkzsd_9,34
kdskzb4qb1z9ftkxkzsd_10,34
kdskzb4qb1z9ftkxkzsd_24,294
kdskzb4qb1z9ftkxkzsd_25,106
kdskzb4qb1z9ftkxkzsd_26,578
kdskzb4qb1z9ftkxkzsd_31,278
kdskzb4qb1z9ftkxkzsd_34,106
kdskzb4qb1z9ftkxkzsd_41,874
kdskzb4qb1z9ftkxkzsd_48,402
kdskzb4qb1z9ftkxkzsd_53,578
kdskzb4qb1z9ftkxkzsd_58,637
kdskzb4qb1z9ftkxkzsd_60,637
pbojrridbakl1brbsvqw_7,422
pbojrridbakl1brbsvqw_13,422
pbojrridbakl1brbsvqw_14,422
pbojrridbakl1brbsvqw_16,422
pbojrridbakl1brbsvqw_25,422
pbojrridbakl1brbsvqw_26,19
pbojrridbakl1brbsvqw_27,422
pbojrridbakl1brbsvqw_30,422
pbojrridbakl1brbsvqw_33,422
pbojrridbakl1brbsvqw_38,422
pbojrridbakl1brbsvqw_39,526
pbojrridbakl1brbsvqw_41,422
pbojrridbakl1brbsvqw_45,430
tkhvlh17rqs89pkemog8_28,726
tkhvlh17rqs89pkemog8_29,781
tkhvlh17rqs89pkemog8_33,317
tkhvlh17rqs89pkemog8_34,726
tkhvlh17rqs89pkemog8_35,121
tkhvlh17rqs89pkemog8_36,121
tkhvlh17rqs89pkemog8_37,121
tkhvlh17rqs89pkemog8_38,354
tkhvlh17rqs89pkemog8_39,440
tkhvlh17rqs89pkemog8_40,165
tkhvlh17rqs89pkemog8_44,121
tkhvlh17rqs89pkemog8_45,121
tkhvlh17rqs89pkemog8_51,121
tkhvlh17rqs89pkemog8_52,121
tkhvlh17rqs89pkemog8_55,121
tkhvlh17rqs89pkemog8_56,944
tkhvlh17rqs89pkemog8_59,121
tkhvlh17rqs89pkemog8_60,121
tkhvlh17rqs89pkemog8_61,121
tkhvlh17rqs89pkemog8_63,1006
ben48mmxd3xgyihvmqnp_0,294
ben48mmxd3xgyihvmqnp_17,34
ben48mmxd3xgyihvmqnp_18,294
ben48mmxd3xgyihvmqnp_19,362
ben48mmxd3xgyihvmqnp_24,34
ben48mmxd3xgyihvmqnp_25,34
ben48mmxd3xgyihvmqnp_26,278
ben48mmxd3xgyihvmqnp_28,491
ben48mmxd3xgyihvmqnp_32,578
ben48mmxd3xgyihvmqnp_35,34
ben48mmxd3xgyihvmqnp_36,34
ben48mmxd3xgyihvmqnp_42,34
ben48mmxd3xgyihvmqnp_46,882
ben48mmxd3xgyihvmqnp_52,161
gr4by8dibs9vmi1zpv37_5,440
gr4by8dibs9vmi1zpv37_6,741
gr4by8dibs9vmi1zpv37_7,109
gr4by8dibs9vmi1zpv37_13,362
gr4by8dibs9vmi1zpv37_14,106
gr4by8dibs9vmi1zpv37_15,876
gr4by8dibs9vmi1zpv37_22,362
gr4by8dibs9vmi1zpv37_23,844
gr4by8dibs9vmi1zpv37_29,519
gr4by8dibs9vmi1zpv37_30,844
gr4by8dibs9vmi1zpv37_31,844
gr4by8dibs9vmi1zpv37_37,844
gr4by8dibs9vmi1zpv37_38,844
gr4by8dibs9vmi1zpv37_39,620
gr4by8dibs9vmi1zpv37_46,844
gr4by8dibs9vmi1zpv37_47,844
gr4by8dibs9vmi1zpv37_54,944
woq9g2tucxn1997b3rap_0,294
woq9g2tucxn1997b3rap_1,687
woq9g2tucxn1997b3rap_2,687
woq9g2tucxn1997b3rap_3,687
woq9g2tucxn1997b3rap_4,687
woq9g2tucxn1997b3rap_5,362
woq9g2tucxn1997b3rap_9,325
woq9g2tucxn1997b3rap_10,325
woq9g2tucxn1997b3rap_11,362
woq9g2tucxn1997b3rap_12,491
woq9g2tucxn1997b3rap_15,781
woq9g2tucxn1997b3rap_18,766
woq9g2tucxn1997b3rap_21,34
woq9g2tucxn1997b3rap_31,34
woq9g2tucxn1997b3rap_32,294
woq9g2tucxn1997b3rap_56,402
ivcyd3tbgv4r02ju8etp_0,918
ivcyd3tbgv4r02ju8etp_1,359
ivcyd3tbgv4r02ju8etp_2,918
ivcyd3tbgv4r02ju8etp_5,56
ivcyd3tbgv4r02ju8etp_10,164
ivcyd3tbgv4r02ju8etp_11,672
ivcyd3tbgv4r02ju8etp_12,672
ivcyd3tbgv4r02ju8etp_29,672
ivcyd3tbgv4r02ju8etp_30,310
ivcyd3tbgv4r02ju8etp_31,721
ivcyd3tbgv4r02ju8etp_32,827
ivcyd3tbgv4r02ju8etp_41,827
ivcyd3tbgv4r02ju8etp_50,728
ivcyd3tbgv4r02ju8etp_52,1007
ivcyd3tbgv4r02ju8etp_53,495
ivcyd3tbgv4r02ju8etp_55,574
ivcyd3tbgv4r02ju8etp_56,149
ivcyd3tbgv4r02ju8etp_59,149
ivcyd3tbgv4r02ju8etp_61,826
8uyfybawcom88gkd8jkt_18,164
8uyfybawcom88gkd8jkt_24,964
8uyfybawcom88gkd8jkt_25,228
8uyfybawcom88gkd8jkt_32,827
8uyfybawcom88gkd8jkt_34,782
8uyfybawcom88gkd8jkt_35,953
8uyfybawcom88gkd8jkt_36,788
8uyfybawcom88gkd8jkt_42,827
8uyfybawcom88gkd8jkt_43,788
8uyfybawcom88gkd8jkt_46,798
8uyfybawcom88gkd8jkt_47,1017
8uyfybawcom88gkd8jkt_49,826
8uyfybawcom88gkd8jkt_51,77
8uyfybawcom88gkd8jkt_52,227
8uyfybawcom88gkd8jkt_53,798
8uyfybawcom88gkd8jkt_56,852
8uyfybawcom88gkd8jkt_57,63
8uyfybawcom88gkd8jkt_58,126
8uyfybawcom88gkd8jkt_60,947
jqtn3ra2m7zgxacbujth_33,275
jqtn3ra2m7zgxacbujth_41,275
jqtn3ra2m7zgxacbujth_43,827
jqtn3ra2m7zgxacbujth_44,855
jqtn3ra2m7zgxacbujth_52,711
jqtn3ra2m7zgxacbujth_53,711
jqtn3ra2m7zgxacbujth_59,126
jqtn3ra2m7zgxacbujth_61,711
jqtn3ra2m7zgxacbujth_63,873
u8j56edgsrxt515vt8pu_18,164
u8j56edgsrxt515vt8pu_35,953
u8j56edgsrxt515vt8pu_36,788
u8j56edgsrxt515vt8pu_46,798
u8j56edgsrxt515vt8pu_49,826
u8j56edgsrxt515vt8pu_50,826
u8j56edgsrxt515vt8pu_55,873
u8j56edgsrxt515vt8pu_59,570
u8j56edgsrxt515vt8pu_61,947
u8j56edgsrxt515vt8pu_62,947
9xw465ic7xrtt7a1qv84_3,252
9xw465ic7xrtt7a1qv84_4,244
9xw465ic7xrtt7a1qv84_6,503
9xw465ic7xrtt7a1qv84_7,244
9xw465ic7xrtt7a1qv84_24,129
9xw465ic7xrtt7a1qv84_32,401
9xw465ic7xrtt7a1qv84_33,564
9xw465ic7xrtt7a1qv84_45,275
9xw465ic7xrtt7a1qv84_48,917
9xw465ic7xrtt7a1qv84_49,788
9xw465ic7xrtt7a1qv84_51,275
9xw465ic7xrtt7a1qv84_52,758
9xw465ic7xrtt7a1qv84_54,711
9xw465ic7xrtt7a1qv84_56,763
9xw465ic7xrtt7a1qv84_57,339
9xw465ic7xrtt7a1qv84_58,588
9xw465ic7xrtt7a1qv84_60,758
9xw465ic7xrtt7a1qv84_61,836
3cenc7icn1pu2d3vueyi_12,580
3cenc7icn1pu2d3vueyi_15,880
3cenc7icn1pu2d3vueyi_19,786
3cenc7icn1pu2d3vueyi_22,786
3cenc7icn1pu2d3vueyi_30,506
3cenc7icn1pu2d3vueyi_35,507
3cenc7icn1pu2d3vueyi_38,683
3cenc7icn1pu2d3vueyi_41,860
3cenc7icn1pu2d3vueyi_42,749
3cenc7icn1pu2d3vueyi_47,228
3cenc7icn1pu2d3vueyi_49,932
3cenc7icn1pu2d3vueyi_55,546
3cenc7icn1pu2d3vueyi_61,698
3cenc7icn1pu2d3vueyi_62,698
3cenc7icn1pu2d3vueyi_63,698
djms569vtdgdmtf4csjo_28,877
djms569vtdgdmtf4csjo_35,84
djms569vtdgdmtf4csjo_39,150
djms569vtdgdmtf4csjo_41,749
djms569vtdgdmtf4csjo_43,507
djms569vtdgdmtf4csjo_44,84
djms569vtdgdmtf4csjo_47,84
djms569vtdgdmtf4csjo_51,698
djms569vtdgdmtf4csjo_54,546
djms569vtdgdmtf4csjo_55,546
djms569vtdgdmtf4csjo_56,763
djms569vtdgdmtf4csjo_57,418
djms569vtdgdmtf4csjo_58,536
djms569vtdgdmtf4csjo_60,698
drft9a5k1rdzv634nnsu_8,918
drft9a5k1rdzv634nnsu_37,788
drft9a5k1rdzv634nnsu_41,827
drft9a5k1rdzv634nnsu_50,826
drft9a5k1rdzv634nnsu_54,798
drft9a5k1rdzv634nnsu_55,212
drft9a5k1rdzv634nnsu_56,852
drft9a5k1rdzv634nnsu_57,826
drft9a5k1rdzv634nnsu_58,126
drft9a5k1rdzv634nnsu_59,126
euf7pdicexfn8qt18s6y_9,164
euf7pdicexfn8qt18s6y_16,1002
euf7pdicexfn8qt18s6y_17,247
euf7pdicexfn8qt18s6y_30,219
euf7pdicexfn8qt18s6y_38,964
euf7pdicexfn8qt18s6y_40,788
euf7pdicexfn8qt18s6y_42,953
euf7pdicexfn8qt18s6y_45,14
euf7pdicexfn8qt18s6y_50,14
euf7pdicexfn8qt18s6y_57,915
xacfd9w2qgzew6lyf9x2_6,389
xacfd9w2qgzew6lyf9x2_14,439
xacfd9w2qgzew6lyf9x2_19,672
xacfd9w2qgzew6lyf9x2_34,827
xacfd9w2qgzew6lyf9x2_36,827
xacfd9w2qgzew6lyf9x2_39,827
xacfd9w2qgzew6lyf9x2_41,367
xacfd9w2qgzew6lyf9x2_43,827
xacfd9w2qgzew6lyf9x2_44,403
xacfd9w2qgzew6lyf9x2_52,562
xacfd9w2qgzew6lyf9x2_53,289
xacfd9w2qgzew6lyf9x2_56,573
xacfd9w2qgzew6lyf9x2_58,723
xacfd9w2qgzew6lyf9x2_61,723
5kc7h5ylp4occnixr358_16,164
5kc7h5ylp4occnixr358_32,827
5kc7h5ylp4occnixr358_36,99
5kc7h5ylp4occnixr358_37,99
5kc7h5ylp4occnixr358_38,99
5kc7h5ylp4occnixr358_40,98
5kc7h5ylp4occnixr358_41,827
5kc7h5ylp4occnixr358_45,310
5kc7h5ylp4occnixr358_46,701
5kc7h5ylp4occnixr358_48,149
5kc7h5ylp4occnixr358_52,99
5kc7h5ylp4occnixr358_53,798
5kc7h5ylp4occnixr358_57,826
5kc7h5ylp4occnixr358_58,826
5kc7h5ylp4occnixr358_60,826
5kc7h5ylp4occnixr358_61,798
5kc7h5ylp4occnixr358_63,112
7j10ckgdivstm9js7fe7_5,918
7j10ckgdivstm9js7fe7_10,672
7j10ckgdivstm9js7fe7_13,439
7j10ckgdivstm9js7fe7_22,439
7j10ckgdivstm9js7fe7_31,827
7j10ckgdivstm9js7fe7_37,386
7j10ckgdivstm9js7fe7_39,398
7j10ckgdivstm9js7fe7_40,763
7j10ckgdivstm9js7fe7_41,367
7j10ckgdivstm9js7fe7_42,749
7j10ckgdivstm9js7fe7_46,504
7j10ckgdivstm9js7fe7_47,504
7j10ckgdivstm9js7fe7_50,367
7j10ckgdivstm9js7fe7_51,723
7j10ckgdivstm9js7fe7_52,723
7j10ckgdivstm9js7fe7_53,495
7j10ckgdivstm9js7fe7_60,723
7j10ckgdivstm9js7fe7_62,289
b3rmaq0si8j9cxf4zl8h_3,522
b3rmaq0si8j9cxf4zl8h_5,612
b3rmaq0si8j9cxf4zl8h_9,579
b3rmaq0si8j9cxf4zl8h_12,701
b3rmaq0si8j9cxf4zl8h_14,472
b3rmaq0si8j9cxf4zl8h_19,219
b3rmaq0si8j9cxf4zl8h_20,629
b3rmaq0si8j9cxf4zl8h_28,77
b3rmaq0si8j9cxf4zl8h_29,701
b3rmaq0si8j9cxf4zl8h_30,701
b3rmaq0si8j9cxf4zl8h_38,33
b3rmaq0si8j9cxf4zl8h_45,798
b3rmaq0si8j9cxf4zl8h_52,505
b3rmaq0si8j9cxf4zl8h_55,361
b3rmaq0si8j9cxf4zl8h_58,570
k55kdlav8k2wh90mblum_8,7
k55kdlav8k2wh90mblum_9,493
k55kdlav8k2wh90mblum_14,310
k55kdlav8k2wh90mblum_17,493
k55kdlav8k2wh90mblum_18,25
k55kdlav8k2wh90mblum_19,1020
k55kdlav8k2wh90mblum_24,354
k55kdlav8k2wh90mblum_25,354
k55kdlav8k2wh90mblum_32,354
k55kdlav8k2wh90mblum_40,471
k55kdlav8k2wh90mblum_42,404
k55kdlav8k2wh90mblum_47,208
k55kdlav8k2wh90mblum_50,617
k55kdlav8k2wh90mblum_51,760
k55kdlav8k2wh90mblum_58,7
9msusj9jv9m3limxh8om_7,260
9msusj9jv9m3limxh8om_18,219
9msusj9jv9m3limxh8om_25,72
9msusj9jv9m3limxh8om_31,33
9msusj9jv9m3limxh8om_40,450
9msusj9jv9m3limxh8om_42,867
9msusj9jv9m3limxh8om_44,953
9msusj9jv9m3limxh8om_48,826
9msusj9jv9m3limxh8om_50,826
9msusj9jv9m3limxh8om_51,313
9msusj9jv9m3limxh8om_53,14
9msusj9jv9m3limxh8om_56,971
9msusj9jv9m3limxh8om_60,289
9msusj9jv9m3limxh8om_62,289
6nkurs2re8lfns8btgzg_0,731
6nkurs2re8lfns8btgzg_1,731
6nkurs2re8lfns8btgzg_3,669
6nkurs2re8lfns8btgzg_4,652
6nkurs2re8lfns8btgzg_12,327
6nkurs2re8lfns8btgzg_22,701
6nkurs2re8lfns8btgzg_24,255
6nkurs2re8lfns8btgzg_25,216
6nkurs2re8lfns8btgzg_32,398
6nkurs2re8lfns8btgzg_35,301
6nkurs2re8lfns8btgzg_36,77
6nkurs2re8lfns8btgzg_41,62
6nkurs2re8lfns8btgzg_42,504
6nkurs2re8lfns8btgzg_49,792
6nkurs2re8lfns8btgzg_51,77
6nkurs2re8lfns8btgzg_57,347
6nkurs2re8lfns8btgzg_60,126
oatyx794xxnmdp0fcyzt_13,701
oatyx794xxnmdp0fcyzt_15,195
oatyx794xxnmdp0fcyzt_16,100
oatyx794xxnmdp0fcyzt_21,701
oatyx794xxnmdp0fcyzt_22,701
oatyx794xxnmdp0fcyzt_31,208
oatyx794xxnmdp0fcyzt_48,852
oatyx794xxnmdp0fcyzt_49,77
oatyx794xxnmdp0fcyzt_54,793
oatyx794xxnmdp0fcyzt_55,212
a7g49ze7x08qgx3g1nmy_4,810
a7g49ze7x08qgx3g1nmy_6,1000
a7g49ze7x08qgx3g1nmy_7,249
a7g49ze7x08qgx3g1nmy_11,298
a7g49ze7x08qgx3g1nmy_13,985
a7g49ze7x08qgx3g1nmy_15,293
a7g49ze7x08qgx3g1nmy_16,456
a7g49ze7x08qgx3g1nmy_33,14
a7g49ze7x08qgx3g1nmy_40,647
a7g49ze7x08qgx3g1nmy_42,50
a7g49ze7x08qgx3g1nmy_49,583
a7g49ze7x08qgx3g1nmy_51,832
a7g49ze7x08qgx3g1nmy_52,593
a7g49ze7x08qgx3g1nmy_61,137
a7g49ze7x08qgx3g1nmy_63,254
w43otw6tyv9p4qb3d238_0,731
w43otw6tyv9p4qb3d238_6,260
w43otw6tyv9p4qb3d238_13,701
w43otw6tyv9p4qb3d238_20,629
w43otw6tyv9p4qb3d238_22,472
w43otw6tyv9p4qb3d238_23,212
w43otw6tyv9p4qb3d238_28,77
w43otw6tyv9p4qb3d238_30,701
w43otw6tyv9p4qb3d238_44,77
w43otw6tyv9p4qb3d238_45,798
w43otw6tyv9p4qb3d238_54,745
w43otw6tyv9p4qb3d238_58,570
w43otw6tyv9p4qb3d238_63,667
khqau03ofi3hq3n2svze_5,49
khqau03ofi3hq3n2svze_7,119
khqau03ofi3hq3n2svze_15,409
khqau03ofi3hq3n2svze_16,24
khqau03ofi3hq3n2svze_17,371
khqau03ofi3hq3n2svze_19,314
khqau03ofi3hq3n2svze_20,590
khqau03ofi3hq3n2svze_21,314
khqau03ofi3hq3n2svze_30,596
khqau03ofi3hq3n2svze_33,992
khqau03ofi3hq3n2svze_34,992
khqau03ofi3hq3n2svze_51,445
khqau03ofi3hq3n2svze_58,445
khqau03ofi3hq3n2svze_59,445
khqau03ofi3hq3n2svze_61,734
khqau03ofi3hq3n2svze_62,231
ivedn0slr8wyk7otmk8a_6,652
ivedn0slr8wyk7otmk8a_7,861
ivedn0slr8wyk7otmk8a_17,992
ivedn0slr8wyk7otmk8a_22,987
ivedn0slr8wyk7otmk8a_23,409
ivedn0slr8wyk7otmk8a_35,457
ivedn0slr8wyk7otmk8a_40,927
ivedn0slr8wyk7otmk8a_47,675
ivedn0slr8wyk7otmk8a_49,927
ivedn0slr8wyk7otmk8a_51,895
ivedn0slr8wyk7otmk8a_59,927
ivedn0slr8wyk7otmk8a_60,895
8trdzg3poy8s7s1hu4hw_0,247
8trdzg3poy8s7s1hu4hw_6,612
8trdzg3poy8s7s1hu4hw_18,219
8trdzg3poy8s7s1hu4hw_19,867
8trdzg3poy8s7s1hu4hw_37,14
8trdzg3poy8s7s1hu4hw_38,33
8trdzg3poy8s7s1hu4hw_40,450
8trdzg3poy8s7s1hu4hw_45,867
8trdzg3poy8s7s1hu4hw_46,474
8trdzg3poy8s7s1hu4hw_48,1003
8trdzg3poy8s7s1hu4hw_49,289
8trdzg3poy8s7s1hu4hw_51,792
8trdzg3poy8s7s1hu4hw_52,628
8trdzg3poy8s7s1hu4hw_53,227
8trdzg3poy8s7s1hu4hw_54,151
8trdzg3poy8s7s1hu4hw_59,289
41pjl3a2xep3fff381yc_3,49
41pjl3a2xep3fff381yc_11,124
41pjl3a2xep3fff381yc_13,216
41pjl3a2xep3fff381yc_14,690
41pjl3a2xep3fff381yc_20,690
41pjl3a2xep3fff381yc_21,690
41pjl3a2xep3fff381yc_22,650
41pjl3a2xep3fff381yc_23,452
41pjl3a2xep3fff381yc_33,501
41pjl3a2xep3fff381yc_34,690
41pjl3a2xep3fff381yc_40,501
41pjl3a2xep3fff381yc_42,501
41pjl3a2xep3fff381yc_52,792
41pjl3a2xep3fff381yc_57,63
41pjl3a2xep3fff381yc_59,380
jrc5hncrdq2htq67bvim_0,350
jrc5hncrdq2htq67bvim_3,511
jrc5hncrdq2htq67bvim_4,49
jrc5hncrdq2htq67bvim_10,124
jrc5hncrdq2htq67bvim_13,314
jrc5hncrdq2htq67bvim_14,187
jrc5hncrdq2htq67bvim_27,410
jrc5hncrdq2htq67bvim_28,350
jrc5hncrdq2htq67bvim_37,609
jrc5hncrdq2htq67bvim_48,347
jrc5hncrdq2htq67bvim_50,914
jrc5hncrdq2htq67bvim_51,528
jrc5hncrdq2htq67bvim_53,341
jrc5hncrdq2htq67bvim_56,647
yybphmaxn03dvqyktmy6_0,542
yybphmaxn03dvqyktmy6_8,388
yybphmaxn03dvqyktmy6_10,434
yybphmaxn03dvqyktmy6_11,60
yybphmaxn03dvqyktmy6_18,488
yybphmaxn03dvqyktmy6_19,60
yybphmaxn03dvqyktmy6_26,771
yybphmaxn03dvqyktmy6_28,6
yybphmaxn03dvqyktmy6_29,848
yybphmaxn03dvqyktmy6_36,848
yybphmaxn03dvqyktmy6_37,541
yybphmaxn03dvqyktmy6_39,788
yybphmaxn03dvqyktmy6_41,483
yybphmaxn03dvqyktmy6_43,488
yybphmaxn03dvqyktmy6_44,848
yybphmaxn03dvqyktmy6_46,906
yybphmaxn03dvqyktmy6_49,488
yybphmaxn03dvqyktmy6_54,151
yybphmaxn03dvqyktmy6_63,254
kdmp130zihvkfqiac4kx_2,446
kdmp130zihvkfqiac4kx_8,388
kdmp130zihvkfqiac4kx_9,848
kdmp130zihvkfqiac4kx_16,542
kdmp130zihvkfqiac4kx_20,27
kdmp130zihvkfqiac4kx_24,388
kdmp130zihvkfqiac4kx_25,483
kdmp130zihvkfqiac4kx_30,793
kdmp130zihvkfqiac4kx_31,508
kdmp130zihvkfqiac4kx_32,542
kdmp130zihvkfqiac4kx_36,725
kdmp130zihvkfqiac4kx_37,793
kdmp130zihvkfqiac4kx_38,6
kdmp130zihvkfqiac4kx_39,212
kdmp130zihvkfqiac4kx_41,488
kdmp130zihvkfqiac4kx_56,542
kdmp130zihvkfqiac4kx_58,175
kdmp130zihvkfqiac4kx_60,196
kdmp130zihvkfqiac4kx_61,621
xc6q7r47ra0gmmqevqi4_1,731
xc6q7r47ra0gmmqevqi4_6,195
xc6q7r47ra0gmmqevqi4_22,824
xc6q7r47ra0gmmqevqi4_25,985
xc6q7r47ra0gmmqevqi4_28,701
xc6q7r47ra0gmmqevqi4_29,195
xc6q7r47ra0gmmqevqi4_37,793
xc6q7r47ra0gmmqevqi4_39,539
xc6q7r47ra0gmmqevqi4_46,793
xc6q7r47ra0gmmqevqi4_48,542
xc6q7r47ra0gmmqevqi4_55,212
xc6q7r47ra0gmmqevqi4_57,542
xc6q7r47ra0gmmqevqi4_63,212
d08ehdfn0p4ij8hdsus7_0,113
d08ehdfn0p4ij8hdsus7_2,389
d08ehdfn0p4ij8hdsus7_4,244
d08ehdfn0p4ij8hdsus7_26,1009
d08ehdfn0p4ij8hdsus7_29,819
d08ehdfn0p4ij8hdsus7_30,819
d08ehdfn0p4ij8hdsus7_31,208
d08ehdfn0p4ij8hdsus7_35,77
d08ehdfn0p4ij8hdsus7_36,77
d08ehdfn0p4ij8hdsus7_39,212
d08ehdfn0p4ij8hdsus7_40,852
d08ehdfn0p4ij8hdsus7_42,77
d08ehdfn0p4ij8hdsus7_56,647
d08ehdfn0p4ij8hdsus7_57,836
zh6eelvdx81s0rvsca6u_3,558
zh6eelvdx81s0rvsca6u_4,743
zh6eelvdx81s0rvsca6u_7,389
zh6eelvdx81s0rvsca6u_8,917
zh6eelvdx81s0rvsca6u_10,367
zh6eelvdx81s0rvsca6u_41,517
zh6eelvdx81s0rvsca6u_51,403
zh6eelvdx81s0rvsca6u_59,126
mmf3lljzauitep9s9z3d_4,234
mmf3lljzauitep9s9z3d_6,234
mmf3lljzauitep9s9z3d_8,369
mmf3lljzauitep9s9z3d_9,369
mmf3lljzauitep9s9z3d_13,742
mmf3lljzauitep9s9z3d_19,415
mmf3lljzauitep9s9z3d_21,234
mmf3lljzauitep9s9z3d_24,1014
mmf3lljzauitep9s9z3d_26,693
mmf3lljzauitep9s9z3d_27,295
mmf3lljzauitep9s9z3d_32,1003
mmf3lljzauitep9s9z3d_37,386
mmf3lljzauitep9s9z3d_39,400
mmf3lljzauitep9s9z3d_40,1003
mmf3lljzauitep9s9z3d_45,676
mmf3lljzauitep9s9z3d_60,380
wcm7t1ppvfnbn3brmk20_6,861
wcm7t1ppvfnbn3brmk20_12,696
wcm7t1ppvfnbn3brmk20_18,488
wcm7t1ppvfnbn3brmk20_19,488
wcm7t1ppvfnbn3brmk20_24,542
wcm7t1ppvfnbn3brmk20_25,488
wcm7t1ppvfnbn3brmk20_37,622
wcm7t1ppvfnbn3brmk20_38,33
wcm7t1ppvfnbn3brmk20_39,30
wcm7t1ppvfnbn3brmk20_40,542
wcm7t1ppvfnbn3brmk20_48,953
wcm7t1ppvfnbn3brmk20_50,593
wcm7t1ppvfnbn3brmk20_58,196
wcm7t1ppvfnbn3brmk20_61,947
wcm7t1ppvfnbn3brmk20_62,30
wcm7t1ppvfnbn3brmk20_63,257
qpod4omufcomh6xvwhlb_9,672
qpod4omufcomh6xvwhlb_10,672
qpod4omufcomh6xvwhlb_24,404
qpod4omufcomh6xvwhlb_26,868
qpod4omufcomh6xvwhlb_30,310
qpod4omufcomh6xvwhlb_34,219
qpod4omufcomh6xvwhlb_40,852
qpod4omufcomh6xvwhlb_45,376
qpod4omufcomh6xvwhlb_50,520
qpod4omufcomh6xvwhlb_52,520
qpod4omufcomh6xvwhlb_55,361
qpod4omufcomh6xvwhlb_57,826
qpod4omufcomh6xvwhlb_58,505
krhb29021q50gekqabkh_10,327
krhb29021q50gekqabkh_11,99
krhb29021q50gekqabkh_12,219
krhb29021q50gekqabkh_13,601
krhb29021q50gekqabkh_14,153
krhb29021q50gekqabkh_30,495
krhb29021q50gekqabkh_31,806
krhb29021q50gekqabkh_39,495
krhb29021q50gekqabkh_48,91
krhb29021q50gekqabkh_49,91
krhb29021q50gekqabkh_50,376
krhb29021q50gekqabkh_51,91
krhb29021q50gekqabkh_55,991
krhb29021q50gekqabkh_56,971
krhb29021q50gekqabkh_61,991
krhb29021q50gekqabkh_62,308
krhb29021q50gekqabkh_63,308
2ncab5pw5p572nwse1ce_4,522
2ncab5pw5p572nwse1ce_10,219
2ncab5pw5p572nwse1ce_11,327
2ncab5pw5p572nwse1ce_27,219
2ncab5pw5p572nwse1ce_29,701
2ncab5pw5p572nwse1ce_31,212
2ncab5pw5p572nwse1ce_32,137
2ncab5pw5p572nwse1ce_39,212
2ncab5pw5p572nwse1ce_40,404
2ncab5pw5p572nwse1ce_43,14
2ncab5pw5p572nwse1ce_46,745
2ncab5pw5p572nwse1ce_48,647
2ncab5pw5p572nwse1ce_49,14
2ncab5pw5p572nwse1ce_52,505
2ncab5pw5p572nwse1ce_55,257
2ncab5pw5p572nwse1ce_61,947
pwoklp8rc1zc0freidgv_2,389
pwoklp8rc1zc0freidgv_3,389
pwoklp8rc1zc0freidgv_15,539
pwoklp8rc1zc0freidgv_22,798
pwoklp8rc1zc0freidgv_23,824
pwoklp8rc1zc0freidgv_33,313
pwoklp8rc1zc0freidgv_35,843
pwoklp8rc1zc0freidgv_39,1017
pwoklp8rc1zc0freidgv_45,1
pwoklp8rc1zc0freidgv_51,313
pwoklp8rc1zc0freidgv_58,289
pwoklp8rc1zc0freidgv_59,846
rrghra9zb73fzknb3ut0_3,522
rrghra9zb73fzknb3ut0_4,522
rrghra9zb73fzknb3ut0_6,95
rrghra9zb73fzknb3ut0_7,825
rrghra9zb73fzknb3ut0_28,456
rrghra9zb73fzknb3ut0_29,456
rrghra9zb73fzknb3ut0_43,14
rrghra9zb73fzknb3ut0_56,756
ko5ifjr3l1wfk0l2ek5b_15,539
ko5ifjr3l1wfk0l2ek5b_19,985
ko5ifjr3l1wfk0l2ek5b_21,622
ko5ifjr3l1wfk0l2ek5b_22,824
ko5ifjr3l1wfk0l2ek5b_32,848
ko5ifjr3l1wfk0l2ek5b_35,843
ko5ifjr3l1wfk0l2ek5b_43,156
ko5ifjr3l1wfk0l2ek5b_45,793
ko5ifjr3l1wfk0l2ek5b_56,542
ko5ifjr3l1wfk0l2ek5b_57,542
ko5ifjr3l1wfk0l2ek5b_59,313
8yu5f66m9z2qt7vo3msi_28,456
8yu5f66m9z2qt7vo3msi_31,591
8yu5f66m9z2qt7vo3msi_38,14
8yu5f66m9z2qt7vo3msi_39,591
8yu5f66m9z2qt7vo3msi_40,1014
8yu5f66m9z2qt7vo3msi_42,14
8yu5f66m9z2qt7vo3msi_43,14
8yu5f66m9z2qt7vo3msi_44,14
8yu5f66m9z2qt7vo3msi_46,14
8yu5f66m9z2qt7vo3msi_49,517
8yu5f66m9z2qt7vo3msi_50,91
8yu5f66m9z2qt7vo3msi_51,792
8yu5f66m9z2qt7vo3msi_54,313
8yu5f66m9z2qt7vo3msi_57,915
8yu5f66m9z2qt7vo3msi_63,29
gzbddv7ysif4tn42uv5l_12,522
gzbddv7ysif4tn42uv5l_19,327
gzbddv7ysif4tn42uv5l_25,219
gzbddv7ysif4tn42uv5l_27,867
gzbddv7ysif4tn42uv5l_28,268
gzbddv7ysif4tn42uv5l_34,219
gzbddv7ysif4tn42uv5l_37,798
gzbddv7ysif4tn42uv5l_39,1017
gzbddv7ysif4tn42uv5l_41,219
gzbddv7ysif4tn42uv5l_42,14
gzbddv7ysif4tn42uv5l_45,798
gzbddv7ysif4tn42uv5l_48,98
gzbddv7ysif4tn42uv5l_50,826
gzbddv7ysif4tn42uv5l_53,953
gzbddv7ysif4tn42uv5l_59,826
gzbddv7ysif4tn42uv5l_62,826
gzbddv7ysif4tn42uv5l_63,257
jm13g2mrq5fs2e79ekw5_7,861
jm13g2mrq5fs2e79ekw5_26,327
jm13g2mrq5fs2e79ekw5_30,701
jm13g2mrq5fs2e79ekw5_32,398
jm13g2mrq5fs2e79ekw5_42,209
jm13g2mrq5fs2e79ekw5_46,474
jm13g2mrq5fs2e79ekw5_50,313
jm13g2mrq5fs2e79ekw5_60,745
8xkjn496a14ojf89o3ql_26,327
8xkjn496a14ojf89o3ql_28,327
8xkjn496a14ojf89o3ql_32,964
8xkjn496a14ojf89o3ql_35,77
8xkjn496a14ojf89o3ql_38,310
8xkjn496a14ojf89o3ql_40,255
8xkjn496a14ojf89o3ql_49,900
8xkjn496a14ojf89o3ql_52,77
m5m98osk60dk3rroob15_19,554
m5m98osk60dk3rroob15_20,219
m5m98osk60dk3rroob15_22,219
m5m98osk60dk3rroob15_23,591
m5m98osk60dk3rroob15_31,591
m5m98osk60dk3rroob15_34,24
m5m98osk60dk3rroob15_37,216
m5m98osk60dk3rroob15_42,666
m5m98osk60dk3rroob15_44,501
m5m98osk60dk3rroob15_45,690
m5m98osk60dk3rroob15_48,322
m5m98osk60dk3rroob15_50,749
m5m98osk60dk3rroob15_52,676
m5m98osk60dk3rroob15_57,418
m5m98osk60dk3rroob15_58,418
m5m98osk60dk3rroob15_59,846
m5m98osk60dk3rroob15_63,29
j8blu0m918ajy2k9lce6_6,558
j8blu0m918ajy2k9lce6_12,558
j8blu0m918ajy2k9lce6_19,507
j8blu0m918ajy2k9lce6_20,507
j8blu0m918ajy2k9lce6_29,100
j8blu0m918ajy2k9lce6_46,228
j8blu0m918ajy2k9lce6_51,231
j8blu0m918ajy2k9lce6_62,289
j8blu0m918ajy2k9lce6_63,29
kpdwwlo1gkd81cuoitmn_4,652
kpdwwlo1gkd81cuoitmn_5,652
kpdwwlo1gkd81cuoitmn_6,652
kpdwwlo1gkd81cuoitmn_10,100
kpdwwlo1gkd81cuoitmn_24,255
kpdwwlo1gkd81cuoitmn_25,255
kpdwwlo1gkd81cuoitmn_36,77
kpdwwlo1gkd81cuoitmn_37,819
kpdwwlo1gkd81cuoitmn_40,852
kpdwwlo1gkd81cuoitmn_41,676
kpdwwlo1gkd81cuoitmn_43,77
kpdwwlo1gkd81cuoitmn_51,77
kpdwwlo1gkd81cuoitmn_58,380
kpdwwlo1gkd81cuoitmn_60,126
i6zbf42fwc6hq6ck4lkx_5,5
i6zbf42fwc6hq6ck4lkx_7,640
i6zbf42fwc6hq6ck4lkx_11,601
i6zbf42fwc6hq6ck4lkx_14,953
i6zbf42fwc6hq6ck4lkx_16,1002
i6zbf42fwc6hq6ck4lkx_23,137
i6zbf42fwc6hq6ck4lkx_26,91
i6zbf42fwc6hq6ck4lkx_30,456
i6zbf42fwc6hq6ck4lkx_37,885
i6zbf42fwc6hq6ck4lkx_39,98
i6zbf42fwc6hq6ck4lkx_41,932
i6zbf42fwc6hq6ck4lkx_50,932
i6zbf42fwc6hq6ck4lkx_56,494
i6zbf42fwc6hq6ck4lkx_61,289
wzc0ksqzzszm2b1uey1p_6,247
wzc0ksqzzszm2b1uey1p_7,558
wzc0ksqzzszm2b1uey1p_20,507
wzc0ksqzzszm2b1uey1p_21,507
wzc0ksqzzszm2b1uey1p_27,157
wzc0ksqzzszm2b1uey1p_28,284
wzc0ksqzzszm2b1uey1p_29,157
wzc0ksqzzszm2b1uey1p_30,100
wzc0ksqzzszm2b1uey1p_34,284
wzc0ksqzzszm2b1uey1p_35,284
wzc0ksqzzszm2b1uey1p_36,724
wzc0ksqzzszm2b1uey1p_38,964
wzc0ksqzzszm2b1uey1p_43,749
wzc0ksqzzszm2b1uey1p_45,880
wzc0ksqzzszm2b1uey1p_49,517
wzc0ksqzzszm2b1uey1p_53,157
wzc0ksqzzszm2b1uey1p_54,313
wzc0ksqzzszm2b1uey1p_63,29
beb34jxwi3ldpdj6p1kz_2,389
beb34jxwi3ldpdj6p1kz_3,389
beb34jxwi3ldpdj6p1kz_5,652
beb34jxwi3ldpdj6p1kz_9,682
beb34jxwi3ldpdj6p1kz_15,539
beb34jxwi3ldpdj6p1kz_16,722
beb34jxwi3ldpdj6p1kz_18,327
beb34jxwi3ldpdj6p1kz_25,1009
beb34jxwi3ldpdj6p1kz_26,1009
beb34jxwi3ldpdj6p1kz_27,77
beb34jxwi3ldpdj6p1kz_33,843
beb34jxwi3ldpdj6p1kz_35,77
beb34jxwi3ldpdj6p1kz_40,852
beb34jxwi3ldpdj6p1kz_42,77
beb34jxwi3ldpdj6p1kz_43,77
beb34jxwi3ldpdj6p1kz_44,77
beb34jxwi3ldpdj6p1kz_45,793
beb34jxwi3ldpdj6p1kz_50,77
beb34jxwi3ldpdj6p1kz_55,793
beb34jxwi3ldpdj6p1kz_57,836
s4xho5zag61xnpv0xr2y_5,389
s4xho5zag61xnpv0xr2y_6,389
s4xho5zag61xnpv0xr2y_30,688
s4xho5zag61xnpv0xr2y_31,247
s4xho5zag61xnpv0xr2y_37,219
s4xho5zag61xnpv0xr2y_40,1014
s4xho5zag61xnpv0xr2y_48,218
s4xho5zag61xnpv0xr2y_51,953
s4xho5zag61xnpv0xr2y_56,971
s4xho5zag61xnpv0xr2y_59,289
unce6onmibllfwy3aj3b_5,522
unce6onmibllfwy3aj3b_19,507
unce6onmibllfwy3aj3b_21,558
unce6onmibllfwy3aj3b_28,450
unce6onmibllfwy3aj3b_29,100
unce6onmibllfwy3aj3b_36,964
unce6onmibllfwy3aj3b_43,157
unce6onmibllfwy3aj3b_49,517
unce6onmibllfwy3aj3b_50,749
unce6onmibllfwy3aj3b_55,880
unce6onmibllfwy3aj3b_60,915
nah0ryk6xfszixhairbj_0,247
nah0ryk6xfszixhairbj_3,522
nah0ryk6xfszixhairbj_4,782
nah0ryk6xfszixhairbj_14,472
nah0ryk6xfszixhairbj_16,98
nah0ryk6xfszixhairbj_19,219
nah0ryk6xfszixhairbj_24,98
nah0ryk6xfszixhairbj_26,228
nah0ryk6xfszixhairbj_34,867
nah0ryk6xfszixhairbj_41,138
nah0ryk6xfszixhairbj_42,601
nah0ryk6xfszixhairbj_43,138
nah0ryk6xfszixhairbj_48,149
nah0ryk6xfszixhairbj_49,826
nah0ryk6xfszixhairbj_57,289
nah0ryk6xfszixhairbj_58,341
ffi7up3bbeg2zdtffbbl_7,383
ffi7up3bbeg2zdtffbbl_25,273
ffi7up3bbeg2zdtffbbl_36,118
ffi7up3bbeg2zdtffbbl_43,81
ffi7up3bbeg2zdtffbbl_46,97
ffi7up3bbeg2zdtffbbl_47,783
ffi7up3bbeg2zdtffbbl_52,720
ffi7up3bbeg2zdtffbbl_57,502
ffi7up3bbeg2zdtffbbl_61,886
kp32f0vgop210jdslcec_14,153
kp32f0vgop210jdslcec_20,558
kp32f0vgop210jdslcec_38,303
kp32f0vgop210jdslcec_40,1014
kp32f0vgop210jdslcec_46,617
kp32f0vgop210jdslcec_49,320
kp32f0vgop210jdslcec_50,157
kp32f0vgop210jdslcec_54,546
kp32f0vgop210jdslcec_62,289
kp32f0vgop210jdslcec_63,939
dwgrtw0gd26l1v962gz8_9,601
dwgrtw0gd26l1v962gz8_10,99
dwgrtw0gd26l1v962gz8_15,208
dwgrtw0gd26l1v962gz8_16,827
dwgrtw0gd26l1v962gz8_21,99
dwgrtw0gd26l1v962gz8_24,827
dwgrtw0gd26l1v962gz8_29,798
dwgrtw0gd26l1v962gz8_30,798
dwgrtw0gd26l1v962gz8_37,495
dwgrtw0gd26l1v962gz8_39,1009
dwgrtw0gd26l1v962gz8_54,788
dwgrtw0gd26l1v962gz8_55,212
dwgrtw0gd26l1v962gz8_57,495
4h34s4jt86y3ghjrd1zx_24,1002
4h34s4jt86y3ghjrd1zx_25,256
4h34s4jt86y3ghjrd1zx_26,371
4h34s4jt86y3ghjrd1zx_27,314
4h34s4jt86y3ghjrd1zx_31,149
4h34s4jt86y3ghjrd1zx_38,358
4h34s4jt86y3ghjrd1zx_45,292
4h34s4jt86y3ghjrd1zx_53,96
4h34s4jt86y3ghjrd1zx_54,292
4h34s4jt86y3ghjrd1zx_57,626
4h34s4jt86y3ghjrd1zx_58,626
4h34s4jt86y3ghjrd1zx_61,96
4h34s4jt86y3ghjrd1zx_62,753
1kjhut0f246h7l0b8lmi_4,252
1kjhut0f246h7l0b8lmi_9,268
1kjhut0f246h7l0b8lmi_12,558
1kjhut0f246h7l0b8lmi_14,558
1kjhut0f246h7l0b8lmi_15,247
1kjhut0f246h7l0b8lmi_28,450
1kjhut0f246h7l0b8lmi_37,964
1kjhut0f246h7l0b8lmi_38,228
1kjhut0f246h7l0b8lmi_46,228
1kjhut0f246h7l0b8lmi_59,915
pgmmm5hcw3yj4xfcd38f_1,918
pgmmm5hcw3yj4xfcd38f_2,918
pgmmm5hcw3yj4xfcd38f_5,56
pgmmm5hcw3yj4xfcd38f_6,472
pgmmm5hcw3yj4xfcd38f_11,580
pgmmm5hcw3yj4xfcd38f_13,672
pgmmm5hcw3yj4xfcd38f_16,164
pgmmm5hcw3yj4xfcd38f_18,398
pgmmm5hcw3yj4xfcd38f_19,7
pgmmm5hcw3yj4xfcd38f_20,964
pgmmm5hcw3yj4xfcd38f_21,219
pgmmm5hcw3yj4xfcd38f_22,472
pgmmm5hcw3yj4xfcd38f_24,827
pgmmm5hcw3yj4xfcd38f_26,219
pgmmm5hcw3yj4xfcd38f_31,208
pgmmm5hcw3yj4xfcd38f_34,827
pgmmm5hcw3yj4xfcd38f_46,798
tngdhomfznsr005ek0kw_20,219
tngdhomfznsr005ek0kw_21,228
tngdhomfznsr005ek0kw_24,367
tngdhomfznsr005ek0kw_26,920
tngdhomfznsr005ek0kw_30,219
tngdhomfznsr005ek0kw_31,247
tngdhomfznsr005ek0kw_34,6
tngdhomfznsr005ek0kw_36,14
tngdhomfznsr005ek0kw_46,688
tngdhomfznsr005ek0kw_47,688
tngdhomfznsr005ek0kw_56,573
tngdhomfznsr005ek0kw_57,973
tngdhomfznsr005ek0kw_59,546
q9xx66s3vtmtd1wdq7mf_0,113
q9xx66s3vtmtd1wdq7mf_1,565
q9xx66s3vtmtd1wdq7mf_3,293
q9xx66s3vtmtd1wdq7mf_5,949
q9xx66s3vtmtd1wdq7mf_10,388
q9xx66s3vtmtd1wdq7mf_11,488
q9xx66s3vtmtd1wdq7mf_12,696
q9xx66s3vtmtd1wdq7mf_17,488
q9xx66s3vtmtd1wdq7mf_18,488
q9xx66s3vtmtd1wdq7mf_20,285
q9xx66s3vtmtd1wdq7mf_24,542
q9xx66s3vtmtd1wdq7mf_25,488
q9xx66s3vtmtd1wdq7mf_26,483
q9xx66s3vtmtd1wdq7mf_35,488
q9xx66s3vtmtd1wdq7mf_39,212
q9xx66s3vtmtd1wdq7mf_46,725
q9xx66s3vtmtd1wdq7mf_48,542
q9xx66s3vtmtd1wdq7mf_56,542
q9xx66s3vtmtd1wdq7mf_57,196
q9xx66s3vtmtd1wdq7mf_63,30
oqf1b7vrz8vbgqntui6f_6,369
oqf1b7vrz8vbgqntui6f_12,72
oqf1b7vrz8vbgqntui6f_13,372
oqf1b7vrz8vbgqntui6f_14,456
oqf1b7vrz8vbgqntui6f_17,218
oqf1b7vrz8vbgqntui6f_18,932
oqf1b7vrz8vbgqntui6f_21,456
oqf1b7vrz8vbgqntui6f_22,456
oqf1b7vrz8vbgqntui6f_25,932
oqf1b7vrz8vbgqntui6f_26,684
oqf1b7vrz8vbgqntui6f_27,6
oqf1b7vrz8vbgqntui6f_29,483
oqf1b7vrz8vbgqntui6f_34,932
oqf1b7vrz8vbgqntui6f_37,843
oqf1b7vrz8vbgqntui6f_44,476
oqf1b7vrz8vbgqntui6f_49,932
oqf1b7vrz8vbgqntui6f_53,848
oqf1b7vrz8vbgqntui6f_62,29
oqf1b7vrz8vbgqntui6f_63,29
x7nch02brn6vthvutlif_0,293
x7nch02brn6vthvutlif_1,293
x7nch02brn6vthvutlif_3,293
x7nch02brn6vthvutlif_9,488
x7nch02brn6vthvutlif_10,848
x7nch02brn6vthvutlif_13,434
x7nch02brn6vthvutlif_27,696
x7nch02brn6vthvutlif_31,30
x7nch02brn6vthvutlif_61,196
fgmrog37rdnsc5mq87yw_3,949
fgmrog37rdnsc5mq87yw_4,94
fgmrog37rdnsc5mq87yw_5,94
fgmrog37rdnsc5mq87yw_6,414
fgmrog37rdnsc5mq87yw_14,298
fgmrog37rdnsc5mq87yw_15,7
fgmrog37rdnsc5mq87yw_21,771
fgmrog37rdnsc5mq87yw_25,932
fgmrog37rdnsc5mq87yw_27,6
fgmrog37rdnsc5mq87yw_32,218
fgmrog37rdnsc5mq87yw_37,50
fgmrog37rdnsc5mq87yw_41,680
fgmrog37rdnsc5mq87yw_44,253
fgmrog37rdnsc5mq87yw_45,50
fgmrog37rdnsc5mq87yw_53,50
fgmrog37rdnsc5mq87yw_55,674
798y5w2fihom0zfh48jy_2,918
798y5w2fihom0zfh48jy_9,579
798y5w2fihom0zfh48jy_12,310
798y5w2fihom0zfh48jy_25,867
798y5w2fihom0zfh48jy_26,867
798y5w2fihom0zfh48jy_28,867
798y5w2fihom0zfh48jy_35,867
798y5w2fihom0zfh48jy_36,867
798y5w2fihom0zfh48jy_38,798
798y5w2fihom0zfh48jy_40,137
798y5w2fihom0zfh48jy_42,14
798y5w2fihom0zfh48jy_44,798
798y5w2fihom0zfh48jy_48,647
798y5w2fihom0zfh48jy_56,647
7vx55fvc1z37pf1x5mwo_12,72
7vx55fvc1z37pf1x5mwo_13,219
7vx55fvc1z37pf1x5mwo_15,857
7vx55fvc1z37pf1x5mwo_19,72
7vx55fvc1z37pf1x5mwo_21,867
7vx55fvc1z37pf1x5mwo_22,718
7vx55fvc1z37pf1x5mwo_23,981
7vx55fvc1z37pf1x5mwo_27,268
7vx55fvc1z37pf1x5mwo_30,450
7vx55fvc1z37pf1x5mwo_31,98
7vx55fvc1z37pf1x5mwo_39,981
7vx55fvc1z37pf1x5mwo_44,157
7vx55fvc1z37pf1x5mwo_45,483
7vx55fvc1z37pf1x5mwo_52,476
7vx55fvc1z37pf1x5mwo_58,418
7vx55fvc1z37pf1x5mwo_63,149
g2p1uzarffl5vos65gna_4,612
g2p1uzarffl5vos65gna_18,268
g2p1uzarffl5vos65gna_22,558
g2p1uzarffl5vos65gna_26,72
g2p1uzarffl5vos65gna_27,157
g2p1uzarffl5vos65gna_29,157
g2p1uzarffl5vos65gna_40,120
g2p1uzarffl5vos65gna_42,749
g2p1uzarffl5vos65gna_47,149
g2p1uzarffl5vos65gna_54,313
gd6a67v0lyiungckuv2j_8,994
gd6a67v0lyiungckuv2j_12,696
gd6a67v0lyiungckuv2j_13,868
gd6a67v0lyiungckuv2j_18,386
gd6a67v0lyiungckuv2j_28,285
gd6a67v0lyiungckuv2j_33,146
gd6a67v0lyiungckuv2j_35,146
gd6a67v0lyiungckuv2j_47,212
zd6ye2c3k9u8n5zixfan_2,434
zd6ye2c3k9u8n5zixfan_6,1000
zd6ye2c3k9u8n5zixfan_7,857
zd6ye2c3k9u8n5zixfan_21,483
zd6ye2c3k9u8n5zixfan_25,932
zd6ye2c3k9u8n5zixfan_28,483
zd6ye2c3k9u8n5zixfan_29,502
zd6ye2c3k9u8n5zixfan_31,722
zd6ye2c3k9u8n5zixfan_32,218
zd6ye2c3k9u8n5zixfan_38,488
zd6ye2c3k9u8n5zixfan_44,175
zd6ye2c3k9u8n5zixfan_45,483
zd6ye2c3k9u8n5zixfan_46,502
0jhj1e6mu2anjqxj3559_6,5
0jhj1e6mu2anjqxj3559_25,932
0jhj1e6mu2anjqxj3559_39,98
0jhj1e6mu2anjqxj3559_40,538
0jhj1e6mu2anjqxj3559_52,885
0jhj1e6mu2anjqxj3559_53,224
0jhj1e6mu2anjqxj3559_56,494
0jhj1e6mu2anjqxj3559_57,915
6icxd0s59l19pxgaqrp9_1,612
6icxd0s59l19pxgaqrp9_3,522
6icxd0s59l19pxgaqrp9_11,629
6icxd0s59l19pxgaqrp9_16,98
6icxd0s59l19pxgaqrp9_17,601
6icxd0s59l19pxgaqrp9_18,219
6icxd0s59l19pxgaqrp9_20,867
6icxd0s59l19pxgaqrp9_25,219
6icxd0s59l19pxgaqrp9_28,867
6icxd0s59l19pxgaqrp9_33,456
6icxd0s59l19pxgaqrp9_35,867
6icxd0s59l19pxgaqrp9_37,867
6icxd0s59l19pxgaqrp9_40,98
6icxd0s59l19pxgaqrp9_53,396
6icxd0s59l19pxgaqrp9_57,289
6icxd0s59l19pxgaqrp9_63,254
vg2wa1whfpgwuiod7d1s_6,369
vg2wa1whfpgwuiod7d1s_13,664
vg2wa1whfpgwuiod7d1s_14,456
vg2wa1whfpgwuiod7d1s_21,72
vg2wa1whfpgwuiod7d1s_23,98
vg2wa1whfpgwuiod7d1s_27,396
vg2wa1whfpgwuiod7d1s_28,396
vg2wa1whfpgwuiod7d1s_31,981
vg2wa1whfpgwuiod7d1s_33,932
vg2wa1whfpgwuiod7d1s_35,696
vg2wa1whfpgwuiod7d1s_36,696
vg2wa1whfpgwuiod7d1s_42,601
vg2wa1whfpgwuiod7d1s_47,981
vg2wa1whfpgwuiod7d1s_49,848
vg2wa1whfpgwuiod7d1s_50,932
vg2wa1whfpgwuiod7d1s_53,869
vg2wa1whfpgwuiod7d1s_56,156
vg2wa1whfpgwuiod7d1s_60,196
vg2wa1whfpgwuiod7d1s_63,981
gy202mlxfk7e2ujqd86y_0,389
gy202mlxfk7e2ujqd86y_1,389
gy202mlxfk7e2ujqd86y_8,782
gy202mlxfk7e2ujqd86y_22,798
gy202mlxfk7e2ujqd86y_23,824
gy202mlxfk7e2ujqd86y_32,98
gy202mlxfk7e2ujqd86y_40,149
gy202mlxfk7e2ujqd86y_48,81
gy202mlxfk7e2ujqd86y_50,505
gy202mlxfk7e2ujqd86y_54,746
gy202mlxfk7e2ujqd86y_56,836
gy202mlxfk7e2ujqd86y_57,836
gy202mlxfk7e2ujqd86y_63,540
7xxzylk4mako65883jr3_4,389
7xxzylk4mako65883jr3_7,389
7xxzylk4mako65883jr3_10,612
7xxzylk4mako65883jr3_13,247
7xxzylk4mako65883jr3_37,562
7xxzylk4mako65883jr3_45,688
7xxzylk4mako65883jr3_53,639
7xxzylk4mako65883jr3_54,688
7xxzylk4mako65883jr3_56,573
9p6efhac3zq0mh6q7yst_1,434
9p6efhac3zq0mh6q7yst_2,681
9p6efhac3zq0mh6q7yst_5,571
9p6efhac3zq0mh6q7yst_9,434
9p6efhac3zq0mh6q7yst_13,725
9p6efhac3zq0mh6q7yst_15,783
9p6efhac3zq0mh6q7yst_25,285
9p6efhac3zq0mh6q7yst_35,848
9p6efhac3zq0mh6q7yst_36,487
9p6efhac3zq0mh6q7yst_40,542
9p6efhac3zq0mh6q7yst_41,502
9p6efhac3zq0mh6q7yst_44,60
9p6efhac3zq0mh6q7yst_45,6
9p6efhac3zq0mh6q7yst_47,675
9p6efhac3zq0mh6q7yst_48,502
9p6efhac3zq0mh6q7yst_49,502
9p6efhac3zq0mh6q7yst_52,871
9p6efhac3zq0mh6q7yst_59,175
9p6efhac3zq0mh6q7yst_60,341
1pui5qihpp9laql3oz8e_0,92
1pui5qihpp9laql3oz8e_5,769
1pui5qihpp9laql3oz8e_11,557
1pui5qihpp9laql3oz8e_13,930
1pui5qihpp9laql3oz8e_14,557
1pui5qihpp9laql3oz8e_20,557
1pui5qihpp9laql3oz8e_26,416
1pui5qihpp9laql3oz8e_27,47
1pui5qihpp9laql3oz8e_29,557
1pui5qihpp9laql3oz8e_33,912
1pui5qihpp9laql3oz8e_37,47
1pui5qihpp9laql3oz8e_38,47
1pui5qihpp9laql3oz8e_39,800
1pui5qihpp9laql3oz8e_40,306
1pui5qihpp9laql3oz8e_41,378
1pui5qihpp9laql3oz8e_44,980
1pui5qihpp9laql3oz8e_45,598
1pui5qihpp9laql3oz8e_48,222
1pui5qihpp9laql3oz8e_52,162
1pui5qihpp9laql3oz8e_63,618
vy2tgu1fs6j8620ax9m6_6,478
vy2tgu1fs6j8620ax9m6_7,254
vy2tgu1fs6j8620ax9m6_16,263
vy2tgu1fs6j8620ax9m6_17,263
vy2tgu1fs6j8620ax9m6_21,122
vy2tgu1fs6j8620ax9m6_23,478
vy2tgu1fs6j8620ax9m6_24,263
vy2tgu1fs6j8620ax9m6_28,122
vy2tgu1fs6j8620ax9m6_29,144
vy2tgu1fs6j8620ax9m6_31,478
vy2tgu1fs6j8620ax9m6_33,122
vy2tgu1fs6j8620ax9m6_36,839
vy2tgu1fs6j8620ax9m6_37,839
vy2tgu1fs6j8620ax9m6_38,478
vy2tgu1fs6j8620ax9m6_41,263
vy2tgu1fs6j8620ax9m6_49,263
vy2tgu1fs6j8620ax9m6_53,839
vy2tgu1fs6j8620ax9m6_57,263
vy2tgu1fs6j8620ax9m6_60,839
74i9ogzcj14q9vtdzrdn_11,543
74i9ogzcj14q9vtdzrdn_17,543
74i9ogzcj14q9vtdzrdn_18,726
74i9ogzcj14q9vtdzrdn_23,1022
74i9ogzcj14q9vtdzrdn_30,39
74i9ogzcj14q9vtdzrdn_48,543
74i9ogzcj14q9vtdzrdn_55,543
74i9ogzcj14q9vtdzrdn_57,39
xptsnx6710up2k5fznzp_3,729
xptsnx6710up2k5fznzp_5,346
xptsnx6710up2k5fznzp_13,346
xptsnx6710up2k5fznzp_16,239
xptsnx6710up2k5fznzp_22,346
xptsnx6710up2k5fznzp_26,346
xptsnx6710up2k5fznzp_33,346
xptsnx6710up2k5fznzp_39,346
xptsnx6710up2k5fznzp_43,405
bl2wbccbdunxhajihg6d_2,382
bl2wbccbdunxhajihg6d_3,571
bl2wbccbdunxhajihg6d_4,965
bl2wbccbdunxhajihg6d_5,694
bl2wbccbdunxhajihg6d_7,965
bl2wbccbdunxhajihg6d_8,713
bl2wbccbdunxhajihg6d_10,694
bl2wbccbdunxhajihg6d_11,694
bl2wbccbdunxhajihg6d_12,720
bl2wbccbdunxhajihg6d_15,409
bl2wbccbdunxhajihg6d_16,308
bl2wbccbdunxhajihg6d_19,145
bl2wbccbdunxhajihg6d_21,694
bl2wbccbdunxhajihg6d_24,713
bl2wbccbdunxhajihg6d_28,694
bl2wbccbdunxhajihg6d_36,27
bl2wbccbdunxhajihg6d_44,215
bl2wbccbdunxhajihg6d_45,427
bl2wbccbdunxhajihg6d_52,341
bl2wbccbdunxhajihg6d_59,380
06u2k7eci6jji0jpp52g_6,943
06u2k7eci6jji0jpp52g_9,22
06u2k7eci6jji0jpp52g_11,325
06u2k7eci6jji0jpp52g_12,377
06u2k7eci6jji0jpp52g_21,766
06u2k7eci6jji0jpp52g_25,165
06u2k7eci6jji0jpp52g_29,876
06u2k7eci6jji0jpp52g_43,75
06u2k7eci6jji0jpp52g_47,430
06u2k7eci6jji0jpp52g_52,201
p5vvyx41bues1g8naceg_9,425
p5vvyx41bues1g8naceg_13,557
p5vvyx41bues1g8naceg_14,557
p5vvyx41bues1g8naceg_16,466
p5vvyx41bues1g8naceg_18,416
p5vvyx41bues1g8naceg_26,65
p5vvyx41bues1g8naceg_31,282
p5vvyx41bues1g8naceg_42,65
p5vvyx41bues1g8naceg_47,595
p5vvyx41bues1g8naceg_49,363
p5vvyx41bues1g8naceg_50,363
emu95fzc32r404j2jc7k_2,178
emu95fzc32r404j2jc7k_6,908
emu95fzc32r404j2jc7k_9,178
emu95fzc32r404j2jc7k_12,101
emu95fzc32r404j2jc7k_19,101
emu95fzc32r404j2jc7k_27,636
emu95fzc32r404j2jc7k_28,141
emu95fzc32r404j2jc7k_32,569
emu95fzc32r404j2jc7k_35,634
emu95fzc32r404j2jc7k_58,201
cdck43jfnzwzj3yla8cf_4,956
cdck43jfnzwzj3yla8cf_14,1015
cdck43jfnzwzj3yla8cf_18,362
cdck43jfnzwzj3yla8cf_25,362
cdck43jfnzwzj3yla8cf_27,1015
cdck43jfnzwzj3yla8cf_32,165
cdck43jfnzwzj3yla8cf_38,620
cdck43jfnzwzj3yla8cf_41,278
cdck43jfnzwzj3yla8cf_50,1015
cdck43jfnzwzj3yla8cf_52,876
cdck43jfnzwzj3yla8cf_58,1015
njcidy59styritjtck5b_2,600
njcidy59styritjtck5b_6,440
njcidy59styritjtck5b_7,956
njcidy59styritjtck5b_9,67
njcidy59styritjtck5b_13,752
njcidy59styritjtck5b_14,752
njcidy59styritjtck5b_21,515
njcidy59styritjtck5b_27,600
njcidy59styritjtck5b_28,600
njcidy59styritjtck5b_29,600
njcidy59styritjtck5b_36,600
njcidy59styritjtck5b_52,833
njcidy59styritjtck5b_53,600
njcidy59styritjtck5b_61,600
njcidy59styritjtck5b_63,752
3y869q4zglfmo62fwkfs_1,278
3y869q4zglfmo62fwkfs_3,1015
3y869q4zglfmo62fwkfs_4,1015
3y869q4zglfmo62fwkfs_6,245
3y869q4zglfmo62fwkfs_9,1015
3y869q4zglfmo62fwkfs_11,1015
3y869q4zglfmo62fwkfs_12,1015
3y869q4zglfmo62fwkfs_28,876
3y869q4zglfmo62fwkfs_35,719
3y869q4zglfmo62fwkfs_57,637
e2i4u5q9mb4hkug6e133_2,459
e2i4u5q9mb4hkug6e133_4,239
e2i4u5q9mb4hkug6e133_7,543
e2i4u5q9mb4hkug6e133_14,543
e2i4u5q9mb4hkug6e133_16,543
e2i4u5q9mb4hkug6e133_17,543
e2i4u5q9mb4hkug6e133_20,543
e2i4u5q9mb4hkug6e133_21,1022
e2i4u5q9mb4hkug6e133_37,543
e2i4u5q9mb4hkug6e133_38,1023
e2i4u5q9mb4hkug6e133_44,543
e2i4u5q9mb4hkug6e133_52,39
e2i4u5q9mb4hkug6e133_54,543
bvbrtvcygx1a82nbhay7_2,449
bvbrtvcygx1a82nbhay7_5,449
bvbrtvcygx1a82nbhay7_7,449
bvbrtvcygx1a82nbhay7_13,449
bvbrtvcygx1a82nbhay7_14,449
bvbrtvcygx1a82nbhay7_15,321
bvbrtvcygx1a82nbhay7_20,449
bvbrtvcygx1a82nbhay7_23,358
bvbrtvcygx1a82nbhay7_30,27
bvbrtvcygx1a82nbhay7_35,321
bvbrtvcygx1a82nbhay7_36,27
bvbrtvcygx1a82nbhay7_39,321
bvbrtvcygx1a82nbhay7_40,969
bvbrtvcygx1a82nbhay7_43,27
bvbrtvcygx1a82nbhay7_44,730
bvbrtvcygx1a82nbhay7_48,969
bvbrtvcygx1a82nbhay7_52,446
htigt6eyr5b8dfb6yo94_3,607
htigt6eyr5b8dfb6yo94_8,279
htigt6eyr5b8dfb6yo94_11,279
htigt6eyr5b8dfb6yo94_12,279
htigt6eyr5b8dfb6yo94_13,279
htigt6eyr5b8dfb6yo94_24,607
htigt6eyr5b8dfb6yo94_25,279
htigt6eyr5b8dfb6yo94_27,279
htigt6eyr5b8dfb6yo94_32,513
htigt6eyr5b8dfb6yo94_45,279
htigt6eyr5b8dfb6yo94_46,135
j46f30kpeywpd03s8q4o_5,571
j46f30kpeywpd03s8q4o_7,409
j46f30kpeywpd03s8q4o_9,729
j46f30kpeywpd03s8q4o_10,25
j46f30kpeywpd03s8q4o_14,596
j46f30kpeywpd03s8q4o_15,409
j46f30kpeywpd03s8q4o_18,101
j46f30kpeywpd03s8q4o_21,596
j46f30kpeywpd03s8q4o_23,409
j46f30kpeywpd03s8q4o_24,346
j46f30kpeywpd03s8q4o_26,729
j46f30kpeywpd03s8q4o_36,694
j46f30kpeywpd03s8q4o_37,694
j46f30kpeywpd03s8q4o_44,694
j46f30kpeywpd03s8q4o_51,694
j46f30kpeywpd03s8q4o_55,409
j46f30kpeywpd03s8q4o_58,341
j46f30kpeywpd03s8q4o_59,380
j46f30kpeywpd03s8q4o_62,341
7fam6b05i85qlgl9cz9x_3,543
7fam6b05i85qlgl9cz9x_6,543
7fam6b05i85qlgl9cz9x_7,543
7fam6b05i85qlgl9cz9x_9,239
7fam6b05i85qlgl9cz9x_10,543
7fam6b05i85qlgl9cz9x_11,543
7fam6b05i85qlgl9cz9x_12,543
7fam6b05i85qlgl9cz9x_23,1022
7fam6b05i85qlgl9cz9x_27,1022
7fam6b05i85qlgl9cz9x_33,39
7fam6b05i85qlgl9cz9x_34,39
7fam6b05i85qlgl9cz9x_38,1023
7fam6b05i85qlgl9cz9x_40,39
7fam6b05i85qlgl9cz9x_47,39
7fam6b05i85qlgl9cz9x_62,39
qwjcaxgwm0lhq2831y4r_7,702
qwjcaxgwm0lhq2831y4r_8,702
qwjcaxgwm0lhq2831y4r_12,702
qwjcaxgwm0lhq2831y4r_16,702
qwjcaxgwm0lhq2831y4r_17,702
qwjcaxgwm0lhq2831y4r_35,702
qwjcaxgwm0lhq2831y4r_55,627
qwjcaxgwm0lhq2831y4r_63,184
18yqlefo3pafkfwj8hz8_2,290
18yqlefo3pafkfwj8hz8_4,871
18yqlefo3pafkfwj8hz8_5,959
18yqlefo3pafkfwj8hz8_7,730
18yqlefo3pafkfwj8hz8_10,155
18yqlefo3pafkfwj8hz8_11,868
18yqlefo3pafkfwj8hz8_12,732
18yqlefo3pafkfwj8hz8_14,12
18yqlefo3pafkfwj8hz8_15,533
18yqlefo3pafkfwj8hz8_20,296
18yqlefo3pafkfwj8hz8_21,869
18yqlefo3pafkfwj8hz8_23,533
18yqlefo3pafkfwj8hz8_28,296
18yqlefo3pafkfwj8hz8_29,145
18yqlefo3pafkfwj8hz8_45,871
9bd13e1ipuf1mv07x8kl_2,606
9bd13e1ipuf1mv07x8kl_3,606
9bd13e1ipuf1mv07x8kl_5,617
9bd13e1ipuf1mv07x8kl_7,991
9bd13e1ipuf1mv07x8kl_9,295
9bd13e1ipuf1mv07x8kl_10,25
9bd13e1ipuf1mv07x8kl_11,617
9bd13e1ipuf1mv07x8kl_12,346
9bd13e1ipuf1mv07x8kl_14,346
9bd13e1ipuf1mv07x8kl_17,617
9bd13e1ipuf1mv07x8kl_19,9
9bd13e1ipuf1mv07x8kl_20,9
9bd13e1ipuf1mv07x8kl_27,9
9bd13e1ipuf1mv07x8kl_29,9
9bd13e1ipuf1mv07x8kl_37,346
9bd13e1ipuf1mv07x8kl_53,9
9bd13e1ipuf1mv07x8kl_54,9
9bd13e1ipuf1mv07x8kl_59,891
vl9paamr6ru16x158322_1,147
vl9paamr6ru16x158322_7,147
vl9paamr6ru16x158322_14,39
vl9paamr6ru16x158322_17,147
vl9paamr6ru16x158322_21,147
vl9paamr6ru16x158322_25,337
vl9paamr6ru16x158322_51,704
vl9paamr6ru16x158322_52,381
vl9paamr6ru16x158322_56,294
vl9paamr6ru16x158322_61,381
n0ok1yuashcvzx3yaaa7_0,607
n0ok1yuashcvzx3yaaa7_2,147
n0ok1yuashcvzx3yaaa7_3,147
n0ok1yuashcvzx3yaaa7_5,147
n0ok1yuashcvzx3yaaa7_6,147
n0ok1yuashcvzx3yaaa7_7,147
n0ok1yuashcvzx3yaaa7_12,147
n0ok1yuashcvzx3yaaa7_20,39
n0ok1yuashcvzx3yaaa7_25,337
n0ok1yuashcvzx3yaaa7_27,607
n0ok1yuashcvzx3yaaa7_31,513
n0ok1yuashcvzx3yaaa7_35,39
n0ok1yuashcvzx3yaaa7_44,462
n0ok1yuashcvzx3yaaa7_45,147
n0ok1yuashcvzx3yaaa7_46,462
n0ok1yuashcvzx3yaaa7_52,381
n0ok1yuashcvzx3yaaa7_53,462
n0ok1yuashcvzx3yaaa7_55,462
n0ok1yuashcvzx3yaaa7_60,294
7ry8zx4btlkyxjszantd_1,515
7ry8zx4btlkyxjszantd_2,515
7ry8zx4btlkyxjszantd_3,933
7ry8zx4btlkyxjszantd_5,430
7ry8zx4btlkyxjszantd_6,362
7ry8zx4btlkyxjszantd_7,956
7ry8zx4btlkyxjszantd_10,882
7ry8zx4btlkyxjszantd_13,440
7ry8zx4btlkyxjszantd_14,620
7ry8zx4btlkyxjszantd_18,933
l795bf4gc5i4be2mrqhw_0,503
l795bf4gc5i4be2mrqhw_1,610
l795bf4gc5i4be2mrqhw_8,503
l795bf4gc5i4be2mrqhw_12,101
l795bf4gc5i4be2mrqhw_16,353
l795bf4gc5i4be2mrqhw_27,636
l795bf4gc5i4be2mrqhw_32,569
l795bf4gc5i4be2mrqhw_33,101
l795bf4gc5i4be2mrqhw_40,636
l795bf4gc5i4be2mrqhw_42,394
l795bf4gc5i4be2mrqhw_56,634
yglx0prdcl0nwc2kgr4s_2,571
yglx0prdcl0nwc2kgr4s_17,346
yglx0prdcl0nwc2kgr4s_20,694
yglx0prdcl0nwc2kgr4s_39,574
yglx0prdcl0nwc2kgr4s_43,962
yglx0prdcl0nwc2kgr4s_48,346
yglx0prdcl0nwc2kgr4s_54,987
yglx0prdcl0nwc2kgr4s_61,341
u441sfjskfbj34u224eg_0,607
u441sfjskfbj34u224eg_2,239
u441sfjskfbj34u224eg_4,239
u441sfjskfbj34u224eg_7,607
u441sfjskfbj34u224eg_10,147
u441sfjskfbj34u224eg_13,147
u441sfjskfbj34u224eg_18,147
u441sfjskfbj34u224eg_21,147
u441sfjskfbj34u224eg_25,147
u441sfjskfbj34u224eg_30,39
u441sfjskfbj34u224eg_33,39
u441sfjskfbj34u224eg_34,39
u441sfjskfbj34u224eg_41,147
u441sfjskfbj34u224eg_45,147
u441sfjskfbj34u224eg_47,147
u441sfjskfbj34u224eg_54,462
u441sfjskfbj34u224eg_61,381
b7ixuy0hfhranrb3z58n_1,225
b7ixuy0hfhranrb3z58n_2,779
b7ixuy0hfhranrb3z58n_3,225
b7ixuy0hfhranrb3z58n_4,617
b7ixuy0hfhranrb3z58n_5,449
b7ixuy0hfhranrb3z58n_6,449
b7ixuy0hfhranrb3z58n_8,779
b7ixuy0hfhranrb3z58n_9,779
b7ixuy0hfhranrb3z58n_13,449
b7ixuy0hfhranrb3z58n_20,962
b7ixuy0hfhranrb3z58n_21,145
b7ixuy0hfhranrb3z58n_28,427
b7ixuy0hfhranrb3z58n_35,427
b7ixuy0hfhranrb3z58n_43,427
b7ixuy0hfhranrb3z58n_60,341
b7ixuy0hfhranrb3z58n_61,939
tnqo0ajiyncaeicszauf_14,713
tnqo0ajiyncaeicszauf_19,713
tnqo0ajiyncaeicszauf_27,713
tnqo0ajiyncaeicszauf_34,677
tnqo0ajiyncaeicszauf_42,677
tnqo0ajiyncaeicszauf_44,176
tnqo0ajiyncaeicszauf_45,1008
tnqo0ajiyncaeicszauf_46,1008
tnqo0ajiyncaeicszauf_47,477
tnqo0ajiyncaeicszauf_51,477
tnqo0ajiyncaeicszauf_60,477
tnqo0ajiyncaeicszauf_61,1008
n4ezav9xgbwaqtn600lc_0,956
n4ezav9xgbwaqtn600lc_2,781
n4ezav9xgbwaqtn600lc_4,943
n4ezav9xgbwaqtn600lc_5,943
n4ezav9xgbwaqtn600lc_7,781
n4ezav9xgbwaqtn600lc_11,39
n4ezav9xgbwaqtn600lc_14,300
n4ezav9xgbwaqtn600lc_17,440
n4ezav9xgbwaqtn600lc_18,943
n4ezav9xgbwaqtn600lc_23,279
n4ezav9xgbwaqtn600lc_24,165
n4ezav9xgbwaqtn600lc_29,607
n4ezav9xgbwaqtn600lc_37,300
n4ezav9xgbwaqtn600lc_44,39
n4ezav9xgbwaqtn600lc_51,39
n4ezav9xgbwaqtn600lc_52,300
n4ezav9xgbwaqtn600lc_56,402
n4ezav9xgbwaqtn600lc_57,90
n4ezav9xgbwaqtn600lc_58,943
n4ezav9xgbwaqtn600lc_59,300
wczojo8uwh9ksb4zvnf6_0,965
wczojo8uwh9ksb4zvnf6_2,571
wczojo8uwh9ksb4zvnf6_3,565
wczojo8uwh9ksb4zvnf6_8,965
wczojo8uwh9ksb4zvnf6_9,606
wczojo8uwh9ksb4zvnf6_10,729
wczojo8uwh9ksb4zvnf6_13,720
wczojo8uwh9ksb4zvnf6_16,295
wczojo8uwh9ksb4zvnf6_17,25
wczojo8uwh9ksb4zvnf6_20,101
wczojo8uwh9ksb4zvnf6_21,101
wczojo8uwh9ksb4zvnf6_36,111
wczojo8uwh9ksb4zvnf6_42,9
wczojo8uwh9ksb4zvnf6_43,678
wczojo8uwh9ksb4zvnf6_49,907
wczojo8uwh9ksb4zvnf6_51,9
wczojo8uwh9ksb4zvnf6_57,415
dboejpi3lgdau4ifx24j_3,607
dboejpi3lgdau4ifx24j_5,543
dboejpi3lgdau4ifx24j_8,960
dboejpi3lgdau4ifx24j_11,960
dboejpi3lgdau4ifx24j_12,960
dboejpi3lgdau4ifx24j_14,960
dboejpi3lgdau4ifx24j_17,960
dboejpi3lgdau4ifx24j_21,960
dboejpi3lgdau4ifx24j_23,960
dboejpi3lgdau4ifx24j_31,960
dboejpi3lgdau4ifx24j_48,960
dboejpi3lgdau4ifx24j_53,960
dboejpi3lgdau4ifx24j_56,960
dboejpi3lgdau4ifx24j_60,960
vn9w2qp9tvfagv6df8yb_1,610
vn9w2qp9tvfagv6df8yb_6,908
vn9w2qp9tvfagv6df8yb_7,879
vn9w2qp9tvfagv6df8yb_8,503
vn9w2qp9tvfagv6df8yb_11,141
vn9w2qp9tvfagv6df8yb_12,101
vn9w2qp9tvfagv6df8yb_17,353
vn9w2qp9tvfagv6df8yb_19,101
vn9w2qp9tvfagv6df8yb_20,610
vn9w2qp9tvfagv6df8yb_50,719
vn9w2qp9tvfagv6df8yb_57,201
oodga7o336v3pkzlw2vc_5,65
oodga7o336v3pkzlw2vc_6,595
oodga7o336v3pkzlw2vc_13,65
oodga7o336v3pkzlw2vc_18,363
oodga7o336v3pkzlw2vc_35,386
oodga7o336v3pkzlw2vc_39,109
oodga7o336v3pkzlw2vc_44,123
oodga7o336v3pkzlw2vc_46,123
htbixpr1dufmswyvudzz_3,995
htbixpr1dufmswyvudzz_4,732
htbixpr1dufmswyvudzz_5,211
htbixpr1dufmswyvudzz_6,211
htbixpr1dufmswyvudzz_13,995
htbixpr1dufmswyvudzz_14,995
htbixpr1dufmswyvudzz_16,608
htbixpr1dufmswyvudzz_18,995
htbixpr1dufmswyvudzz_21,995
htbixpr1dufmswyvudzz_25,958
htbixpr1dufmswyvudzz_29,732
htbixpr1dufmswyvudzz_32,995
htbixpr1dufmswyvudzz_34,995
htbixpr1dufmswyvudzz_37,211
htbixpr1dufmswyvudzz_38,499
htbixpr1dufmswyvudzz_40,538
htbixpr1dufmswyvudzz_53,995
htbixpr1dufmswyvudzz_57,969
htbixpr1dufmswyvudzz_60,973
z3vp51vh506nqhm72iwk_9,362
z3vp51vh506nqhm72iwk_14,491
z3vp51vh506nqhm72iwk_15,491
z3vp51vh506nqhm72iwk_18,781
z3vp51vh506nqhm72iwk_20,135
z3vp51vh506nqhm72iwk_23,135
z3vp51vh506nqhm72iwk_25,440
z3vp51vh506nqhm72iwk_28,875
z3vp51vh506nqhm72iwk_29,279
z3vp51vh506nqhm72iwk_30,135
z3vp51vh506nqhm72iwk_31,135
z3vp51vh506nqhm72iwk_36,279
z3vp51vh506nqhm72iwk_37,279
z3vp51vh506nqhm72iwk_38,279
z3vp51vh506nqhm72iwk_40,294
z3vp51vh506nqhm72iwk_41,781
z3vp51vh506nqhm72iwk_45,279
tu3ce5lafajmrw57gcb6_3,729
tu3ce5lafajmrw57gcb6_4,346
tu3ce5lafajmrw57gcb6_5,346
tu3ce5lafajmrw57gcb6_7,346
tu3ce5lafajmrw57gcb6_17,9
tu3ce5lafajmrw57gcb6_43,405
tu3ce5lafajmrw57gcb6_46,513
tu3ce5lafajmrw57gcb6_49,729
tu3ce5lafajmrw57gcb6_54,1022
tu3ce5lafajmrw57gcb6_58,729
tu3ce5lafajmrw57gcb6_62,39
21mv75bckqu926gc5b52_1,614
21mv75bckqu926gc5b52_3,288
21mv75bckqu926gc5b52_6,294
21mv75bckqu926gc5b52_7,294
21mv75bckqu926gc5b52_10,943
21mv75bckqu926gc5b52_12,543
21mv75bckqu926gc5b52_14,239
21mv75bckqu926gc5b52_19,614
21mv75bckqu926gc5b52_21,943
21mv75bckqu926gc5b52_24,614
21mv75bckqu926gc5b52_27,614
21mv75bckqu926gc5b52_28,288
21mv75bckqu926gc5b52_36,288
21mv75bckqu926gc5b52_45,943
21mv75bckqu926gc5b52_59,513
si4r7yu8rgdd9zn075gm_1,907
si4r7yu8rgdd9zn075gm_5,346
si4r7yu8rgdd9zn075gm_7,346
si4r7yu8rgdd9zn075gm_13,346
si4r7yu8rgdd9zn075gm_20,39
si4r7yu8rgdd9zn075gm_22,346
si4r7yu8rgdd9zn075gm_33,346
si4r7yu8rgdd9zn075gm_38,346
si4r7yu8rgdd9zn075gm_40,907
si4r7yu8rgdd9zn075gm_49,729
s4pgyh6hd1bmnuf6x7n8_0,646
s4pgyh6hd1bmnuf6x7n8_6,646
s4pgyh6hd1bmnuf6x7n8_8,646
s4pgyh6hd1bmnuf6x7n8_14,646
s4pgyh6hd1bmnuf6x7n8_21,646
s4pgyh6hd1bmnuf6x7n8_22,440
s4pgyh6hd1bmnuf6x7n8_26,646
s4pgyh6hd1bmnuf6x7n8_29,646
s4pgyh6hd1bmnuf6x7n8_30,75
s4pgyh6hd1bmnuf6x7n8_33,646
s4pgyh6hd1bmnuf6x7n8_36,646
s4pgyh6hd1bmnuf6x7n8_38,719
s4pgyh6hd1bmnuf6x7n8_41,607
s4pgyh6hd1bmnuf6x7n8_43,646
s4pgyh6hd1bmnuf6x7n8_49,646
s4pgyh6hd1bmnuf6x7n8_52,607
s4pgyh6hd1bmnuf6x7n8_58,646
r3exgwq84ijzsgis3uqi_4,346
r3exgwq84ijzsgis3uqi_11,346
r3exgwq84ijzsgis3uqi_15,346
r3exgwq84ijzsgis3uqi_16,239
r3exgwq84ijzsgis3uqi_18,9
r3exgwq84ijzsgis3uqi_19,346
r3exgwq84ijzsgis3uqi_21,39
r3exgwq84ijzsgis3uqi_24,729
r3exgwq84ijzsgis3uqi_26,346
r3exgwq84ijzsgis3uqi_54,1022
iyr7z7rjdea4e4vazzkm_1,658
iyr7z7rjdea4e4vazzkm_3,943
iyr7z7rjdea4e4vazzkm_5,75
iyr7z7rjdea4e4vazzkm_6,687
iyr7z7rjdea4e4vazzkm_8,337
iyr7z7rjdea4e4vazzkm_9,943
iyr7z7rjdea4e4vazzkm_10,337
iyr7z7rjdea4e4vazzkm_11,258
iyr7z7rjdea4e4vazzkm_13,317
iyr7z7rjdea4e4vazzkm_14,230
iyr7z7rjdea4e4vazzkm_17,933
iyr7z7rjdea4e4vazzkm_25,658
iyr7z7rjdea4e4vazzkm_27,337
iyr7z7rjdea4e4vazzkm_49,337
iyr7z7rjdea4e4vazzkm_57,337
axh5eq159dpvssej4usf_1,833
axh5eq159dpvssej4usf_3,752
axh5eq159dpvssej4usf_5,702
axh5eq159dpvssej4usf_9,600
axh5eq159dpvssej4usf_10,600
axh5eq159dpvssej4usf_18,833
axh5eq159dpvssej4usf_26,833
axh5eq159dpvssej4usf_38,702
axh5eq159dpvssej4usf_43,833
axh5eq159dpvssej4usf_44,600
axh5eq159dpvssej4usf_47,702
axh5eq159dpvssej4usf_54,702
axh5eq159dpvssej4usf_63,402
1lz3oxrxdkrxpayvfxbo_5,664
1lz3oxrxdkrxpayvfxbo_6,877
1lz3oxrxdkrxpayvfxbo_8,120
1lz3oxrxdkrxpayvfxbo_10,72
1lz3oxrxdkrxpayvfxbo_12,450
1lz3oxrxdkrxpayvfxbo_16,120
1lz3oxrxdkrxpayvfxbo_18,628
1lz3oxrxdkrxpayvfxbo_21,321
1lz3oxrxdkrxpayvfxbo_22,157
1lz3oxrxdkrxpayvfxbo_25,684
1lz3oxrxdkrxpayvfxbo_30,66
1lz3oxrxdkrxpayvfxbo_38,724
1lz3oxrxdkrxpayvfxbo_54,537
1lz3oxrxdkrxpayvfxbo_55,979
1lz3oxrxdkrxpayvfxbo_56,971
1lz3oxrxdkrxpayvfxbo_62,433
d3vh0xamkmqvb6vx1i9d_0,633
d3vh0xamkmqvb6vx1i9d_3,894
d3vh0xamkmqvb6vx1i9d_10,894
d3vh0xamkmqvb6vx1i9d_11,894
d3vh0xamkmqvb6vx1i9d_17,894
d3vh0xamkmqvb6vx1i9d_22,894
d3vh0xamkmqvb6vx1i9d_24,633
d3vh0xamkmqvb6vx1i9d_33,894
d3vh0xamkmqvb6vx1i9d_35,894
d3vh0xamkmqvb6vx1i9d_36,894
d3vh0xamkmqvb6vx1i9d_40,894
d3vh0xamkmqvb6vx1i9d_41,839
d3vh0xamkmqvb6vx1i9d_42,894
d3vh0xamkmqvb6vx1i9d_44,894
d3vh0xamkmqvb6vx1i9d_49,525
d3vh0xamkmqvb6vx1i9d_52,894
d3vh0xamkmqvb6vx1i9d_59,525
fnuetzxartit9eq10e6g_7,252
fnuetzxartit9eq10e6g_13,1019
fnuetzxartit9eq10e6g_14,880
fnuetzxartit9eq10e6g_15,164
fnuetzxartit9eq10e6g_22,1019
fnuetzxartit9eq10e6g_29,507
fnuetzxartit9eq10e6g_31,450
fnuetzxartit9eq10e6g_33,72
fnuetzxartit9eq10e6g_37,157
fnuetzxartit9eq10e6g_40,1014
fnuetzxartit9eq10e6g_43,724
fnuetzxartit9eq10e6g_50,979
fnuetzxartit9eq10e6g_51,546
fnuetzxartit9eq10e6g_56,494
fnuetzxartit9eq10e6g_58,289
fnuetzxartit9eq10e6g_59,289
fnuetzxartit9eq10e6g_63,29
k3dlxcwek2pekjrdhll5_2,587
k3dlxcwek2pekjrdhll5_4,144
k3dlxcwek2pekjrdhll5_5,587
k3dlxcwek2pekjrdhll5_6,633
k3dlxcwek2pekjrdhll5_7,877
k3dlxcwek2pekjrdhll5_13,15
k3dlxcwek2pekjrdhll5_17,587
k3dlxcwek2pekjrdhll5_19,321
k3dlxcwek2pekjrdhll5_20,587
k3dlxcwek2pekjrdhll5_39,390
k3dlxcwek2pekjrdhll5_46,587
k3dlxcwek2pekjrdhll5_62,390
joci4xqbveo7y1gwln1y_4,436
joci4xqbveo7y1gwln1y_6,272
joci4xqbveo7y1gwln1y_7,959
joci4xqbveo7y1gwln1y_8,15
joci4xqbveo7y1gwln1y_12,436
joci4xqbveo7y1gwln1y_13,410
joci4xqbveo7y1gwln1y_16,15
joci4xqbveo7y1gwln1y_27,436
joci4xqbveo7y1gwln1y_37,889
joci4xqbveo7y1gwln1y_38,535
joci4xqbveo7y1gwln1y_48,970
joci4xqbveo7y1gwln1y_49,970
joci4xqbveo7y1gwln1y_52,436
joci4xqbveo7y1gwln1y_56,96
joci4xqbveo7y1gwln1y_60,1016
joci4xqbveo7y1gwln1y_61,1016
joci4xqbveo7y1gwln1y_62,163
kfbmdcaie3dbptfc769i_7,877
kfbmdcaie3dbptfc769i_11,587
kfbmdcaie3dbptfc769i_12,587
kfbmdcaie3dbptfc769i_23,150
kfbmdcaie3dbptfc769i_29,1010
kfbmdcaie3dbptfc769i_32,587
kfbmdcaie3dbptfc769i_37,390
kfbmdcaie3dbptfc769i_56,390
kfbmdcaie3dbptfc769i_57,390
kfbmdcaie3dbptfc769i_61,994
b4sp7omy49dvgoq7nl3o_5,664
b4sp7omy49dvgoq7nl3o_7,877
b4sp7omy49dvgoq7nl3o_8,120
b4sp7omy49dvgoq7nl3o_29,66
b4sp7omy49dvgoq7nl3o_37,66
b4sp7omy49dvgoq7nl3o_38,724
b4sp7omy49dvgoq7nl3o_40,120
b4sp7omy49dvgoq7nl3o_49,433
b4sp7omy49dvgoq7nl3o_56,971
pe425kg0z5jyh92e9y2d_0,321
pe425kg0z5jyh92e9y2d_2,122
pe425kg0z5jyh92e9y2d_3,122
pe425kg0z5jyh92e9y2d_6,847
pe425kg0z5jyh92e9y2d_10,122
pe425kg0z5jyh92e9y2d_12,122
pe425kg0z5jyh92e9y2d_19,847
pe425kg0z5jyh92e9y2d_25,263
pe425kg0z5jyh92e9y2d_26,894
pe425kg0z5jyh92e9y2d_28,894
pe425kg0z5jyh92e9y2d_33,122
pe425kg0z5jyh92e9y2d_35,122
pe425kg0z5jyh92e9y2d_36,478
pe425kg0z5jyh92e9y2d_42,263
4q9usw4oz2jlqnx1e00k_2,664
4q9usw4oz2jlqnx1e00k_3,664
4q9usw4oz2jlqnx1e00k_5,664
4q9usw4oz2jlqnx1e00k_6,358
4q9usw4oz2jlqnx1e00k_9,218
4q9usw4oz2jlqnx1e00k_11,72
4q9usw4oz2jlqnx1e00k_13,664
4q9usw4oz2jlqnx1e00k_17,385
4q9usw4oz2jlqnx1e00k_19,72
4q9usw4oz2jlqnx1e00k_22,450
4q9usw4oz2jlqnx1e00k_27,284
4q9usw4oz2jlqnx1e00k_33,227
4q9usw4oz2jlqnx1e00k_37,284
4q9usw4oz2jlqnx1e00k_40,538
4q9usw4oz2jlqnx1e00k_49,284
4q9usw4oz2jlqnx1e00k_50,418
4q9usw4oz2jlqnx1e00k_51,680
4q9usw4oz2jlqnx1e00k_58,418
4q9usw4oz2jlqnx1e00k_59,418
4q9usw4oz2jlqnx1e00k_60,723
hxyukrcic7qrl9cx7v1d_3,144
hxyukrcic7qrl9cx7v1d_4,144
hxyukrcic7qrl9cx7v1d_5,847
hxyukrcic7qrl9cx7v1d_6,847
hxyukrcic7qrl9cx7v1d_9,144
hxyukrcic7qrl9cx7v1d_11,122
hxyukrcic7qrl9cx7v1d_12,122
hxyukrcic7qrl9cx7v1d_16,545
hxyukrcic7qrl9cx7v1d_17,545
hxyukrcic7qrl9cx7v1d_35,468
hxyukrcic7qrl9cx7v1d_39,847
hxyukrcic7qrl9cx7v1d_45,435
hxyukrcic7qrl9cx7v1d_47,847
hxyukrcic7qrl9cx7v1d_51,468
hxyukrcic7qrl9cx7v1d_53,435
hxyukrcic7qrl9cx7v1d_54,478
z4bl41c645yevqscx83e_3,608
z4bl41c645yevqscx83e_6,471
z4bl41c645yevqscx83e_11,499
z4bl41c645yevqscx83e_12,379
z4bl41c645yevqscx83e_22,471
z4bl41c645yevqscx83e_24,608
z4bl41c645yevqscx83e_25,608
z4bl41c645yevqscx83e_27,862
z4bl41c645yevqscx83e_31,471
z4bl41c645yevqscx83e_33,302
z4bl41c645yevqscx83e_34,157
z4bl41c645yevqscx83e_37,471
z4bl41c645yevqscx83e_38,471
z4bl41c645yevqscx83e_40,120
z4bl41c645yevqscx83e_41,749
z4bl41c645yevqscx83e_49,749
z4bl41c645yevqscx83e_50,749
z4bl41c645yevqscx83e_53,7
z4bl41c645yevqscx83e_54,471
z4bl41c645yevqscx83e_58,915
r5mzw874jan1si92dmm3_0,37
r5mzw874jan1si92dmm3_9,643
r5mzw874jan1si92dmm3_12,314
r5mzw874jan1si92dmm3_14,119
r5mzw874jan1si92dmm3_19,992
r5mzw874jan1si92dmm3_21,629
r5mzw874jan1si92dmm3_37,77
r5mzw874jan1si92dmm3_43,504
r5mzw874jan1si92dmm3_46,474
r5mzw874jan1si92dmm3_57,846
r5mzw874jan1si92dmm3_63,939
sanyr5njuhildg2cg317_0,247
sanyr5njuhildg2cg317_7,861
sanyr5njuhildg2cg317_15,574
sanyr5njuhildg2cg317_17,579
sanyr5njuhildg2cg317_26,109
sanyr5njuhildg2cg317_27,827
sanyr5njuhildg2cg317_32,688
sanyr5njuhildg2cg317_40,827
sanyr5njuhildg2cg317_41,456
sanyr5njuhildg2cg317_51,313
sanyr5njuhildg2cg317_56,647
sanyr5njuhildg2cg317_57,289
sanyr5njuhildg2cg317_60,380
r8fdv36zhtaa15gies3r_2,56
r8fdv36zhtaa15gies3r_4,5
r8fdv36zhtaa15gies3r_12,268
r8fdv36zhtaa15gies3r_24,917
r8fdv36zhtaa15gies3r_28,917
r8fdv36zhtaa15gies3r_32,1014
r8fdv36zhtaa15gies3r_38,450
r8fdv36zhtaa15gies3r_40,763
r8fdv36zhtaa15gies3r_41,684
r8fdv36zhtaa15gies3r_43,91
r8fdv36zhtaa15gies3r_44,562
r8fdv36zhtaa15gies3r_46,70
r8fdv36zhtaa15gies3r_47,149
r8fdv36zhtaa15gies3r_49,932
r8fdv36zhtaa15gies3r_52,14
r8fdv36zhtaa15gies3r_54,562
r8fdv36zhtaa15gies3r_57,494
r8fdv36zhtaa15gies3r_61,149
r8fdv36zhtaa15gies3r_62,826
r8fdv36zhtaa15gies3r_63,149
o9tgbc4jahyovdoewjzd_1,255
o9tgbc4jahyovdoewjzd_9,398
o9tgbc4jahyovdoewjzd_12,601
o9tgbc4jahyovdoewjzd_19,456
o9tgbc4jahyovdoewjzd_22,834
o9tgbc4jahyovdoewjzd_27,456
o9tgbc4jahyovdoewjzd_28,14
o9tgbc4jahyovdoewjzd_30,834
o9tgbc4jahyovdoewjzd_33,14
o9tgbc4jahyovdoewjzd_35,285
o9tgbc4jahyovdoewjzd_39,1017
o9tgbc4jahyovdoewjzd_43,52
o9tgbc4jahyovdoewjzd_45,746
o9tgbc4jahyovdoewjzd_49,289
vkfgsd23u15tkdchi22d_4,743
vkfgsd23u15tkdchi22d_7,539
vkfgsd23u15tkdchi22d_15,539
vkfgsd23u15tkdchi22d_24,398
vkfgsd23u15tkdchi22d_25,900
vkfgsd23u15tkdchi22d_27,456
vkfgsd23u15tkdchi22d_33,456
vkfgsd23u15tkdchi22d_42,456
vkfgsd23u15tkdchi22d_63,540
see11ilnrgrmkimhza7j_4,5
see11ilnrgrmkimhza7j_7,861
see11ilnrgrmkimhza7j_11,70
see11ilnrgrmkimhza7j_14,1017
see11ilnrgrmkimhza7j_15,1017
see11ilnrgrmkimhza7j_17,601
see11ilnrgrmkimhza7j_28,867
see11ilnrgrmkimhza7j_43,867
see11ilnrgrmkimhza7j_55,257
n9n7yijdp8vau1qffnx9_24,415
n9n7yijdp8vau1qffnx9_26,946
n9n7yijdp8vau1qffnx9_40,295
n9n7yijdp8vau1qffnx9_41,914
n9n7yijdp8vau1qffnx9_53,209
n9n7yijdp8vau1qffnx9_57,341
n9n7yijdp8vau1qffnx9_58,676
n9n7yijdp8vau1qffnx9_60,341
w38eirdkelets7eqq47u_11,992
w38eirdkelets7eqq47u_12,590
w38eirdkelets7eqq47u_17,219
w38eirdkelets7eqq47u_20,962
w38eirdkelets7eqq47u_22,596
w38eirdkelets7eqq47u_23,581
w38eirdkelets7eqq47u_24,120
w38eirdkelets7eqq47u_28,234
w38eirdkelets7eqq47u_38,209
w38eirdkelets7eqq47u_39,574
w38eirdkelets7eqq47u_42,676
w38eirdkelets7eqq47u_46,209
w38eirdkelets7eqq47u_49,52
w38eirdkelets7eqq47u_52,676
w38eirdkelets7eqq47u_53,403
w38eirdkelets7eqq47u_55,112
w38eirdkelets7eqq47u_58,380
w38eirdkelets7eqq47u_60,836
w38eirdkelets7eqq47u_61,380
w38eirdkelets7eqq47u_63,112
lf30i38t8gua5rfcf9u0_9,932
lf30i38t8gua5rfcf9u0_14,372
lf30i38t8gua5rfcf9u0_20,372
lf30i38t8gua5rfcf9u0_24,120
lf30i38t8gua5rfcf9u0_29,213
lf30i38t8gua5rfcf9u0_31,877
lf30i38t8gua5rfcf9u0_33,932
lf30i38t8gua5rfcf9u0_36,414
lf30i38t8gua5rfcf9u0_39,877
lf30i38t8gua5rfcf9u0_42,489
lf30i38t8gua5rfcf9u0_51,52
lf30i38t8gua5rfcf9u0_53,562
lf30i38t8gua5rfcf9u0_59,418
lf30i38t8gua5rfcf9u0_60,621
tv8d1wqdeybnna5n2d68_9,450
tv8d1wqdeybnna5n2d68_13,33
tv8d1wqdeybnna5n2d68_32,410
tv8d1wqdeybnna5n2d68_33,962
tv8d1wqdeybnna5n2d68_35,867
tv8d1wqdeybnna5n2d68_44,798
tv8d1wqdeybnna5n2d68_54,798
tv8d1wqdeybnna5n2d68_56,647
tv8d1wqdeybnna5n2d68_60,947
tv8d1wqdeybnna5n2d68_61,947
hfehu77q3a3l87rag3kb_20,109
hfehu77q3a3l87rag3kb_21,100
hfehu77q3a3l87rag3kb_24,322
hfehu77q3a3l87rag3kb_26,483
hfehu77q3a3l87rag3kb_31,532
hfehu77q3a3l87rag3kb_37,456
hfehu77q3a3l87rag3kb_38,593
hfehu77q3a3l87rag3kb_42,52
hfehu77q3a3l87rag3kb_47,505
hfehu77q3a3l87rag3kb_50,52
hfehu77q3a3l87rag3kb_53,289
hfehu77q3a3l87rag3kb_58,380
hfehu77q3a3l87rag3kb_59,289
hfehu77q3a3l87rag3kb_60,289
83e7xh3j2kg8zvpn08yx_9,327
83e7xh3j2kg8zvpn08yx_13,33
83e7xh3j2kg8zvpn08yx_25,219
83e7xh3j2kg8zvpn08yx_26,228
83e7xh3j2kg8zvpn08yx_32,98
83e7xh3j2kg8zvpn08yx_33,456
83e7xh3j2kg8zvpn08yx_42,601
83e7xh3j2kg8zvpn08yx_48,149
83e7xh3j2kg8zvpn08yx_53,396
83e7xh3j2kg8zvpn08yx_54,725
83e7xh3j2kg8zvpn08yx_62,947
ef47enm9qdvofltpvxn6_8,98
ef47enm9qdvofltpvxn6_10,284
ef47enm9qdvofltpvxn6_12,1000
ef47enm9qdvofltpvxn6_14,1017
ef47enm9qdvofltpvxn6_17,601
ef47enm9qdvofltpvxn6_21,33
ef47enm9qdvofltpvxn6_25,867
ef47enm9qdvofltpvxn6_32,98
ef47enm9qdvofltpvxn6_35,867
ef47enm9qdvofltpvxn6_43,867
ef47enm9qdvofltpvxn6_44,867
avuslxopd478wzdvjz9z_2,113
avuslxopd478wzdvjz9z_5,23
avuslxopd478wzdvjz9z_6,113
avuslxopd478wzdvjz9z_12,372
avuslxopd478wzdvjz9z_20,111
avuslxopd478wzdvjz9z_21,111
avuslxopd478wzdvjz9z_22,277
avuslxopd478wzdvjz9z_32,1003
avuslxopd478wzdvjz9z_34,693
avuslxopd478wzdvjz9z_37,111
avuslxopd478wzdvjz9z_40,489
avuslxopd478wzdvjz9z_45,150
avuslxopd478wzdvjz9z_47,447
avuslxopd478wzdvjz9z_51,386
avuslxopd478wzdvjz9z_52,400
avuslxopd478wzdvjz9z_54,921
6bcrrkjg50b0hl744lif_5,717
6bcrrkjg50b0hl744lif_16,917
6bcrrkjg50b0hl744lif_25,606
6bcrrkjg50b0hl744lif_27,303
6bcrrkjg50b0hl744lif_43,73
6bcrrkjg50b0hl744lif_46,400
6bcrrkjg50b0hl744lif_54,347
6bcrrkjg50b0hl744lif_56,494
6bcrrkjg50b0hl744lif_57,915
s25grvpcj4cgk6oqz842_4,859
s25grvpcj4cgk6oqz842_5,859
s25grvpcj4cgk6oqz842_6,857
s25grvpcj4cgk6oqz842_8,1014
s25grvpcj4cgk6oqz842_10,24
s25grvpcj4cgk6oqz842_12,372
s25grvpcj4cgk6oqz842_15,946
s25grvpcj4cgk6oqz842_19,295
s25grvpcj4cgk6oqz842_20,295
s25grvpcj4cgk6oqz842_40,311
s25grvpcj4cgk6oqz842_41,489
s25grvpcj4cgk6oqz842_46,946
s25grvpcj4cgk6oqz842_47,946
s25grvpcj4cgk6oqz842_50,227
s25grvpcj4cgk6oqz842_54,914
s25grvpcj4cgk6oqz842_57,915
s25grvpcj4cgk6oqz842_60,341
075bjvvrcntj0hp6r82m_0,389
075bjvvrcntj0hp6r82m_3,389
075bjvvrcntj0hp6r82m_4,743
075bjvvrcntj0hp6r82m_7,539
075bjvvrcntj0hp6r82m_15,539
075bjvvrcntj0hp6r82m_19,439
075bjvvrcntj0hp6r82m_26,688
075bjvvrcntj0hp6r82m_28,601
075bjvvrcntj0hp6r82m_35,336
075bjvvrcntj0hp6r82m_40,688
075bjvvrcntj0hp6r82m_50,688
075bjvvrcntj0hp6r82m_51,50
075bjvvrcntj0hp6r82m_58,639
075bjvvrcntj0hp6r82m_62,257
0xunyycu8i6fgt29vw2r_3,119
0xunyycu8i6fgt29vw2r_5,49
0xunyycu8i6fgt29vw2r_8,965
0xunyycu8i6fgt29vw2r_18,643
0xunyycu8i6fgt29vw2r_23,895
0xunyycu8i6fgt29vw2r_36,408
0xunyycu8i6fgt29vw2r_40,1003
0xunyycu8i6fgt29vw2r_41,489
0xunyycu8i6fgt29vw2r_50,52
0xunyycu8i6fgt29vw2r_51,231
0xunyycu8i6fgt29vw2r_54,927
0xunyycu8i6fgt29vw2r_60,341
v6unapa0vggsbhuzvgfx_10,285
v6unapa0vggsbhuzvgfx_14,195
v6unapa0vggsbhuzvgfx_23,539
v6unapa0vggsbhuzvgfx_33,843
v6unapa0vggsbhuzvgfx_37,793
v6unapa0vggsbhuzvgfx_42,488
v6unapa0vggsbhuzvgfx_48,542
v6unapa0vggsbhuzvgfx_49,826
v6unapa0vggsbhuzvgfx_56,542
v6unapa0vggsbhuzvgfx_58,488
80l5gx51c37m7uxuw2k6_12,946
80l5gx51c37m7uxuw2k6_20,946
80l5gx51c37m7uxuw2k6_23,62
80l5gx51c37m7uxuw2k6_25,138
80l5gx51c37m7uxuw2k6_27,295
80l5gx51c37m7uxuw2k6_29,946
80l5gx51c37m7uxuw2k6_34,838
80l5gx51c37m7uxuw2k6_37,528
80l5gx51c37m7uxuw2k6_40,494
hi9y6f5k8219of6eaarx_10,437
hi9y6f5k8219of6eaarx_24,965
hi9y6f5k8219of6eaarx_29,57
hi9y6f5k8219of6eaarx_36,73
hi9y6f5k8219of6eaarx_37,655
hi9y6f5k8219of6eaarx_42,606
hi9y6f5k8219of6eaarx_45,655
hi9y6f5k8219of6eaarx_47,655
hi9y6f5k8219of6eaarx_53,73
hi9y6f5k8219of6eaarx_56,302
hi9y6f5k8219of6eaarx_58,415
hi9y6f5k8219of6eaarx_59,291
hi9y6f5k8219of6eaarx_60,73
hi9y6f5k8219of6eaarx_61,73
hi9y6f5k8219of6eaarx_62,655
63edga3ytjr7rctd4vly_0,62
63edga3ytjr7rctd4vly_5,958
63edga3ytjr7rctd4vly_21,596
63edga3ytjr7rctd4vly_23,409
63edga3ytjr7rctd4vly_25,801
63edga3ytjr7rctd4vly_28,862
63edga3ytjr7rctd4vly_30,596
63edga3ytjr7rctd4vly_32,801
63edga3ytjr7rctd4vly_34,231
63edga3ytjr7rctd4vly_37,596
63edga3ytjr7rctd4vly_42,792
63edga3ytjr7rctd4vly_44,794
63edga3ytjr7rctd4vly_45,834
63edga3ytjr7rctd4vly_46,746
63edga3ytjr7rctd4vly_47,574
63edga3ytjr7rctd4vly_54,151
63edga3ytjr7rctd4vly_62,947
lizxkakx25pc8tj4d1f8_0,194
lizxkakx25pc8tj4d1f8_13,705
lizxkakx25pc8tj4d1f8_14,298
lizxkakx25pc8tj4d1f8_16,256
lizxkakx25pc8tj4d1f8_18,838
lizxkakx25pc8tj4d1f8_23,946
lizxkakx25pc8tj4d1f8_25,213
lizxkakx25pc8tj4d1f8_28,295
lizxkakx25pc8tj4d1f8_38,946
lizxkakx25pc8tj4d1f8_40,322
lizxkakx25pc8tj4d1f8_43,52
lizxkakx25pc8tj4d1f8_45,946
lizxkakx25pc8tj4d1f8_50,693
lizxkakx25pc8tj4d1f8_52,415
lizxkakx25pc8tj4d1f8_54,946
lizxkakx25pc8tj4d1f8_55,946
lizxkakx25pc8tj4d1f8_57,418
lizxkakx25pc8tj4d1f8_61,935
lizxkakx25pc8tj4d1f8_63,946
0xo9jpenn1158n5acgxg_2,717
0xo9jpenn1158n5acgxg_3,1009
0xo9jpenn1158n5acgxg_9,24
0xo9jpenn1158n5acgxg_11,705
0xo9jpenn1158n5acgxg_16,369
0xo9jpenn1158n5acgxg_17,72
0xo9jpenn1158n5acgxg_25,375
0xo9jpenn1158n5acgxg_29,97
0xo9jpenn1158n5acgxg_34,437
0xo9jpenn1158n5acgxg_35,437
0xo9jpenn1158n5acgxg_38,437
0xo9jpenn1158n5acgxg_43,437
0xo9jpenn1158n5acgxg_48,756
0xo9jpenn1158n5acgxg_49,756
0xo9jpenn1158n5acgxg_51,224
0xo9jpenn1158n5acgxg_54,403
0xo9jpenn1158n5acgxg_57,846
0xo9jpenn1158n5acgxg_58,443
n8qhqtitn9i1lta45syp_8,194
n8qhqtitn9i1lta45syp_11,372
n8qhqtitn9i1lta45syp_13,705
n8qhqtitn9i1lta45syp_14,298
n8qhqtitn9i1lta45syp_19,372
n8qhqtitn9i1lta45syp_21,946
n8qhqtitn9i1lta45syp_25,213
n8qhqtitn9i1lta45syp_37,935
n8qhqtitn9i1lta45syp_38,946
n8qhqtitn9i1lta45syp_39,946
n8qhqtitn9i1lta45syp_45,946
n8qhqtitn9i1lta45syp_48,311
n8qhqtitn9i1lta45syp_49,320
n8qhqtitn9i1lta45syp_51,415
n8qhqtitn9i1lta45syp_53,946
n8qhqtitn9i1lta45syp_54,946
n8qhqtitn9i1lta45syp_55,946
n8qhqtitn9i1lta45syp_62,946
n8qhqtitn9i1lta45syp_63,946
8ay1iw5odi1o3s8jmrdw_3,49
8ay1iw5odi1o3s8jmrdw_24,1010
8ay1iw5odi1o3s8jmrdw_29,961
8ay1iw5odi1o3s8jmrdw_33,62
8ay1iw5odi1o3s8jmrdw_35,7
8ay1iw5odi1o3s8jmrdw_43,900
8ay1iw5odi1o3s8jmrdw_46,666
8ay1iw5odi1o3s8jmrdw_48,1003
8ay1iw5odi1o3s8jmrdw_50,504
8ay1iw5odi1o3s8jmrdw_53,270
8ay1iw5odi1o3s8jmrdw_55,361
8ay1iw5odi1o3s8jmrdw_57,570
im4f9ja9zhwwm1nt444a_10,590
im4f9ja9zhwwm1nt444a_14,372
im4f9ja9zhwwm1nt444a_18,320
im4f9ja9zhwwm1nt444a_19,590
im4f9ja9zhwwm1nt444a_22,414
im4f9ja9zhwwm1nt444a_25,138
im4f9ja9zhwwm1nt444a_26,489
im4f9ja9zhwwm1nt444a_27,60
im4f9ja9zhwwm1nt444a_35,696
im4f9ja9zhwwm1nt444a_41,489
im4f9ja9zhwwm1nt444a_51,298
im4f9ja9zhwwm1nt444a_54,502
im4f9ja9zhwwm1nt444a_62,502
v3efdnkthmwpp5wid8g3_3,2
v3efdnkthmwpp5wid8g3_15,987
v3efdnkthmwpp5wid8g3_26,2
v3efdnkthmwpp5wid8g3_27,2
v3efdnkthmwpp5wid8g3_30,596
v3efdnkthmwpp5wid8g3_31,409
v3efdnkthmwpp5wid8g3_34,2
v3efdnkthmwpp5wid8g3_40,586
v3efdnkthmwpp5wid8g3_41,2
v3efdnkthmwpp5wid8g3_47,675
v3efdnkthmwpp5wid8g3_50,891
v3efdnkthmwpp5wid8g3_51,2
v3efdnkthmwpp5wid8g3_53,448
v3efdnkthmwpp5wid8g3_57,400
v3efdnkthmwpp5wid8g3_62,347
flzzfq5he4tmlzj16td0_16,961
flzzfq5he4tmlzj16td0_17,961
flzzfq5he4tmlzj16td0_19,992
flzzfq5he4tmlzj16td0_20,372
flzzfq5he4tmlzj16td0_24,1010
flzzfq5he4tmlzj16td0_26,886
flzzfq5he4tmlzj16td0_33,62
flzzfq5he4tmlzj16td0_37,216
flzzfq5he4tmlzj16td0_38,376
flzzfq5he4tmlzj16td0_40,450
flzzfq5he4tmlzj16td0_41,749
flzzfq5he4tmlzj16td0_43,900
flzzfq5he4tmlzj16td0_44,255
flzzfq5he4tmlzj16td0_49,792
flzzfq5he4tmlzj16td0_52,50
flzzfq5he4tmlzj16td0_55,361
flzzfq5he4tmlzj16td0_57,570
flzzfq5he4tmlzj16td0_62,570
1og9ytmm8stj4m849zsg_1,218
1og9ytmm8stj4m849zsg_4,404
1og9ytmm8stj4m849zsg_6,996
1og9ytmm8stj4m849zsg_11,396
1og9ytmm8stj4m849zsg_15,137
1og9ytmm8stj4m849zsg_25,680
1og9ytmm8stj4m849zsg_27,848
1og9ytmm8stj4m849zsg_31,137
1og9ytmm8stj4m849zsg_39,981
1og9ytmm8stj4m849zsg_42,227
1og9ytmm8stj4m849zsg_43,156
1og9ytmm8stj4m849zsg_44,696
1og9ytmm8stj4m849zsg_62,939
lbsled2j074rbol6t688_13,992
lbsled2j074rbol6t688_21,255
lbsled2j074rbol6t688_37,398
lbsled2j074rbol6t688_44,273
lbsled2j074rbol6t688_51,505
lbsled2j074rbol6t688_53,676
lbsled2j074rbol6t688_61,639
lbsled2j074rbol6t688_63,939
nnal8wll7nvlq4pim0ic_7,650
nnal8wll7nvlq4pim0ic_9,371
nnal8wll7nvlq4pim0ic_12,24
nnal8wll7nvlq4pim0ic_17,932
nnal8wll7nvlq4pim0ic_30,676
nnal8wll7nvlq4pim0ic_35,517
nnal8wll7nvlq4pim0ic_36,792
nnal8wll7nvlq4pim0ic_42,517
nnal8wll7nvlq4pim0ic_45,794
56c73yescmtts5x7qavf_1,5
56c73yescmtts5x7qavf_12,991
56c73yescmtts5x7qavf_16,256
56c73yescmtts5x7qavf_17,320
56c73yescmtts5x7qavf_30,742
56c73yescmtts5x7qavf_32,256
56c73yescmtts5x7qavf_37,234
56c73yescmtts5x7qavf_53,693
zn21wt6nrj89lpxd9m99_3,5
zn21wt6nrj89lpxd9m99_8,917
zn21wt6nrj89lpxd9m99_13,507
zn21wt6nrj89lpxd9m99_21,450
zn21wt6nrj89lpxd9m99_25,72
zn21wt6nrj89lpxd9m99_32,917
zn21wt6nrj89lpxd9m99_44,72
zn21wt6nrj89lpxd9m99_49,749
zn21wt6nrj89lpxd9m99_52,450
zn21wt6nrj89lpxd9m99_54,197
zn21wt6nrj89lpxd9m99_62,400
t8sdrnolbdiwf39t0ppg_14,382
t8sdrnolbdiwf39t0ppg_15,987
t8sdrnolbdiwf39t0ppg_20,2
t8sdrnolbdiwf39t0ppg_25,801
t8sdrnolbdiwf39t0ppg_28,2
t8sdrnolbdiwf39t0ppg_31,409
t8sdrnolbdiwf39t0ppg_32,453
t8sdrnolbdiwf39t0ppg_34,2
t8sdrnolbdiwf39t0ppg_41,2
t8sdrnolbdiwf39t0ppg_47,675
t8sdrnolbdiwf39t0ppg_49,2
t8sdrnolbdiwf39t0ppg_51,2
t8sdrnolbdiwf39t0ppg_54,215
t8sdrnolbdiwf39t0ppg_56,7
t8sdrnolbdiwf39t0ppg_58,2
g7bnhhjbf5op5wzob1by_15,633
g7bnhhjbf5op5wzob1by_18,932
g7bnhhjbf5op5wzob1by_20,483
g7bnhhjbf5op5wzob1by_21,483
g7bnhhjbf5op5wzob1by_26,483
g7bnhhjbf5op5wzob1by_30,488
g7bnhhjbf5op5wzob1by_31,981
g7bnhhjbf5op5wzob1by_41,376
g7bnhhjbf5op5wzob1by_55,502
g7bnhhjbf5op5wzob1by_59,196
g7bnhhjbf5op5wzob1by_60,196
g7bnhhjbf5op5wzob1by_63,137
skln36g0hxqbqn61u88x_17,827
skln36g0hxqbqn61u88x_21,672
skln36g0hxqbqn61u88x_33,827
skln36g0hxqbqn61u88x_35,827
skln36g0hxqbqn61u88x_40,98
skln36g0hxqbqn61u88x_42,827
skln36g0hxqbqn61u88x_43,798
skln36g0hxqbqn61u88x_46,798
skln36g0hxqbqn61u88x_49,826
skln36g0hxqbqn61u88x_58,126
skln36g0hxqbqn61u88x_60,947
skln36g0hxqbqn61u88x_62,947
2878rb3g5mzdb972oe7p_21,439
2878rb3g5mzdb972oe7p_22,439
2878rb3g5mzdb972oe7p_26,367
2878rb3g5mzdb972oe7p_30,308
2878rb3g5mzdb972oe7p_31,827
2878rb3g5mzdb972oe7p_35,827
2878rb3g5mzdb972oe7p_37,386
2878rb3g5mzdb972oe7p_41,367
2878rb3g5mzdb972oe7p_44,827
2878rb3g5mzdb972oe7p_45,403
2878rb3g5mzdb972oe7p_46,504
2878rb3g5mzdb972oe7p_51,723
2878rb3g5mzdb972oe7p_53,495
2878rb3g5mzdb972oe7p_54,126
2878rb3g5mzdb972oe7p_55,504
2878rb3g5mzdb972oe7p_57,418
2878rb3g5mzdb972oe7p_58,723
2878rb3g5mzdb972oe7p_59,723
2878rb3g5mzdb972oe7p_61,289
jjklb6sosj41dxyzy1fu_19,99
jjklb6sosj41dxyzy1fu_22,472
jjklb6sosj41dxyzy1fu_23,212
jjklb6sosj41dxyzy1fu_24,827
jjklb6sosj41dxyzy1fu_34,219
jjklb6sosj41dxyzy1fu_37,495
jjklb6sosj41dxyzy1fu_50,495
jjklb6sosj41dxyzy1fu_55,212
rsjhebbiaqsko2m6va4e_3,787
rsjhebbiaqsko2m6va4e_4,787
rsjhebbiaqsko2m6va4e_5,918
rsjhebbiaqsko2m6va4e_16,918
rsjhebbiaqsko2m6va4e_17,327
rsjhebbiaqsko2m6va4e_24,249
rsjhebbiaqsko2m6va4e_34,827
rsjhebbiaqsko2m6va4e_39,208
rsjhebbiaqsko2m6va4e_44,826
rsjhebbiaqsko2m6va4e_54,798
rsjhebbiaqsko2m6va4e_57,826
rsjhebbiaqsko2m6va4e_62,947
1e6asxsstgoj8bmilepz_5,918
1e6asxsstgoj8bmilepz_17,367
1e6asxsstgoj8bmilepz_19,367
1e6asxsstgoj8bmilepz_25,601
1e6asxsstgoj8bmilepz_29,219
1e6asxsstgoj8bmilepz_32,1014
1e6asxsstgoj8bmilepz_36,992
1e6asxsstgoj8bmilepz_37,216
1e6asxsstgoj8bmilepz_44,501
1e6asxsstgoj8bmilepz_45,452
1e6asxsstgoj8bmilepz_47,562
1e6asxsstgoj8bmilepz_51,792
1e6asxsstgoj8bmilepz_53,900
1e6asxsstgoj8bmilepz_54,443
1e6asxsstgoj8bmilepz_59,126
1e6asxsstgoj8bmilepz_60,126
1e6asxsstgoj8bmilepz_61,126
1e6asxsstgoj8bmilepz_62,126
1e6asxsstgoj8bmilepz_63,112
zzgvlnxdf0zvk3j5e95t_1,389
zzgvlnxdf0zvk3j5e95t_3,389
zzgvlnxdf0zvk3j5e95t_6,260
zzgvlnxdf0zvk3j5e95t_9,164
zzgvlnxdf0zvk3j5e95t_11,164
zzgvlnxdf0zvk3j5e95t_14,208
zzgvlnxdf0zvk3j5e95t_31,208
zzgvlnxdf0zvk3j5e95t_37,812
zzgvlnxdf0zvk3j5e95t_49,826
zzgvlnxdf0zvk3j5e95t_51,14
zzgvlnxdf0zvk3j5e95t_55,212
zzgvlnxdf0zvk3j5e95t_56,852
zzgvlnxdf0zvk3j5e95t_58,313
zzgvlnxdf0zvk3j5e95t_60,826
firrcmm9b4kmvq7pw4ga_17,367
firrcmm9b4kmvq7pw4ga_18,219
firrcmm9b4kmvq7pw4ga_25,99
firrcmm9b4kmvq7pw4ga_35,992
firrcmm9b4kmvq7pw4ga_37,99
firrcmm9b4kmvq7pw4ga_40,495
firrcmm9b4kmvq7pw4ga_41,24
firrcmm9b4kmvq7pw4ga_43,991
firrcmm9b4kmvq7pw4ga_45,867
firrcmm9b4kmvq7pw4ga_50,308
firrcmm9b4kmvq7pw4ga_51,308
firrcmm9b4kmvq7pw4ga_54,867
firrcmm9b4kmvq7pw4ga_56,756
firrcmm9b4kmvq7pw4ga_59,900
firrcmm9b4kmvq7pw4ga_61,289
libj9equod4gd4sg71gr_20,672
libj9equod4gd4sg71gr_32,917
libj9equod4gd4sg71gr_37,99
libj9equod4gd4sg71gr_39,827
libj9equod4gd4sg71gr_43,867
libj9equod4gd4sg71gr_53,826
libj9equod4gd4sg71gr_55,149
libj9equod4gd4sg71gr_63,735
zfi640rzf8fkc5ma39kb_17,367
zfi640rzf8fkc5ma39kb_22,327
zfi640rzf8fkc5ma39kb_25,72
zfi640rzf8fkc5ma39kb_36,14
zfi640rzf8fkc5ma39kb_38,14
zfi640rzf8fkc5ma39kb_39,581
zfi640rzf8fkc5ma39kb_41,628
zfi640rzf8fkc5ma39kb_46,14
zfi640rzf8fkc5ma39kb_53,14
zfi640rzf8fkc5ma39kb_54,826
zfi640rzf8fkc5ma39kb_56,971
zfi640rzf8fkc5ma39kb_62,289
7sqoed8uyik3j835r4jc_10,7
7sqoed8uyik3j835r4jc_24,827
7sqoed8uyik3j835r4jc_25,827
7sqoed8uyik3j835r4jc_28,827
7sqoed8uyik3j835r4jc_33,827
7sqoed8uyik3j835r4jc_34,827
7sqoed8uyik3j835r4jc_35,964
7sqoed8uyik3j835r4jc_36,450
7sqoed8uyik3j835r4jc_40,450
7sqoed8uyik3j835r4jc_42,313
7sqoed8uyik3j835r4jc_45,91
7sqoed8uyik3j835r4jc_48,647
7sqoed8uyik3j835r4jc_52,562
7sqoed8uyik3j835r4jc_54,746
7sqoed8uyik3j835r4jc_58,289
7sqoed8uyik3j835r4jc_62,947
bn2a5smljm52vkljt3t5_19,164
bn2a5smljm52vkljt3t5_20,164
bn2a5smljm52vkljt3t5_23,827
bn2a5smljm52vkljt3t5_30,308
bn2a5smljm52vkljt3t5_31,827
bn2a5smljm52vkljt3t5_43,367
bn2a5smljm52vkljt3t5_47,504
bn2a5smljm52vkljt3t5_52,723
bn2a5smljm52vkljt3t5_53,495
bn2a5smljm52vkljt3t5_54,126
bn2a5smljm52vkljt3t5_61,289
4zghuf4slwx00ag4h230_0,247
4zghuf4slwx00ag4h230_11,472
4zghuf4slwx00ag4h230_22,472
4zghuf4slwx00ag4h230_23,721
4zghuf4slwx00ag4h230_26,989
4zghuf4slwx00ag4h230_29,472
4zghuf4slwx00ag4h230_33,14
4zghuf4slwx00ag4h230_35,867
4zghuf4slwx00ag4h230_36,396
4zghuf4slwx00ag4h230_37,798
4zghuf4slwx00ag4h230_41,774
4zghuf4slwx00ag4h230_50,562
4zghuf4slwx00ag4h230_52,798
4zghuf4slwx00ag4h230_54,798
4zghuf4slwx00ag4h230_55,1017
4zghuf4slwx00ag4h230_56,137
4zghuf4slwx00ag4h230_59,570
4zghuf4slwx00ag4h230_60,570
4zghuf4slwx00ag4h230_62,257
pvtmb7agzl3g8pko54et_10,672
pvtmb7agzl3g8pko54et_16,782
pvtmb7agzl3g8pko54et_18,868
pvtmb7agzl3g8pko54et_24,228
pvtmb7agzl3g8pko54et_25,827
pvtmb7agzl3g8pko54et_26,827
pvtmb7agzl3g8pko54et_28,164
pvtmb7agzl3g8pko54et_32,827
pvtmb7agzl3g8pko54et_35,1009
pvtmb7agzl3g8pko54et_43,826
pvtmb7agzl3g8pko54et_45,798
pvtmb7agzl3g8pko54et_48,852
pvtmb7agzl3g8pko54et_49,63
pvtmb7agzl3g8pko54et_52,798
pvtmb7agzl3g8pko54et_54,227
pvtmb7agzl3g8pko54et_58,126
pvtmb7agzl3g8pko54et_59,126
pvtmb7agzl3g8pko54et_62,947
okwiga3t3cg4dxo10um8_15,918
okwiga3t3cg4dxo10um8_20,580
okwiga3t3cg4dxo10um8_30,164
okwiga3t3cg4dxo10um8_36,507
okwiga3t3cg4dxo10um8_47,247
okwiga3t3cg4dxo10um8_53,546
okwiga3t3cg4dxo10um8_54,546
okwiga3t3cg4dxo10um8_56,494
bxm7vc96gyus6s1nhzww_23,329
bxm7vc96gyus6s1nhzww_24,782
bxm7vc96gyus6s1nhzww_26,367
bxm7vc96gyus6s1nhzww_30,219
bxm7vc96gyus6s1nhzww_35,327
bxm7vc96gyus6s1nhzww_36,219
bxm7vc96gyus6s1nhzww_44,14
bxm7vc96gyus6s1nhzww_48,91
bxm7vc96gyus6s1nhzww_52,255
bxm7vc96gyus6s1nhzww_57,91
bxm7vc96gyus6s1nhzww_60,386
8hri61byftm7pktaju1l_5,56
8hri61byftm7pktaju1l_17,439
8hri61byftm7pktaju1l_28,99
8hri61byftm7pktaju1l_34,560
8hri61byftm7pktaju1l_42,255
8hri61byftm7pktaju1l_45,77
8hri61byftm7pktaju1l_46,77
8hri61byftm7pktaju1l_60,126
mdnnhaskaugv23vqpx8t_2,56
mdnnhaskaugv23vqpx8t_4,389
mdnnhaskaugv23vqpx8t_5,389
mdnnhaskaugv23vqpx8t_6,389
mdnnhaskaugv23vqpx8t_11,672
mdnnhaskaugv23vqpx8t_27,219
mdnnhaskaugv23vqpx8t_30,219
mdnnhaskaugv23vqpx8t_33,367
mdnnhaskaugv23vqpx8t_34,367
mdnnhaskaugv23vqpx8t_35,327
mdnnhaskaugv23vqpx8t_39,219
mdnnhaskaugv23vqpx8t_46,219
mdnnhaskaugv23vqpx8t_52,255
mdnnhaskaugv23vqpx8t_53,826
mdnnhaskaugv23vqpx8t_54,14
mdnnhaskaugv23vqpx8t_55,826
mdnnhaskaugv23vqpx8t_56,971
7o5vrat0gtgu6fp3mv5d_5,918
7o5vrat0gtgu6fp3mv5d_21,99
7o5vrat0gtgu6fp3mv5d_29,827
7o5vrat0gtgu6fp3mv5d_32,917
7o5vrat0gtgu6fp3mv5d_36,495
7o5vrat0gtgu6fp3mv5d_43,867
7o5vrat0gtgu6fp3mv5d_44,14
7o5vrat0gtgu6fp3mv5d_46,504
7o5vrat0gtgu6fp3mv5d_47,735
7o5vrat0gtgu6fp3mv5d_50,91
7o5vrat0gtgu6fp3mv5d_51,554
7o5vrat0gtgu6fp3mv5d_54,826
7o5vrat0gtgu6fp3mv5d_57,418
7o5vrat0gtgu6fp3mv5d_58,418
7o5vrat0gtgu6fp3mv5d_59,723
wifive5el0rh4jdiuu15_10,7
wifive5el0rh4jdiuu15_16,164
wifive5el0rh4jdiuu15_17,219
wifive5el0rh4jdiuu15_19,7
wifive5el0rh4jdiuu15_28,827
wifive5el0rh4jdiuu15_36,450
wifive5el0rh4jdiuu15_40,450
wifive5el0rh4jdiuu15_42,313
wifive5el0rh4jdiuu15_45,91
wifive5el0rh4jdiuu15_47,1017
wifive5el0rh4jdiuu15_49,313
wifive5el0rh4jdiuu15_51,562
wifive5el0rh4jdiuu15_53,867
wifive5el0rh4jdiuu15_60,289
wifive5el0rh4jdiuu15_63,257
o7n9ve00yl07jfnlcb48_13,672
o7n9ve00yl07jfnlcb48_26,99
o7n9ve00yl07jfnlcb48_35,367
o7n9ve00yl07jfnlcb48_36,495
o7n9ve00yl07jfnlcb48_43,867
o7n9ve00yl07jfnlcb48_45,827
o7n9ve00yl07jfnlcb48_47,735
o7n9ve00yl07jfnlcb48_53,826
o7n9ve00yl07jfnlcb48_55,149
h7blje5p14vmbqrqp1lr_11,164
h7blje5p14vmbqrqp1lr_25,862
h7blje5p14vmbqrqp1lr_26,827
h7blje5p14vmbqrqp1lr_31,208
h7blje5p14vmbqrqp1lr_46,33
h7blje5p14vmbqrqp1lr_48,216
h7blje5p14vmbqrqp1lr_49,91
h7blje5p14vmbqrqp1lr_54,798
kiy7f3pxxxtnmsdrxjlw_26,219
kiy7f3pxxxtnmsdrxjlw_28,827
kiy7f3pxxxtnmsdrxjlw_32,827
kiy7f3pxxxtnmsdrxjlw_33,827
kiy7f3pxxxtnmsdrxjlw_34,827
kiy7f3pxxxtnmsdrxjlw_36,450
kiy7f3pxxxtnmsdrxjlw_39,212
kiy7f3pxxxtnmsdrxjlw_40,450
kiy7f3pxxxtnmsdrxjlw_41,313
kiy7f3pxxxtnmsdrxjlw_42,313
kiy7f3pxxxtnmsdrxjlw_43,964
kiy7f3pxxxtnmsdrxjlw_48,647
kiy7f3pxxxtnmsdrxjlw_51,562
kiy7f3pxxxtnmsdrxjlw_53,867
kiy7f3pxxxtnmsdrxjlw_55,257
kiy7f3pxxxtnmsdrxjlw_57,289
kiy7f3pxxxtnmsdrxjlw_59,289
kiy7f3pxxxtnmsdrxjlw_60,289
kiy7f3pxxxtnmsdrxjlw_61,915
tgt4ctcflpu8ch8jkwcy_13,558
tgt4ctcflpu8ch8jkwcy_14,219
tgt4ctcflpu8ch8jkwcy_18,72
tgt4ctcflpu8ch8jkwcy_27,157
tgt4ctcflpu8ch8jkwcy_35,724
tgt4ctcflpu8ch8jkwcy_36,255
tgt4ctcflpu8ch8jkwcy_44,109
tgt4ctcflpu8ch8jkwcy_46,14
tgt4ctcflpu8ch8jkwcy_50,749
tgt4ctcflpu8ch8jkwcy_52,628
tgt4ctcflpu8ch8jkwcy_53,313
tgt4ctcflpu8ch8jkwcy_60,313
tgt4ctcflpu8ch8jkwcy_62,313
4n6mh3n810k5itva696t_14,219
4n6mh3n810k5itva696t_26,456
4n6mh3n810k5itva696t_28,456
4n6mh3n810k5itva696t_29,456
4n6mh3n810k5itva696t_34,137
4n6mh3n810k5itva696t_35,14
4n6mh3n810k5itva696t_36,14
4n6mh3n810k5itva696t_37,14
4n6mh3n810k5itva696t_40,727
4n6mh3n810k5itva696t_41,255
4n6mh3n810k5itva696t_42,398
4n6mh3n810k5itva696t_43,504
4n6mh3n810k5itva696t_44,504
4n6mh3n810k5itva696t_48,971
4n6mh3n810k5itva696t_52,224
4n6mh3n810k5itva696t_55,939
4n6mh3n810k5itva696t_56,494
4n6mh3n810k5itva696t_58,846
4n6mh3n810k5itva696t_59,846
4n6mh3n810k5itva696t_61,380
4cywk7aaa361fov7nuus_16,164
4cywk7aaa361fov7nuus_17,367
4cywk7aaa361fov7nuus_32,91
4cywk7aaa361fov7nuus_46,798
4cywk7aaa361fov7nuus_47,212
4cywk7aaa361fov7nuus_52,308
4cywk7aaa361fov7nuus_54,867
4cywk7aaa361fov7nuus_57,347
4cywk7aaa361fov7nuus_58,900
4cywk7aaa361fov7nuus_59,900
4cywk7aaa361fov7nuus_60,584
4cywk7aaa361fov7nuus_63,667
fwdjqbkuy3sr62mkwlit_8,917
fwdjqbkuy3sr62mkwlit_18,268
fwdjqbkuy3sr62mkwlit_35,367
fwdjqbkuy3sr62mkwlit_43,766
fwdjqbkuy3sr62mkwlit_46,452
fwdjqbkuy3sr62mkwlit_50,749
fwdjqbkuy3sr62mkwlit_52,676
fwdjqbkuy3sr62mkwlit_53,900
fwdjqbkuy3sr62mkwlit_59,846
fwdjqbkuy3sr62mkwlit_63,29
2hx1i3mosfbage3dmm0k_1,522
2hx1i3mosfbage3dmm0k_17,579
2hx1i3mosfbage3dmm0k_20,472
2hx1i3mosfbage3dmm0k_28,472
2hx1i3mosfbage3dmm0k_30,472
2hx1i3mosfbage3dmm0k_39,208
2hx1i3mosfbage3dmm0k_42,396
2hx1i3mosfbage3dmm0k_45,33
2hx1i3mosfbage3dmm0k_46,33
2hx1i3mosfbage3dmm0k_49,562
2hx1i3mosfbage3dmm0k_50,774
2hx1i3mosfbage3dmm0k_51,396
2hx1i3mosfbage3dmm0k_53,798
2hx1i3mosfbage3dmm0k_55,257
2hx1i3mosfbage3dmm0k_61,947
2hx1i3mosfbage3dmm0k_62,257
2hx1i3mosfbage3dmm0k_63,667
rg3f8tk0r9fzitmyr5fc_1,389
rg3f8tk0r9fzitmyr5fc_2,389
rg3f8tk0r9fzitmyr5fc_3,389
rg3f8tk0r9fzitmyr5fc_7,539
rg3f8tk0r9fzitmyr5fc_30,798
rg3f8tk0r9fzitmyr5fc_33,219
rg3f8tk0r9fzitmyr5fc_34,219
rg3f8tk0r9fzitmyr5fc_41,827
rg3f8tk0r9fzitmyr5fc_49,826
rg3f8tk0r9fzitmyr5fc_51,14
rg3f8tk0r9fzitmyr5fc_55,212
rg3f8tk0r9fzitmyr5fc_58,313
rg3f8tk0r9fzitmyr5fc_60,826
rg3f8tk0r9fzitmyr5fc_63,540
imhybblh9haxbq1er609_3,500
imhybblh9haxbq1er609_4,918
imhybblh9haxbq1er609_5,918
imhybblh9haxbq1er609_22,439
imhybblh9haxbq1er609_26,367
imhybblh9haxbq1er609_27,367
imhybblh9haxbq1er609_29,398
imhybblh9haxbq1er609_34,367
imhybblh9haxbq1er609_35,827
imhybblh9haxbq1er609_37,386
imhybblh9haxbq1er609_51,723
imhybblh9haxbq1er609_59,723
imhybblh9haxbq1er609_61,289
iif6u07pqtywu15wz5jh_23,329
iif6u07pqtywu15wz5jh_29,219
iif6u07pqtywu15wz5jh_37,327
iif6u07pqtywu15wz5jh_41,367
iif6u07pqtywu15wz5jh_45,14
iif6u07pqtywu15wz5jh_48,91
iif6u07pqtywu15wz5jh_49,749
iif6u07pqtywu15wz5jh_56,971
iif6u07pqtywu15wz5jh_62,313
obl3tuq8e7y15f2ogz62_11,580
obl3tuq8e7y15f2ogz62_16,164
obl3tuq8e7y15f2ogz62_19,7
obl3tuq8e7y15f2ogz62_32,827
obl3tuq8e7y15f2ogz62_37,798
obl3tuq8e7y15f2ogz62_50,14
obl3tuq8e7y15f2ogz62_51,562
obl3tuq8e7y15f2ogz62_53,867
y5923l4gqpu717sa6flg_17,367
y5923l4gqpu717sa6flg_33,932
y5923l4gqpu717sa6flg_35,298
y5923l4gqpu717sa6flg_36,992
y5923l4gqpu717sa6flg_37,216
y5923l4gqpu717sa6flg_44,501
y5923l4gqpu717sa6flg_45,452
y5923l4gqpu717sa6flg_47,562
y5923l4gqpu717sa6flg_51,792
y5923l4gqpu717sa6flg_55,504
y5923l4gqpu717sa6flg_56,494
y5923l4gqpu717sa6flg_63,112
941m2ieckrkl35e2z08v_5,522
941m2ieckrkl35e2z08v_21,219
941m2ieckrkl35e2z08v_27,268
941m2ieckrkl35e2z08v_30,219
941m2ieckrkl35e2z08v_31,591
941m2ieckrkl35e2z08v_33,932
941m2ieckrkl35e2z08v_36,867
941m2ieckrkl35e2z08v_37,450
941m2ieckrkl35e2z08v_38,827
941m2ieckrkl35e2z08v_39,591
941m2ieckrkl35e2z08v_40,763
941m2ieckrkl35e2z08v_41,684
941m2ieckrkl35e2z08v_43,367
941m2ieckrkl35e2z08v_48,120
941m2ieckrkl35e2z08v_51,826
941m2ieckrkl35e2z08v_52,826
941m2ieckrkl35e2z08v_58,788
941m2ieckrkl35e2z08v_59,418
n3ygj31syi4zowhgq6ig_14,782
n3ygj31syi4zowhgq6ig_24,1002
n3ygj31syi4zowhgq6ig_27,143
n3ygj31syi4zowhgq6ig_28,456
n3ygj31syi4zowhgq6ig_33,255
n3ygj31syi4zowhgq6ig_34,398
n3ygj31syi4zowhgq6ig_36,456
n3ygj31syi4zowhgq6ig_37,14
n3ygj31syi4zowhgq6ig_38,14
n3ygj31syi4zowhgq6ig_41,386
n3ygj31syi4zowhgq6ig_42,14
n3ygj31syi4zowhgq6ig_46,14
n3ygj31syi4zowhgq6ig_47,149
n3ygj31syi4zowhgq6ig_52,14
n3ygj31syi4zowhgq6ig_54,313
n3ygj31syi4zowhgq6ig_57,915
n3ygj31syi4zowhgq6ig_58,126
n3ygj31syi4zowhgq6ig_59,289
n3ygj31syi4zowhgq6ig_61,443
n3ygj31syi4zowhgq6ig_62,1009
e6qph1bzsdxpdhr3i9to_17,827
e6qph1bzsdxpdhr3i9to_21,798
e6qph1bzsdxpdhr3i9to_32,964
e6qph1bzsdxpdhr3i9to_38,798
e6qph1bzsdxpdhr3i9to_40,137
e6qph1bzsdxpdhr3i9to_41,826
e6qph1bzsdxpdhr3i9to_44,798
e6qph1bzsdxpdhr3i9to_46,798
e6qph1bzsdxpdhr3i9to_48,647
e6qph1bzsdxpdhr3i9to_50,562
e6qph1bzsdxpdhr3i9to_51,562
e6qph1bzsdxpdhr3i9to_54,745
e6qph1bzsdxpdhr3i9to_60,947
e6qph1bzsdxpdhr3i9to_61,947
psfpv06vwsmljxa6qsl5_15,558
psfpv06vwsmljxa6qsl5_23,100
psfpv06vwsmljxa6qsl5_26,920
psfpv06vwsmljxa6qsl5_33,932
psfpv06vwsmljxa6qsl5_34,6
psfpv06vwsmljxa6qsl5_35,688
psfpv06vwsmljxa6qsl5_37,219
psfpv06vwsmljxa6qsl5_39,688
psfpv06vwsmljxa6qsl5_41,367
psfpv06vwsmljxa6qsl5_42,749
psfpv06vwsmljxa6qsl5_45,688
psfpv06vwsmljxa6qsl5_46,688
psfpv06vwsmljxa6qsl5_47,688
psfpv06vwsmljxa6qsl5_52,953
psfpv06vwsmljxa6qsl5_53,964
psfpv06vwsmljxa6qsl5_58,570
psfpv06vwsmljxa6qsl5_59,546
psfpv06vwsmljxa6qsl5_62,688
1lwohwllh4trkvo7w3ra_17,398
1lwohwllh4trkvo7w3ra_24,827
1lwohwllh4trkvo7w3ra_26,827
1lwohwllh4trkvo7w3ra_28,827
1lwohwllh4trkvo7w3ra_33,867
1lwohwllh4trkvo7w3ra_34,964
1lwohwllh4trkvo7w3ra_40,647
1lwohwllh4trkvo7w3ra_41,14
1lwohwllh4trkvo7w3ra_44,562
1lwohwllh4trkvo7w3ra_48,562
1lwohwllh4trkvo7w3ra_50,14
1lwohwllh4trkvo7w3ra_51,562
1lwohwllh4trkvo7w3ra_52,14
1lwohwllh4trkvo7w3ra_53,798
1lwohwllh4trkvo7w3ra_56,647
1lwohwllh4trkvo7w3ra_57,289
1lwohwllh4trkvo7w3ra_59,289
1lwohwllh4trkvo7w3ra_60,570
khmlu15jnvkup82lnnnf_18,219
khmlu15jnvkup82lnnnf_26,456
khmlu15jnvkup82lnnnf_27,228
khmlu15jnvkup82lnnnf_28,456
khmlu15jnvkup82lnnnf_29,456
khmlu15jnvkup82lnnnf_33,255
khmlu15jnvkup82lnnnf_34,137
khmlu15jnvkup82lnnnf_37,14
khmlu15jnvkup82lnnnf_41,255
khmlu15jnvkup82lnnnf_42,398
khmlu15jnvkup82lnnnf_43,504
khmlu15jnvkup82lnnnf_44,504
khmlu15jnvkup82lnnnf_45,504
khmlu15jnvkup82lnnnf_46,504
khmlu15jnvkup82lnnnf_51,224
khmlu15jnvkup82lnnnf_52,224
khmlu15jnvkup82lnnnf_56,494
khmlu15jnvkup82lnnnf_58,846
khmlu15jnvkup82lnnnf_62,846
sc3rph0cd08yq4ppgve8_8,1002
sc3rph0cd08yq4ppgve8_14,327
sc3rph0cd08yq4ppgve8_17,622
sc3rph0cd08yq4ppgve8_29,219
sc3rph0cd08yq4ppgve8_31,591
sc3rph0cd08yq4ppgve8_35,867
sc3rph0cd08yq4ppgve8_37,450
sc3rph0cd08yq4ppgve8_45,138
sc3rph0cd08yq4ppgve8_56,494
dfoptdxh7mlgtwrqaiip_1,389
dfoptdxh7mlgtwrqaiip_3,389
dfoptdxh7mlgtwrqaiip_17,219
dfoptdxh7mlgtwrqaiip_25,313
dfoptdxh7mlgtwrqaiip_26,867
dfoptdxh7mlgtwrqaiip_33,313
dfoptdxh7mlgtwrqaiip_34,483
dfoptdxh7mlgtwrqaiip_40,149
dfoptdxh7mlgtwrqaiip_44,826
dfoptdxh7mlgtwrqaiip_46,909
dfoptdxh7mlgtwrqaiip_47,212
dfoptdxh7mlgtwrqaiip_48,81
dfoptdxh7mlgtwrqaiip_49,313
dfoptdxh7mlgtwrqaiip_53,151
dfoptdxh7mlgtwrqaiip_58,289
dfoptdxh7mlgtwrqaiip_59,846
dfoptdxh7mlgtwrqaiip_61,947
rt4mx68n7o4rzmhk0ydb_17,367
rt4mx68n7o4rzmhk0ydb_20,164
rt4mx68n7o4rzmhk0ydb_27,219
rt4mx68n7o4rzmhk0ydb_28,219
rt4mx68n7o4rzmhk0ydb_31,219
rt4mx68n7o4rzmhk0ydb_32,1002
rt4mx68n7o4rzmhk0ydb_34,367
rt4mx68n7o4rzmhk0ydb_37,327
rt4mx68n7o4rzmhk0ydb_38,219
rt4mx68n7o4rzmhk0ydb_43,992
rt4mx68n7o4rzmhk0ydb_44,14
rt4mx68n7o4rzmhk0ydb_46,219
rt4mx68n7o4rzmhk0ydb_47,581
rt4mx68n7o4rzmhk0ydb_48,91
rt4mx68n7o4rzmhk0ydb_51,255
rt4mx68n7o4rzmhk0ydb_58,826
htzyktj4ohuuyb4q9yhm_6,389
htzyktj4ohuuyb4q9yhm_7,389
htzyktj4ohuuyb4q9yhm_37,327
htzyktj4ohuuyb4q9yhm_40,917
htzyktj4ohuuyb4q9yhm_44,14
htzyktj4ohuuyb4q9yhm_50,14
htzyktj4ohuuyb4q9yhm_52,255
htzyktj4ohuuyb4q9yhm_58,826
htzyktj4ohuuyb4q9yhm_61,836
ytty0atpxisyigdk4oo0_26,255
ytty0atpxisyigdk4oo0_27,507
ytty0atpxisyigdk4oo0_30,14
ytty0atpxisyigdk4oo0_31,591
ytty0atpxisyigdk4oo0_35,209
ytty0atpxisyigdk4oo0_36,14
ytty0atpxisyigdk4oo0_37,14
ytty0atpxisyigdk4oo0_39,149
ytty0atpxisyigdk4oo0_45,14
ytty0atpxisyigdk4oo0_52,504
ytty0atpxisyigdk4oo0_53,1009
ytty0atpxisyigdk4oo0_59,126
ytty0atpxisyigdk4oo0_60,126
ytty0atpxisyigdk4oo0_62,836
msim6asc8dbnljn2824t_18,398
msim6asc8dbnljn2824t_26,219
msim6asc8dbnljn2824t_35,964
msim6asc8dbnljn2824t_46,798
msim6asc8dbnljn2824t_51,562
msim6asc8dbnljn2824t_56,756
msim6asc8dbnljn2824t_58,289
msim6asc8dbnljn2824t_63,257
38osyse5pg25zb2npjj6_13,99
38osyse5pg25zb2npjj6_17,327
38osyse5pg25zb2npjj6_18,601
38osyse5pg25zb2npjj6_19,327
38osyse5pg25zb2npjj6_27,806
38osyse5pg25zb2npjj6_30,99
38osyse5pg25zb2npjj6_34,827
38osyse5pg25zb2npjj6_39,581
38osyse5pg25zb2npjj6_40,647
38osyse5pg25zb2npjj6_43,495
38osyse5pg25zb2npjj6_44,91
38osyse5pg25zb2npjj6_45,91
38osyse5pg25zb2npjj6_52,601
38osyse5pg25zb2npjj6_54,798
38osyse5pg25zb2npjj6_55,112
38osyse5pg25zb2npjj6_63,257
dwvtfkjhxbaienoaquwu_19,867
dwvtfkjhxbaienoaquwu_24,827
dwvtfkjhxbaienoaquwu_25,867
dwvtfkjhxbaienoaquwu_28,867
dwvtfkjhxbaienoaquwu_32,964
dwvtfkjhxbaienoaquwu_40,137
dwvtfkjhxbaienoaquwu_46,798
dwvtfkjhxbaienoaquwu_47,212
dwvtfkjhxbaienoaquwu_49,14
dwvtfkjhxbaienoaquwu_51,562
dwvtfkjhxbaienoaquwu_54,745
dwvtfkjhxbaienoaquwu_55,257
dwvtfkjhxbaienoaquwu_59,289
dwvtfkjhxbaienoaquwu_61,947
dwvtfkjhxbaienoaquwu_62,947
dwvtfkjhxbaienoaquwu_63,667
e8mv11evojs7msw0dgee_26,367
e8mv11evojs7msw0dgee_27,219
e8mv11evojs7msw0dgee_36,219
e8mv11evojs7msw0dgee_47,581
e8mv11evojs7msw0dgee_52,255
e8mv11evojs7msw0dgee_55,826
e8mv11evojs7msw0dgee_57,91
e8mv11evojs7msw0dgee_59,900
20ws11isuz8jdzylseha_13,219
20ws11isuz8jdzylseha_14,601
20ws11isuz8jdzylseha_20,219
20ws11isuz8jdzylseha_21,219
20ws11isuz8jdzylseha_29,219
20ws11isuz8jdzylseha_30,219
20ws11isuz8jdzylseha_31,827
20ws11isuz8jdzylseha_32,1014
20ws11isuz8jdzylseha_33,367
20ws11isuz8jdzylseha_35,367
20ws11isuz8jdzylseha_38,964
20ws11isuz8jdzylseha_39,826
20ws11isuz8jdzylseha_40,763
20ws11isuz8jdzylseha_49,227
20ws11isuz8jdzylseha_53,398
20ws11isuz8jdzylseha_54,504
20ws11isuz8jdzylseha_57,418
20ws11isuz8jdzylseha_62,43
vd5le3v9fpj6gaoecssd_11,991
vd5le3v9fpj6gaoecssd_17,164
vd5le3v9fpj6gaoecssd_19,234
vd5le3v9fpj6gaoecssd_21,964
vd5le3v9fpj6gaoecssd_24,228
vd5le3v9fpj6gaoecssd_27,386
vd5le3v9fpj6gaoecssd_28,827
vd5le3v9fpj6gaoecssd_29,827
vd5le3v9fpj6gaoecssd_31,208
vd5le3v9fpj6gaoecssd_33,827
vd5le3v9fpj6gaoecssd_34,601
vd5le3v9fpj6gaoecssd_35,964
vd5le3v9fpj6gaoecssd_36,228
vd5le3v9fpj6gaoecssd_45,450
vd5le3v9fpj6gaoecssd_51,562
vd5le3v9fpj6gaoecssd_59,289
vd5le3v9fpj6gaoecssd_60,570
vd5le3v9fpj6gaoecssd_62,947
u003sled86vaq7h4ww8o_19,367
u003sled86vaq7h4ww8o_22,100
u003sled86vaq7h4ww8o_25,489
u003sled86vaq7h4ww8o_31,247
u003sled86vaq7h4ww8o_33,932
u003sled86vaq7h4ww8o_34,6
u003sled86vaq7h4ww8o_36,14
u003sled86vaq7h4ww8o_39,688
u003sled86vaq7h4ww8o_42,749
u003sled86vaq7h4ww8o_45,688
u003sled86vaq7h4ww8o_47,688
u003sled86vaq7h4ww8o_48,1014
u003sled86vaq7h4ww8o_49,749
u003sled86vaq7h4ww8o_50,688
u003sled86vaq7h4ww8o_52,953
u003sled86vaq7h4ww8o_53,964
u003sled86vaq7h4ww8o_55,688
u003sled86vaq7h4ww8o_56,573
u003sled86vaq7h4ww8o_60,688
u003sled86vaq7h4ww8o_61,964
wc5zkxxfxsg68c2fvhjo_8,1002
wc5zkxxfxsg68c2fvhjo_18,622
wc5zkxxfxsg68c2fvhjo_20,219
wc5zkxxfxsg68c2fvhjo_21,219
wc5zkxxfxsg68c2fvhjo_22,219
wc5zkxxfxsg68c2fvhjo_28,219
wc5zkxxfxsg68c2fvhjo_30,219
wc5zkxxfxsg68c2fvhjo_34,367
wc5zkxxfxsg68c2fvhjo_36,14
wc5zkxxfxsg68c2fvhjo_44,298
wc5zkxxfxsg68c2fvhjo_46,313
wc5zkxxfxsg68c2fvhjo_47,29
wc5zkxxfxsg68c2fvhjo_51,255
wc5zkxxfxsg68c2fvhjo_55,29
wc5zkxxfxsg68c2fvhjo_63,939
8jwboylil2z9w4earzqc_0,389
8jwboylil2z9w4earzqc_1,389
8jwboylil2z9w4earzqc_2,389
8jwboylil2z9w4earzqc_3,389
8jwboylil2z9w4earzqc_9,164
8jwboylil2z9w4earzqc_15,539
8jwboylil2z9w4earzqc_25,219
8jwboylil2z9w4earzqc_26,219
8jwboylil2z9w4earzqc_38,819
8jwboylil2z9w4earzqc_45,77
8jwboylil2z9w4earzqc_46,798
8jwboylil2z9w4earzqc_52,826
8jwboylil2z9w4earzqc_59,443
8jwboylil2z9w4earzqc_60,826
8jwboylil2z9w4earzqc_61,947
mvd9b7cpvfwvxxdg6n70_7,918
mvd9b7cpvfwvxxdg6n70_15,329
mvd9b7cpvfwvxxdg6n70_20,164
mvd9b7cpvfwvxxdg6n70_21,164
mvd9b7cpvfwvxxdg6n70_23,329
mvd9b7cpvfwvxxdg6n70_35,270
mvd9b7cpvfwvxxdg6n70_43,157
mvd9b7cpvfwvxxdg6n70_56,573
mvd9b7cpvfwvxxdg6n70_58,832
mvd9b7cpvfwvxxdg6n70_59,289
mvd9b7cpvfwvxxdg6n70_61,289
yrillnv8vac6pj8auz86_10,268
yrillnv8vac6pj8auz86_17,367
yrillnv8vac6pj8auz86_18,268
yrillnv8vac6pj8auz86_25,255
yrillnv8vac6pj8auz86_26,255
yrillnv8vac6pj8auz86_27,507
yrillnv8vac6pj8auz86_29,14
yrillnv8vac6pj8auz86_35,209
yrillnv8vac6pj8auz86_36,14
yrillnv8vac6pj8auz86_38,504
yrillnv8vac6pj8auz86_43,14
yrillnv8vac6pj8auz86_47,964
yrillnv8vac6pj8auz86_48,1014
yrillnv8vac6pj8auz86_49,749
yrillnv8vac6pj8auz86_51,867
yrillnv8vac6pj8auz86_54,313
yrillnv8vac6pj8auz86_56,971
yrillnv8vac6pj8auz86_61,126
sl8r538z6mxavy5tu5y6_16,164
sl8r538z6mxavy5tu5y6_25,827
sl8r538z6mxavy5tu5y6_36,450
sl8r538z6mxavy5tu5y6_40,450
sl8r538z6mxavy5tu5y6_41,313
sl8r538z6mxavy5tu5y6_50,14
sl8r538z6mxavy5tu5y6_56,756
sl8r538z6mxavy5tu5y6_58,289
sl8r538z6mxavy5tu5y6_62,947
x9q8f6k1yemqgv6wp10r_20,228
x9q8f6k1yemqgv6wp10r_24,1002
x9q8f6k1yemqgv6wp10r_26,935
x9q8f6k1yemqgv6wp10r_28,962
x9q8f6k1yemqgv6wp10r_30,927
x9q8f6k1yemqgv6wp10r_35,386
x9q8f6k1yemqgv6wp10r_38,386
x9q8f6k1yemqgv6wp10r_41,367
x9q8f6k1yemqgv6wp10r_43,72
x9q8f6k1yemqgv6wp10r_51,628
x9q8f6k1yemqgv6wp10r_53,562
x9q8f6k1yemqgv6wp10r_59,289
x9q8f6k1yemqgv6wp10r_60,289
zglrbydxwd00pda55ohc_2,522
zglrbydxwd00pda55ohc_20,472
zglrbydxwd00pda55ohc_22,472
zglrbydxwd00pda55ohc_24,98
zglrbydxwd00pda55ohc_26,989
zglrbydxwd00pda55ohc_32,98
zglrbydxwd00pda55ohc_33,14
zglrbydxwd00pda55ohc_35,867
zglrbydxwd00pda55ohc_48,149
zglrbydxwd00pda55ohc_49,505
zglrbydxwd00pda55ohc_50,562
zglrbydxwd00pda55ohc_52,798
zglrbydxwd00pda55ohc_54,798
zglrbydxwd00pda55ohc_59,570
zglrbydxwd00pda55ohc_60,570
zglrbydxwd00pda55ohc_62,257
tbfca0r5c0b687fio8yk_18,398
tbfca0r5c0b687fio8yk_26,219
tbfca0r5c0b687fio8yk_27,827
tbfca0r5c0b687fio8yk_29,867
tbfca0r5c0b687fio8yk_40,450
tbfca0r5c0b687fio8yk_42,313
tbfca0r5c0b687fio8yk_43,964
tbfca0r5c0b687fio8yk_45,91
tbfca0r5c0b687fio8yk_46,798
tbfca0r5c0b687fio8yk_48,647
tbfca0r5c0b687fio8yk_51,562
tbfca0r5c0b687fio8yk_52,562
tbfca0r5c0b687fio8yk_54,746
tbfca0r5c0b687fio8yk_57,289
tbfca0r5c0b687fio8yk_58,289
tbfca0r5c0b687fio8yk_61,915
tbfca0r5c0b687fio8yk_63,257
jd6vtpcwdctrhaxt8wcl_7,260
jd6vtpcwdctrhaxt8wcl_11,672
jd6vtpcwdctrhaxt8wcl_27,99
jd6vtpcwdctrhaxt8wcl_30,472
jd6vtpcwdctrhaxt8wcl_33,495
jd6vtpcwdctrhaxt8wcl_44,798
jd6vtpcwdctrhaxt8wcl_47,212
jd6vtpcwdctrhaxt8wcl_52,867
jd6vtpcwdctrhaxt8wcl_54,798
jd6vtpcwdctrhaxt8wcl_56,398
jd6vtpcwdctrhaxt8wcl_57,321
jd6vtpcwdctrhaxt8wcl_59,826
f5siudmkg0scko6febwd_6,119
f5siudmkg0scko6febwd_26,408
f5siudmkg0scko6febwd_27,407
f5siudmkg0scko6febwd_28,453
f5siudmkg0scko6febwd_34,285
f5siudmkg0scko6febwd_35,386
f5siudmkg0scko6febwd_39,581
f5siudmkg0scko6febwd_42,127
f5siudmkg0scko6febwd_52,792
f5siudmkg0scko6febwd_57,570
f5siudmkg0scko6febwd_63,112
1cjt1ak7y8hxyc7ehb88_1,454
1cjt1ak7y8hxyc7ehb88_8,256
1cjt1ak7y8hxyc7ehb88_16,408
1cjt1ak7y8hxyc7ehb88_24,776
1cjt1ak7y8hxyc7ehb88_26,407
1cjt1ak7y8hxyc7ehb88_43,117
1cjt1ak7y8hxyc7ehb88_44,117
1cjt1ak7y8hxyc7ehb88_45,407
1cjt1ak7y8hxyc7ehb88_49,792
1cjt1ak7y8hxyc7ehb88_50,285
1cjt1ak7y8hxyc7ehb88_51,117
1cjt1ak7y8hxyc7ehb88_60,341
3cqr3j3h46uv4uc53fgd_0,552
3cqr3j3h46uv4uc53fgd_1,552
3cqr3j3h46uv4uc53fgd_2,10
3cqr3j3h46uv4uc53fgd_14,552
3cqr3j3h46uv4uc53fgd_20,10
3cqr3j3h46uv4uc53fgd_22,10
3cqr3j3h46uv4uc53fgd_26,552
3cqr3j3h46uv4uc53fgd_27,575
3cqr3j3h46uv4uc53fgd_33,10
3cqr3j3h46uv4uc53fgd_35,10
3cqr3j3h46uv4uc53fgd_37,10
3cqr3j3h46uv4uc53fgd_42,10
3cqr3j3h46uv4uc53fgd_51,10
3cqr3j3h46uv4uc53fgd_60,877
0qwi8gpx7qscehjaiskg_1,552
0qwi8gpx7qscehjaiskg_6,552
0qwi8gpx7qscehjaiskg_9,552
0qwi8gpx7qscehjaiskg_14,552
0qwi8gpx7qscehjaiskg_19,552
0qwi8gpx7qscehjaiskg_20,10
0qwi8gpx7qscehjaiskg_21,10
0qwi8gpx7qscehjaiskg_24,829
0qwi8gpx7qscehjaiskg_26,552
0qwi8gpx7qscehjaiskg_31,10
0qwi8gpx7qscehjaiskg_33,10
0qwi8gpx7qscehjaiskg_39,10
0qwi8gpx7qscehjaiskg_45,10
0qwi8gpx7qscehjaiskg_46,10
0qwi8gpx7qscehjaiskg_53,10
0qwi8gpx7qscehjaiskg_55,10
0qwi8gpx7qscehjaiskg_61,10
3oomlc9ecacb0gnkhg9z_4,717
3oomlc9ecacb0gnkhg9z_8,454
3oomlc9ecacb0gnkhg9z_15,208
3oomlc9ecacb0gnkhg9z_23,721
3oomlc9ecacb0gnkhg9z_32,408
3oomlc9ecacb0gnkhg9z_33,407
3oomlc9ecacb0gnkhg9z_42,453
3oomlc9ecacb0gnkhg9z_43,453
3oomlc9ecacb0gnkhg9z_50,117
3oomlc9ecacb0gnkhg9z_51,117
ogv17qjhpkn0ucoajfc5_1,23
ogv17qjhpkn0ucoajfc5_7,244
ogv17qjhpkn0ucoajfc5_8,965
ogv17qjhpkn0ucoajfc5_9,571
ogv17qjhpkn0ucoajfc5_18,25
ogv17qjhpkn0ucoajfc5_30,987
ogv17qjhpkn0ucoajfc5_43,334
ogv17qjhpkn0ucoajfc5_48,655
ogv17qjhpkn0ucoajfc5_49,655
ogv17qjhpkn0ucoajfc5_50,655
ogv17qjhpkn0ucoajfc5_53,374
ogv17qjhpkn0ucoajfc5_54,421
ogv17qjhpkn0ucoajfc5_59,655
ogv17qjhpkn0ucoajfc5_61,374
ogv17qjhpkn0ucoajfc5_62,962
ogv17qjhpkn0ucoajfc5_63,44
hdvm4kvsbm7erwjcydsz_3,706
hdvm4kvsbm7erwjcydsz_7,861
hdvm4kvsbm7erwjcydsz_19,395
hdvm4kvsbm7erwjcydsz_20,150
hdvm4kvsbm7erwjcydsz_21,694
hdvm4kvsbm7erwjcydsz_32,1018
hdvm4kvsbm7erwjcydsz_33,921
hdvm4kvsbm7erwjcydsz_34,353
hdvm4kvsbm7erwjcydsz_35,1018
hdvm4kvsbm7erwjcydsz_40,921
hdvm4kvsbm7erwjcydsz_51,821
hdvm4kvsbm7erwjcydsz_53,262
hdvm4kvsbm7erwjcydsz_54,958
hdvm4kvsbm7erwjcydsz_57,602
hdvm4kvsbm7erwjcydsz_59,602
woup340wxwpli4rukiii_0,905
woup340wxwpli4rukiii_2,492
woup340wxwpli4rukiii_7,119
woup340wxwpli4rukiii_9,365
woup340wxwpli4rukiii_10,935
woup340wxwpli4rukiii_12,877
woup340wxwpli4rukiii_17,365
woup340wxwpli4rukiii_19,877
woup340wxwpli4rukiii_21,492
woup340wxwpli4rukiii_24,838
woup340wxwpli4rukiii_30,492
woup340wxwpli4rukiii_32,905
woup340wxwpli4rukiii_34,365
woup340wxwpli4rukiii_35,365
woup340wxwpli4rukiii_37,492
woup340wxwpli4rukiii_41,838
woup340wxwpli4rukiii_43,69
woup340wxwpli4rukiii_44,150
woup340wxwpli4rukiii_51,69
woup340wxwpli4rukiii_59,832
bu8ox7percqgjdjcsqqa_4,522
bu8ox7percqgjdjcsqqa_8,852
bu8ox7percqgjdjcsqqa_10,314
bu8ox7percqgjdjcsqqa_12,314
bu8ox7percqgjdjcsqqa_18,992
bu8ox7percqgjdjcsqqa_21,187
bu8ox7percqgjdjcsqqa_24,753
bu8ox7percqgjdjcsqqa_27,372
bu8ox7percqgjdjcsqqa_28,314
bu8ox7percqgjdjcsqqa_30,187
bu8ox7percqgjdjcsqqa_32,1009
bu8ox7percqgjdjcsqqa_36,987
bu8ox7percqgjdjcsqqa_42,927
bu8ox7percqgjdjcsqqa_44,895
bu8ox7percqgjdjcsqqa_45,169
bu8ox7percqgjdjcsqqa_48,647
bu8ox7percqgjdjcsqqa_51,927
bu8ox7percqgjdjcsqqa_56,647
xphhojycz0hh1fgdky6a_10,552
xphhojycz0hh1fgdky6a_21,10
xphhojycz0hh1fgdky6a_28,10
xphhojycz0hh1fgdky6a_31,10
xphhojycz0hh1fgdky6a_36,575
xphhojycz0hh1fgdky6a_38,10
xphhojycz0hh1fgdky6a_41,10
xphhojycz0hh1fgdky6a_43,10
xphhojycz0hh1fgdky6a_49,829
xphhojycz0hh1fgdky6a_57,10
xphhojycz0hh1fgdky6a_61,10
gnqye5lb9zbph7oe2v09_3,717
gnqye5lb9zbph7oe2v09_6,717
gnqye5lb9zbph7oe2v09_8,694
gnqye5lb9zbph7oe2v09_11,694
gnqye5lb9zbph7oe2v09_17,694
gnqye5lb9zbph7oe2v09_19,720
gnqye5lb9zbph7oe2v09_25,25
gnqye5lb9zbph7oe2v09_27,97
gnqye5lb9zbph7oe2v09_30,187
gnqye5lb9zbph7oe2v09_32,101
gnqye5lb9zbph7oe2v09_33,766
gnqye5lb9zbph7oe2v09_34,962
gnqye5lb9zbph7oe2v09_36,622
gnqye5lb9zbph7oe2v09_40,172
gnqye5lb9zbph7oe2v09_41,101
gnqye5lb9zbph7oe2v09_53,474
gnqye5lb9zbph7oe2v09_54,596
gnqye5lb9zbph7oe2v09_57,729
gnqye5lb9zbph7oe2v09_58,962
gnqye5lb9zbph7oe2v09_59,341
vxoixj1gjskaj57qaoe1_10,292
vxoixj1gjskaj57qaoe1_17,1009
vxoixj1gjskaj57qaoe1_18,705
vxoixj1gjskaj57qaoe1_20,170
vxoixj1gjskaj57qaoe1_26,895
vxoixj1gjskaj57qaoe1_27,927
vxoixj1gjskaj57qaoe1_28,927
vxoixj1gjskaj57qaoe1_35,895
vxoixj1gjskaj57qaoe1_43,895
vxoixj1gjskaj57qaoe1_44,927
vxoixj1gjskaj57qaoe1_45,927
vxoixj1gjskaj57qaoe1_53,801
vxoixj1gjskaj57qaoe1_55,895
vxoixj1gjskaj57qaoe1_57,1004
vxoixj1gjskaj57qaoe1_60,727
qfj6ty20bjmnaztnjisg_1,10
qfj6ty20bjmnaztnjisg_8,552
qfj6ty20bjmnaztnjisg_10,101
qfj6ty20bjmnaztnjisg_11,510
qfj6ty20bjmnaztnjisg_15,10
qfj6ty20bjmnaztnjisg_16,829
qfj6ty20bjmnaztnjisg_17,510
qfj6ty20bjmnaztnjisg_21,324
qfj6ty20bjmnaztnjisg_22,552
qfj6ty20bjmnaztnjisg_27,510
qfj6ty20bjmnaztnjisg_28,510
qfj6ty20bjmnaztnjisg_44,998
qfj6ty20bjmnaztnjisg_49,510
qfj6ty20bjmnaztnjisg_50,575
qfj6ty20bjmnaztnjisg_51,998
qfj6ty20bjmnaztnjisg_62,575
a8hzy6ri0c9k6imusp1h_0,857
a8hzy6ri0c9k6imusp1h_3,571
a8hzy6ri0c9k6imusp1h_9,992
a8hzy6ri0c9k6imusp1h_17,213
a8hzy6ri0c9k6imusp1h_26,124
a8hzy6ri0c9k6imusp1h_28,154
a8hzy6ri0c9k6imusp1h_35,124
a8hzy6ri0c9k6imusp1h_36,154
a8hzy6ri0c9k6imusp1h_37,154
a8hzy6ri0c9k6imusp1h_38,154
a8hzy6ri0c9k6imusp1h_44,154
a8hzy6ri0c9k6imusp1h_49,295
a8hzy6ri0c9k6imusp1h_52,914
a8hzy6ri0c9k6imusp1h_53,154
a8hzy6ri0c9k6imusp1h_54,154
a8hzy6ri0c9k6imusp1h_58,760
a8hzy6ri0c9k6imusp1h_61,914
tk2129n9o3yy2vmhomu4_23,69
tk2129n9o3yy2vmhomu4_28,350
tk2129n9o3yy2vmhomu4_30,609
tk2129n9o3yy2vmhomu4_37,350
tk2129n9o3yy2vmhomu4_41,609
tk2129n9o3yy2vmhomu4_44,609
tk2129n9o3yy2vmhomu4_48,511
tk2129n9o3yy2vmhomu4_51,511
tk2129n9o3yy2vmhomu4_61,753
4t2w5xk120n42b7zh80b_0,252
4t2w5xk120n42b7zh80b_4,49
4t2w5xk120n42b7zh80b_13,571
4t2w5xk120n42b7zh80b_18,124
4t2w5xk120n42b7zh80b_21,976
4t2w5xk120n42b7zh80b_22,976
4t2w5xk120n42b7zh80b_23,143
4t2w5xk120n42b7zh80b_26,859
4t2w5xk120n42b7zh80b_29,859
4t2w5xk120n42b7zh80b_30,976
4t2w5xk120n42b7zh80b_34,320
4t2w5xk120n42b7zh80b_35,992
4t2w5xk120n42b7zh80b_37,504
4t2w5xk120n42b7zh80b_40,1014
4t2w5xk120n42b7zh80b_43,255
4t2w5xk120n42b7zh80b_45,14
4t2w5xk120n42b7zh80b_49,24
4t2w5xk120n42b7zh80b_53,560
4t2w5xk120n42b7zh80b_61,765
4t2w5xk120n42b7zh80b_62,560
4o8tux8yn1f8850enn0l_7,861
4o8tux8yn1f8850enn0l_10,705
4o8tux8yn1f8850enn0l_16,705
4o8tux8yn1f8850enn0l_21,314
4o8tux8yn1f8850enn0l_49,117
4o8tux8yn1f8850enn0l_51,117
4o8tux8yn1f8850enn0l_52,117
4o8tux8yn1f8850enn0l_56,753
3cnw6s1yf2lud9ymx8x9_6,552
3cnw6s1yf2lud9ymx8x9_10,552
3cnw6s1yf2lud9ymx8x9_11,10
3cnw6s1yf2lud9ymx8x9_13,552
3cnw6s1yf2lud9ymx8x9_15,790
3cnw6s1yf2lud9ymx8x9_30,10
3cnw6s1yf2lud9ymx8x9_35,10
3cnw6s1yf2lud9ymx8x9_47,10
3cnw6s1yf2lud9ymx8x9_49,829
3cnw6s1yf2lud9ymx8x9_54,10
3cnw6s1yf2lud9ymx8x9_55,10
3cnw6s1yf2lud9ymx8x9_57,10
3cnw6s1yf2lud9ymx8x9_61,10
khtp6bx7cum00o4r8j18_6,49
khtp6bx7cum00o4r8j18_37,138
khtp6bx7cum00o4r8j18_43,802
khtp6bx7cum00o4r8j18_51,920
khtp6bx7cum00o4r8j18_53,649
khtp6bx7cum00o4r8j18_56,971
khtp6bx7cum00o4r8j18_61,760
khtp6bx7cum00o4r8j18_62,251
an06cs66e29bn8t53kk6_1,454
an06cs66e29bn8t53kk6_16,408
an06cs66e29bn8t53kk6_18,407
an06cs66e29bn8t53kk6_29,131
an06cs66e29bn8t53kk6_34,407
an06cs66e29bn8t53kk6_36,453
an06cs66e29bn8t53kk6_43,117
an06cs66e29bn8t53kk6_45,407
an06cs66e29bn8t53kk6_56,971
su7s8en6bg0mp08vz8y5_3,829
su7s8en6bg0mp08vz8y5_6,552
su7s8en6bg0mp08vz8y5_8,552
su7s8en6bg0mp08vz8y5_14,552
su7s8en6bg0mp08vz8y5_17,552
su7s8en6bg0mp08vz8y5_21,10
su7s8en6bg0mp08vz8y5_28,10
su7s8en6bg0mp08vz8y5_35,10
su7s8en6bg0mp08vz8y5_41,10
su7s8en6bg0mp08vz8y5_42,10
su7s8en6bg0mp08vz8y5_44,10
su7s8en6bg0mp08vz8y5_45,10
su7s8en6bg0mp08vz8y5_46,10
su7s8en6bg0mp08vz8y5_48,829
su7s8en6bg0mp08vz8y5_50,10
su7s8en6bg0mp08vz8y5_61,10
5n0nn7fihvk14v6wu2c7_0,31
5n0nn7fihvk14v6wu2c7_16,10
5n0nn7fihvk14v6wu2c7_25,31
5n0nn7fihvk14v6wu2c7_31,45
5n0nn7fihvk14v6wu2c7_33,31
5n0nn7fihvk14v6wu2c7_40,10
5n0nn7fihvk14v6wu2c7_45,1013
5n0nn7fihvk14v6wu2c7_48,877
5n0nn7fihvk14v6wu2c7_52,1013
5n0nn7fihvk14v6wu2c7_54,1013
5n0nn7fihvk14v6wu2c7_58,324
5n0nn7fihvk14v6wu2c7_62,1013
lk0in9ka20t04fo1yabz_3,150
lk0in9ka20t04fo1yabz_5,321
lk0in9ka20t04fo1yabz_9,436
lk0in9ka20t04fo1yabz_11,1018
lk0in9ka20t04fo1yabz_14,699
lk0in9ka20t04fo1yabz_23,699
lk0in9ka20t04fo1yabz_26,602
lk0in9ka20t04fo1yabz_30,490
lk0in9ka20t04fo1yabz_33,436
lk0in9ka20t04fo1yabz_34,150
lk0in9ka20t04fo1yabz_36,921
lk0in9ka20t04fo1yabz_42,1016
lk0in9ka20t04fo1yabz_43,441
lk0in9ka20t04fo1yabz_49,695
lk0in9ka20t04fo1yabz_51,891
lk0in9ka20t04fo1yabz_52,231
lk0in9ka20t04fo1yabz_57,1016
lk0in9ka20t04fo1yabz_58,1016
lk0in9ka20t04fo1yabz_61,699
j9fqzfpi3by9rhywavwg_8,25
j9fqzfpi3by9rhywavwg_10,438
j9fqzfpi3by9rhywavwg_11,438
j9fqzfpi3by9rhywavwg_12,438
j9fqzfpi3by9rhywavwg_15,372
j9fqzfpi3by9rhywavwg_19,438
j9fqzfpi3by9rhywavwg_21,438
j9fqzfpi3by9rhywavwg_22,438
j9fqzfpi3by9rhywavwg_24,256
j9fqzfpi3by9rhywavwg_29,438
j9fqzfpi3by9rhywavwg_32,256
j9fqzfpi3by9rhywavwg_33,1013
j9fqzfpi3by9rhywavwg_41,749
j9fqzfpi3by9rhywavwg_47,438
j9fqzfpi3by9rhywavwg_53,802
j9fqzfpi3by9rhywavwg_54,603
j9fqzfpi3by9rhywavwg_55,438
j9fqzfpi3by9rhywavwg_60,251
j9fqzfpi3by9rhywavwg_61,251
j9fqzfpi3by9rhywavwg_62,251
u7n4ytjyapctev8v3l9h_1,571
u7n4ytjyapctev8v3l9h_13,571
u7n4ytjyapctev8v3l9h_17,382
u7n4ytjyapctev8v3l9h_19,705
u7n4ytjyapctev8v3l9h_24,133
u7n4ytjyapctev8v3l9h_27,895
u7n4ytjyapctev8v3l9h_28,895
u7n4ytjyapctev8v3l9h_48,909
u7n4ytjyapctev8v3l9h_49,909
u7n4ytjyapctev8v3l9h_59,895
u7n4ytjyapctev8v3l9h_60,895
k0lx22ulv5feeiw42unf_22,99
k0lx22ulv5feeiw42unf_25,99
k0lx22ulv5feeiw42unf_29,99
k0lx22ulv5feeiw42unf_30,99
k0lx22ulv5feeiw42unf_33,827
k0lx22ulv5feeiw42unf_38,495
k0lx22ulv5feeiw42unf_43,991
k0lx22ulv5feeiw42unf_49,295
k0lx22ulv5feeiw42unf_52,308
k0lx22ulv5feeiw42unf_57,347
k0lx22ulv5feeiw42unf_59,900
k0lx22ulv5feeiw42unf_62,495
bh5m46iwqgrrzy3nvr5a_11,395
bh5m46iwqgrrzy3nvr5a_17,860
bh5m46iwqgrrzy3nvr5a_19,268
bh5m46iwqgrrzy3nvr5a_20,580
bh5m46iwqgrrzy3nvr5a_21,351
bh5m46iwqgrrzy3nvr5a_25,268
bh5m46iwqgrrzy3nvr5a_27,268
bh5m46iwqgrrzy3nvr5a_29,351
bh5m46iwqgrrzy3nvr5a_36,507
bh5m46iwqgrrzy3nvr5a_43,684
bh5m46iwqgrrzy3nvr5a_50,749
bh5m46iwqgrrzy3nvr5a_56,494
bh5m46iwqgrrzy3nvr5a_57,915
bh5m46iwqgrrzy3nvr5a_58,915
bh5m46iwqgrrzy3nvr5a_61,313
bh5m46iwqgrrzy3nvr5a_63,591
wg815rxkw2dbt8iwc6yz_24,31
wg815rxkw2dbt8iwc6yz_25,31
wg815rxkw2dbt8iwc6yz_26,457
wg815rxkw2dbt8iwc6yz_32,80
wg815rxkw2dbt8iwc6yz_36,310
wg815rxkw2dbt8iwc6yz_41,31
wg815rxkw2dbt8iwc6yz_42,457
wg815rxkw2dbt8iwc6yz_44,1013
wg815rxkw2dbt8iwc6yz_45,819
wg815rxkw2dbt8iwc6yz_46,819
wg815rxkw2dbt8iwc6yz_47,581
wg815rxkw2dbt8iwc6yz_51,457
wg815rxkw2dbt8iwc6yz_52,1013
wg815rxkw2dbt8iwc6yz_54,1013
wg815rxkw2dbt8iwc6yz_57,420
wg815rxkw2dbt8iwc6yz_58,80
wg815rxkw2dbt8iwc6yz_59,733
wg815rxkw2dbt8iwc6yz_60,505
fmol0jlanizktzx07ppp_2,56
fmol0jlanizktzx07ppp_4,359
fmol0jlanizktzx07ppp_16,164
fmol0jlanizktzx07ppp_24,450
fmol0jlanizktzx07ppp_28,889
fmol0jlanizktzx07ppp_32,273
fmol0jlanizktzx07ppp_35,889
fmol0jlanizktzx07ppp_36,328
fmol0jlanizktzx07ppp_41,14
fmol0jlanizktzx07ppp_44,507
fmol0jlanizktzx07ppp_45,964
fmol0jlanizktzx07ppp_46,507
fmol0jlanizktzx07ppp_54,310
fmol0jlanizktzx07ppp_57,756
fmol0jlanizktzx07ppp_59,562
fmol0jlanizktzx07ppp_61,443
5lxtgztsyyyq199mm0eb_6,389
5lxtgztsyyyq199mm0eb_8,1002
5lxtgztsyyyq199mm0eb_25,367
5lxtgztsyyyq199mm0eb_26,367
5lxtgztsyyyq199mm0eb_31,219
5lxtgztsyyyq199mm0eb_37,327
5lxtgztsyyyq199mm0eb_39,219
5lxtgztsyyyq199mm0eb_44,14
5lxtgztsyyyq199mm0eb_45,14
5lxtgztsyyyq199mm0eb_46,219
5lxtgztsyyyq199mm0eb_50,14
5lxtgztsyyyq199mm0eb_52,255
5lxtgztsyyyq199mm0eb_53,826
5lxtgztsyyyq199mm0eb_54,14
5lxtgztsyyyq199mm0eb_55,826
5lxtgztsyyyq199mm0eb_56,971
5lxtgztsyyyq199mm0eb_58,826
5lxtgztsyyyq199mm0eb_59,900
5lxtgztsyyyq199mm0eb_60,386
5lxtgztsyyyq199mm0eb_61,836
c4oer3koitol1pikzrq7_6,558
c4oer3koitol1pikzrq7_13,219
c4oer3koitol1pikzrq7_15,219
c4oer3koitol1pikzrq7_16,1002
c4oer3koitol1pikzrq7_37,216
c4oer3koitol1pikzrq7_44,501
c4oer3koitol1pikzrq7_45,452
c4oer3koitol1pikzrq7_52,386
c4oer3koitol1pikzrq7_54,443
c4oer3koitol1pikzrq7_58,461
c4oer3koitol1pikzrq7_59,126
c4oer3koitol1pikzrq7_61,126
ux1fb30ie1jpwgkwt902_16,164
ux1fb30ie1jpwgkwt902_18,219
ux1fb30ie1jpwgkwt902_23,208
ux1fb30ie1jpwgkwt902_26,219
ux1fb30ie1jpwgkwt902_27,327
ux1fb30ie1jpwgkwt902_28,327
ux1fb30ie1jpwgkwt902_30,99
ux1fb30ie1jpwgkwt902_32,91
ux1fb30ie1jpwgkwt902_33,827
ux1fb30ie1jpwgkwt902_35,992
ux1fb30ie1jpwgkwt902_36,504
ux1fb30ie1jpwgkwt902_43,991
ux1fb30ie1jpwgkwt902_46,798
ux1fb30ie1jpwgkwt902_48,91
ux1fb30ie1jpwgkwt902_49,295
ux1fb30ie1jpwgkwt902_51,308
ux1fb30ie1jpwgkwt902_56,756
ux1fb30ie1jpwgkwt902_58,900
ux1fb30ie1jpwgkwt902_60,584
namox0dr3k00idd91cw1_10,672
namox0dr3k00idd91cw1_19,164
namox0dr3k00idd91cw1_21,439
namox0dr3k00idd91cw1_29,398
namox0dr3k00idd91cw1_35,827
namox0dr3k00idd91cw1_38,398
namox0dr3k00idd91cw1_39,398
namox0dr3k00idd91cw1_42,749
namox0dr3k00idd91cw1_43,367
namox0dr3k00idd91cw1_44,827
namox0dr3k00idd91cw1_50,367
namox0dr3k00idd91cw1_52,723
namox0dr3k00idd91cw1_54,126
namox0dr3k00idd91cw1_56,763
namox0dr3k00idd91cw1_57,418
namox0dr3k00idd91cw1_60,723
namox0dr3k00idd91cw1_61,289
namox0dr3k00idd91cw1_63,126
kgcprh13p9awjuzlxyay_17,367
kgcprh13p9awjuzlxyay_22,219
kgcprh13p9awjuzlxyay_30,456
kgcprh13p9awjuzlxyay_35,14
kgcprh13p9awjuzlxyay_37,14
kgcprh13p9awjuzlxyay_38,14
kgcprh13p9awjuzlxyay_39,591
kgcprh13p9awjuzlxyay_40,1014
kgcprh13p9awjuzlxyay_44,14
kgcprh13p9awjuzlxyay_48,1014
kgcprh13p9awjuzlxyay_51,792
kgcprh13p9awjuzlxyay_52,14
kgcprh13p9awjuzlxyay_53,14
kgcprh13p9awjuzlxyay_54,313
co8n51ek5uzotphlbhxa_18,601
co8n51ek5uzotphlbhxa_20,99
co8n51ek5uzotphlbhxa_24,495
co8n51ek5uzotphlbhxa_33,495
co8n51ek5uzotphlbhxa_40,647
co8n51ek5uzotphlbhxa_42,992
co8n51ek5uzotphlbhxa_45,91
co8n51ek5uzotphlbhxa_51,991
co8n51ek5uzotphlbhxa_57,308
co8n51ek5uzotphlbhxa_58,308
co8n51ek5uzotphlbhxa_59,308
co8n51ek5uzotphlbhxa_60,962
co8n51ek5uzotphlbhxa_61,289
co8n51ek5uzotphlbhxa_62,341
5e27rnl0jvru4mh5bycj_19,99
5e27rnl0jvru4mh5bycj_22,327
5e27rnl0jvru4mh5bycj_24,99
5e27rnl0jvru4mh5bycj_29,99
5e27rnl0jvru4mh5bycj_30,827
5e27rnl0jvru4mh5bycj_34,99
5e27rnl0jvru4mh5bycj_35,99
5e27rnl0jvru4mh5bycj_38,827
5e27rnl0jvru4mh5bycj_42,367
5e27rnl0jvru4mh5bycj_46,827
5e27rnl0jvru4mh5bycj_50,495
5e27rnl0jvru4mh5bycj_58,915
5e27rnl0jvru4mh5bycj_59,756
5e27rnl0jvru4mh5bycj_60,289
5e27rnl0jvru4mh5bycj_62,823
abmisu0yjy8anmfsb0hz_16,98
abmisu0yjy8anmfsb0hz_17,601
abmisu0yjy8anmfsb0hz_19,219
abmisu0yjy8anmfsb0hz_21,798
abmisu0yjy8anmfsb0hz_27,219
abmisu0yjy8anmfsb0hz_28,867
abmisu0yjy8anmfsb0hz_29,33
abmisu0yjy8anmfsb0hz_36,867
abmisu0yjy8anmfsb0hz_43,138
abmisu0yjy8anmfsb0hz_44,14
abmisu0yjy8anmfsb0hz_45,798
abmisu0yjy8anmfsb0hz_54,725
abmisu0yjy8anmfsb0hz_57,289
abmisu0yjy8anmfsb0hz_59,289
abmisu0yjy8anmfsb0hz_62,947
401tu1x1a1hjifwt2snv_23,219
401tu1x1a1hjifwt2snv_34,398
401tu1x1a1hjifwt2snv_38,14
401tu1x1a1hjifwt2snv_42,14
401tu1x1a1hjifwt2snv_53,14
401tu1x1a1hjifwt2snv_56,756
401tu1x1a1hjifwt2snv_57,915
401tu1x1a1hjifwt2snv_62,1009
hvdramy0o8qcl7z5ohyv_7,249
hvdramy0o8qcl7z5ohyv_26,267
hvdramy0o8qcl7z5ohyv_38,795
hvdramy0o8qcl7z5ohyv_46,692
hvdramy0o8qcl7z5ohyv_49,1012
hvdramy0o8qcl7z5ohyv_54,692
hvdramy0o8qcl7z5ohyv_57,1012
hvdramy0o8qcl7z5ohyv_61,348
sudsbl9636vzsz8gwy17_9,268
sudsbl9636vzsz8gwy17_15,219
sudsbl9636vzsz8gwy17_20,327
sudsbl9636vzsz8gwy17_22,219
sudsbl9636vzsz8gwy17_31,591
sudsbl9636vzsz8gwy17_50,91
sudsbl9636vzsz8gwy17_51,792
sudsbl9636vzsz8gwy17_55,1009
sudsbl9636vzsz8gwy17_63,29
qnydyfkuqyvsmqkmiajn_12,327
qnydyfkuqyvsmqkmiajn_14,782
qnydyfkuqyvsmqkmiajn_21,219
qnydyfkuqyvsmqkmiajn_36,456
qnydyfkuqyvsmqkmiajn_37,14
qnydyfkuqyvsmqkmiajn_38,14
qnydyfkuqyvsmqkmiajn_41,386
qnydyfkuqyvsmqkmiajn_42,14
qnydyfkuqyvsmqkmiajn_50,91
qnydyfkuqyvsmqkmiajn_51,792
qnydyfkuqyvsmqkmiajn_53,14
qnydyfkuqyvsmqkmiajn_56,756
qnydyfkuqyvsmqkmiajn_57,915
qnydyfkuqyvsmqkmiajn_58,126
qnydyfkuqyvsmqkmiajn_59,289
qnydyfkuqyvsmqkmiajn_61,443
qnydyfkuqyvsmqkmiajn_62,1009
4fmqt840m71oi0j2na6g_5,194
4fmqt840m71oi0j2na6g_6,861
4fmqt840m71oi0j2na6g_7,539
4fmqt840m71oi0j2na6g_8,542
4fmqt840m71oi0j2na6g_11,94
4fmqt840m71oi0j2na6g_17,488
4fmqt840m71oi0j2na6g_18,488
4fmqt840m71oi0j2na6g_26,488
4fmqt840m71oi0j2na6g_28,476
4fmqt840m71oi0j2na6g_29,725
4fmqt840m71oi0j2na6g_30,195
4fmqt840m71oi0j2na6g_37,848
4fmqt840m71oi0j2na6g_38,1000
4fmqt840m71oi0j2na6g_39,730
4fmqt840m71oi0j2na6g_49,488
4fmqt840m71oi0j2na6g_57,542
4fmqt840m71oi0j2na6g_58,196
4fmqt840m71oi0j2na6g_59,196
9j4u3wvdde7fdkg2tuqn_6,95
9j4u3wvdde7fdkg2tuqn_15,219
9j4u3wvdde7fdkg2tuqn_20,327
9j4u3wvdde7fdkg2tuqn_22,219
9j4u3wvdde7fdkg2tuqn_24,1002
9j4u3wvdde7fdkg2tuqn_33,255
9j4u3wvdde7fdkg2tuqn_45,14
9j4u3wvdde7fdkg2tuqn_56,756
9j4u3wvdde7fdkg2tuqn_57,915
9j4u3wvdde7fdkg2tuqn_58,126
9j4u3wvdde7fdkg2tuqn_62,1009
ce7eqyjg0qvquzpmtem2_6,95
ce7eqyjg0qvquzpmtem2_11,327
ce7eqyjg0qvquzpmtem2_12,327
ce7eqyjg0qvquzpmtem2_21,219
ce7eqyjg0qvquzpmtem2_29,456
ce7eqyjg0qvquzpmtem2_30,456
ce7eqyjg0qvquzpmtem2_43,14
ce7eqyjg0qvquzpmtem2_46,14
ce7eqyjg0qvquzpmtem2_48,1014
ce7eqyjg0qvquzpmtem2_55,1009
yaw6nppuzc9hp7pg3vw5_19,219
yaw6nppuzc9hp7pg3vw5_22,219
yaw6nppuzc9hp7pg3vw5_28,456
yaw6nppuzc9hp7pg3vw5_34,398
yaw6nppuzc9hp7pg3vw5_37,14
yaw6nppuzc9hp7pg3vw5_44,14
yaw6nppuzc9hp7pg3vw5_46,14
yaw6nppuzc9hp7pg3vw5_47,149
yaw6nppuzc9hp7pg3vw5_58,126
yaw6nppuzc9hp7pg3vw5_60,126
yaw6nppuzc9hp7pg3vw5_63,29
4qhiy9rhb16qvgtds453_5,119
4qhiy9rhb16qvgtds453_7,292
4qhiy9rhb16qvgtds453_19,298
4qhiy9rhb16qvgtds453_22,292
4qhiy9rhb16qvgtds453_28,96
4qhiy9rhb16qvgtds453_31,149
4qhiy9rhb16qvgtds453_34,626
4qhiy9rhb16qvgtds453_37,57
4qhiy9rhb16qvgtds453_38,786
4qhiy9rhb16qvgtds453_44,499
4qhiy9rhb16qvgtds453_48,179
4qhiy9rhb16qvgtds453_49,189
4qhiy9rhb16qvgtds453_52,626
4qhiy9rhb16qvgtds453_53,626
4qhiy9rhb16qvgtds453_55,753
4qhiy9rhb16qvgtds453_59,189
4qhiy9rhb16qvgtds453_60,189
4qhiy9rhb16qvgtds453_61,767
4qhiy9rhb16qvgtds453_63,443
wilm6rzld04mc8xihrc9_5,95
wilm6rzld04mc8xihrc9_13,219
wilm6rzld04mc8xihrc9_29,456
wilm6rzld04mc8xihrc9_35,14
wilm6rzld04mc8xihrc9_36,456
wilm6rzld04mc8xihrc9_38,14
wilm6rzld04mc8xihrc9_43,14
wilm6rzld04mc8xihrc9_50,91
wilm6rzld04mc8xihrc9_54,313
wilm6rzld04mc8xihrc9_63,29
e2pfal54vh1lh2o9o5e4_12,426
e2pfal54vh1lh2o9o5e4_19,267
e2pfal54vh1lh2o9o5e4_20,597
e2pfal54vh1lh2o9o5e4_21,597
e2pfal54vh1lh2o9o5e4_24,185
e2pfal54vh1lh2o9o5e4_27,267
e2pfal54vh1lh2o9o5e4_31,426
e2pfal54vh1lh2o9o5e4_34,267
e2pfal54vh1lh2o9o5e4_35,267
e2pfal54vh1lh2o9o5e4_36,426
e2pfal54vh1lh2o9o5e4_38,317
e2pfal54vh1lh2o9o5e4_39,426
e2pfal54vh1lh2o9o5e4_42,267
e2pfal54vh1lh2o9o5e4_44,185
e2pfal54vh1lh2o9o5e4_46,785
e2pfal54vh1lh2o9o5e4_51,267
e2pfal54vh1lh2o9o5e4_54,185
e2pfal54vh1lh2o9o5e4_61,1012
jdprl7oowp7dgywyl1d3_7,861
jdprl7oowp7dgywyl1d3_14,219
jdprl7oowp7dgywyl1d3_15,721
jdprl7oowp7dgywyl1d3_16,917
jdprl7oowp7dgywyl1d3_26,456
jdprl7oowp7dgywyl1d3_38,867
jdprl7oowp7dgywyl1d3_46,504
jdprl7oowp7dgywyl1d3_52,224
jdprl7oowp7dgywyl1d3_53,554
jdprl7oowp7dgywyl1d3_63,939
r5uxcsc9gfzbnvn19avf_2,95
r5uxcsc9gfzbnvn19avf_14,597
r5uxcsc9gfzbnvn19avf_17,993
r5uxcsc9gfzbnvn19avf_21,1013
r5uxcsc9gfzbnvn19avf_22,597
r5uxcsc9gfzbnvn19avf_25,203
r5uxcsc9gfzbnvn19avf_32,850
r5uxcsc9gfzbnvn19avf_33,464
r5uxcsc9gfzbnvn19avf_38,71
r5uxcsc9gfzbnvn19avf_42,240
r5uxcsc9gfzbnvn19avf_46,428
r5uxcsc9gfzbnvn19avf_48,866
r5uxcsc9gfzbnvn19avf_54,71
r5uxcsc9gfzbnvn19avf_56,837
r5uxcsc9gfzbnvn19avf_60,3
r5uxcsc9gfzbnvn19avf_61,3
r5uxcsc9gfzbnvn19avf_62,530
r5uxcsc9gfzbnvn19avf_63,428
93vxzdncs8vsgpql8428_6,656
93vxzdncs8vsgpql8428_14,180
93vxzdncs8vsgpql8428_19,993
93vxzdncs8vsgpql8428_34,941
93vxzdncs8vsgpql8428_35,463
93vxzdncs8vsgpql8428_43,993
93vxzdncs8vsgpql8428_46,240
93vxzdncs8vsgpql8428_48,79
93vxzdncs8vsgpql8428_52,850
93vxzdncs8vsgpql8428_53,850
93vxzdncs8vsgpql8428_57,79
93vxzdncs8vsgpql8428_62,991
dwgpqpmkmbz0e3nbl8x4_0,318
dwgpqpmkmbz0e3nbl8x4_1,22
dwgpqpmkmbz0e3nbl8x4_4,40
dwgpqpmkmbz0e3nbl8x4_7,180
dwgpqpmkmbz0e3nbl8x4_13,866
dwgpqpmkmbz0e3nbl8x4_15,180
dwgpqpmkmbz0e3nbl8x4_26,530
dwgpqpmkmbz0e3nbl8x4_27,530
dwgpqpmkmbz0e3nbl8x4_28,530
dwgpqpmkmbz0e3nbl8x4_29,530
dwgpqpmkmbz0e3nbl8x4_31,850
dwgpqpmkmbz0e3nbl8x4_44,240
dwgpqpmkmbz0e3nbl8x4_45,240
dwgpqpmkmbz0e3nbl8x4_46,866
dwgpqpmkmbz0e3nbl8x4_49,240
dwgpqpmkmbz0e3nbl8x4_54,866
dwgpqpmkmbz0e3nbl8x4_57,464
dwgpqpmkmbz0e3nbl8x4_60,850
dwgpqpmkmbz0e3nbl8x4_62,850
ipg9fih7p15qsktopq2h_2,389
ipg9fih7p15qsktopq2h_7,539
ipg9fih7p15qsktopq2h_13,701
ipg9fih7p15qsktopq2h_15,539
ipg9fih7p15qsktopq2h_18,601
ipg9fih7p15qsktopq2h_21,701
ipg9fih7p15qsktopq2h_27,701
ipg9fih7p15qsktopq2h_37,77
ipg9fih7p15qsktopq2h_41,488
ipg9fih7p15qsktopq2h_47,793
ipg9fih7p15qsktopq2h_49,488
ipg9fih7p15qsktopq2h_53,793
ipg9fih7p15qsktopq2h_57,836
ipg9fih7p15qsktopq2h_59,126
t8nukn8jeqouozyxci0k_6,359
t8nukn8jeqouozyxci0k_13,1020
t8nukn8jeqouozyxci0k_18,323
t8nukn8jeqouozyxci0k_23,45
t8nukn8jeqouozyxci0k_29,457
t8nukn8jeqouozyxci0k_34,55
t8nukn8jeqouozyxci0k_35,691
t8nukn8jeqouozyxci0k_42,893
t8nukn8jeqouozyxci0k_44,691
t8nukn8jeqouozyxci0k_46,153
t8nukn8jeqouozyxci0k_49,464
t8nukn8jeqouozyxci0k_51,691
t8nukn8jeqouozyxci0k_52,150
t8nukn8jeqouozyxci0k_53,457
t8nukn8jeqouozyxci0k_54,1001
t8nukn8jeqouozyxci0k_56,497
t8nukn8jeqouozyxci0k_58,328
t8nukn8jeqouozyxci0k_59,691
t8nukn8jeqouozyxci0k_60,691
51lt872g5php4383i4xr_0,318
51lt872g5php4383i4xr_1,22
51lt872g5php4383i4xr_2,74
51lt872g5php4383i4xr_3,40
51lt872g5php4383i4xr_5,780
51lt872g5php4383i4xr_8,700
51lt872g5php4383i4xr_9,597
51lt872g5php4383i4xr_10,597
51lt872g5php4383i4xr_12,597
51lt872g5php4383i4xr_13,866
51lt872g5php4383i4xr_19,993
51lt872g5php4383i4xr_20,993
51lt872g5php4383i4xr_24,79
51lt872g5php4383i4xr_25,993
51lt872g5php4383i4xr_27,530
51lt872g5php4383i4xr_34,530
51lt872g5php4383i4xr_39,837
51lt872g5php4383i4xr_49,240
51lt872g5php4383i4xr_50,822
a45ppbbhsixw50xjd8fx_8,323
a45ppbbhsixw50xjd8fx_10,790
a45ppbbhsixw50xjd8fx_11,597
a45ppbbhsixw50xjd8fx_18,772
a45ppbbhsixw50xjd8fx_19,457
a45ppbbhsixw50xjd8fx_21,1020
a45ppbbhsixw50xjd8fx_26,957
a45ppbbhsixw50xjd8fx_32,691
a45ppbbhsixw50xjd8fx_38,310
a45ppbbhsixw50xjd8fx_43,957
a45ppbbhsixw50xjd8fx_47,45
a45ppbbhsixw50xjd8fx_51,240
a45ppbbhsixw50xjd8fx_57,691
a45ppbbhsixw50xjd8fx_59,240
okr8ehsxosyfm7k7xc3t_19,993
okr8ehsxosyfm7k7xc3t_22,180
okr8ehsxosyfm7k7xc3t_23,180
okr8ehsxosyfm7k7xc3t_25,993
okr8ehsxosyfm7k7xc3t_29,174
okr8ehsxosyfm7k7xc3t_30,174
okr8ehsxosyfm7k7xc3t_36,993
okr8ehsxosyfm7k7xc3t_37,1013
okr8ehsxosyfm7k7xc3t_42,993
okr8ehsxosyfm7k7xc3t_54,1013
okr8ehsxosyfm7k7xc3t_57,79
okr8ehsxosyfm7k7xc3t_63,308
105lbrgbk0sinx7pn6m7_8,850
105lbrgbk0sinx7pn6m7_12,597
105lbrgbk0sinx7pn6m7_14,310
105lbrgbk0sinx7pn6m7_15,45
105lbrgbk0sinx7pn6m7_17,1020
105lbrgbk0sinx7pn6m7_21,1013
105lbrgbk0sinx7pn6m7_35,324
105lbrgbk0sinx7pn6m7_49,31
105lbrgbk0sinx7pn6m7_53,1013
105lbrgbk0sinx7pn6m7_58,31
105lbrgbk0sinx7pn6m7_60,850
105lbrgbk0sinx7pn6m7_61,240
9i5g9dckncusnyl8dcx8_1,40
9i5g9dckncusnyl8dcx8_2,40
9i5g9dckncusnyl8dcx8_16,328
9i5g9dckncusnyl8dcx8_17,772
9i5g9dckncusnyl8dcx8_21,597
9i5g9dckncusnyl8dcx8_22,310
9i5g9dckncusnyl8dcx8_25,55
9i5g9dckncusnyl8dcx8_33,328
9i5g9dckncusnyl8dcx8_40,133
9i5g9dckncusnyl8dcx8_42,691
9i5g9dckncusnyl8dcx8_43,940
9i5g9dckncusnyl8dcx8_45,1001
9i5g9dckncusnyl8dcx8_47,45
9i5g9dckncusnyl8dcx8_54,819
9i5g9dckncusnyl8dcx8_62,347
bnace3vwj709lyd8rlit_6,656
bnace3vwj709lyd8rlit_12,597
bnace3vwj709lyd8rlit_21,463
bnace3vwj709lyd8rlit_24,941
bnace3vwj709lyd8rlit_25,993
bnace3vwj709lyd8rlit_27,530
bnace3vwj709lyd8rlit_33,530
bnace3vwj709lyd8rlit_42,993
bnace3vwj709lyd8rlit_46,240
bnace3vwj709lyd8rlit_51,850
bnace3vwj709lyd8rlit_58,850
bnace3vwj709lyd8rlit_59,536
89fgivetzwp291buyzze_4,42
89fgivetzwp291buyzze_10,360
89fgivetzwp291buyzze_12,42
89fgivetzwp291buyzze_19,634
89fgivetzwp291buyzze_20,42
89fgivetzwp291buyzze_21,429
89fgivetzwp291buyzze_28,51
89fgivetzwp291buyzze_29,42
89fgivetzwp291buyzze_31,45
89fgivetzwp291buyzze_34,42
89fgivetzwp291buyzze_37,324
89fgivetzwp291buyzze_43,636
89fgivetzwp291buyzze_50,691
89fgivetzwp291buyzze_51,636
89fgivetzwp291buyzze_56,497
89fgivetzwp291buyzze_57,485
89fgivetzwp291buyzze_59,634
89fgivetzwp291buyzze_63,497
id8ayf6ohbefkuzgyr6u_4,55
id8ayf6ohbefkuzgyr6u_5,40
id8ayf6ohbefkuzgyr6u_23,410
id8ayf6ohbefkuzgyr6u_30,935
id8ayf6ohbefkuzgyr6u_41,649
id8ayf6ohbefkuzgyr6u_45,609
id8ayf6ohbefkuzgyr6u_47,410
id8ayf6ohbefkuzgyr6u_49,133
id8ayf6ohbefkuzgyr6u_53,609
id8ayf6ohbefkuzgyr6u_55,410
id8ayf6ohbefkuzgyr6u_57,1004
id8ayf6ohbefkuzgyr6u_60,443
qoitash8hs4hzaaz4kja_1,717
qoitash8hs4hzaaz4kja_5,717
qoitash8hs4hzaaz4kja_7,409
qoitash8hs4hzaaz4kja_10,314
qoitash8hs4hzaaz4kja_25,25
qoitash8hs4hzaaz4kja_27,97
qoitash8hs4hzaaz4kja_29,694
qoitash8hs4hzaaz4kja_33,766
qoitash8hs4hzaaz4kja_34,962
qoitash8hs4hzaaz4kja_42,124
qoitash8hs4hzaaz4kja_43,209
qoitash8hs4hzaaz4kja_57,729
qoitash8hs4hzaaz4kja_61,694
g5ftma903nxftko0tqqx_3,244
g5ftma903nxftko0tqqx_15,262
g5ftma903nxftko0tqqx_28,101
g5ftma903nxftko0tqqx_34,16
g5ftma903nxftko0tqqx_36,498
g5ftma903nxftko0tqqx_38,192
g5ftma903nxftko0tqqx_45,220
g5ftma903nxftko0tqqx_52,16
g5ftma903nxftko0tqqx_62,1016
b6sqhf3fsrvc2yxygi0m_3,244
b6sqhf3fsrvc2yxygi0m_5,113
b6sqhf3fsrvc2yxygi0m_18,408
b6sqhf3fsrvc2yxygi0m_19,407
b6sqhf3fsrvc2yxygi0m_20,170
b6sqhf3fsrvc2yxygi0m_25,776
b6sqhf3fsrvc2yxygi0m_29,453
b6sqhf3fsrvc2yxygi0m_55,832
b6sqhf3fsrvc2yxygi0m_61,832
pmqqrln7sopjhrzuw4do_4,119
pmqqrln7sopjhrzuw4do_7,409
pmqqrln7sopjhrzuw4do_8,455
pmqqrln7sopjhrzuw4do_9,455
pmqqrln7sopjhrzuw4do_17,374
pmqqrln7sopjhrzuw4do_18,374
pmqqrln7sopjhrzuw4do_19,992
pmqqrln7sopjhrzuw4do_23,987
pmqqrln7sopjhrzuw4do_25,655
pmqqrln7sopjhrzuw4do_42,374
pmqqrln7sopjhrzuw4do_54,987
pmqqrln7sopjhrzuw4do_56,585
d2xbdo1r2b2xrjnn9wpo_6,743
d2xbdo1r2b2xrjnn9wpo_15,45
d2xbdo1r2b2xrjnn9wpo_17,811
d2xbdo1r2b2xrjnn9wpo_18,772
d2xbdo1r2b2xrjnn9wpo_24,772
d2xbdo1r2b2xrjnn9wpo_27,811
d2xbdo1r2b2xrjnn9wpo_28,485
d2xbdo1r2b2xrjnn9wpo_29,457
d2xbdo1r2b2xrjnn9wpo_34,811
d2xbdo1r2b2xrjnn9wpo_35,811
d2xbdo1r2b2xrjnn9wpo_43,941
d2xbdo1r2b2xrjnn9wpo_45,457
d2xbdo1r2b2xrjnn9wpo_49,190
d2xbdo1r2b2xrjnn9wpo_51,190
d2xbdo1r2b2xrjnn9wpo_54,811
d2xbdo1r2b2xrjnn9wpo_55,811
d2xbdo1r2b2xrjnn9wpo_57,485
myd21sj851dn49vgmysc_6,835
myd21sj851dn49vgmysc_12,170
myd21sj851dn49vgmysc_18,407
myd21sj851dn49vgmysc_20,407
myd21sj851dn49vgmysc_22,689
myd21sj851dn49vgmysc_28,453
myd21sj851dn49vgmysc_30,689
myd21sj851dn49vgmysc_40,1003
myd21sj851dn49vgmysc_46,689
myd21sj851dn49vgmysc_54,689
myd21sj851dn49vgmysc_60,341
lk706yl8dp6ma2s93nln_2,571
lk706yl8dp6ma2s93nln_9,729
lk706yl8dp6ma2s93nln_10,25
lk706yl8dp6ma2s93nln_11,694
lk706yl8dp6ma2s93nln_12,694
lk706yl8dp6ma2s93nln_16,346
lk706yl8dp6ma2s93nln_17,346
lk706yl8dp6ma2s93nln_19,962
lk706yl8dp6ma2s93nln_20,694
lk706yl8dp6ma2s93nln_25,586
lk706yl8dp6ma2s93nln_30,694
lk706yl8dp6ma2s93nln_33,586
lk706yl8dp6ma2s93nln_34,729
lk706yl8dp6ma2s93nln_36,694
lk706yl8dp6ma2s93nln_42,729
lk706yl8dp6ma2s93nln_49,346
lk706yl8dp6ma2s93nln_50,729
lk706yl8dp6ma2s93nln_56,729
lk706yl8dp6ma2s93nln_61,341
nteeuxjvmlzo6hyujsgs_3,921
nteeuxjvmlzo6hyujsgs_13,57
nteeuxjvmlzo6hyujsgs_15,490
nteeuxjvmlzo6hyujsgs_17,1018
nteeuxjvmlzo6hyujsgs_27,220
nteeuxjvmlzo6hyujsgs_28,353
nteeuxjvmlzo6hyujsgs_32,370
nteeuxjvmlzo6hyujsgs_36,101
nteeuxjvmlzo6hyujsgs_37,150
nteeuxjvmlzo6hyujsgs_38,192
nteeuxjvmlzo6hyujsgs_44,220
nteeuxjvmlzo6hyujsgs_50,192
nteeuxjvmlzo6hyujsgs_61,101
tic1v2zps85a0ugwceqa_14,346
tic1v2zps85a0ugwceqa_18,9
tic1v2zps85a0ugwceqa_30,346
tic1v2zps85a0ugwceqa_37,346
tic1v2zps85a0ugwceqa_45,9
tic1v2zps85a0ugwceqa_47,678
tic1v2zps85a0ugwceqa_48,302
tic1v2zps85a0ugwceqa_51,729
tic1v2zps85a0ugwceqa_52,9
tic1v2zps85a0ugwceqa_53,9
tic1v2zps85a0ugwceqa_60,907
tic1v2zps85a0ugwceqa_63,347
j6gvgu7ceandmz2vbd7z_8,55
j6gvgu7ceandmz2vbd7z_9,55
j6gvgu7ceandmz2vbd7z_12,143
j6gvgu7ceandmz2vbd7z_13,314
j6gvgu7ceandmz2vbd7z_17,55
j6gvgu7ceandmz2vbd7z_22,1013
j6gvgu7ceandmz2vbd7z_38,941
j6gvgu7ceandmz2vbd7z_56,251
j6gvgu7ceandmz2vbd7z_63,112
ccyd93vz94ln68v3ur43_1,1018
ccyd93vz94ln68v3ur43_2,1018
ccyd93vz94ln68v3ur43_6,353
ccyd93vz94ln68v3ur43_7,192
ccyd93vz94ln68v3ur43_14,353
ccyd93vz94ln68v3ur43_15,1018
ccyd93vz94ln68v3ur43_18,891
ccyd93vz94ln68v3ur43_19,370
ccyd93vz94ln68v3ur43_21,498
ccyd93vz94ln68v3ur43_23,602
ccyd93vz94ln68v3ur43_28,192
ccyd93vz94ln68v3ur43_29,498
ccyd93vz94ln68v3ur43_30,498
ccyd93vz94ln68v3ur43_34,127
ccyd93vz94ln68v3ur43_38,498
ccyd93vz94ln68v3ur43_39,101
ccyd93vz94ln68v3ur43_46,498
ccyd93vz94ln68v3ur43_54,101
ccyd93vz94ln68v3ur43_56,370
x5ukderpdk4nfvos6axn_12,247
x5ukderpdk4nfvos6axn_14,164
x5ukderpdk4nfvos6axn_19,327
x5ukderpdk4nfvos6axn_22,398
x5ukderpdk4nfvos6axn_24,1002
x5ukderpdk4nfvos6axn_29,219
x5ukderpdk4nfvos6axn_31,827
x5ukderpdk4nfvos6axn_38,964
x5ukderpdk4nfvos6axn_40,788
x5ukderpdk4nfvos6axn_47,450
x5ukderpdk4nfvos6axn_53,14
x5ukderpdk4nfvos6axn_55,562
x5ukderpdk4nfvos6axn_56,763
x5ukderpdk4nfvos6axn_58,756
x5ukderpdk4nfvos6axn_62,289
pcpucj47b4cc70qvjf7t_24,197
pcpucj47b4cc70qvjf7t_25,328
pcpucj47b4cc70qvjf7t_33,733
pcpucj47b4cc70qvjf7t_34,450
pcpucj47b4cc70qvjf7t_35,157
pcpucj47b4cc70qvjf7t_37,798
pcpucj47b4cc70qvjf7t_40,197
pcpucj47b4cc70qvjf7t_41,197
pcpucj47b4cc70qvjf7t_48,197
pcpucj47b4cc70qvjf7t_49,733
pcpucj47b4cc70qvjf7t_51,14
pcpucj47b4cc70qvjf7t_59,915
pcpucj47b4cc70qvjf7t_60,915
pcpucj47b4cc70qvjf7t_63,667
ul0ejdefgcc61ltd9nge_19,964
ul0ejdefgcc61ltd9nge_20,827
ul0ejdefgcc61ltd9nge_32,827
ul0ejdefgcc61ltd9nge_38,798
ul0ejdefgcc61ltd9nge_40,647
ul0ejdefgcc61ltd9nge_47,1017
ul0ejdefgcc61ltd9nge_50,14
ul0ejdefgcc61ltd9nge_54,798
ul0ejdefgcc61ltd9nge_55,667
ul0ejdefgcc61ltd9nge_58,289
ul0ejdefgcc61ltd9nge_59,289
ul0ejdefgcc61ltd9nge_63,667
h9ignvudq60cfppwg07v_17,164
h9ignvudq60cfppwg07v_25,827
h9ignvudq60cfppwg07v_27,827
h9ignvudq60cfppwg07v_33,219
h9ignvudq60cfppwg07v_34,827
h9ignvudq60cfppwg07v_35,1009
h9ignvudq60cfppwg07v_36,1009
h9ignvudq60cfppwg07v_45,798
h9ignvudq60cfppwg07v_46,798
h9ignvudq60cfppwg07v_49,63
h9ignvudq60cfppwg07v_50,14
h9ignvudq60cfppwg07v_51,826
h9ignvudq60cfppwg07v_56,852
h9ignvudq60cfppwg07v_58,126
h9ignvudq60cfppwg07v_59,126
h9ignvudq60cfppwg07v_61,266
cenlev9ngtbgne4hy66o_24,822
cenlev9ngtbgne4hy66o_29,645
cenlev9ngtbgne4hy66o_30,1019
cenlev9ngtbgne4hy66o_36,645
cenlev9ngtbgne4hy66o_46,507
cenlev9ngtbgne4hy66o_60,979
cenlev9ngtbgne4hy66o_62,979
cenlev9ngtbgne4hy66o_63,979
ofamt0n3qt74npongwek_26,672
ofamt0n3qt74npongwek_32,827
ofamt0n3qt74npongwek_37,99
ofamt0n3qt74npongwek_40,98
ofamt0n3qt74npongwek_41,827
ofamt0n3qt74npongwek_42,327
ofamt0n3qt74npongwek_44,99
ofamt0n3qt74npongwek_48,149
ofamt0n3qt74npongwek_49,827
ofamt0n3qt74npongwek_50,826
ofamt0n3qt74npongwek_53,798
ofamt0n3qt74npongwek_54,798
ofamt0n3qt74npongwek_55,208
ofamt0n3qt74npongwek_57,826
ofamt0n3qt74npongwek_61,798
ofamt0n3qt74npongwek_62,826
sbwbz59onhzyc6hdnfxl_9,672
sbwbz59onhzyc6hdnfxl_16,782
sbwbz59onhzyc6hdnfxl_18,367
sbwbz59onhzyc6hdnfxl_21,327
sbwbz59onhzyc6hdnfxl_25,91
sbwbz59onhzyc6hdnfxl_26,99
sbwbz59onhzyc6hdnfxl_28,327
sbwbz59onhzyc6hdnfxl_29,327
sbwbz59onhzyc6hdnfxl_30,310
sbwbz59onhzyc6hdnfxl_33,99
sbwbz59onhzyc6hdnfxl_35,495
sbwbz59onhzyc6hdnfxl_40,91
sbwbz59onhzyc6hdnfxl_42,298
sbwbz59onhzyc6hdnfxl_45,560
sbwbz59onhzyc6hdnfxl_48,91
sbwbz59onhzyc6hdnfxl_51,308
sbwbz59onhzyc6hdnfxl_52,308
sbwbz59onhzyc6hdnfxl_56,756
sbwbz59onhzyc6hdnfxl_57,756
sbwbz59onhzyc6hdnfxl_60,900
3qeo6hvoocfv9i6ecn7f_19,164
3qeo6hvoocfv9i6ecn7f_20,164
3qeo6hvoocfv9i6ecn7f_21,164
3qeo6hvoocfv9i6ecn7f_27,507
3qeo6hvoocfv9i6ecn7f_29,96
3qeo6hvoocfv9i6ecn7f_30,96
3qeo6hvoocfv9i6ecn7f_36,889
3qeo6hvoocfv9i6ecn7f_38,889
3qeo6hvoocfv9i6ecn7f_46,328
3qeo6hvoocfv9i6ecn7f_49,284
3qeo6hvoocfv9i6ecn7f_50,749
3qeo6hvoocfv9i6ecn7f_55,507
3qeo6hvoocfv9i6ecn7f_56,763
3qeo6hvoocfv9i6ecn7f_58,289
3qeo6hvoocfv9i6ecn7f_59,289
3qeo6hvoocfv9i6ecn7f_61,562
3qeo6hvoocfv9i6ecn7f_63,782
r4qs8jw7y8dkg4h2us1u_6,389
r4qs8jw7y8dkg4h2us1u_19,164
r4qs8jw7y8dkg4h2us1u_23,329
r4qs8jw7y8dkg4h2us1u_31,219
r4qs8jw7y8dkg4h2us1u_42,367
r4qs8jw7y8dkg4h2us1u_46,219
r4qs8jw7y8dkg4h2us1u_47,581
r4qs8jw7y8dkg4h2us1u_49,749
3mh2qztyfqhjn5cz8tbm_8,921
3mh2qztyfqhjn5cz8tbm_10,354
3mh2qztyfqhjn5cz8tbm_18,354
3mh2qztyfqhjn5cz8tbm_24,994
3mh2qztyfqhjn5cz8tbm_25,57
3mh2qztyfqhjn5cz8tbm_26,354
3mh2qztyfqhjn5cz8tbm_27,354
3mh2qztyfqhjn5cz8tbm_28,228
3mh2qztyfqhjn5cz8tbm_30,143
3mh2qztyfqhjn5cz8tbm_34,471
3mh2qztyfqhjn5cz8tbm_35,354
3mh2qztyfqhjn5cz8tbm_36,962
3mh2qztyfqhjn5cz8tbm_38,310
3mh2qztyfqhjn5cz8tbm_41,471
3mh2qztyfqhjn5cz8tbm_42,471
3mh2qztyfqhjn5cz8tbm_46,760
3mh2qztyfqhjn5cz8tbm_48,471
3mh2qztyfqhjn5cz8tbm_51,7
3mh2qztyfqhjn5cz8tbm_56,379
cq7r0n7brdyh96c11chr_17,941
cq7r0n7brdyh96c11chr_27,645
cq7r0n7brdyh96c11chr_30,71
cq7r0n7brdyh96c11chr_33,941
cq7r0n7brdyh96c11chr_34,941
cq7r0n7brdyh96c11chr_43,724
cq7r0n7brdyh96c11chr_46,645
cq7r0n7brdyh96c11chr_48,917
cq7r0n7brdyh96c11chr_54,546
cq7r0n7brdyh96c11chr_55,1019
vlsla7g3vip9tobriqhl_0,972
vlsla7g3vip9tobriqhl_11,903
vlsla7g3vip9tobriqhl_18,733
vlsla7g3vip9tobriqhl_19,197
vlsla7g3vip9tobriqhl_24,419
vlsla7g3vip9tobriqhl_28,503
vlsla7g3vip9tobriqhl_34,84
vlsla7g3vip9tobriqhl_36,903
vlsla7g3vip9tobriqhl_41,127
vlsla7g3vip9tobriqhl_42,321
vlsla7g3vip9tobriqhl_44,733
vlsla7g3vip9tobriqhl_51,419
vlsla7g3vip9tobriqhl_59,525
vlsla7g3vip9tobriqhl_61,126
jqm1mm5t12rn8diezn5p_13,160
jqm1mm5t12rn8diezn5p_31,329
jqm1mm5t12rn8diezn5p_35,855
jqm1mm5t12rn8diezn5p_38,987
jqm1mm5t12rn8diezn5p_44,758
jqm1mm5t12rn8diezn5p_45,760
jqm1mm5t12rn8diezn5p_51,511
jqm1mm5t12rn8diezn5p_57,588
jqm1mm5t12rn8diezn5p_60,758
jqm1mm5t12rn8diezn5p_62,365
wmdbp5542uq6y3hg4dnn_16,57
wmdbp5542uq6y3hg4dnn_19,493
wmdbp5542uq6y3hg4dnn_25,57
wmdbp5542uq6y3hg4dnn_27,354
wmdbp5542uq6y3hg4dnn_28,228
wmdbp5542uq6y3hg4dnn_35,354
wmdbp5542uq6y3hg4dnn_45,213
wmdbp5542uq6y3hg4dnn_47,581
wmdbp5542uq6y3hg4dnn_48,471
wmdbp5542uq6y3hg4dnn_52,760
wmdbp5542uq6y3hg4dnn_58,471
wmdbp5542uq6y3hg4dnn_59,471
m52oei8t39qsc7vnabby_4,782
m52oei8t39qsc7vnabby_8,164
m52oei8t39qsc7vnabby_12,672
m52oei8t39qsc7vnabby_13,500
m52oei8t39qsc7vnabby_16,164
m52oei8t39qsc7vnabby_17,164
m52oei8t39qsc7vnabby_26,219
m52oei8t39qsc7vnabby_32,964
m52oei8t39qsc7vnabby_36,798
m52oei8t39qsc7vnabby_41,827
m52oei8t39qsc7vnabby_42,14
m52oei8t39qsc7vnabby_43,826
m52oei8t39qsc7vnabby_48,313
m52oei8t39qsc7vnabby_49,826
m52oei8t39qsc7vnabby_50,826
m52oei8t39qsc7vnabby_55,212
m52oei8t39qsc7vnabby_56,852
m52oei8t39qsc7vnabby_58,313
m52oei8t39qsc7vnabby_61,826
m52oei8t39qsc7vnabby_63,667
lz9w33q7nun2bwtzxo3v_11,656
lz9w33q7nun2bwtzxo3v_19,1019
lz9w33q7nun2bwtzxo3v_20,1019
lz9w33q7nun2bwtzxo3v_26,645
lz9w33q7nun2bwtzxo3v_27,1019
lz9w33q7nun2bwtzxo3v_29,1019
lz9w33q7nun2bwtzxo3v_35,450
lz9w33q7nun2bwtzxo3v_36,450
lz9w33q7nun2bwtzxo3v_42,7
lz9w33q7nun2bwtzxo3v_43,450
lz9w33q7nun2bwtzxo3v_44,979
lz9w33q7nun2bwtzxo3v_45,450
lz9w33q7nun2bwtzxo3v_53,979
lz9w33q7nun2bwtzxo3v_54,562
lz9w33q7nun2bwtzxo3v_58,979
hq1vdnpk93f7dt5jm6db_13,672
hq1vdnpk93f7dt5jm6db_22,500
hq1vdnpk93f7dt5jm6db_23,827
hq1vdnpk93f7dt5jm6db_32,917
hq1vdnpk93f7dt5jm6db_36,495
hq1vdnpk93f7dt5jm6db_42,367
hq1vdnpk93f7dt5jm6db_43,867
hq1vdnpk93f7dt5jm6db_45,827
hq1vdnpk93f7dt5jm6db_46,504
hq1vdnpk93f7dt5jm6db_49,680
hq1vdnpk93f7dt5jm6db_50,91
hq1vdnpk93f7dt5jm6db_51,554
hq1vdnpk93f7dt5jm6db_52,826
hq1vdnpk93f7dt5jm6db_54,826
hq1vdnpk93f7dt5jm6db_55,149
hq1vdnpk93f7dt5jm6db_58,418
hq1vdnpk93f7dt5jm6db_61,289
ydo7bgd706tm3fmh486a_26,672
ydo7bgd706tm3fmh486a_27,164
ydo7bgd706tm3fmh486a_28,672
ydo7bgd706tm3fmh486a_32,827
ydo7bgd706tm3fmh486a_34,672
ydo7bgd706tm3fmh486a_37,99
ydo7bgd706tm3fmh486a_42,327
ydo7bgd706tm3fmh486a_43,99
ydo7bgd706tm3fmh486a_48,149
ydo7bgd706tm3fmh486a_49,827
ydo7bgd706tm3fmh486a_51,798
ydo7bgd706tm3fmh486a_56,149
ydo7bgd706tm3fmh486a_57,826
ydo7bgd706tm3fmh486a_63,112
6pzcv67yselaigp3pk9s_19,96
6pzcv67yselaigp3pk9s_20,328
6pzcv67yselaigp3pk9s_25,16
6pzcv67yselaigp3pk9s_28,96
6pzcv67yselaigp3pk9s_35,691
6pzcv67yselaigp3pk9s_45,782
6pzcv67yselaigp3pk9s_56,347
6pzcv67yselaigp3pk9s_57,289
6pzcv67yselaigp3pk9s_59,443
6pzcv67yselaigp3pk9s_63,112
1kntbd56e4tonhpwca8c_16,404
1kntbd56e4tonhpwca8c_24,964
1kntbd56e4tonhpwca8c_28,672
1kntbd56e4tonhpwca8c_29,672
1kntbd56e4tonhpwca8c_31,208
1kntbd56e4tonhpwca8c_36,788
1kntbd56e4tonhpwca8c_37,798
1kntbd56e4tonhpwca8c_41,827
1kntbd56e4tonhpwca8c_42,827
1kntbd56e4tonhpwca8c_44,798
1kntbd56e4tonhpwca8c_45,798
1kntbd56e4tonhpwca8c_47,1017
1kntbd56e4tonhpwca8c_49,826
1kntbd56e4tonhpwca8c_52,227
1kntbd56e4tonhpwca8c_56,852
1kntbd56e4tonhpwca8c_57,63
1kntbd56e4tonhpwca8c_58,126
1kntbd56e4tonhpwca8c_59,570
1kntbd56e4tonhpwca8c_60,947
9juji2eqysai09fkv0qe_6,918
9juji2eqysai09fkv0qe_31,827
9juji2eqysai09fkv0qe_32,917
9juji2eqysai09fkv0qe_36,495
9juji2eqysai09fkv0qe_48,763
9juji2eqysai09fkv0qe_49,680
9juji2eqysai09fkv0qe_52,826
9juji2eqysai09fkv0qe_53,826
9juji2eqysai09fkv0qe_59,723
bptf7dhg27e6rjosnyk9_2,252
bptf7dhg27e6rjosnyk9_38,938
bptf7dhg27e6rjosnyk9_39,208
bptf7dhg27e6rjosnyk9_40,546
bptf7dhg27e6rjosnyk9_43,197
bptf7dhg27e6rjosnyk9_45,760
bptf7dhg27e6rjosnyk9_46,594
bptf7dhg27e6rjosnyk9_49,546
bptf7dhg27e6rjosnyk9_50,419
bptf7dhg27e6rjosnyk9_52,962
bptf7dhg27e6rjosnyk9_53,77
bptf7dhg27e6rjosnyk9_57,756
bptf7dhg27e6rjosnyk9_58,915
bptf7dhg27e6rjosnyk9_60,443
1fik9ggu3z5w8u49do04_2,56
1fik9ggu3z5w8u49do04_12,580
1fik9ggu3z5w8u49do04_19,96
1fik9ggu3z5w8u49do04_20,96
1fik9ggu3z5w8u49do04_21,96
1fik9ggu3z5w8u49do04_22,310
1fik9ggu3z5w8u49do04_27,96
1fik9ggu3z5w8u49do04_28,889
1fik9ggu3z5w8u49do04_31,329
1fik9ggu3z5w8u49do04_34,889
1fik9ggu3z5w8u49do04_35,889
1fik9ggu3z5w8u49do04_36,328
1fik9ggu3z5w8u49do04_39,329
1fik9ggu3z5w8u49do04_46,507
1fik9ggu3z5w8u49do04_49,749
1fik9ggu3z5w8u49do04_53,964
1fik9ggu3z5w8u49do04_54,310
1fik9ggu3z5w8u49do04_59,562
1fik9ggu3z5w8u49do04_62,711
kmy0gsu74419vwa3n09j_4,918
kmy0gsu74419vwa3n09j_14,782
kmy0gsu74419vwa3n09j_22,143
kmy0gsu74419vwa3n09j_23,219
kmy0gsu74419vwa3n09j_28,456
kmy0gsu74419vwa3n09j_29,14
kmy0gsu74419vwa3n09j_30,14
kmy0gsu74419vwa3n09j_39,149
kmy0gsu74419vwa3n09j_41,489
kmy0gsu74419vwa3n09j_48,1014
kmy0gsu74419vwa3n09j_53,1009
kmy0gsu74419vwa3n09j_55,29
kmy0gsu74419vwa3n09j_57,418
kmy0gsu74419vwa3n09j_58,433
kmy0gsu74419vwa3n09j_59,126
kmy0gsu74419vwa3n09j_63,836
d23l1y9a0mxq1gfh4nwe_19,216
d23l1y9a0mxq1gfh4nwe_20,150
d23l1y9a0mxq1gfh4nwe_21,784
d23l1y9a0mxq1gfh4nwe_22,784
d23l1y9a0mxq1gfh4nwe_27,535
d23l1y9a0mxq1gfh4nwe_29,877
d23l1y9a0mxq1gfh4nwe_30,877
d23l1y9a0mxq1gfh4nwe_32,1002
d23l1y9a0mxq1gfh4nwe_38,683
d23l1y9a0mxq1gfh4nwe_39,150
d23l1y9a0mxq1gfh4nwe_46,84
d23l1y9a0mxq1gfh4nwe_47,84
d23l1y9a0mxq1gfh4nwe_52,953
d23l1y9a0mxq1gfh4nwe_56,763
d23l1y9a0mxq1gfh4nwe_57,418
d23l1y9a0mxq1gfh4nwe_61,698
d23l1y9a0mxq1gfh4nwe_63,112
pwek64hx6d76wl8sx57o_16,249
pwek64hx6d76wl8sx57o_17,782
pwek64hx6d76wl8sx57o_28,219
pwek64hx6d76wl8sx57o_34,219
pwek64hx6d76wl8sx57o_35,219
pwek64hx6d76wl8sx57o_43,1009
pwek64hx6d76wl8sx57o_48,852
pwek64hx6d76wl8sx57o_58,505
pwek64hx6d76wl8sx57o_62,745
bacdxv7ex39hdj7u6yq2_3,743
bacdxv7ex39hdj7u6yq2_4,389
bacdxv7ex39hdj7u6yq2_5,389
bacdxv7ex39hdj7u6yq2_6,389
bacdxv7ex39hdj7u6yq2_7,389
bacdxv7ex39hdj7u6yq2_11,672
bacdxv7ex39hdj7u6yq2_23,329
bacdxv7ex39hdj7u6yq2_39,219
bacdxv7ex39hdj7u6yq2_43,992
bacdxv7ex39hdj7u6yq2_47,581
bacdxv7ex39hdj7u6yq2_48,91
bacdxv7ex39hdj7u6yq2_52,255
bacdxv7ex39hdj7u6yq2_54,14
bacdxv7ex39hdj7u6yq2_55,826
bacdxv7ex39hdj7u6yq2_56,971
bacdxv7ex39hdj7u6yq2_60,386
bacdxv7ex39hdj7u6yq2_61,836
bacdxv7ex39hdj7u6yq2_63,443
yo75br2oste5xlqyujr9_4,74
yo75br2oste5xlqyujr9_5,74
yo75br2oste5xlqyujr9_6,318
yo75br2oste5xlqyujr9_20,645
yo75br2oste5xlqyujr9_27,645
yo75br2oste5xlqyujr9_29,645
yo75br2oste5xlqyujr9_31,228
yo75br2oste5xlqyujr9_36,645
yo75br2oste5xlqyujr9_39,1019
yo75br2oste5xlqyujr9_44,228
yo75br2oste5xlqyujr9_46,507
yo75br2oste5xlqyujr9_49,120
yo75br2oste5xlqyujr9_52,691
yo75br2oste5xlqyujr9_53,724
yo75br2oste5xlqyujr9_56,763
yo75br2oste5xlqyujr9_57,763
yo75br2oste5xlqyujr9_58,450
yo75br2oste5xlqyujr9_59,979
yo75br2oste5xlqyujr9_60,979
h3f3dcgv6plj5fnoj5ay_1,389
h3f3dcgv6plj5fnoj5ay_2,389
h3f3dcgv6plj5fnoj5ay_16,164
h3f3dcgv6plj5fnoj5ay_24,827
h3f3dcgv6plj5fnoj5ay_25,219
h3f3dcgv6plj5fnoj5ay_27,219
h3f3dcgv6plj5fnoj5ay_28,327
h3f3dcgv6plj5fnoj5ay_33,219
h3f3dcgv6plj5fnoj5ay_40,98
h3f3dcgv6plj5fnoj5ay_41,827
h3f3dcgv6plj5fnoj5ay_43,14
h3f3dcgv6plj5fnoj5ay_49,826
h3f3dcgv6plj5fnoj5ay_50,313
h3f3dcgv6plj5fnoj5ay_51,14
h3f3dcgv6plj5fnoj5ay_55,212
h3f3dcgv6plj5fnoj5ay_56,852
h3f3dcgv6plj5fnoj5ay_57,313
h3f3dcgv6plj5fnoj5ay_59,443
blgykg81kymzjn3f9855_3,413
blgykg81kymzjn3f9855_4,903
blgykg81kymzjn3f9855_8,786
blgykg81kymzjn3f9855_9,197
blgykg81kymzjn3f9855_11,903
blgykg81kymzjn3f9855_19,197
blgykg81kymzjn3f9855_20,197
blgykg81kymzjn3f9855_37,84
blgykg81kymzjn3f9855_38,143
blgykg81kymzjn3f9855_42,157
blgykg81kymzjn3f9855_45,903
blgykg81kymzjn3f9855_48,756
blgykg81kymzjn3f9855_59,126
blgykg81kymzjn3f9855_60,126
sr09aoonwx3tgebenwb2_17,367
sr09aoonwx3tgebenwb2_20,164
sr09aoonwx3tgebenwb2_22,558
sr09aoonwx3tgebenwb2_25,99
sr09aoonwx3tgebenwb2_29,137
sr09aoonwx3tgebenwb2_30,100
sr09aoonwx3tgebenwb2_31,827
sr09aoonwx3tgebenwb2_32,763
sr09aoonwx3tgebenwb2_37,386
sr09aoonwx3tgebenwb2_39,827
sr09aoonwx3tgebenwb2_40,788
sr09aoonwx3tgebenwb2_41,367
sr09aoonwx3tgebenwb2_43,367
sr09aoonwx3tgebenwb2_45,270
sr09aoonwx3tgebenwb2_49,99
sr09aoonwx3tgebenwb2_53,495
sr09aoonwx3tgebenwb2_54,437
sr09aoonwx3tgebenwb2_56,573
sr09aoonwx3tgebenwb2_58,723
7zf1dyxb5cjt19kav8j5_9,672
7zf1dyxb5cjt19kav8j5_21,164
7zf1dyxb5cjt19kav8j5_29,310
7zf1dyxb5cjt19kav8j5_40,827
7zf1dyxb5cjt19kav8j5_51,826
7zf1dyxb5cjt19kav8j5_53,798
7zf1dyxb5cjt19kav8j5_57,289
7zf1dyxb5cjt19kav8j5_61,266
7zf1dyxb5cjt19kav8j5_63,873
fv7nwqaw2hsgwzybnlnd_3,56
fv7nwqaw2hsgwzybnlnd_4,918
fv7nwqaw2hsgwzybnlnd_41,70
fv7nwqaw2hsgwzybnlnd_42,91
fv7nwqaw2hsgwzybnlnd_45,410
fv7nwqaw2hsgwzybnlnd_51,562
fv7nwqaw2hsgwzybnlnd_53,758
fv7nwqaw2hsgwzybnlnd_59,289
fv7nwqaw2hsgwzybnlnd_63,29
2175h0o793j2owu0zczj_22,558
2175h0o793j2owu0zczj_30,100
2175h0o793j2owu0zczj_31,827
2175h0o793j2owu0zczj_37,386
2175h0o793j2owu0zczj_38,255
2175h0o793j2owu0zczj_39,827
2175h0o793j2owu0zczj_56,573
2175h0o793j2owu0zczj_58,723
2175h0o793j2owu0zczj_61,723
72mqtenqzm43te18sszb_19,908
72mqtenqzm43te18sszb_24,272
72mqtenqzm43te18sszb_27,197
72mqtenqzm43te18sszb_28,908
72mqtenqzm43te18sszb_31,208
72mqtenqzm43te18sszb_35,197
72mqtenqzm43te18sszb_38,938
72mqtenqzm43te18sszb_45,760
72mqtenqzm43te18sszb_48,756
72mqtenqzm43te18sszb_50,419
72mqtenqzm43te18sszb_51,84
72mqtenqzm43te18sszb_53,77
72mqtenqzm43te18sszb_54,474
72mqtenqzm43te18sszb_56,443
72mqtenqzm43te18sszb_58,915
jnoongjm1yrbtlubu4zv_4,918
jnoongjm1yrbtlubu4zv_10,964
jnoongjm1yrbtlubu4zv_12,672
jnoongjm1yrbtlubu4zv_18,7
jnoongjm1yrbtlubu4zv_20,827
jnoongjm1yrbtlubu4zv_24,827
jnoongjm1yrbtlubu4zv_33,867
jnoongjm1yrbtlubu4zv_34,964
jnoongjm1yrbtlubu4zv_45,798
jnoongjm1yrbtlubu4zv_61,915
2ww4laxafnw73na0s39w_5,522
2ww4laxafnw73na0s39w_33,688
2ww4laxafnw73na0s39w_36,14
2ww4laxafnw73na0s39w_37,867
2ww4laxafnw73na0s39w_44,14
2ww4laxafnw73na0s39w_47,1017
2ww4laxafnw73na0s39w_53,224
2ww4laxafnw73na0s39w_55,257
2ww4laxafnw73na0s39w_59,289
ijuzozm9iy4qylno7c9l_4,918
ijuzozm9iy4qylno7c9l_15,558
ijuzozm9iy4qylno7c9l_22,439
ijuzozm9iy4qylno7c9l_24,1002
ijuzozm9iy4qylno7c9l_30,308
ijuzozm9iy4qylno7c9l_36,827
ijuzozm9iy4qylno7c9l_44,827
ijuzozm9iy4qylno7c9l_45,403
uveaobrru2p1ydutv8vu_8,164
uveaobrru2p1ydutv8vu_24,827
uveaobrru2p1ydutv8vu_29,310
uveaobrru2p1ydutv8vu_33,219
uveaobrru2p1ydutv8vu_34,99
uveaobrru2p1ydutv8vu_43,91
uveaobrru2p1ydutv8vu_44,91
uveaobrru2p1ydutv8vu_45,798
uveaobrru2p1ydutv8vu_49,91
uveaobrru2p1ydutv8vu_56,308
uveaobrru2p1ydutv8vu_61,151
fym097dhosyecy5n2srf_3,787
fym097dhosyecy5n2srf_4,787
fym097dhosyecy5n2srf_9,918
fym097dhosyecy5n2srf_12,672
fym097dhosyecy5n2srf_17,327
fym097dhosyecy5n2srf_37,788
fym097dhosyecy5n2srf_46,788
fym097dhosyecy5n2srf_54,798
fym097dhosyecy5n2srf_55,212
e6e3vlsk06zphomnub5y_3,247
e6e3vlsk06zphomnub5y_4,247
e6e3vlsk06zphomnub5y_6,247
e6e3vlsk06zphomnub5y_7,249
e6e3vlsk06zphomnub5y_10,99
e6e3vlsk06zphomnub5y_12,1009
e6e3vlsk06zphomnub5y_14,827
e6e3vlsk06zphomnub5y_17,932
e6e3vlsk06zphomnub5y_20,827
e6e3vlsk06zphomnub5y_23,591
e6e3vlsk06zphomnub5y_24,763
e6e3vlsk06zphomnub5y_25,227
e6e3vlsk06zphomnub5y_26,932
e6e3vlsk06zphomnub5y_29,456
e6e3vlsk06zphomnub5y_30,219
e6e3vlsk06zphomnub5y_33,932
e6e3vlsk06zphomnub5y_34,932
e6e3vlsk06zphomnub5y_35,91
e6e3vlsk06zphomnub5y_36,867
e6e3vlsk06zphomnub5y_39,228
18vds3slhsz776z5266y_0,249
18vds3slhsz776z5266y_3,247
18vds3slhsz776z5266y_10,228
18vds3slhsz776z5266y_11,601
18vds3slhsz776z5266y_13,143
18vds3slhsz776z5266y_19,219
18vds3slhsz776z5266y_27,450
18vds3slhsz776z5266y_33,601
18vds3slhsz776z5266y_42,14
18vds3slhsz776z5266y_51,562
18vds3slhsz776z5266y_52,562
18vds3slhsz776z5266y_59,289
18vds3slhsz776z5266y_62,915
lmf6mwy8dkx8zz93nmei_2,918
lmf6mwy8dkx8zz93nmei_9,164
lmf6mwy8dkx8zz93nmei_11,247
lmf6mwy8dkx8zz93nmei_12,247
lmf6mwy8dkx8zz93nmei_13,7
lmf6mwy8dkx8zz93nmei_15,329
lmf6mwy8dkx8zz93nmei_18,164
lmf6mwy8dkx8zz93nmei_22,398
lmf6mwy8dkx8zz93nmei_46,450
lmf6mwy8dkx8zz93nmei_53,14
lmf6mwy8dkx8zz93nmei_56,763
lmf6mwy8dkx8zz93nmei_61,289
lmf6mwy8dkx8zz93nmei_63,939
8tbww7ntn1hqxxu02g1m_16,164
8tbww7ntn1hqxxu02g1m_17,164
8tbww7ntn1hqxxu02g1m_24,228
8tbww7ntn1hqxxu02g1m_25,827
8tbww7ntn1hqxxu02g1m_34,601
8tbww7ntn1hqxxu02g1m_42,313
8tbww7ntn1hqxxu02g1m_44,546
8tbww7ntn1hqxxu02g1m_51,562
8tbww7ntn1hqxxu02g1m_53,867
8tbww7ntn1hqxxu02g1m_58,289
wrjntvz5om8xxjmpng02_7,247
wrjntvz5om8xxjmpng02_20,219
wrjntvz5om8xxjmpng02_22,219
wrjntvz5om8xxjmpng02_23,228
wrjntvz5om8xxjmpng02_26,268
wrjntvz5om8xxjmpng02_28,367
wrjntvz5om8xxjmpng02_32,917
wrjntvz5om8xxjmpng02_34,367
wrjntvz5om8xxjmpng02_36,867
wrjntvz5om8xxjmpng02_37,450
wrjntvz5om8xxjmpng02_38,827
wrjntvz5om8xxjmpng02_39,591
wrjntvz5om8xxjmpng02_43,367
wrjntvz5om8xxjmpng02_44,72
wrjntvz5om8xxjmpng02_45,138
wrjntvz5om8xxjmpng02_47,98
wrjntvz5om8xxjmpng02_48,120
wrjntvz5om8xxjmpng02_53,601
wrjntvz5om8xxjmpng02_55,29
wrjntvz5om8xxjmpng02_56,494
806oonq6u13tmyo4n6su_1,522
806oonq6u13tmyo4n6su_3,522
806oonq6u13tmyo4n6su_26,109
806oonq6u13tmyo4n6su_31,212
806oonq6u13tmyo4n6su_35,827
806oonq6u13tmyo4n6su_39,1017
806oonq6u13tmyo4n6su_53,224
806oonq6u13tmyo4n6su_54,285
806oonq6u13tmyo4n6su_63,667
f9qswkl8ls9o0hu1dach_3,522
f9qswkl8ls9o0hu1dach_22,867
f9qswkl8ls9o0hu1dach_23,591
f9qswkl8ls9o0hu1dach_28,917
f9qswkl8ls9o0hu1dach_29,1009
f9qswkl8ls9o0hu1dach_36,433
f9qswkl8ls9o0hu1dach_39,591
f9qswkl8ls9o0hu1dach_42,320
f9qswkl8ls9o0hu1dach_44,562
f9qswkl8ls9o0hu1dach_45,562
f9qswkl8ls9o0hu1dach_54,562
f9qswkl8ls9o0hu1dach_56,494
f9qswkl8ls9o0hu1dach_57,494
f9qswkl8ls9o0hu1dach_63,149
eo10jcq3p5ige0730m11_0,137
eo10jcq3p5ige0730m11_1,247
eo10jcq3p5ige0730m11_2,247
eo10jcq3p5ige0730m11_8,137
eo10jcq3p5ige0730m11_9,827
eo10jcq3p5ige0730m11_16,98
eo10jcq3p5ige0730m11_25,450
eo10jcq3p5ige0730m11_26,450
eo10jcq3p5ige0730m11_36,798
eo10jcq3p5ige0730m11_37,798
eo10jcq3p5ige0730m11_40,647
eo10jcq3p5ige0730m11_46,472
eo10jcq3p5ige0730m11_47,208
eo10jcq3p5ige0730m11_57,289
eo10jcq3p5ige0730m11_59,915
eo10jcq3p5ige0730m11_61,570
ukpfnfbvvau792krwj74_5,918
ukpfnfbvvau792krwj74_12,247
ukpfnfbvvau792krwj74_20,219
ukpfnfbvvau792krwj74_21,398
ukpfnfbvvau792krwj74_22,398
ukpfnfbvvau792krwj74_23,964
ukpfnfbvvau792krwj74_32,763
ukpfnfbvvau792krwj74_33,367
ukpfnfbvvau792krwj74_37,867
ukpfnfbvvau792krwj74_38,964
ukpfnfbvvau792krwj74_41,1009
ukpfnfbvvau792krwj74_49,367
ukpfnfbvvau792krwj74_52,562
a97clg9fij13j26kzx6e_1,918
a97clg9fij13j26kzx6e_16,164
a97clg9fij13j26kzx6e_19,234
a97clg9fij13j26kzx6e_25,827
a97clg9fij13j26kzx6e_26,827
a97clg9fij13j26kzx6e_34,601
a97clg9fij13j26kzx6e_35,964
a97clg9fij13j26kzx6e_40,228
a97clg9fij13j26kzx6e_42,313
a97clg9fij13j26kzx6e_45,450
a97clg9fij13j26kzx6e_46,798
a97clg9fij13j26kzx6e_53,867
ypg9sbrdhu7yxj9sfegg_4,56
ypg9sbrdhu7yxj9sfegg_5,918
ypg9sbrdhu7yxj9sfegg_12,99
ypg9sbrdhu7yxj9sfegg_13,672
ypg9sbrdhu7yxj9sfegg_19,99
ypg9sbrdhu7yxj9sfegg_21,99
ypg9sbrdhu7yxj9sfegg_22,500
ypg9sbrdhu7yxj9sfegg_30,827
9e6xdgk013odvroivqnt_2,918
9e6xdgk013odvroivqnt_4,603
9e6xdgk013odvroivqnt_5,522
9e6xdgk013odvroivqnt_32,450
9e6xdgk013odvroivqnt_33,14
9e6xdgk013odvroivqnt_34,14
9e6xdgk013odvroivqnt_40,450
9e6xdgk013odvroivqnt_42,867
9e6xdgk013odvroivqnt_44,953
9e6xdgk013odvroivqnt_45,953
ls5zc3dhh76idutuv1o1_2,389
ls5zc3dhh76idutuv1o1_3,389
ls5zc3dhh76idutuv1o1_8,918
ls5zc3dhh76idutuv1o1_16,164
ls5zc3dhh76idutuv1o1_17,219
ls5zc3dhh76idutuv1o1_22,195
ls5zc3dhh76idutuv1o1_25,219
ls5zc3dhh76idutuv1o1_36,327
ls5zc3dhh76idutuv1o1_42,14
ls5zc3dhh76idutuv1o1_43,14
ls5zc3dhh76idutuv1o1_48,826
ls5zc3dhh76idutuv1o1_50,313
ls5zc3dhh76idutuv1o1_53,745
ls5zc3dhh76idutuv1o1_56,852
ls5zc3dhh76idutuv1o1_57,313
ls5zc3dhh76idutuv1o1_59,443
ls5zc3dhh76idutuv1o1_61,947
oq3hqgxqm2dgoaqrm2o9_18,99
oq3hqgxqm2dgoaqrm2o9_20,672
oq3hqgxqm2dgoaqrm2o9_21,99
oq3hqgxqm2dgoaqrm2o9_23,827
oq3hqgxqm2dgoaqrm2o9_29,827
oq3hqgxqm2dgoaqrm2o9_31,827
oq3hqgxqm2dgoaqrm2o9_36,495
oq3hqgxqm2dgoaqrm2o9_37,99
oq3hqgxqm2dgoaqrm2o9_43,867
oq3hqgxqm2dgoaqrm2o9_45,827
oq3hqgxqm2dgoaqrm2o9_47,735
oq3hqgxqm2dgoaqrm2o9_48,763
oq3hqgxqm2dgoaqrm2o9_57,418
oq3hqgxqm2dgoaqrm2o9_58,418
oq3hqgxqm2dgoaqrm2o9_63,735
6tl859k9xi72jd9gtizq_4,603
6tl859k9xi72jd9gtizq_12,234
6tl859k9xi72jd9gtizq_15,868
6tl859k9xi72jd9gtizq_18,219
6tl859k9xi72jd9gtizq_19,219
6tl859k9xi72jd9gtizq_20,386
6tl859k9xi72jd9gtizq_31,33
6tl859k9xi72jd9gtizq_32,450
6tl859k9xi72jd9gtizq_33,14
6tl859k9xi72jd9gtizq_35,14
6tl859k9xi72jd9gtizq_36,14
6tl859k9xi72jd9gtizq_37,14
6tl859k9xi72jd9gtizq_41,628
6tl859k9xi72jd9gtizq_56,971
obuppdpraov46zaq9zow_9,164
obuppdpraov46zaq9zow_10,672
obuppdpraov46zaq9zow_11,164
obuppdpraov46zaq9zow_16,164
obuppdpraov46zaq9zow_18,164
obuppdpraov46zaq9zow_35,99
obuppdpraov46zaq9zow_37,798
obuppdpraov46zaq9zow_41,14
obuppdpraov46zaq9zow_42,495
obuppdpraov46zaq9zow_43,91
obuppdpraov46zaq9zow_46,33
obuppdpraov46zaq9zow_49,91
obuppdpraov46zaq9zow_53,798
obuppdpraov46zaq9zow_56,308
obuppdpraov46zaq9zow_58,826
obuppdpraov46zaq9zow_60,915
obuppdpraov46zaq9zow_62,947
6149vzmqbmamgrgu3b7t_1,612
6149vzmqbmamgrgu3b7t_3,612
6149vzmqbmamgrgu3b7t_9,579
6149vzmqbmamgrgu3b7t_15,45
6149vzmqbmamgrgu3b7t_16,985
6149vzmqbmamgrgu3b7t_17,985
6149vzmqbmamgrgu3b7t_18,985
6149vzmqbmamgrgu3b7t_19,718
6149vzmqbmamgrgu3b7t_20,593
6149vzmqbmamgrgu3b7t_22,989
6149vzmqbmamgrgu3b7t_23,574
6149vzmqbmamgrgu3b7t_25,628
6149vzmqbmamgrgu3b7t_27,985
6149vzmqbmamgrgu3b7t_35,989
6149vzmqbmamgrgu3b7t_36,628
6149vzmqbmamgrgu3b7t_45,715
6149vzmqbmamgrgu3b7t_48,50
6149vzmqbmamgrgu3b7t_51,964
6149vzmqbmamgrgu3b7t_58,313
6149vzmqbmamgrgu3b7t_62,832
qrgbt2ewd8rmawmvgtcu_5,880
qrgbt2ewd8rmawmvgtcu_11,645
qrgbt2ewd8rmawmvgtcu_13,1019
qrgbt2ewd8rmawmvgtcu_14,880
qrgbt2ewd8rmawmvgtcu_20,164
qrgbt2ewd8rmawmvgtcu_21,880
qrgbt2ewd8rmawmvgtcu_30,880
qrgbt2ewd8rmawmvgtcu_32,120
qrgbt2ewd8rmawmvgtcu_39,450
qrgbt2ewd8rmawmvgtcu_42,546
qrgbt2ewd8rmawmvgtcu_46,450
qrgbt2ewd8rmawmvgtcu_48,120
qrgbt2ewd8rmawmvgtcu_49,320
qrgbt2ewd8rmawmvgtcu_53,450
qrgbt2ewd8rmawmvgtcu_57,915
qrgbt2ewd8rmawmvgtcu_61,562
qrgbt2ewd8rmawmvgtcu_62,723
3lj0o7361705m4owkezk_0,918
3lj0o7361705m4owkezk_9,164
3lj0o7361705m4owkezk_33,219
3lj0o7361705m4owkezk_34,99
3lj0o7361705m4owkezk_37,798
3lj0o7361705m4owkezk_43,91
3lj0o7361705m4owkezk_45,798
3lj0o7361705m4owkezk_47,212
3lj0o7361705m4owkezk_49,91
3lj0o7361705m4owkezk_51,91
3lj0o7361705m4owkezk_52,495
3lj0o7361705m4owkezk_56,308
3lj0o7361705m4owkezk_57,398
3lj0o7361705m4owkezk_59,826
3lj0o7361705m4owkezk_60,915
3lj0o7361705m4owkezk_61,151
3lj0o7361705m4owkezk_62,947
3lj0o7361705m4owkezk_63,667
73mr6158g0ufbwuixe96_3,918
73mr6158g0ufbwuixe96_11,164
73mr6158g0ufbwuixe96_12,247
73mr6158g0ufbwuixe96_13,918
73mr6158g0ufbwuixe96_14,252
73mr6158g0ufbwuixe96_15,782
73mr6158g0ufbwuixe96_22,558
73mr6158g0ufbwuixe96_23,329
73mr6158g0ufbwuixe96_36,228
73mr6158g0ufbwuixe96_39,664
73mr6158g0ufbwuixe96_40,120
73mr6158g0ufbwuixe96_42,157
73mr6158g0ufbwuixe96_44,964
73mr6158g0ufbwuixe96_45,456
73mr6158g0ufbwuixe96_54,885
73mr6158g0ufbwuixe96_56,756
73mr6158g0ufbwuixe96_57,418
73mr6158g0ufbwuixe96_58,289
73mr6158g0ufbwuixe96_59,443
73mr6158g0ufbwuixe96_63,112
qahefawiy6g3jsacuqkh_13,7
qahefawiy6g3jsacuqkh_18,164
qahefawiy6g3jsacuqkh_22,398
qahefawiy6g3jsacuqkh_28,827
qahefawiy6g3jsacuqkh_30,219
qahefawiy6g3jsacuqkh_36,14
qahefawiy6g3jsacuqkh_42,953
qahefawiy6g3jsacuqkh_44,964
qahefawiy6g3jsacuqkh_45,14
qahefawiy6g3jsacuqkh_46,450
qahefawiy6g3jsacuqkh_51,562
qahefawiy6g3jsacuqkh_55,562
qahefawiy6g3jsacuqkh_56,763
qahefawiy6g3jsacuqkh_58,756
qahefawiy6g3jsacuqkh_59,289
cunlia2clbp2vu7m2j5y_16,827
cunlia2clbp2vu7m2j5y_24,827
cunlia2clbp2vu7m2j5y_26,827
cunlia2clbp2vu7m2j5y_32,827
cunlia2clbp2vu7m2j5y_40,98
cunlia2clbp2vu7m2j5y_41,827
cunlia2clbp2vu7m2j5y_42,827
cunlia2clbp2vu7m2j5y_43,798
cunlia2clbp2vu7m2j5y_45,99
cunlia2clbp2vu7m2j5y_48,98
cunlia2clbp2vu7m2j5y_50,826
cunlia2clbp2vu7m2j5y_54,798
cunlia2clbp2vu7m2j5y_57,826
iskdwzef69dz0z092bz8_0,918
iskdwzef69dz0z092bz8_5,56
iskdwzef69dz0z092bz8_8,247
iskdwzef69dz0z092bz8_9,784
iskdwzef69dz0z092bz8_10,964
iskdwzef69dz0z092bz8_11,164
iskdwzef69dz0z092bz8_17,398
iskdwzef69dz0z092bz8_18,7
iskdwzef69dz0z092bz8_19,964
iskdwzef69dz0z092bz8_24,827
iskdwzef69dz0z092bz8_27,219
iskdwzef69dz0z092bz8_32,827
iskdwzef69dz0z092bz8_41,14
iskdwzef69dz0z092bz8_45,798
iskdwzef69dz0z092bz8_46,361
iskdwzef69dz0z092bz8_52,14
iskdwzef69dz0z092bz8_58,289
qeihtg6i3u1e3hf4nwhe_8,918
qeihtg6i3u1e3hf4nwhe_19,327
qeihtg6i3u1e3hf4nwhe_20,219
qeihtg6i3u1e3hf4nwhe_21,398
qeihtg6i3u1e3hf4nwhe_23,964
qeihtg6i3u1e3hf4nwhe_31,827
qeihtg6i3u1e3hf4nwhe_34,867
qeihtg6i3u1e3hf4nwhe_36,14
qeihtg6i3u1e3hf4nwhe_37,867
qeihtg6i3u1e3hf4nwhe_45,14
qeihtg6i3u1e3hf4nwhe_46,450
qeihtg6i3u1e3hf4nwhe_48,763
qeihtg6i3u1e3hf4nwhe_52,562
qeihtg6i3u1e3hf4nwhe_53,14
qeihtg6i3u1e3hf4nwhe_57,915
qeihtg6i3u1e3hf4nwhe_60,289
qeihtg6i3u1e3hf4nwhe_61,289
qeihtg6i3u1e3hf4nwhe_63,939
8o1wsc366koke6757esz_2,503
8o1wsc366koke6757esz_5,74
8o1wsc366koke6757esz_26,967
8o1wsc366koke6757esz_27,129
8o1wsc366koke6757esz_28,129
8o1wsc366koke6757esz_30,864
8o1wsc366koke6757esz_35,275
8o1wsc366koke6757esz_37,855
8o1wsc366koke6757esz_41,160
8o1wsc366koke6757esz_42,275
8o1wsc366koke6757esz_60,588
1vgbkfivp4rswacplpkr_9,464
1vgbkfivp4rswacplpkr_12,164
1vgbkfivp4rswacplpkr_15,329
1vgbkfivp4rswacplpkr_16,1002
1vgbkfivp4rswacplpkr_17,564
1vgbkfivp4rswacplpkr_18,564
1vgbkfivp4rswacplpkr_19,164
1vgbkfivp4rswacplpkr_23,329
1vgbkfivp4rswacplpkr_38,987
1vgbkfivp4rswacplpkr_44,758
1vgbkfivp4rswacplpkr_47,581
1vgbkfivp4rswacplpkr_49,233
1vgbkfivp4rswacplpkr_50,588
1vgbkfivp4rswacplpkr_54,231
1vgbkfivp4rswacplpkr_60,758
1vgbkfivp4rswacplpkr_63,443
femofjct4tnt28tls6ex_22,940
femofjct4tnt28tls6ex_31,160
femofjct4tnt28tls6ex_38,758
femofjct4tnt28tls6ex_39,275
femofjct4tnt28tls6ex_40,763
femofjct4tnt28tls6ex_44,511
femofjct4tnt28tls6ex_45,275
femofjct4tnt28tls6ex_46,758
femofjct4tnt28tls6ex_47,588
femofjct4tnt28tls6ex_48,763
femofjct4tnt28tls6ex_51,339
femofjct4tnt28tls6ex_52,588
femofjct4tnt28tls6ex_57,763
femofjct4tnt28tls6ex_58,418
femofjct4tnt28tls6ex_62,758
trl7duiy9b51i02x78s3_8,921
trl7duiy9b51i02x78s3_9,617
trl7duiy9b51i02x78s3_10,354
trl7duiy9b51i02x78s3_18,354
trl7duiy9b51i02x78s3_24,994
trl7duiy9b51i02x78s3_36,962
trl7duiy9b51i02x78s3_42,471
trl7duiy9b51i02x78s3_49,471
trl7duiy9b51i02x78s3_51,7
tgfc886roj8fwb52jclv_16,917
tgfc886roj8fwb52jclv_22,219
tgfc886roj8fwb52jclv_26,666
tgfc886roj8fwb52jclv_29,219
tgfc886roj8fwb52jclv_41,24
tgfc886roj8fwb52jclv_42,504
tgfc886roj8fwb52jclv_44,14
tgfc886roj8fwb52jclv_49,517
tgfc886roj8fwb52jclv_58,126
tgfc886roj8fwb52jclv_59,126
tgfc886roj8fwb52jclv_60,126
tgfc886roj8fwb52jclv_63,939
qr0y50qqoysmiffsexw4_14,439
qr0y50qqoysmiffsexw4_15,164
qr0y50qqoysmiffsexw4_23,164
qr0y50qqoysmiffsexw4_31,827
qr0y50qqoysmiffsexw4_41,367
qr0y50qqoysmiffsexw4_43,367
qr0y50qqoysmiffsexw4_47,504
qr0y50qqoysmiffsexw4_50,517
qr0y50qqoysmiffsexw4_51,723
qr0y50qqoysmiffsexw4_53,495
qr0y50qqoysmiffsexw4_54,437
qr0y50qqoysmiffsexw4_55,504
qr0y50qqoysmiffsexw4_56,573
qr0y50qqoysmiffsexw4_57,418
qr0y50qqoysmiffsexw4_58,723
qr0y50qqoysmiffsexw4_60,723
qr0y50qqoysmiffsexw4_62,126
qr0y50qqoysmiffsexw4_63,126
2tnrcannqyxj489z3og9_9,164
2tnrcannqyxj489z3og9_17,164
2tnrcannqyxj489z3og9_19,164
2tnrcannqyxj489z3og9_24,197
2tnrcannqyxj489z3og9_34,450
2tnrcannqyxj489z3og9_35,157
2tnrcannqyxj489z3og9_36,964
2tnrcannqyxj489z3og9_41,197
2tnrcannqyxj489z3og9_46,798
2tnrcannqyxj489z3og9_47,721
2tnrcannqyxj489z3og9_48,197
2tnrcannqyxj489z3og9_49,733
2tnrcannqyxj489z3og9_50,14
2tnrcannqyxj489z3og9_51,14
2tnrcannqyxj489z3og9_52,834
2tnrcannqyxj489z3og9_53,745
2tnrcannqyxj489z3og9_55,212
2tnrcannqyxj489z3og9_58,505
zc3onrcuutfyonymjadg_8,1002
zc3onrcuutfyonymjadg_15,329
zc3onrcuutfyonymjadg_22,219
zc3onrcuutfyonymjadg_23,329
zc3onrcuutfyonymjadg_27,219
zc3onrcuutfyonymjadg_28,219
zc3onrcuutfyonymjadg_29,219
zc3onrcuutfyonymjadg_31,219
zc3onrcuutfyonymjadg_32,1002
zc3onrcuutfyonymjadg_40,917
zc3onrcuutfyonymjadg_42,367
zc3onrcuutfyonymjadg_44,14
zc3onrcuutfyonymjadg_47,581
zc3onrcuutfyonymjadg_53,826
zc3onrcuutfyonymjadg_54,14
zc3onrcuutfyonymjadg_56,971
zc3onrcuutfyonymjadg_59,900
zc3onrcuutfyonymjadg_63,443
l1iqf3v4z83aq1t3ddqn_13,7
l1iqf3v4z83aq1t3ddqn_34,867
l1iqf3v4z83aq1t3ddqn_36,14
l1iqf3v4z83aq1t3ddqn_37,867
l1iqf3v4z83aq1t3ddqn_41,1009
l1iqf3v4z83aq1t3ddqn_45,14
l1iqf3v4z83aq1t3ddqn_49,367
l1iqf3v4z83aq1t3ddqn_51,562
l1iqf3v4z83aq1t3ddqn_52,562
l1iqf3v4z83aq1t3ddqn_56,763
l1iqf3v4z83aq1t3ddqn_57,915
l1iqf3v4z83aq1t3ddqn_60,289
d8074h5h53olu00vn7ju_9,672
d8074h5h53olu00vn7ju_12,672
d8074h5h53olu00vn7ju_18,868
d8074h5h53olu00vn7ju_27,219
d8074h5h53olu00vn7ju_36,798
d8074h5h53olu00vn7ju_40,852
d8074h5h53olu00vn7ju_41,562
d8074h5h53olu00vn7ju_42,867
g8wa6e6dgy67kw0q2n6b_5,918
g8wa6e6dgy67kw0q2n6b_18,99
g8wa6e6dgy67kw0q2n6b_20,672
g8wa6e6dgy67kw0q2n6b_26,99
g8wa6e6dgy67kw0q2n6b_28,827
g8wa6e6dgy67kw0q2n6b_29,827
g8wa6e6dgy67kw0q2n6b_30,827
g8wa6e6dgy67kw0q2n6b_31,827
g8wa6e6dgy67kw0q2n6b_36,495
g8wa6e6dgy67kw0q2n6b_42,367
g8wa6e6dgy67kw0q2n6b_43,867
g8wa6e6dgy67kw0q2n6b_50,91
g8wa6e6dgy67kw0q2n6b_53,826
g8wa6e6dgy67kw0q2n6b_57,418
g8wa6e6dgy67kw0q2n6b_59,723
g8wa6e6dgy67kw0q2n6b_61,289
g8wa6e6dgy67kw0q2n6b_63,735
7x02jt5e2lcw1serkn9h_6,918
7x02jt5e2lcw1serkn9h_9,164
7x02jt5e2lcw1serkn9h_13,7
7x02jt5e2lcw1serkn9h_15,329
7x02jt5e2lcw1serkn9h_16,1002
7x02jt5e2lcw1serkn9h_17,247
7x02jt5e2lcw1serkn9h_23,964
7x02jt5e2lcw1serkn9h_32,763
7x02jt5e2lcw1serkn9h_33,367
7x02jt5e2lcw1serkn9h_36,14
7x02jt5e2lcw1serkn9h_37,867
7x02jt5e2lcw1serkn9h_39,827
7x02jt5e2lcw1serkn9h_42,953
7x02jt5e2lcw1serkn9h_43,867
7x02jt5e2lcw1serkn9h_46,450
7x02jt5e2lcw1serkn9h_49,367
7x02jt5e2lcw1serkn9h_55,562
7x02jt5e2lcw1serkn9h_59,289
7x02jt5e2lcw1serkn9h_62,289
7x02jt5e2lcw1serkn9h_63,939
1jint5fucf1ebsslijwb_2,51
1jint5fucf1ebsslijwb_4,967
1jint5fucf1ebsslijwb_20,855
1jint5fucf1ebsslijwb_26,160
1jint5fucf1ebsslijwb_27,855
1jint5fucf1ebsslijwb_30,855
1jint5fucf1ebsslijwb_33,564
1jint5fucf1ebsslijwb_36,855
1jint5fucf1ebsslijwb_40,511
1jint5fucf1ebsslijwb_42,758
1jint5fucf1ebsslijwb_43,588
1jint5fucf1ebsslijwb_44,588
1jint5fucf1ebsslijwb_49,511
1jint5fucf1ebsslijwb_50,758
1jint5fucf1ebsslijwb_51,760
1jint5fucf1ebsslijwb_53,588
1jint5fucf1ebsslijwb_54,711
1jint5fucf1ebsslijwb_57,758
1jint5fucf1ebsslijwb_59,823
1jint5fucf1ebsslijwb_60,347
1j1rl7v4mxovucgrim27_6,260
1j1rl7v4mxovucgrim27_10,672
1j1rl7v4mxovucgrim27_11,672
1j1rl7v4mxovucgrim27_17,782
1j1rl7v4mxovucgrim27_24,404
1j1rl7v4mxovucgrim27_33,827
1j1rl7v4mxovucgrim27_38,310
1j1rl7v4mxovucgrim27_50,520
oi9z0lytmrz58k29e7ri_13,439
oi9z0lytmrz58k29e7ri_15,558
oi9z0lytmrz58k29e7ri_22,439
oi9z0lytmrz58k29e7ri_31,827
oi9z0lytmrz58k29e7ri_33,99
oi9z0lytmrz58k29e7ri_38,398
oi9z0lytmrz58k29e7ri_40,763
oi9z0lytmrz58k29e7ri_41,367
oi9z0lytmrz58k29e7ri_42,749
oi9z0lytmrz58k29e7ri_43,367
oi9z0lytmrz58k29e7ri_52,723
oi9z0lytmrz58k29e7ri_53,495
oi9z0lytmrz58k29e7ri_59,723
oi9z0lytmrz58k29e7ri_61,289
oi9z0lytmrz58k29e7ri_62,289
oi9z0lytmrz58k29e7ri_63,126
iac086h8ia52vpy06j3x_24,272
iac086h8ia52vpy06j3x_25,197
iac086h8ia52vpy06j3x_26,197
iac086h8ia52vpy06j3x_27,197
iac086h8ia52vpy06j3x_30,310
iac086h8ia52vpy06j3x_32,228
iac086h8ia52vpy06j3x_34,877
iac086h8ia52vpy06j3x_35,197
iac086h8ia52vpy06j3x_40,546
iac086h8ia52vpy06j3x_43,197
iac086h8ia52vpy06j3x_45,760
iac086h8ia52vpy06j3x_49,546
iac086h8ia52vpy06j3x_51,84
iac086h8ia52vpy06j3x_56,443
iac086h8ia52vpy06j3x_58,915
e7itno5uvvme5li4t9in_3,56
e7itno5uvvme5li4t9in_19,268
e7itno5uvvme5li4t9in_23,228
e7itno5uvvme5li4t9in_39,591
e7itno5uvvme5li4t9in_41,684
e7itno5uvvme5li4t9in_44,72
e7itno5uvvme5li4t9in_46,826
e7itno5uvvme5li4t9in_59,418
e7itno5uvvme5li4t9in_60,826
ropliashitl36lgmit1r_14,164
ropliashitl36lgmit1r_23,827
ropliashitl36lgmit1r_24,1002
ropliashitl36lgmit1r_33,99
ropliashitl36lgmit1r_39,398
ropliashitl36lgmit1r_43,367
ropliashitl36lgmit1r_44,827
ropliashitl36lgmit1r_47,504
ropliashitl36lgmit1r_52,723
ropliashitl36lgmit1r_53,495
ropliashitl36lgmit1r_57,418
ropliashitl36lgmit1r_59,723
ropliashitl36lgmit1r_61,289
97nrstupeolytfie6uov_9,164
97nrstupeolytfie6uov_18,914
97nrstupeolytfie6uov_19,234
97nrstupeolytfie6uov_26,827
97nrstupeolytfie6uov_27,386
97nrstupeolytfie6uov_33,827
97nrstupeolytfie6uov_35,964
97nrstupeolytfie6uov_36,228
97nrstupeolytfie6uov_41,14
97nrstupeolytfie6uov_45,450
97nrstupeolytfie6uov_55,257
97nrstupeolytfie6uov_57,289
97nrstupeolytfie6uov_61,570
mgal6wy3x4hfxsas4jnn_17,164
mgal6wy3x4hfxsas4jnn_18,164
mgal6wy3x4hfxsas4jnn_19,164
mgal6wy3x4hfxsas4jnn_24,197
mgal6wy3x4hfxsas4jnn_32,228
mgal6wy3x4hfxsas4jnn_46,798
mgal6wy3x4hfxsas4jnn_49,733
mgal6wy3x4hfxsas4jnn_50,14
mgal6wy3x4hfxsas4jnn_57,562
mgal6wy3x4hfxsas4jnn_60,915
mgal6wy3x4hfxsas4jnn_63,667
221yl4yw59yl423sh2p7_26,564
221yl4yw59yl423sh2p7_28,275
221yl4yw59yl423sh2p7_29,855
221yl4yw59yl423sh2p7_30,855
221yl4yw59yl423sh2p7_35,367
221yl4yw59yl423sh2p7_36,511
221yl4yw59yl423sh2p7_37,855
221yl4yw59yl423sh2p7_39,275
221yl4yw59yl423sh2p7_45,275
221yl4yw59yl423sh2p7_47,588
221yl4yw59yl423sh2p7_54,758
221yl4yw59yl423sh2p7_55,511
221yl4yw59yl423sh2p7_56,763
221yl4yw59yl423sh2p7_62,758
221yl4yw59yl423sh2p7_63,758
dzmwic6qmq2gnz071g4i_33,275
dzmwic6qmq2gnz071g4i_35,275
dzmwic6qmq2gnz071g4i_41,275
dzmwic6qmq2gnz071g4i_43,827
dzmwic6qmq2gnz071g4i_44,855
dzmwic6qmq2gnz071g4i_45,782
dzmwic6qmq2gnz071g4i_48,507
dzmwic6qmq2gnz071g4i_51,711
dzmwic6qmq2gnz071g4i_53,711
dzmwic6qmq2gnz071g4i_60,711
pnx8p2ar8z4preiacl9r_14,864
pnx8p2ar8z4preiacl9r_17,893
pnx8p2ar8z4preiacl9r_22,275
pnx8p2ar8z4preiacl9r_26,160
pnx8p2ar8z4preiacl9r_27,855
pnx8p2ar8z4preiacl9r_28,855
pnx8p2ar8z4preiacl9r_31,329
pnx8p2ar8z4preiacl9r_37,855
pnx8p2ar8z4preiacl9r_38,507
pnx8p2ar8z4preiacl9r_39,721
pnx8p2ar8z4preiacl9r_46,588
pnx8p2ar8z4preiacl9r_47,711
pnx8p2ar8z4preiacl9r_51,588
pnx8p2ar8z4preiacl9r_53,711
pnx8p2ar8z4preiacl9r_54,711
pnx8p2ar8z4preiacl9r_58,758
pnx8p2ar8z4preiacl9r_59,231
pnx8p2ar8z4preiacl9r_61,711
pnx8p2ar8z4preiacl9r_62,711
ynm70ufw38tfmdvfyi6o_18,99
ynm70ufw38tfmdvfyi6o_21,99
ynm70ufw38tfmdvfyi6o_25,99
ynm70ufw38tfmdvfyi6o_30,827
ynm70ufw38tfmdvfyi6o_33,99
ynm70ufw38tfmdvfyi6o_46,504
ynm70ufw38tfmdvfyi6o_50,91
ynm70ufw38tfmdvfyi6o_57,418
ynm70ufw38tfmdvfyi6o_59,723
ynm70ufw38tfmdvfyi6o_61,289
ynm70ufw38tfmdvfyi6o_63,735
xo8irhnofs1okcblqid0_9,617
xo8irhnofs1okcblqid0_17,354
xo8irhnofs1okcblqid0_18,354
xo8irhnofs1okcblqid0_24,994
xo8irhnofs1okcblqid0_26,354
xo8irhnofs1okcblqid0_34,471
xo8irhnofs1okcblqid0_38,310
xo8irhnofs1okcblqid0_50,493
xo8irhnofs1okcblqid0_53,760
xo8irhnofs1okcblqid0_56,379
xo8irhnofs1okcblqid0_57,471
ozsmfpkj7lf8s55ptyrm_16,908
ozsmfpkj7lf8s55ptyrm_19,164
ozsmfpkj7lf8s55ptyrm_24,197
ozsmfpkj7lf8s55ptyrm_25,328
ozsmfpkj7lf8s55ptyrm_27,321
ozsmfpkj7lf8s55ptyrm_32,228
ozsmfpkj7lf8s55ptyrm_33,733
ozsmfpkj7lf8s55ptyrm_36,964
ozsmfpkj7lf8s55ptyrm_39,208
ozsmfpkj7lf8s55ptyrm_40,197
ozsmfpkj7lf8s55ptyrm_42,450
ozsmfpkj7lf8s55ptyrm_43,450
ozsmfpkj7lf8s55ptyrm_47,721
ozsmfpkj7lf8s55ptyrm_48,197
ozsmfpkj7lf8s55ptyrm_51,14
ozsmfpkj7lf8s55ptyrm_52,834
ozsmfpkj7lf8s55ptyrm_53,745
ozsmfpkj7lf8s55ptyrm_56,62
ozsmfpkj7lf8s55ptyrm_57,562
ozsmfpkj7lf8s55ptyrm_63,667
oycs7dvwkdtq3xycr4w8_8,401
oycs7dvwkdtq3xycr4w8_10,351
oycs7dvwkdtq3xycr4w8_21,855
oycs7dvwkdtq3xycr4w8_22,855
oycs7dvwkdtq3xycr4w8_26,758
oycs7dvwkdtq3xycr4w8_29,855
oycs7dvwkdtq3xycr4w8_34,758
oycs7dvwkdtq3xycr4w8_39,711
oycs7dvwkdtq3xycr4w8_48,511
oycs7dvwkdtq3xycr4w8_50,758
oycs7dvwkdtq3xycr4w8_52,231
oycs7dvwkdtq3xycr4w8_57,365
oycs7dvwkdtq3xycr4w8_58,400
oycs7dvwkdtq3xycr4w8_59,134
e1fbxr7turmovomawrrv_28,855
e1fbxr7turmovomawrrv_30,855
e1fbxr7turmovomawrrv_33,855
e1fbxr7turmovomawrrv_35,855
e1fbxr7turmovomawrrv_36,855
e1fbxr7turmovomawrrv_37,855
e1fbxr7turmovomawrrv_42,588
e1fbxr7turmovomawrrv_43,588
e1fbxr7turmovomawrrv_44,77
e1fbxr7turmovomawrrv_45,588
e1fbxr7turmovomawrrv_46,711
e1fbxr7turmovomawrrv_47,208
e1fbxr7turmovomawrrv_48,588
e1fbxr7turmovomawrrv_51,711
e1fbxr7turmovomawrrv_53,711
e1fbxr7turmovomawrrv_54,711
e1fbxr7turmovomawrrv_60,126
e1fbxr7turmovomawrrv_61,711
e1fbxr7turmovomawrrv_62,711
e1fbxr7turmovomawrrv_63,873
ryfn4arc3mlw10uedcys_8,7
ryfn4arc3mlw10uedcys_9,493
ryfn4arc3mlw10uedcys_17,493
ryfn4arc3mlw10uedcys_24,354
ryfn4arc3mlw10uedcys_25,354
ryfn4arc3mlw10uedcys_28,500
ryfn4arc3mlw10uedcys_43,213
ryfn4arc3mlw10uedcys_44,760
ryfn4arc3mlw10uedcys_50,617
ryfn4arc3mlw10uedcys_54,474
ryfn4arc3mlw10uedcys_56,471
ryfn4arc3mlw10uedcys_59,443
otpuijzobmg54llvns0y_6,522
otpuijzobmg54llvns0y_21,219
otpuijzobmg54llvns0y_26,268
otpuijzobmg54llvns0y_41,684
otpuijzobmg54llvns0y_43,367
otpuijzobmg54llvns0y_48,120
otpuijzobmg54llvns0y_58,788
otpuijzobmg54llvns0y_63,735
q94fez9siokq1td3x6jf_34,636
q94fez9siokq1td3x6jf_36,275
q94fez9siokq1td3x6jf_39,329
q94fez9siokq1td3x6jf_44,275
q94fez9siokq1td3x6jf_45,588
q94fez9siokq1td3x6jf_47,721
q94fez9siokq1td3x6jf_52,588
q94fez9siokq1td3x6jf_56,588
q94fez9siokq1td3x6jf_58,758
q94fez9siokq1td3x6jf_60,588
ohq7czglyb2nyvozh23s_22,543
ohq7czglyb2nyvozh23s_24,926
ohq7czglyb2nyvozh23s_29,614
ohq7czglyb2nyvozh23s_30,614
ohq7czglyb2nyvozh23s_32,950
ohq7czglyb2nyvozh23s_36,614
ohq7czglyb2nyvozh23s_38,614
ohq7czglyb2nyvozh23s_50,658
ohq7czglyb2nyvozh23s_57,617
qesou8jjsdm8wrq3g18x_4,119
qesou8jjsdm8wrq3g18x_5,835
qesou8jjsdm8wrq3g18x_8,150
qesou8jjsdm8wrq3g18x_10,493
qesou8jjsdm8wrq3g18x_12,134
qesou8jjsdm8wrq3g18x_16,691
qesou8jjsdm8wrq3g18x_22,987
qesou8jjsdm8wrq3g18x_24,691
qesou8jjsdm8wrq3g18x_26,365
qesou8jjsdm8wrq3g18x_29,1009
qesou8jjsdm8wrq3g18x_32,365
qesou8jjsdm8wrq3g18x_33,365
qesou8jjsdm8wrq3g18x_37,596
qesou8jjsdm8wrq3g18x_40,365
qesou8jjsdm8wrq3g18x_43,308
qesou8jjsdm8wrq3g18x_48,720
qesou8jjsdm8wrq3g18x_57,347
awdbs9lxw5hfyc9vbsq7_12,543
awdbs9lxw5hfyc9vbsq7_23,658
awdbs9lxw5hfyc9vbsq7_28,543
awdbs9lxw5hfyc9vbsq7_29,658
awdbs9lxw5hfyc9vbsq7_31,614
awdbs9lxw5hfyc9vbsq7_35,543
awdbs9lxw5hfyc9vbsq7_36,658
awdbs9lxw5hfyc9vbsq7_37,658
awdbs9lxw5hfyc9vbsq7_41,614
awdbs9lxw5hfyc9vbsq7_46,543
awdbs9lxw5hfyc9vbsq7_49,543
awdbs9lxw5hfyc9vbsq7_51,39
awdbs9lxw5hfyc9vbsq7_52,999
awdbs9lxw5hfyc9vbsq7_59,616
awdbs9lxw5hfyc9vbsq7_60,616
awdbs9lxw5hfyc9vbsq7_63,999
bngvc27k3wp6krwhbqx3_2,658
bngvc27k3wp6krwhbqx3_6,658
bngvc27k3wp6krwhbqx3_11,614
bngvc27k3wp6krwhbqx3_18,614
bngvc27k3wp6krwhbqx3_25,614
bngvc27k3wp6krwhbqx3_26,614
bngvc27k3wp6krwhbqx3_28,614
bngvc27k3wp6krwhbqx3_29,614
bngvc27k3wp6krwhbqx3_34,614
bngvc27k3wp6krwhbqx3_35,614
bngvc27k3wp6krwhbqx3_43,614
bngvc27k3wp6krwhbqx3_45,543
bngvc27k3wp6krwhbqx3_49,658
bngvc27k3wp6krwhbqx3_50,658
bngvc27k3wp6krwhbqx3_51,658
bngvc27k3wp6krwhbqx3_57,617
bngvc27k3wp6krwhbqx3_59,943
bngvc27k3wp6krwhbqx3_60,354
bngvc27k3wp6krwhbqx3_61,658
3n92b8vpfxcrcqs4zv5r_1,617
3n92b8vpfxcrcqs4zv5r_12,614
3n92b8vpfxcrcqs4zv5r_14,614
3n92b8vpfxcrcqs4zv5r_16,658
3n92b8vpfxcrcqs4zv5r_21,614
3n92b8vpfxcrcqs4zv5r_24,926
3n92b8vpfxcrcqs4zv5r_27,614
3n92b8vpfxcrcqs4zv5r_28,614
3n92b8vpfxcrcqs4zv5r_33,614
3n92b8vpfxcrcqs4zv5r_40,658
3n92b8vpfxcrcqs4zv5r_41,658
3n92b8vpfxcrcqs4zv5r_42,614
3n92b8vpfxcrcqs4zv5r_43,614
3n92b8vpfxcrcqs4zv5r_44,614
3n92b8vpfxcrcqs4zv5r_48,617
3n92b8vpfxcrcqs4zv5r_50,658
3n92b8vpfxcrcqs4zv5r_51,658
3n92b8vpfxcrcqs4zv5r_56,400
3n92b8vpfxcrcqs4zv5r_57,617
3n92b8vpfxcrcqs4zv5r_60,354
n5t84xrlm1lrk5jzd47a_9,25
n5t84xrlm1lrk5jzd47a_12,644
n5t84xrlm1lrk5jzd47a_13,914
n5t84xrlm1lrk5jzd47a_16,838
n5t84xrlm1lrk5jzd47a_17,693
n5t84xrlm1lrk5jzd47a_18,200
n5t84xrlm1lrk5jzd47a_19,442
n5t84xrlm1lrk5jzd47a_20,442
n5t84xrlm1lrk5jzd47a_21,603
n5t84xrlm1lrk5jzd47a_24,776
n5t84xrlm1lrk5jzd47a_32,97
n5t84xrlm1lrk5jzd47a_37,200
n5t84xrlm1lrk5jzd47a_42,776
n5t84xrlm1lrk5jzd47a_43,617
n5t84xrlm1lrk5jzd47a_48,1003
n5t84xrlm1lrk5jzd47a_49,832
n5t84xrlm1lrk5jzd47a_50,838
1u3lewon8irqyqt2cbdu_3,49
1u3lewon8irqyqt2cbdu_5,689
1u3lewon8irqyqt2cbdu_6,187
1u3lewon8irqyqt2cbdu_7,861
1u3lewon8irqyqt2cbdu_10,170
1u3lewon8irqyqt2cbdu_11,705
1u3lewon8irqyqt2cbdu_12,689
1u3lewon8irqyqt2cbdu_13,834
1u3lewon8irqyqt2cbdu_18,131
1u3lewon8irqyqt2cbdu_19,689
1u3lewon8irqyqt2cbdu_23,675
1u3lewon8irqyqt2cbdu_24,453
1u3lewon8irqyqt2cbdu_29,596
1u3lewon8irqyqt2cbdu_31,675
1u3lewon8irqyqt2cbdu_32,453
1u3lewon8irqyqt2cbdu_35,407
1u3lewon8irqyqt2cbdu_41,131
xjhtrdze32tiirrvz95c_6,658
xjhtrdze32tiirrvz95c_7,658
xjhtrdze32tiirrvz95c_20,614
xjhtrdze32tiirrvz95c_21,614
xjhtrdze32tiirrvz95c_26,614
xjhtrdze32tiirrvz95c_31,614
xjhtrdze32tiirrvz95c_34,614
xjhtrdze32tiirrvz95c_35,614
xjhtrdze32tiirrvz95c_36,614
xjhtrdze32tiirrvz95c_37,614
xjhtrdze32tiirrvz95c_43,614
xjhtrdze32tiirrvz95c_44,614
xjhtrdze32tiirrvz95c_45,543
xjhtrdze32tiirrvz95c_48,617
xjhtrdze32tiirrvz95c_52,543
xjhtrdze32tiirrvz95c_59,943
xjhtrdze32tiirrvz95c_61,658
xjhtrdze32tiirrvz95c_63,730
kqazjlc94nadoss55bpr_11,122
kqazjlc94nadoss55bpr_13,122
kqazjlc94nadoss55bpr_16,263
kqazjlc94nadoss55bpr_19,839
kqazjlc94nadoss55bpr_20,839
kqazjlc94nadoss55bpr_21,122
kqazjlc94nadoss55bpr_22,478
kqazjlc94nadoss55bpr_28,122
kqazjlc94nadoss55bpr_30,122
kqazjlc94nadoss55bpr_33,122
kqazjlc94nadoss55bpr_36,839
kqazjlc94nadoss55bpr_41,263
kqazjlc94nadoss55bpr_42,839
kqazjlc94nadoss55bpr_43,839
kqazjlc94nadoss55bpr_44,839
kqazjlc94nadoss55bpr_48,263
kqazjlc94nadoss55bpr_53,839
kqazjlc94nadoss55bpr_56,196
kqazjlc94nadoss55bpr_58,263
kqazjlc94nadoss55bpr_59,839
8ncnlh9jd4qv2dx52t45_4,493
8ncnlh9jd4qv2dx52t45_6,658
8ncnlh9jd4qv2dx52t45_11,614
8ncnlh9jd4qv2dx52t45_12,614
8ncnlh9jd4qv2dx52t45_18,614
8ncnlh9jd4qv2dx52t45_19,614
8ncnlh9jd4qv2dx52t45_20,614
8ncnlh9jd4qv2dx52t45_22,543
8ncnlh9jd4qv2dx52t45_24,926
8ncnlh9jd4qv2dx52t45_26,614
8ncnlh9jd4qv2dx52t45_28,614
8ncnlh9jd4qv2dx52t45_29,614
8ncnlh9jd4qv2dx52t45_30,614
8ncnlh9jd4qv2dx52t45_36,614
8ncnlh9jd4qv2dx52t45_38,614
8ncnlh9jd4qv2dx52t45_42,614
8ncnlh9jd4qv2dx52t45_43,614
8ncnlh9jd4qv2dx52t45_46,406
8ncnlh9jd4qv2dx52t45_51,658
8ncnlh9jd4qv2dx52t45_56,400
xludw6e92dgq9bcdx0f1_2,136
xludw6e92dgq9bcdx0f1_4,968
xludw6e92dgq9bcdx0f1_5,136
xludw6e92dgq9bcdx0f1_6,968
xludw6e92dgq9bcdx0f1_9,136
xludw6e92dgq9bcdx0f1_11,136
xludw6e92dgq9bcdx0f1_14,808
xludw6e92dgq9bcdx0f1_15,968
xludw6e92dgq9bcdx0f1_19,968
xludw6e92dgq9bcdx0f1_24,136
xludw6e92dgq9bcdx0f1_25,136
xludw6e92dgq9bcdx0f1_34,114
xludw6e92dgq9bcdx0f1_35,114
xludw6e92dgq9bcdx0f1_37,114
xludw6e92dgq9bcdx0f1_38,968
xludw6e92dgq9bcdx0f1_43,114
xludw6e92dgq9bcdx0f1_44,114
xludw6e92dgq9bcdx0f1_55,114
xludw6e92dgq9bcdx0f1_61,114
6fhbngk4g78z4364wae1_4,154
6fhbngk4g78z4364wae1_10,295
6fhbngk4g78z4364wae1_13,154
6fhbngk4g78z4364wae1_24,273
6fhbngk4g78z4364wae1_25,601
6fhbngk4g78z4364wae1_29,134
6fhbngk4g78z4364wae1_30,96
6fhbngk4g78z4364wae1_36,601
6fhbngk4g78z4364wae1_43,52
crt2c3i3yvabb0cb5s6x_5,950
crt2c3i3yvabb0cb5s6x_22,430
crt2c3i3yvabb0cb5s6x_30,844
crt2c3i3yvabb0cb5s6x_38,844
crt2c3i3yvabb0cb5s6x_39,620
crt2c3i3yvabb0cb5s6x_47,844
crt2c3i3yvabb0cb5s6x_52,844
crt2c3i3yvabb0cb5s6x_58,201
crt2c3i3yvabb0cb5s6x_62,844
xnz1xjeuh12261j1o58y_2,704
xnz1xjeuh12261j1o58y_8,440
xnz1xjeuh12261j1o58y_11,491
xnz1xjeuh12261j1o58y_18,245
xnz1xjeuh12261j1o58y_27,245
xnz1xjeuh12261j1o58y_46,245
xnz1xjeuh12261j1o58y_48,165
xnz1xjeuh12261j1o58y_50,876
xnz1xjeuh12261j1o58y_52,245
m802oyfwe2uhg7pu8yor_0,956
m802oyfwe2uhg7pu8yor_1,712
m802oyfwe2uhg7pu8yor_10,338
m802oyfwe2uhg7pu8yor_13,362
m802oyfwe2uhg7pu8yor_18,392
m802oyfwe2uhg7pu8yor_19,161
m802oyfwe2uhg7pu8yor_21,362
m802oyfwe2uhg7pu8yor_27,648
m802oyfwe2uhg7pu8yor_28,362
m802oyfwe2uhg7pu8yor_37,719
m802oyfwe2uhg7pu8yor_38,620
m802oyfwe2uhg7pu8yor_39,620
m802oyfwe2uhg7pu8yor_42,1005
m802oyfwe2uhg7pu8yor_55,620
qkgp84x7tto1h9miwjzb_12,362
qkgp84x7tto1h9miwjzb_20,362
qkgp84x7tto1h9miwjzb_21,325
qkgp84x7tto1h9miwjzb_28,491
qkgp84x7tto1h9miwjzb_36,712
qkgp84x7tto1h9miwjzb_37,338
qkgp84x7tto1h9miwjzb_45,161
qkgp84x7tto1h9miwjzb_46,392
qkgp84x7tto1h9miwjzb_54,392
qkgp84x7tto1h9miwjzb_63,715
j9dbjiqr9mt7idlmnycp_3,242
j9dbjiqr9mt7idlmnycp_14,242
j9dbjiqr9mt7idlmnycp_15,936
j9dbjiqr9mt7idlmnycp_25,11
j9dbjiqr9mt7idlmnycp_26,242
j9dbjiqr9mt7idlmnycp_31,11
j9dbjiqr9mt7idlmnycp_34,11
j9dbjiqr9mt7idlmnycp_46,11
j9dbjiqr9mt7idlmnycp_49,936
j9dbjiqr9mt7idlmnycp_55,78
z6n5kdq26tj4f7wrs557_0,242
z6n5kdq26tj4f7wrs557_4,242
z6n5kdq26tj4f7wrs557_6,242
z6n5kdq26tj4f7wrs557_11,242
z6n5kdq26tj4f7wrs557_16,242
z6n5kdq26tj4f7wrs557_24,165
z6n5kdq26tj4f7wrs557_25,11
z6n5kdq26tj4f7wrs557_27,762
z6n5kdq26tj4f7wrs557_29,11
z6n5kdq26tj4f7wrs557_31,242
z6n5kdq26tj4f7wrs557_35,11
z6n5kdq26tj4f7wrs557_41,242
z6n5kdq26tj4f7wrs557_44,11
z6n5kdq26tj4f7wrs557_47,950
z6n5kdq26tj4f7wrs557_50,78
z6n5kdq26tj4f7wrs557_53,242
z6n5kdq26tj4f7wrs557_58,845
z6n5kdq26tj4f7wrs557_61,11
763lfjvxvyrg605yellg_2,242
763lfjvxvyrg605yellg_3,242
763lfjvxvyrg605yellg_4,242
763lfjvxvyrg605yellg_10,242
763lfjvxvyrg605yellg_16,242
763lfjvxvyrg605yellg_21,242
763lfjvxvyrg605yellg_24,165
763lfjvxvyrg605yellg_27,762
763lfjvxvyrg605yellg_29,11
763lfjvxvyrg605yellg_35,11
763lfjvxvyrg605yellg_42,781
763lfjvxvyrg605yellg_46,11
763lfjvxvyrg605yellg_48,242
763lfjvxvyrg605yellg_49,482
763lfjvxvyrg605yellg_50,78
763lfjvxvyrg605yellg_58,845
763lfjvxvyrg605yellg_60,933
5sirmjjsfjd2h3ty30m5_2,242
5sirmjjsfjd2h3ty30m5_6,78
5sirmjjsfjd2h3ty30m5_13,465
5sirmjjsfjd2h3ty30m5_35,741
5sirmjjsfjd2h3ty30m5_40,11
5sirmjjsfjd2h3ty30m5_57,11
5sirmjjsfjd2h3ty30m5_58,11
5sirmjjsfjd2h3ty30m5_59,90
5sirmjjsfjd2h3ty30m5_62,90
jruigdawualhgashs38w_0,242
jruigdawualhgashs38w_6,11
jruigdawualhgashs38w_9,762
jruigdawualhgashs38w_10,465
jruigdawualhgashs38w_14,242
jruigdawualhgashs38w_22,762
jruigdawualhgashs38w_32,11
jruigdawualhgashs38w_33,11
jruigdawualhgashs38w_35,11
jruigdawualhgashs38w_43,11
jruigdawualhgashs38w_46,11
jruigdawualhgashs38w_51,11
jruigdawualhgashs38w_52,11
jruigdawualhgashs38w_56,242
1al8zp9vpiw8gj0rken8_15,491
1al8zp9vpiw8gj0rken8_18,781
1al8zp9vpiw8gj0rken8_19,135
1al8zp9vpiw8gj0rken8_26,135
1al8zp9vpiw8gj0rken8_37,279
1al8zp9vpiw8gj0rken8_38,279
1al8zp9vpiw8gj0rken8_45,279
1al8zp9vpiw8gj0rken8_50,279
1al8zp9vpiw8gj0rken8_51,279
1al8zp9vpiw8gj0rken8_53,607
1al8zp9vpiw8gj0rken8_55,933
1al8zp9vpiw8gj0rken8_61,933
1al8zp9vpiw8gj0rken8_62,933
lsl12b5fukn0vl4mddtf_0,936
lsl12b5fukn0vl4mddtf_4,242
lsl12b5fukn0vl4mddtf_5,11
lsl12b5fukn0vl4mddtf_7,242
lsl12b5fukn0vl4mddtf_15,936
lsl12b5fukn0vl4mddtf_31,620
lsl12b5fukn0vl4mddtf_32,762
lsl12b5fukn0vl4mddtf_33,11
lsl12b5fukn0vl4mddtf_34,11
lsl12b5fukn0vl4mddtf_35,11
lsl12b5fukn0vl4mddtf_40,242
lsl12b5fukn0vl4mddtf_41,11
lsl12b5fukn0vl4mddtf_53,11
lsl12b5fukn0vl4mddtf_61,242
lsl12b5fukn0vl4mddtf_62,78
v4lsjsautvbuyvtiicdj_7,242
v4lsjsautvbuyvtiicdj_23,845
v4lsjsautvbuyvtiicdj_24,242
v4lsjsautvbuyvtiicdj_32,78
v4lsjsautvbuyvtiicdj_34,762
v4lsjsautvbuyvtiicdj_47,402
v4lsjsautvbuyvtiicdj_48,165
v4lsjsautvbuyvtiicdj_57,242
v4lsjsautvbuyvtiicdj_60,78
v4lsjsautvbuyvtiicdj_61,90
v4lsjsautvbuyvtiicdj_62,11
v4lsjsautvbuyvtiicdj_63,242
385ib275fynutts72wmq_8,165
385ib275fynutts72wmq_17,781
385ib275fynutts72wmq_19,543
385ib275fynutts72wmq_20,726
385ib275fynutts72wmq_21,726
385ib275fynutts72wmq_26,543
385ib275fynutts72wmq_27,543
385ib275fynutts72wmq_31,1023
385ib275fynutts72wmq_34,543
385ib275fynutts72wmq_35,543
385ib275fynutts72wmq_38,543
385ib275fynutts72wmq_41,1023
385ib275fynutts72wmq_48,1023
385ib275fynutts72wmq_49,1023
385ib275fynutts72wmq_56,1023
385ib275fynutts72wmq_57,1023
385ib275fynutts72wmq_59,1023
385ib275fynutts72wmq_60,1023
385ib275fynutts72wmq_62,854
epuxvakq52uar82jxa4q_4,687
epuxvakq52uar82jxa4q_21,325
epuxvakq52uar82jxa4q_28,726
epuxvakq52uar82jxa4q_29,781
epuxvakq52uar82jxa4q_30,317
epuxvakq52uar82jxa4q_37,121
epuxvakq52uar82jxa4q_39,440
epuxvakq52uar82jxa4q_41,712
epuxvakq52uar82jxa4q_43,344
epuxvakq52uar82jxa4q_44,121
epuxvakq52uar82jxa4q_45,121
epuxvakq52uar82jxa4q_47,121
epuxvakq52uar82jxa4q_53,121
epuxvakq52uar82jxa4q_58,121
epuxvakq52uar82jxa4q_60,121
epuxvakq52uar82jxa4q_61,121
p0xnxznd17mztmdg1q2n_2,106
p0xnxznd17mztmdg1q2n_3,106
p0xnxznd17mztmdg1q2n_12,106
p0xnxznd17mztmdg1q2n_13,325
p0xnxznd17mztmdg1q2n_16,342
p0xnxznd17mztmdg1q2n_20,106
p0xnxznd17mztmdg1q2n_21,106
p0xnxznd17mztmdg1q2n_22,106
p0xnxznd17mztmdg1q2n_30,394
p0xnxznd17mztmdg1q2n_31,620
p0xnxznd17mztmdg1q2n_41,882
p0xnxznd17mztmdg1q2n_43,712
p0xnxznd17mztmdg1q2n_49,977
p0xnxznd17mztmdg1q2n_59,35
1a0y54jo0pjo3dpjevah_0,1015
1a0y54jo0pjo3dpjevah_2,491
1a0y54jo0pjo3dpjevah_3,687
1a0y54jo0pjo3dpjevah_4,956
1a0y54jo0pjo3dpjevah_5,956
1a0y54jo0pjo3dpjevah_6,294
1a0y54jo0pjo3dpjevah_12,491
1a0y54jo0pjo3dpjevah_13,362
1a0y54jo0pjo3dpjevah_20,294
1a0y54jo0pjo3dpjevah_22,294
1a0y54jo0pjo3dpjevah_23,844
1a0y54jo0pjo3dpjevah_30,844
1a0y54jo0pjo3dpjevah_31,294
1a0y54jo0pjo3dpjevah_36,1015
1a0y54jo0pjo3dpjevah_38,1015
1a0y54jo0pjo3dpjevah_39,294
1a0y54jo0pjo3dpjevah_50,201
1a0y54jo0pjo3dpjevah_54,1015
1a0y54jo0pjo3dpjevah_55,1015
1a0y54jo0pjo3dpjevah_63,1015
zmc0ik32ld0ep0930z5n_4,687
zmc0ik32ld0ep0930z5n_5,687
zmc0ik32ld0ep0930z5n_7,956
zmc0ik32ld0ep0930z5n_13,325
zmc0ik32ld0ep0930z5n_21,325
zmc0ik32ld0ep0930z5n_23,620
zmc0ik32ld0ep0930z5n_28,491
zmc0ik32ld0ep0930z5n_29,491
zmc0ik32ld0ep0930z5n_35,342
zmc0ik32ld0ep0930z5n_39,851
zmc0ik32ld0ep0930z5n_40,34
zmc0ik32ld0ep0930z5n_49,34
zmc0ik32ld0ep0930z5n_50,34
zmc0ik32ld0ep0930z5n_56,578
zmc0ik32ld0ep0930z5n_57,34
zrsysgr0rzkk14jv2mm4_0,956
zrsysgr0rzkk14jv2mm4_2,977
zrsysgr0rzkk14jv2mm4_8,851
zrsysgr0rzkk14jv2mm4_9,342
zrsysgr0rzkk14jv2mm4_12,338
zrsysgr0rzkk14jv2mm4_17,338
zrsysgr0rzkk14jv2mm4_18,392
zrsysgr0rzkk14jv2mm4_19,1005
zrsysgr0rzkk14jv2mm4_20,161
zrsysgr0rzkk14jv2mm4_24,712
zrsysgr0rzkk14jv2mm4_25,977
zrsysgr0rzkk14jv2mm4_26,392
zrsysgr0rzkk14jv2mm4_27,392
zrsysgr0rzkk14jv2mm4_28,342
zrsysgr0rzkk14jv2mm4_32,712
zrsysgr0rzkk14jv2mm4_36,394
zrsysgr0rzkk14jv2mm4_37,394
zrsysgr0rzkk14jv2mm4_48,874
zrsysgr0rzkk14jv2mm4_50,712
zrsysgr0rzkk14jv2mm4_56,402
ssfaljd4zrcqx3bv385t_3,106
ssfaljd4zrcqx3bv385t_21,325
ssfaljd4zrcqx3bv385t_24,491
ssfaljd4zrcqx3bv385t_29,35
ssfaljd4zrcqx3bv385t_42,392
ssfaljd4zrcqx3bv385t_44,882
ssfaljd4zrcqx3bv385t_52,882
ssfaljd4zrcqx3bv385t_56,161
ssfaljd4zrcqx3bv385t_57,161
ssfaljd4zrcqx3bv385t_60,648
ssfaljd4zrcqx3bv385t_62,106
ssfaljd4zrcqx3bv385t_63,402
31x5vtjffbkkq8yg92zh_0,956
31x5vtjffbkkq8yg92zh_1,687
31x5vtjffbkkq8yg92zh_2,712
31x5vtjffbkkq8yg92zh_9,22
31x5vtjffbkkq8yg92zh_10,648
31x5vtjffbkkq8yg92zh_11,851
31x5vtjffbkkq8yg92zh_16,874
31x5vtjffbkkq8yg92zh_18,977
31x5vtjffbkkq8yg92zh_19,392
31x5vtjffbkkq8yg92zh_20,338
31x5vtjffbkkq8yg92zh_21,648
31x5vtjffbkkq8yg92zh_22,106
31x5vtjffbkkq8yg92zh_23,106
31x5vtjffbkkq8yg92zh_24,874
31x5vtjffbkkq8yg92zh_25,22
31x5vtjffbkkq8yg92zh_26,161
31x5vtjffbkkq8yg92zh_31,620
31x5vtjffbkkq8yg92zh_32,874
31x5vtjffbkkq8yg92zh_40,874
31x5vtjffbkkq8yg92zh_42,1005
gc49ykzwm59w8rxngwl0_0,242
gc49ykzwm59w8rxngwl0_1,242
gc49ykzwm59w8rxngwl0_3,242
gc49ykzwm59w8rxngwl0_7,956
gc49ykzwm59w8rxngwl0_8,242
gc49ykzwm59w8rxngwl0_10,242
gc49ykzwm59w8rxngwl0_13,78
gc49ykzwm59w8rxngwl0_14,242
gc49ykzwm59w8rxngwl0_15,936
gc49ykzwm59w8rxngwl0_23,242
gc49ykzwm59w8rxngwl0_28,11
gc49ykzwm59w8rxngwl0_32,78
gc49ykzwm59w8rxngwl0_33,11
gc49ykzwm59w8rxngwl0_34,11
gc49ykzwm59w8rxngwl0_40,242
gc49ykzwm59w8rxngwl0_41,78
gc49ykzwm59w8rxngwl0_43,11
gc49ykzwm59w8rxngwl0_51,11
gc49ykzwm59w8rxngwl0_52,11
gc49ykzwm59w8rxngwl0_59,11
y4l0348wsjaooeoj3rgk_1,936
y4l0348wsjaooeoj3rgk_11,242
y4l0348wsjaooeoj3rgk_13,491
y4l0348wsjaooeoj3rgk_14,936
y4l0348wsjaooeoj3rgk_18,18
y4l0348wsjaooeoj3rgk_19,936
y4l0348wsjaooeoj3rgk_28,762
y4l0348wsjaooeoj3rgk_33,11
y4l0348wsjaooeoj3rgk_42,11
y4l0348wsjaooeoj3rgk_44,11
y4l0348wsjaooeoj3rgk_59,11
74guqdmo6wa84nq9x4jg_1,936
74guqdmo6wa84nq9x4jg_12,876
74guqdmo6wa84nq9x4jg_19,1015
74guqdmo6wa84nq9x4jg_21,11
74guqdmo6wa84nq9x4jg_24,936
74guqdmo6wa84nq9x4jg_32,11
74guqdmo6wa84nq9x4jg_39,242
74guqdmo6wa84nq9x4jg_43,11
74guqdmo6wa84nq9x4jg_54,11
74guqdmo6wa84nq9x4jg_59,651
ba5tt6nartt3px485yvr_2,983
ba5tt6nartt3px485yvr_16,695
ba5tt6nartt3px485yvr_18,936
ba5tt6nartt3px485yvr_25,362
ba5tt6nartt3px485yvr_27,377
ba5tt6nartt3px485yvr_29,695
ba5tt6nartt3px485yvr_34,22
ba5tt6nartt3px485yvr_35,325
ba5tt6nartt3px485yvr_36,377
ba5tt6nartt3px485yvr_39,18
ba5tt6nartt3px485yvr_46,748
ba5tt6nartt3px485yvr_50,695
ba5tt6nartt3px485yvr_52,276
ba5tt6nartt3px485yvr_53,276
ba5tt6nartt3px485yvr_54,695
ba5tt6nartt3px485yvr_61,90
ba5tt6nartt3px485yvr_62,986
upguf9a6kj4rtmk2kwuo_5,657
upguf9a6kj4rtmk2kwuo_16,531
upguf9a6kj4rtmk2kwuo_20,393
upguf9a6kj4rtmk2kwuo_25,948
upguf9a6kj4rtmk2kwuo_29,364
upguf9a6kj4rtmk2kwuo_31,764
upguf9a6kj4rtmk2kwuo_32,898
upguf9a6kj4rtmk2kwuo_40,364
upguf9a6kj4rtmk2kwuo_41,764
upguf9a6kj4rtmk2kwuo_43,804
upguf9a6kj4rtmk2kwuo_48,999
upguf9a6kj4rtmk2kwuo_49,764
upguf9a6kj4rtmk2kwuo_50,764
upguf9a6kj4rtmk2kwuo_51,531
upguf9a6kj4rtmk2kwuo_57,764
upguf9a6kj4rtmk2kwuo_58,232
upguf9a6kj4rtmk2kwuo_60,865
upguf9a6kj4rtmk2kwuo_62,999
eioy0rlos8hd03wtk0k0_0,956
eioy0rlos8hd03wtk0k0_4,944
eioy0rlos8hd03wtk0k0_6,983
eioy0rlos8hd03wtk0k0_9,944
eioy0rlos8hd03wtk0k0_10,983
eioy0rlos8hd03wtk0k0_11,18
eioy0rlos8hd03wtk0k0_12,377
eioy0rlos8hd03wtk0k0_17,325
eioy0rlos8hd03wtk0k0_18,59
eioy0rlos8hd03wtk0k0_20,983
eioy0rlos8hd03wtk0k0_25,325
eioy0rlos8hd03wtk0k0_28,377
eioy0rlos8hd03wtk0k0_33,261
eioy0rlos8hd03wtk0k0_37,944
eioy0rlos8hd03wtk0k0_40,762
eioy0rlos8hd03wtk0k0_50,377
eioy0rlos8hd03wtk0k0_56,695
eioy0rlos8hd03wtk0k0_57,695
eioy0rlos8hd03wtk0k0_59,944
eioy0rlos8hd03wtk0k0_63,402
46xeyd3wkvvw8ccdg3c4_0,657
46xeyd3wkvvw8ccdg3c4_4,657
46xeyd3wkvvw8ccdg3c4_12,948
46xeyd3wkvvw8ccdg3c4_13,804
46xeyd3wkvvw8ccdg3c4_15,986
46xeyd3wkvvw8ccdg3c4_16,657
46xeyd3wkvvw8ccdg3c4_27,115
46xeyd3wkvvw8ccdg3c4_32,115
46xeyd3wkvvw8ccdg3c4_33,948
46xeyd3wkvvw8ccdg3c4_43,59
46xeyd3wkvvw8ccdg3c4_46,243
46xeyd3wkvvw8ccdg3c4_49,865
46xeyd3wkvvw8ccdg3c4_51,248
46xeyd3wkvvw8ccdg3c4_59,248
46xeyd3wkvvw8ccdg3c4_62,88
46xeyd3wkvvw8ccdg3c4_63,368
542uabs9r8s0w2v6omsh_5,936
542uabs9r8s0w2v6omsh_9,695
542uabs9r8s0w2v6omsh_12,944
542uabs9r8s0w2v6omsh_15,983
542uabs9r8s0w2v6omsh_25,944
542uabs9r8s0w2v6omsh_44,944
542uabs9r8s0w2v6omsh_45,844
542uabs9r8s0w2v6omsh_53,695
1f1exqfn5agf2ryibij7_9,808
1f1exqfn5agf2ryibij7_11,59
1f1exqfn5agf2ryibij7_20,139
1f1exqfn5agf2ryibij7_32,139
1f1exqfn5agf2ryibij7_33,611
1f1exqfn5agf2ryibij7_37,804
1f1exqfn5agf2ryibij7_39,139
1f1exqfn5agf2ryibij7_40,221
1f1exqfn5agf2ryibij7_49,808
1f1exqfn5agf2ryibij7_50,221
1f1exqfn5agf2ryibij7_52,140
1f1exqfn5agf2ryibij7_58,264
1f1exqfn5agf2ryibij7_62,75
5axjbu3rkx4r93rak49t_4,687
5axjbu3rkx4r93rak49t_6,956
5axjbu3rkx4r93rak49t_10,325
5axjbu3rkx4r93rak49t_11,317
5axjbu3rkx4r93rak49t_14,294
5axjbu3rkx4r93rak49t_16,135
5axjbu3rkx4r93rak49t_20,135
5axjbu3rkx4r93rak49t_21,135
5axjbu3rkx4r93rak49t_22,491
5axjbu3rkx4r93rak49t_33,279
5axjbu3rkx4r93rak49t_40,135
5axjbu3rkx4r93rak49t_43,279
5axjbu3rkx4r93rak49t_44,279
5axjbu3rkx4r93rak49t_50,279
5axjbu3rkx4r93rak49t_54,279
5axjbu3rkx4r93rak49t_61,933
dyehp0fyl538g4eq6jbj_0,950
dyehp0fyl538g4eq6jbj_1,950
dyehp0fyl538g4eq6jbj_3,482
dyehp0fyl538g4eq6jbj_4,933
dyehp0fyl538g4eq6jbj_6,515
dyehp0fyl538g4eq6jbj_7,515
dyehp0fyl538g4eq6jbj_9,704
dyehp0fyl538g4eq6jbj_20,515
dyehp0fyl538g4eq6jbj_21,238
dyehp0fyl538g4eq6jbj_22,515
dyehp0fyl538g4eq6jbj_40,430
dyehp0fyl538g4eq6jbj_43,752
dyehp0fyl538g4eq6jbj_53,515
dyehp0fyl538g4eq6jbj_54,515
3taji7912c7778ro21mm_2,687
3taji7912c7778ro21mm_8,874
3taji7912c7778ro21mm_11,325
3taji7912c7778ro21mm_12,325
3taji7912c7778ro21mm_13,325
3taji7912c7778ro21mm_14,491
3taji7912c7778ro21mm_16,874
3taji7912c7778ro21mm_17,0
3taji7912c7778ro21mm_18,712
3taji7912c7778ro21mm_27,712
3taji7912c7778ro21mm_29,106
3taji7912c7778ro21mm_30,392
3taji7912c7778ro21mm_31,392
3taji7912c7778ro21mm_40,702
3taji7912c7778ro21mm_42,874
3taji7912c7778ro21mm_43,394
3taji7912c7778ro21mm_44,648
3taji7912c7778ro21mm_53,394
3taji7912c7778ro21mm_54,844
3x2ilpll7ydha5hlcl33_4,687
3x2ilpll7ydha5hlcl33_12,325
3x2ilpll7ydha5hlcl33_34,325
3x2ilpll7ydha5hlcl33_45,977
3x2ilpll7ydha5hlcl33_48,34
3x2ilpll7ydha5hlcl33_51,34
3x2ilpll7ydha5hlcl33_55,338
3x2ilpll7ydha5hlcl33_60,34
p95kfpp4lp5bbyd7toap_1,781
p95kfpp4lp5bbyd7toap_5,614
p95kfpp4lp5bbyd7toap_8,491
p95kfpp4lp5bbyd7toap_10,614
p95kfpp4lp5bbyd7toap_12,614
p95kfpp4lp5bbyd7toap_15,943
p95kfpp4lp5bbyd7toap_17,1006
p95kfpp4lp5bbyd7toap_18,943
p95kfpp4lp5bbyd7toap_22,279
p95kfpp4lp5bbyd7toap_23,933
p95kfpp4lp5bbyd7toap_24,874
p95kfpp4lp5bbyd7toap_29,279
p95kfpp4lp5bbyd7toap_40,874
p95kfpp4lp5bbyd7toap_42,201
p95kfpp4lp5bbyd7toap_50,201
p95kfpp4lp5bbyd7toap_52,844
p95kfpp4lp5bbyd7toap_62,201
tbvw9tmgyn5f6r94wdva_6,18
tbvw9tmgyn5f6r94wdva_33,781
tbvw9tmgyn5f6r94wdva_40,646
tbvw9tmgyn5f6r94wdva_41,646
tbvw9tmgyn5f6r94wdva_42,646
tbvw9tmgyn5f6r94wdva_43,646
tbvw9tmgyn5f6r94wdva_44,607
tbvw9tmgyn5f6r94wdva_45,607
tbvw9tmgyn5f6r94wdva_47,300
tbvw9tmgyn5f6r94wdva_49,646
tbvw9tmgyn5f6r94wdva_52,646
tbvw9tmgyn5f6r94wdva_58,646
tbvw9tmgyn5f6r94wdva_61,646
xw3h51yxh0h1r7yrtpv3_1,658
xw3h51yxh0h1r7yrtpv3_2,658
xw3h51yxh0h1r7yrtpv3_4,543
xw3h51yxh0h1r7yrtpv3_5,658
xw3h51yxh0h1r7yrtpv3_7,294
xw3h51yxh0h1r7yrtpv3_17,543
xw3h51yxh0h1r7yrtpv3_20,999
xw3h51yxh0h1r7yrtpv3_21,658
xw3h51yxh0h1r7yrtpv3_22,543
xw3h51yxh0h1r7yrtpv3_24,658
xw3h51yxh0h1r7yrtpv3_25,658
xw3h51yxh0h1r7yrtpv3_26,543
xw3h51yxh0h1r7yrtpv3_30,658
xw3h51yxh0h1r7yrtpv3_37,658
xw3h51yxh0h1r7yrtpv3_39,543
xw3h51yxh0h1r7yrtpv3_40,658
xw3h51yxh0h1r7yrtpv3_41,658
xw3h51yxh0h1r7yrtpv3_46,658
xw3h51yxh0h1r7yrtpv3_49,658
6pxs25g59qie7pxktzfi_8,943
6pxs25g59qie7pxktzfi_11,543
6pxs25g59qie7pxktzfi_16,658
6pxs25g59qie7pxktzfi_18,543
6pxs25g59qie7pxktzfi_19,614
6pxs25g59qie7pxktzfi_26,658
6pxs25g59qie7pxktzfi_27,543
6pxs25g59qie7pxktzfi_29,658
6pxs25g59qie7pxktzfi_30,658
6pxs25g59qie7pxktzfi_32,658
6pxs25g59qie7pxktzfi_38,658
6pxs25g59qie7pxktzfi_45,658
6pxs25g59qie7pxktzfi_46,658
6pxs25g59qie7pxktzfi_51,543
6pxs25g59qie7pxktzfi_53,658
6pxs25g59qie7pxktzfi_55,658
6pxs25g59qie7pxktzfi_61,658
6pxs25g59qie7pxktzfi_63,543
e402hh3emspa8rakra9x_6,543
e402hh3emspa8rakra9x_9,543
e402hh3emspa8rakra9x_13,543
e402hh3emspa8rakra9x_14,658
e402hh3emspa8rakra9x_19,543
e402hh3emspa8rakra9x_20,543
e402hh3emspa8rakra9x_21,658
e402hh3emspa8rakra9x_25,658
e402hh3emspa8rakra9x_28,543
e402hh3emspa8rakra9x_31,543
e402hh3emspa8rakra9x_32,543
e402hh3emspa8rakra9x_33,39
e402hh3emspa8rakra9x_35,543
e402hh3emspa8rakra9x_38,543
e402hh3emspa8rakra9x_39,543
e402hh3emspa8rakra9x_41,543
e402hh3emspa8rakra9x_43,658
e402hh3emspa8rakra9x_63,239
v3wsdqsmhsbtgqlfi6o5_9,59
v3wsdqsmhsbtgqlfi6o5_16,816
v3wsdqsmhsbtgqlfi6o5_18,816
v3wsdqsmhsbtgqlfi6o5_32,816
v3wsdqsmhsbtgqlfi6o5_35,816
v3wsdqsmhsbtgqlfi6o5_38,135
v3wsdqsmhsbtgqlfi6o5_45,816
v3wsdqsmhsbtgqlfi6o5_50,816
v3wsdqsmhsbtgqlfi6o5_51,816
v3wsdqsmhsbtgqlfi6o5_52,816
v3wsdqsmhsbtgqlfi6o5_60,816
v3wsdqsmhsbtgqlfi6o5_63,816
uhhe9j5chqsux780bpqy_3,781
uhhe9j5chqsux780bpqy_10,607
uhhe9j5chqsux780bpqy_25,816
uhhe9j5chqsux780bpqy_29,816
uhhe9j5chqsux780bpqy_39,816
uhhe9j5chqsux780bpqy_41,816
uhhe9j5chqsux780bpqy_43,816
uhhe9j5chqsux780bpqy_47,816
uhhe9j5chqsux780bpqy_50,816
uhhe9j5chqsux780bpqy_52,816
uhhe9j5chqsux780bpqy_54,816
uhhe9j5chqsux780bpqy_62,239
uhhe9j5chqsux780bpqy_63,816
vocqxkgpgidnp8fzcebw_0,239
vocqxkgpgidnp8fzcebw_3,307
vocqxkgpgidnp8fzcebw_9,294
vocqxkgpgidnp8fzcebw_18,239
vocqxkgpgidnp8fzcebw_26,147
vocqxkgpgidnp8fzcebw_28,147
vocqxkgpgidnp8fzcebw_31,147
vocqxkgpgidnp8fzcebw_39,147
vocqxkgpgidnp8fzcebw_54,607
vocqxkgpgidnp8fzcebw_58,147
vocqxkgpgidnp8fzcebw_59,147
vocqxkgpgidnp8fzcebw_62,147
luzn2as9isg990moin3e_16,294
luzn2as9isg990moin3e_18,726
luzn2as9isg990moin3e_29,543
luzn2as9isg990moin3e_38,543
luzn2as9isg990moin3e_40,543
luzn2as9isg990moin3e_42,1023
luzn2as9isg990moin3e_45,543
luzn2as9isg990moin3e_47,854
luzn2as9isg990moin3e_52,1023
luzn2as9isg990moin3e_54,854
luzn2as9isg990moin3e_58,1023
luzn2as9isg990moin3e_60,1023
luzn2as9isg990moin3e_61,1023
luzn2as9isg990moin3e_62,854
91u7ga2ca3fysqit1hfx_5,294
91u7ga2ca3fysqit1hfx_6,18
91u7ga2ca3fysqit1hfx_11,781
91u7ga2ca3fysqit1hfx_14,18
91u7ga2ca3fysqit1hfx_20,726
91u7ga2ca3fysqit1hfx_21,278
91u7ga2ca3fysqit1hfx_24,607
91u7ga2ca3fysqit1hfx_26,147
91u7ga2ca3fysqit1hfx_29,147
91u7ga2ca3fysqit1hfx_34,147
91u7ga2ca3fysqit1hfx_36,147
91u7ga2ca3fysqit1hfx_38,607
91u7ga2ca3fysqit1hfx_39,750
91u7ga2ca3fysqit1hfx_41,39
91u7ga2ca3fysqit1hfx_44,147
91u7ga2ca3fysqit1hfx_46,39
91u7ga2ca3fysqit1hfx_47,147
91u7ga2ca3fysqit1hfx_55,147
91u7ga2ca3fysqit1hfx_62,513
o9f9wuoe23eraz53n5ly_4,300
o9f9wuoe23eraz53n5ly_5,147
o9f9wuoe23eraz53n5ly_6,607
o9f9wuoe23eraz53n5ly_8,147
o9f9wuoe23eraz53n5ly_16,933
o9f9wuoe23eraz53n5ly_19,147
o9f9wuoe23eraz53n5ly_32,381
o9f9wuoe23eraz53n5ly_33,462
o9f9wuoe23eraz53n5ly_59,294
o9f9wuoe23eraz53n5ly_63,402
kx80h5dnyoz56z5i9sji_11,491
kx80h5dnyoz56z5i9sji_13,726
kx80h5dnyoz56z5i9sji_19,726
kx80h5dnyoz56z5i9sji_20,543
kx80h5dnyoz56z5i9sji_25,781
kx80h5dnyoz56z5i9sji_29,1023
kx80h5dnyoz56z5i9sji_30,543
kx80h5dnyoz56z5i9sji_31,543
kx80h5dnyoz56z5i9sji_32,741
kx80h5dnyoz56z5i9sji_34,543
kx80h5dnyoz56z5i9sji_40,1006
kx80h5dnyoz56z5i9sji_41,854
kx80h5dnyoz56z5i9sji_43,854
kx80h5dnyoz56z5i9sji_48,440
kx80h5dnyoz56z5i9sji_49,854
kx80h5dnyoz56z5i9sji_58,854
v35iys5knevf20nh3do9_6,614
v35iys5knevf20nh3do9_12,543
v35iys5knevf20nh3do9_16,543
v35iys5knevf20nh3do9_19,543
v35iys5knevf20nh3do9_24,543
v35iys5knevf20nh3do9_33,39
v35iys5knevf20nh3do9_47,543
v35iys5knevf20nh3do9_48,543
v35iys5knevf20nh3do9_52,999
v35iys5knevf20nh3do9_57,543
v35iys5knevf20nh3do9_63,999
59ut5grks95o66c2bwh0_1,658
59ut5grks95o66c2bwh0_2,543
59ut5grks95o66c2bwh0_10,614
59ut5grks95o66c2bwh0_11,543
59ut5grks95o66c2bwh0_12,543
59ut5grks95o66c2bwh0_19,614
59ut5grks95o66c2bwh0_20,614
59ut5grks95o66c2bwh0_25,39
59ut5grks95o66c2bwh0_26,658
59ut5grks95o66c2bwh0_27,543
59ut5grks95o66c2bwh0_30,658
59ut5grks95o66c2bwh0_36,39
59ut5grks95o66c2bwh0_37,543
59ut5grks95o66c2bwh0_38,658
59ut5grks95o66c2bwh0_44,543
59ut5grks95o66c2bwh0_63,543
vd43s0xgrwahxhgkn09h_3,491
vd43s0xgrwahxhgkn09h_11,294
vd43s0xgrwahxhgkn09h_26,325
vd43s0xgrwahxhgkn09h_29,807
vd43s0xgrwahxhgkn09h_30,394
vd43s0xgrwahxhgkn09h_34,325
vd43s0xgrwahxhgkn09h_35,106
vd43s0xgrwahxhgkn09h_37,172
vd43s0xgrwahxhgkn09h_38,719
vd43s0xgrwahxhgkn09h_43,106
vd43s0xgrwahxhgkn09h_46,762
vd43s0xgrwahxhgkn09h_52,445
vd43s0xgrwahxhgkn09h_59,278
vd43s0xgrwahxhgkn09h_61,354
vd43s0xgrwahxhgkn09h_62,392
1axuxgdje2aultq4lhnp_5,32
1axuxgdje2aultq4lhnp_6,781
1axuxgdje2aultq4lhnp_7,956
1axuxgdje2aultq4lhnp_15,620
1axuxgdje2aultq4lhnp_20,807
1axuxgdje2aultq4lhnp_27,59
1axuxgdje2aultq4lhnp_35,106
1axuxgdje2aultq4lhnp_36,1015
1axuxgdje2aultq4lhnp_37,172
1axuxgdje2aultq4lhnp_43,106
1axuxgdje2aultq4lhnp_44,1015
1axuxgdje2aultq4lhnp_45,176
1axuxgdje2aultq4lhnp_50,325
1axuxgdje2aultq4lhnp_51,876
1axuxgdje2aultq4lhnp_53,445
1axuxgdje2aultq4lhnp_59,278
1axuxgdje2aultq4lhnp_61,354
jmpm1z0kas6sphuws9by_1,715
jmpm1z0kas6sphuws9by_2,342
jmpm1z0kas6sphuws9by_8,161
jmpm1z0kas6sphuws9by_9,394
jmpm1z0kas6sphuws9by_16,384
jmpm1z0kas6sphuws9by_18,362
jmpm1z0kas6sphuws9by_19,519
jmpm1z0kas6sphuws9by_24,430
jmpm1z0kas6sphuws9by_26,362
jmpm1z0kas6sphuws9by_32,929
jmpm1z0kas6sphuws9by_33,844
jmpm1z0kas6sphuws9by_34,844
jmpm1z0kas6sphuws9by_38,230
jmpm1z0kas6sphuws9by_40,929
jmpm1z0kas6sphuws9by_57,844
ubvr0pnuimyx56xr2yo9_0,279
ubvr0pnuimyx56xr2yo9_1,279
ubvr0pnuimyx56xr2yo9_2,279
ubvr0pnuimyx56xr2yo9_24,135
ubvr0pnuimyx56xr2yo9_25,135
ubvr0pnuimyx56xr2yo9_27,135
ubvr0pnuimyx56xr2yo9_28,135
ubvr0pnuimyx56xr2yo9_29,135
ubvr0pnuimyx56xr2yo9_36,135
ubvr0pnuimyx56xr2yo9_37,135
o5hsgfw6kk3qqxuh8pzx_6,648
o5hsgfw6kk3qqxuh8pzx_10,161
o5hsgfw6kk3qqxuh8pzx_25,34
o5hsgfw6kk3qqxuh8pzx_30,34
o5hsgfw6kk3qqxuh8pzx_33,394
o5hsgfw6kk3qqxuh8pzx_36,342
o5hsgfw6kk3qqxuh8pzx_38,578
o5hsgfw6kk3qqxuh8pzx_43,648
gm69j47kfcz4es7mbhcd_0,956
gm69j47kfcz4es7mbhcd_10,362
gm69j47kfcz4es7mbhcd_20,362
gm69j47kfcz4es7mbhcd_32,781
gm69j47kfcz4es7mbhcd_34,325
gm69j47kfcz4es7mbhcd_43,519
gm69j47kfcz4es7mbhcd_48,279
gm69j47kfcz4es7mbhcd_50,781
gm69j47kfcz4es7mbhcd_59,135
7gct40wi227yb0ovkzxg_1,702
7gct40wi227yb0ovkzxg_6,702
7gct40wi227yb0ovkzxg_7,702
7gct40wi227yb0ovkzxg_10,702
7gct40wi227yb0ovkzxg_31,702
7gct40wi227yb0ovkzxg_35,702
7gct40wi227yb0ovkzxg_36,702
7gct40wi227yb0ovkzxg_39,627
7gct40wi227yb0ovkzxg_46,627
7gct40wi227yb0ovkzxg_47,307
7gct40wi227yb0ovkzxg_60,702
7gct40wi227yb0ovkzxg_61,627
7gct40wi227yb0ovkzxg_63,184
lr0u2cat8ae2613cteae_0,135
lr0u2cat8ae2613cteae_8,607
lr0u2cat8ae2613cteae_10,658
lr0u2cat8ae2613cteae_16,279
lr0u2cat8ae2613cteae_18,135
lr0u2cat8ae2613cteae_20,781
lr0u2cat8ae2613cteae_22,317
lr0u2cat8ae2613cteae_27,135
lr0u2cat8ae2613cteae_39,135
lr0u2cat8ae2613cteae_45,513
lr0u2cat8ae2613cteae_47,135
lr0u2cat8ae2613cteae_52,135
lr0u2cat8ae2613cteae_56,279
lr0u2cat8ae2613cteae_57,279
lr0u2cat8ae2613cteae_58,279
lr0u2cat8ae2613cteae_59,135
camqrf267j6qsauek75d_9,929
camqrf267j6qsauek75d_10,19
camqrf267j6qsauek75d_15,19
camqrf267j6qsauek75d_16,19
camqrf267j6qsauek75d_18,19
camqrf267j6qsauek75d_20,19
camqrf267j6qsauek75d_25,19
camqrf267j6qsauek75d_33,19
camqrf267j6qsauek75d_37,19
camqrf267j6qsauek75d_40,165
camqrf267j6qsauek75d_42,19
camqrf267j6qsauek75d_44,19
camqrf267j6qsauek75d_45,662
camqrf267j6qsauek75d_47,662
camqrf267j6qsauek75d_49,929
camqrf267j6qsauek75d_50,19
camqrf267j6qsauek75d_51,929
camqrf267j6qsauek75d_61,662
1lorsrv87ldtdq95sgca_5,687
1lorsrv87ldtdq95sgca_7,956
1lorsrv87ldtdq95sgca_15,781
1lorsrv87ldtdq95sgca_20,726
1lorsrv87ldtdq95sgca_23,1022
1lorsrv87ldtdq95sgca_27,462
1lorsrv87ldtdq95sgca_35,462
1lorsrv87ldtdq95sgca_41,462
1lorsrv87ldtdq95sgca_42,462
1lorsrv87ldtdq95sgca_57,462
1lorsrv87ldtdq95sgca_58,405
1lorsrv87ldtdq95sgca_59,513
1lorsrv87ldtdq95sgca_62,513
s8hdro2ycbk3bepd4u02_10,658
s8hdro2ycbk3bepd4u02_22,317
s8hdro2ycbk3bepd4u02_27,135
s8hdro2ycbk3bepd4u02_29,135
s8hdro2ycbk3bepd4u02_30,135
s8hdro2ycbk3bepd4u02_33,279
s8hdro2ycbk3bepd4u02_39,135
s8hdro2ycbk3bepd4u02_44,279
s8hdro2ycbk3bepd4u02_46,279
s8hdro2ycbk3bepd4u02_47,135
s8hdro2ycbk3bepd4u02_52,135
s8hdro2ycbk3bepd4u02_54,135
s8hdro2ycbk3bepd4u02_58,279
s8hdro2ycbk3bepd4u02_60,135
jtrefi7nk4ig7kqfa27r_17,874
jtrefi7nk4ig7kqfa27r_19,317
jtrefi7nk4ig7kqfa27r_20,851
jtrefi7nk4ig7kqfa27r_21,106
jtrefi7nk4ig7kqfa27r_25,362
jtrefi7nk4ig7kqfa27r_26,342
jtrefi7nk4ig7kqfa27r_29,851
jtrefi7nk4ig7kqfa27r_32,874
jtrefi7nk4ig7kqfa27r_33,394
jtrefi7nk4ig7kqfa27r_43,1005
jtrefi7nk4ig7kqfa27r_46,394
jtrefi7nk4ig7kqfa27r_48,874
jtrefi7nk4ig7kqfa27r_51,1005
jtrefi7nk4ig7kqfa27r_53,844
jtrefi7nk4ig7kqfa27r_56,874
jtrefi7nk4ig7kqfa27r_58,1005
jtrefi7nk4ig7kqfa27r_59,648
05x60eu5h5pvxrsv7b34_0,653
05x60eu5h5pvxrsv7b34_6,653
05x60eu5h5pvxrsv7b34_7,653
05x60eu5h5pvxrsv7b34_8,653
05x60eu5h5pvxrsv7b34_12,607
05x60eu5h5pvxrsv7b34_14,653
05x60eu5h5pvxrsv7b34_15,653
05x60eu5h5pvxrsv7b34_17,653
05x60eu5h5pvxrsv7b34_20,607
05x60eu5h5pvxrsv7b34_22,653
05x60eu5h5pvxrsv7b34_23,653
05x60eu5h5pvxrsv7b34_24,653
05x60eu5h5pvxrsv7b34_32,381
05x60eu5h5pvxrsv7b34_42,381
05x60eu5h5pvxrsv7b34_43,381
05x60eu5h5pvxrsv7b34_44,381
05x60eu5h5pvxrsv7b34_55,402
jogfer3bl1t7k3wlurhf_17,22
jogfer3bl1t7k3wlurhf_24,165
jogfer3bl1t7k3wlurhf_26,317
jogfer3bl1t7k3wlurhf_35,121
jogfer3bl1t7k3wlurhf_39,440
jogfer3bl1t7k3wlurhf_44,121
jogfer3bl1t7k3wlurhf_53,121
jogfer3bl1t7k3wlurhf_54,121
jogfer3bl1t7k3wlurhf_63,1006
pycb3rvce2waen67j0im_3,687
pycb3rvce2waen67j0im_4,294
pycb3rvce2waen67j0im_6,294
pycb3rvce2waen67j0im_7,294
pycb3rvce2waen67j0im_13,294
pycb3rvce2waen67j0im_18,726
pycb3rvce2waen67j0im_19,726
pycb3rvce2waen67j0im_23,239
pycb3rvce2waen67j0im_24,607
pycb3rvce2waen67j0im_27,147
pycb3rvce2waen67j0im_28,147
pycb3rvce2waen67j0im_29,147
pycb3rvce2waen67j0im_30,726
pycb3rvce2waen67j0im_31,726
pycb3rvce2waen67j0im_38,750
pycb3rvce2waen67j0im_54,147
pycb3rvce2waen67j0im_62,147
pycb3rvce2waen67j0im_63,1022
rnmtuwpjqccsk4l5d7c2_11,513
rnmtuwpjqccsk4l5d7c2_12,279
rnmtuwpjqccsk4l5d7c2_19,279
rnmtuwpjqccsk4l5d7c2_21,279
rnmtuwpjqccsk4l5d7c2_24,430
rnmtuwpjqccsk4l5d7c2_30,607
rnmtuwpjqccsk4l5d7c2_34,294
rnmtuwpjqccsk4l5d7c2_38,135
rnmtuwpjqccsk4l5d7c2_39,135
rnmtuwpjqccsk4l5d7c2_42,844
rnmtuwpjqccsk4l5d7c2_44,430
rnmtuwpjqccsk4l5d7c2_60,294
rnmtuwpjqccsk4l5d7c2_61,430
j9kdmi9vzw3bojrnis90_3,662
j9kdmi9vzw3bojrnis90_5,662
j9kdmi9vzw3bojrnis90_7,662
j9kdmi9vzw3bojrnis90_13,662
j9kdmi9vzw3bojrnis90_16,662
j9kdmi9vzw3bojrnis90_17,19
j9kdmi9vzw3bojrnis90_21,19
j9kdmi9vzw3bojrnis90_23,662
j9kdmi9vzw3bojrnis90_24,929
j9kdmi9vzw3bojrnis90_28,19
j9kdmi9vzw3bojrnis90_30,19
j9kdmi9vzw3bojrnis90_31,662
j9kdmi9vzw3bojrnis90_32,662
j9kdmi9vzw3bojrnis90_33,19
j9kdmi9vzw3bojrnis90_35,19
j9kdmi9vzw3bojrnis90_36,19
j9kdmi9vzw3bojrnis90_37,662
j9kdmi9vzw3bojrnis90_43,19
j9kdmi9vzw3bojrnis90_60,19
o9vvgu0r89qicoqbms3k_6,294
o9vvgu0r89qicoqbms3k_7,239
o9vvgu0r89qicoqbms3k_8,239
o9vvgu0r89qicoqbms3k_9,294
o9vvgu0r89qicoqbms3k_12,781
o9vvgu0r89qicoqbms3k_14,239
o9vvgu0r89qicoqbms3k_19,147
o9vvgu0r89qicoqbms3k_20,462
o9vvgu0r89qicoqbms3k_24,147
o9vvgu0r89qicoqbms3k_27,147
o9vvgu0r89qicoqbms3k_28,147
o9vvgu0r89qicoqbms3k_29,147
o9vvgu0r89qicoqbms3k_30,147
o9vvgu0r89qicoqbms3k_32,39
o9vvgu0r89qicoqbms3k_42,147
o9vvgu0r89qicoqbms3k_47,147
o9vvgu0r89qicoqbms3k_51,147
o9vvgu0r89qicoqbms3k_52,147
o9vvgu0r89qicoqbms3k_63,147
ystxmhcyiyx54k0075he_16,191
ystxmhcyiyx54k0075he_18,781
ystxmhcyiyx54k0075he_19,752
ystxmhcyiyx54k0075he_25,781
ystxmhcyiyx54k0075he_27,740
ystxmhcyiyx54k0075he_29,842
ystxmhcyiyx54k0075he_34,740
ystxmhcyiyx54k0075he_37,842
ystxmhcyiyx54k0075he_39,600
ystxmhcyiyx54k0075he_40,752
ystxmhcyiyx54k0075he_48,752
ystxmhcyiyx54k0075he_50,600
ystxmhcyiyx54k0075he_51,842
ystxmhcyiyx54k0075he_55,600
ystxmhcyiyx54k0075he_56,740
ystxmhcyiyx54k0075he_57,842
ystxmhcyiyx54k0075he_58,740
ystxmhcyiyx54k0075he_59,740
w08ld8ri6bzwzkchevva_0,752
w08ld8ri6bzwzkchevva_1,752
w08ld8ri6bzwzkchevva_4,740
w08ld8ri6bzwzkchevva_9,740
w08ld8ri6bzwzkchevva_15,842
w08ld8ri6bzwzkchevva_34,381
w08ld8ri6bzwzkchevva_36,740
w08ld8ri6bzwzkchevva_37,600
w08ld8ri6bzwzkchevva_42,430
w08ld8ri6bzwzkchevva_43,381
w08ld8ri6bzwzkchevva_44,752
w08ld8ri6bzwzkchevva_53,752
w08ld8ri6bzwzkchevva_54,752
w08ld8ri6bzwzkchevva_55,752
0acqk36bnh1vbz8ltisp_0,726
0acqk36bnh1vbz8ltisp_1,726
0acqk36bnh1vbz8ltisp_10,658
0acqk36bnh1vbz8ltisp_13,294
0acqk36bnh1vbz8ltisp_16,658
0acqk36bnh1vbz8ltisp_25,658
0acqk36bnh1vbz8ltisp_32,614
0acqk36bnh1vbz8ltisp_39,543
0acqk36bnh1vbz8ltisp_44,658
0acqk36bnh1vbz8ltisp_50,543
0acqk36bnh1vbz8ltisp_52,658
0acqk36bnh1vbz8ltisp_57,337
0acqk36bnh1vbz8ltisp_60,658
0acqk36bnh1vbz8ltisp_62,614
gtzmlsn8081nw41m7p0c_4,687
gtzmlsn8081nw41m7p0c_9,34
gtzmlsn8081nw41m7p0c_10,34
gtzmlsn8081nw41m7p0c_18,34
gtzmlsn8081nw41m7p0c_29,34
gtzmlsn8081nw41m7p0c_45,578
gtzmlsn8081nw41m7p0c_46,578
gtzmlsn8081nw41m7p0c_51,201
gtzmlsn8081nw41m7p0c_54,430
gtzmlsn8081nw41m7p0c_55,977
k2da0zx5n8q5eovah6z5_8,662
k2da0zx5n8q5eovah6z5_16,874
k2da0zx5n8q5eovah6z5_19,929
k2da0zx5n8q5eovah6z5_22,519
k2da0zx5n8q5eovah6z5_23,491
k2da0zx5n8q5eovah6z5_27,929
k2da0zx5n8q5eovah6z5_28,362
k2da0zx5n8q5eovah6z5_35,394
k2da0zx5n8q5eovah6z5_36,519
k2da0zx5n8q5eovah6z5_37,531
k2da0zx5n8q5eovah6z5_38,531
k2da0zx5n8q5eovah6z5_39,377
k2da0zx5n8q5eovah6z5_46,531
k2da0zx5n8q5eovah6z5_47,137
k2da0zx5n8q5eovah6z5_55,715
uaqeumhgrr8yuwgnsfis_0,702
uaqeumhgrr8yuwgnsfis_5,956
uaqeumhgrr8yuwgnsfis_8,103
uaqeumhgrr8yuwgnsfis_9,103
uaqeumhgrr8yuwgnsfis_25,586
uaqeumhgrr8yuwgnsfis_34,482
uaqeumhgrr8yuwgnsfis_35,817
uaqeumhgrr8yuwgnsfis_43,381
uaqeumhgrr8yuwgnsfis_47,586
0fmarvdpajghxcoruz2k_11,491
0fmarvdpajghxcoruz2k_14,515
0fmarvdpajghxcoruz2k_19,317
0fmarvdpajghxcoruz2k_20,1006
0fmarvdpajghxcoruz2k_21,515
0fmarvdpajghxcoruz2k_24,874
0fmarvdpajghxcoruz2k_26,22
0fmarvdpajghxcoruz2k_28,1006
0fmarvdpajghxcoruz2k_33,325
0fmarvdpajghxcoruz2k_34,22
0fmarvdpajghxcoruz2k_35,611
0fmarvdpajghxcoruz2k_37,515
0fmarvdpajghxcoruz2k_41,165
0fmarvdpajghxcoruz2k_43,106
0fmarvdpajghxcoruz2k_48,18
0fmarvdpajghxcoruz2k_52,440
0fmarvdpajghxcoruz2k_62,482
vygzdbgipbovuvmgctkp_15,18
vygzdbgipbovuvmgctkp_19,317
vygzdbgipbovuvmgctkp_20,781
vygzdbgipbovuvmgctkp_21,491
vygzdbgipbovuvmgctkp_22,299
vygzdbgipbovuvmgctkp_23,18
vygzdbgipbovuvmgctkp_26,440
vygzdbgipbovuvmgctkp_30,232
vygzdbgipbovuvmgctkp_34,943
vygzdbgipbovuvmgctkp_35,994
vygzdbgipbovuvmgctkp_39,586
vygzdbgipbovuvmgctkp_41,377
vygzdbgipbovuvmgctkp_42,994
vygzdbgipbovuvmgctkp_47,586
vygzdbgipbovuvmgctkp_49,781
vygzdbgipbovuvmgctkp_55,34
vygzdbgipbovuvmgctkp_56,440
vygzdbgipbovuvmgctkp_57,726
vygzdbgipbovuvmgctkp_58,933
vygzdbgipbovuvmgctkp_63,933
wnrhwopt74jlwphj8rnf_2,342
wnrhwopt74jlwphj8rnf_3,977
wnrhwopt74jlwphj8rnf_8,648
wnrhwopt74jlwphj8rnf_9,384
wnrhwopt74jlwphj8rnf_10,977
wnrhwopt74jlwphj8rnf_12,161
wnrhwopt74jlwphj8rnf_13,317
wnrhwopt74jlwphj8rnf_16,338
wnrhwopt74jlwphj8rnf_18,1005
wnrhwopt74jlwphj8rnf_20,1005
wnrhwopt74jlwphj8rnf_28,1005
wnrhwopt74jlwphj8rnf_35,161
wnrhwopt74jlwphj8rnf_43,977
wnrhwopt74jlwphj8rnf_48,342
wnrhwopt74jlwphj8rnf_49,648
wnrhwopt74jlwphj8rnf_50,977
wnrhwopt74jlwphj8rnf_56,342
0n7ku7bzqwzuc23vq6h8_4,1005
0n7ku7bzqwzuc23vq6h8_5,1005
0n7ku7bzqwzuc23vq6h8_7,956
0n7ku7bzqwzuc23vq6h8_15,620
0n7ku7bzqwzuc23vq6h8_16,165
0n7ku7bzqwzuc23vq6h8_23,879
0n7ku7bzqwzuc23vq6h8_26,1005
0n7ku7bzqwzuc23vq6h8_32,648
0n7ku7bzqwzuc23vq6h8_45,392
0n7ku7bzqwzuc23vq6h8_49,90
tjnjqrjq45sdnvfjjbmg_1,34
tjnjqrjq45sdnvfjjbmg_2,34
tjnjqrjq45sdnvfjjbmg_5,384
tjnjqrjq45sdnvfjjbmg_6,34
tjnjqrjq45sdnvfjjbmg_11,34
tjnjqrjq45sdnvfjjbmg_15,34
tjnjqrjq45sdnvfjjbmg_20,34
tjnjqrjq45sdnvfjjbmg_27,381
tjnjqrjq45sdnvfjjbmg_29,161
tjnjqrjq45sdnvfjjbmg_30,977
tjnjqrjq45sdnvfjjbmg_31,977
tjnjqrjq45sdnvfjjbmg_35,394
tjnjqrjq45sdnvfjjbmg_39,977
tjnjqrjq45sdnvfjjbmg_44,394
tjnjqrjq45sdnvfjjbmg_45,712
tjnjqrjq45sdnvfjjbmg_46,648
tjnjqrjq45sdnvfjjbmg_47,648
dvrqlfom6ncfj6dm8qj0_11,22
dvrqlfom6ncfj6dm8qj0_18,325
dvrqlfom6ncfj6dm8qj0_19,325
dvrqlfom6ncfj6dm8qj0_20,519
dvrqlfom6ncfj6dm8qj0_24,726
dvrqlfom6ncfj6dm8qj0_25,278
dvrqlfom6ncfj6dm8qj0_27,325
dvrqlfom6ncfj6dm8qj0_28,325
dvrqlfom6ncfj6dm8qj0_29,762
dvrqlfom6ncfj6dm8qj0_30,741
dvrqlfom6ncfj6dm8qj0_33,300
dvrqlfom6ncfj6dm8qj0_34,278
dvrqlfom6ncfj6dm8qj0_36,278
dvrqlfom6ncfj6dm8qj0_37,278
dvrqlfom6ncfj6dm8qj0_56,402
dvrqlfom6ncfj6dm8qj0_58,430
dvrqlfom6ncfj6dm8qj0_59,381
1w9s7ngh329cledpdpwm_6,1005
1w9s7ngh329cledpdpwm_12,1005
1w9s7ngh329cledpdpwm_14,1005
1w9s7ngh329cledpdpwm_20,1005
1w9s7ngh329cledpdpwm_35,1005
1w9s7ngh329cledpdpwm_40,35
1w9s7ngh329cledpdpwm_41,384
1w9s7ngh329cledpdpwm_57,392
frjtg5vnn4zoe426asyy_17,384
frjtg5vnn4zoe426asyy_22,491
frjtg5vnn4zoe426asyy_24,781
frjtg5vnn4zoe426asyy_28,750
frjtg5vnn4zoe426asyy_29,338
frjtg5vnn4zoe426asyy_38,882
frjtg5vnn4zoe426asyy_45,882
frjtg5vnn4zoe426asyy_57,578
frjtg5vnn4zoe426asyy_59,977
frjtg5vnn4zoe426asyy_60,35
8j7g2o9eac5kafvgnsji_0,653
8j7g2o9eac5kafvgnsji_1,653
8j7g2o9eac5kafvgnsji_2,781
8j7g2o9eac5kafvgnsji_7,956
8j7g2o9eac5kafvgnsji_8,607
8j7g2o9eac5kafvgnsji_9,653
8j7g2o9eac5kafvgnsji_13,944
8j7g2o9eac5kafvgnsji_14,230
8j7g2o9eac5kafvgnsji_16,13
8j7g2o9eac5kafvgnsji_17,653
8j7g2o9eac5kafvgnsji_19,653
8j7g2o9eac5kafvgnsji_20,491
8j7g2o9eac5kafvgnsji_21,944
8j7g2o9eac5kafvgnsji_24,13
8j7g2o9eac5kafvgnsji_25,13
8j7g2o9eac5kafvgnsji_26,653
8j7g2o9eac5kafvgnsji_27,653
8j7g2o9eac5kafvgnsji_28,440
8j7g2o9eac5kafvgnsji_32,13
xqdvckejdprs5fxm5wec_4,687
xqdvckejdprs5fxm5wec_5,687
xqdvckejdprs5fxm5wec_14,687
xqdvckejdprs5fxm5wec_20,362
xqdvckejdprs5fxm5wec_21,325
xqdvckejdprs5fxm5wec_26,325
xqdvckejdprs5fxm5wec_39,851
xqdvckejdprs5fxm5wec_41,278
xqdvckejdprs5fxm5wec_46,977
xqdvckejdprs5fxm5wec_48,34
xqdvckejdprs5fxm5wec_49,34
xqdvckejdprs5fxm5wec_54,882
xqdvckejdprs5fxm5wec_55,338
xqdvckejdprs5fxm5wec_62,578
mj2jmlan139furpdp7u2_8,874
mj2jmlan139furpdp7u2_9,362
mj2jmlan139furpdp7u2_10,317
mj2jmlan139furpdp7u2_12,106
mj2jmlan139furpdp7u2_16,874
mj2jmlan139furpdp7u2_21,648
mj2jmlan139furpdp7u2_25,648
mj2jmlan139furpdp7u2_27,338
mj2jmlan139furpdp7u2_28,338
mj2jmlan139furpdp7u2_33,874
mj2jmlan139furpdp7u2_34,977
mj2jmlan139furpdp7u2_37,648
mj2jmlan139furpdp7u2_52,342
mj2jmlan139furpdp7u2_53,342
mj2jmlan139furpdp7u2_60,394
mj2jmlan139furpdp7u2_61,519
zcfzw6tijjkb4u0el7u0_2,578
zcfzw6tijjkb4u0el7u0_3,1005
zcfzw6tijjkb4u0el7u0_9,165
zcfzw6tijjkb4u0el7u0_10,578
zcfzw6tijjkb4u0el7u0_11,1005
zcfzw6tijjkb4u0el7u0_18,1005
zcfzw6tijjkb4u0el7u0_20,1005
zcfzw6tijjkb4u0el7u0_22,1005
zcfzw6tijjkb4u0el7u0_25,977
zcfzw6tijjkb4u0el7u0_28,1005
zcfzw6tijjkb4u0el7u0_30,1005
zcfzw6tijjkb4u0el7u0_32,648
zcfzw6tijjkb4u0el7u0_36,750
zcfzw6tijjkb4u0el7u0_38,1005
zcfzw6tijjkb4u0el7u0_41,384
zcfzw6tijjkb4u0el7u0_44,392
zcfzw6tijjkb4u0el7u0_46,1005
zcfzw6tijjkb4u0el7u0_52,392
zcfzw6tijjkb4u0el7u0_54,1005
r5vkoeq4uexmmq042hx4_2,34
r5vkoeq4uexmmq042hx4_5,294
r5vkoeq4uexmmq042hx4_10,34
r5vkoeq4uexmmq042hx4_12,34
r5vkoeq4uexmmq042hx4_14,325
r5vkoeq4uexmmq042hx4_15,956
r5vkoeq4uexmmq042hx4_16,430
r5vkoeq4uexmmq042hx4_17,578
r5vkoeq4uexmmq042hx4_19,34
r5vkoeq4uexmmq042hx4_20,34
r5vkoeq4uexmmq042hx4_21,34
r5vkoeq4uexmmq042hx4_24,294
r5vkoeq4uexmmq042hx4_33,394
r5vkoeq4uexmmq042hx4_50,201
r5vkoeq4uexmmq042hx4_55,34
r5vkoeq4uexmmq042hx4_63,766
da9ujoh70d8qiephmybu_1,362
da9ujoh70d8qiephmybu_3,687
da9ujoh70d8qiephmybu_16,392
da9ujoh70d8qiephmybu_26,278
da9ujoh70d8qiephmybu_28,491
da9ujoh70d8qiephmybu_30,317
da9ujoh70d8qiephmybu_35,34
da9ujoh70d8qiephmybu_38,586
da9ujoh70d8qiephmybu_44,34
da9ujoh70d8qiephmybu_45,338
da9ujoh70d8qiephmybu_48,430
da9ujoh70d8qiephmybu_49,876
da9ujoh70d8qiephmybu_53,882
da9ujoh70d8qiephmybu_54,882
da9ujoh70d8qiephmybu_55,977
da9ujoh70d8qiephmybu_57,201
da9ujoh70d8qiephmybu_58,430
da9ujoh70d8qiephmybu_61,882
y7ykixeijok7vrrhcxi7_2,278
y7ykixeijok7vrrhcxi7_3,440
y7ykixeijok7vrrhcxi7_4,687
y7ykixeijok7vrrhcxi7_5,74
y7ykixeijok7vrrhcxi7_12,278
y7ykixeijok7vrrhcxi7_13,491
y7ykixeijok7vrrhcxi7_17,34
y7ykixeijok7vrrhcxi7_21,34
y7ykixeijok7vrrhcxi7_24,165
y7ykixeijok7vrrhcxi7_25,440
y7ykixeijok7vrrhcxi7_29,34
y7ykixeijok7vrrhcxi7_35,438
y7ykixeijok7vrrhcxi7_36,34
y7ykixeijok7vrrhcxi7_47,161
zlgk1t0vcmdh7p72z9mf_0,518
zlgk1t0vcmdh7p72z9mf_1,518
zlgk1t0vcmdh7p72z9mf_8,841
zlgk1t0vcmdh7p72z9mf_9,568
zlgk1t0vcmdh7p72z9mf_10,568
zlgk1t0vcmdh7p72z9mf_20,841
zlgk1t0vcmdh7p72z9mf_21,568
zlgk1t0vcmdh7p72z9mf_23,841
zlgk1t0vcmdh7p72z9mf_25,568
zlgk1t0vcmdh7p72z9mf_27,738
zlgk1t0vcmdh7p72z9mf_28,754
zlgk1t0vcmdh7p72z9mf_29,841
zlgk1t0vcmdh7p72z9mf_30,615
zlgk1t0vcmdh7p72z9mf_32,841
zlgk1t0vcmdh7p72z9mf_33,568
zlgk1t0vcmdh7p72z9mf_34,754
zlgk1t0vcmdh7p72z9mf_35,754
zlgk1t0vcmdh7p72z9mf_37,568
zlgk1t0vcmdh7p72z9mf_42,754
zlgk1t0vcmdh7p72z9mf_51,738
vlc4le1m86gxzbr6ek1f_1,841
vlc4le1m86gxzbr6ek1f_9,841
vlc4le1m86gxzbr6ek1f_13,615
vlc4le1m86gxzbr6ek1f_16,754
vlc4le1m86gxzbr6ek1f_17,754
vlc4le1m86gxzbr6ek1f_19,754
vlc4le1m86gxzbr6ek1f_30,754
vlc4le1m86gxzbr6ek1f_35,754
vlc4le1m86gxzbr6ek1f_37,150
vlc4le1m86gxzbr6ek1f_43,841
vlc4le1m86gxzbr6ek1f_44,568
vlc4le1m86gxzbr6ek1f_62,841
ryy2vz3z04r43ueib6mg_10,325
ryy2vz3z04r43ueib6mg_12,325
ryy2vz3z04r43ueib6mg_15,294
ryy2vz3z04r43ueib6mg_16,518
ryy2vz3z04r43ueib6mg_20,491
ryy2vz3z04r43ueib6mg_23,294
ryy2vz3z04r43ueib6mg_24,568
ryy2vz3z04r43ueib6mg_29,615
ryy2vz3z04r43ueib6mg_38,568
ryy2vz3z04r43ueib6mg_39,841
ryy2vz3z04r43ueib6mg_40,754
ryy2vz3z04r43ueib6mg_41,615
ryy2vz3z04r43ueib6mg_48,754
ryy2vz3z04r43ueib6mg_51,568
ryy2vz3z04r43ueib6mg_54,568
ryy2vz3z04r43ueib6mg_55,568
5htapfs3395wu0re0yha_8,841
5htapfs3395wu0re0yha_16,841
5htapfs3395wu0re0yha_19,568
5htapfs3395wu0re0yha_21,568
5htapfs3395wu0re0yha_22,841
5htapfs3395wu0re0yha_25,568
5htapfs3395wu0re0yha_26,568
5htapfs3395wu0re0yha_28,568
5htapfs3395wu0re0yha_31,568
5htapfs3395wu0re0yha_38,568
5htapfs3395wu0re0yha_41,568
5htapfs3395wu0re0yha_43,568
5htapfs3395wu0re0yha_46,568
5htapfs3395wu0re0yha_50,754
5htapfs3395wu0re0yha_52,568
5htapfs3395wu0re0yha_61,754
wch5rkulq9lemd7obflm_6,568
wch5rkulq9lemd7obflm_8,568
wch5rkulq9lemd7obflm_9,841
wch5rkulq9lemd7obflm_10,754
wch5rkulq9lemd7obflm_12,841
wch5rkulq9lemd7obflm_13,615
wch5rkulq9lemd7obflm_16,754
wch5rkulq9lemd7obflm_21,754
wch5rkulq9lemd7obflm_22,754
wch5rkulq9lemd7obflm_23,754
wch5rkulq9lemd7obflm_24,754
wch5rkulq9lemd7obflm_28,754
wch5rkulq9lemd7obflm_40,841
wch5rkulq9lemd7obflm_43,841
wch5rkulq9lemd7obflm_50,841
wch5rkulq9lemd7obflm_52,841
wch5rkulq9lemd7obflm_56,841
wch5rkulq9lemd7obflm_59,568
wch5rkulq9lemd7obflm_60,568
wch5rkulq9lemd7obflm_62,841
rcox3a3bvl4g4si086un_25,568
rcox3a3bvl4g4si086un_29,841
rcox3a3bvl4g4si086un_40,568
rcox3a3bvl4g4si086un_44,568
rcox3a3bvl4g4si086un_45,568
rcox3a3bvl4g4si086un_46,841
rcox3a3bvl4g4si086un_50,754
rcox3a3bvl4g4si086un_54,568
zed035kwhw1lb44ukhj5_4,841
zed035kwhw1lb44ukhj5_9,841
zed035kwhw1lb44ukhj5_10,568
zed035kwhw1lb44ukhj5_23,568
zed035kwhw1lb44ukhj5_26,841
zed035kwhw1lb44ukhj5_28,841
zed035kwhw1lb44ukhj5_31,841
zed035kwhw1lb44ukhj5_32,568
zed035kwhw1lb44ukhj5_34,841
zed035kwhw1lb44ukhj5_36,568
zed035kwhw1lb44ukhj5_38,568
zed035kwhw1lb44ukhj5_44,568
zed035kwhw1lb44ukhj5_45,568
zed035kwhw1lb44ukhj5_47,568
zed035kwhw1lb44ukhj5_50,754
sr3lm2miwx6cwk7roifx_3,841
sr3lm2miwx6cwk7roifx_4,841
sr3lm2miwx6cwk7roifx_5,518
sr3lm2miwx6cwk7roifx_9,841
sr3lm2miwx6cwk7roifx_14,841
sr3lm2miwx6cwk7roifx_15,841
sr3lm2miwx6cwk7roifx_17,568
sr3lm2miwx6cwk7roifx_20,568
sr3lm2miwx6cwk7roifx_24,568
sr3lm2miwx6cwk7roifx_25,568
sr3lm2miwx6cwk7roifx_30,568
sr3lm2miwx6cwk7roifx_31,841
sr3lm2miwx6cwk7roifx_34,841
sr3lm2miwx6cwk7roifx_41,841
sr3lm2miwx6cwk7roifx_46,841
sr3lm2miwx6cwk7roifx_53,568
sr3lm2miwx6cwk7roifx_58,754
sr3lm2miwx6cwk7roifx_61,754
uxb4lg95g9f5t1oeygwn_0,75
uxb4lg95g9f5t1oeygwn_5,518
uxb4lg95g9f5t1oeygwn_7,75
uxb4lg95g9f5t1oeygwn_13,518
uxb4lg95g9f5t1oeygwn_18,841
uxb4lg95g9f5t1oeygwn_23,568
uxb4lg95g9f5t1oeygwn_51,754
uxb4lg95g9f5t1oeygwn_54,568
nm0tjckba2gmv03gwq5x_7,518
nm0tjckba2gmv03gwq5x_10,754
nm0tjckba2gmv03gwq5x_11,754
nm0tjckba2gmv03gwq5x_17,754
nm0tjckba2gmv03gwq5x_32,754
nm0tjckba2gmv03gwq5x_34,754
nm0tjckba2gmv03gwq5x_35,754
nm0tjckba2gmv03gwq5x_41,841
nm0tjckba2gmv03gwq5x_45,615
nm0tjckba2gmv03gwq5x_51,568
nm0tjckba2gmv03gwq5x_56,841
nm0tjckba2gmv03gwq5x_59,568
nm0tjckba2gmv03gwq5x_60,568
nuxnj61xpaydb8qyreht_17,568
nuxnj61xpaydb8qyreht_22,568
nuxnj61xpaydb8qyreht_23,568
nuxnj61xpaydb8qyreht_24,568
nuxnj61xpaydb8qyreht_25,841
nuxnj61xpaydb8qyreht_35,754
nuxnj61xpaydb8qyreht_38,841
nuxnj61xpaydb8qyreht_42,568
nuxnj61xpaydb8qyreht_44,841
nuxnj61xpaydb8qyreht_46,568
wkd38vxcga51lx44a3u8_3,754
wkd38vxcga51lx44a3u8_12,754
wkd38vxcga51lx44a3u8_28,568
wkd38vxcga51lx44a3u8_39,568
wkd38vxcga51lx44a3u8_42,568
wkd38vxcga51lx44a3u8_45,615
wkd38vxcga51lx44a3u8_50,841
wkd38vxcga51lx44a3u8_57,615
wkd38vxcga51lx44a3u8_59,615
02z4azk140h4d642ljha_3,568
02z4azk140h4d642ljha_7,568
02z4azk140h4d642ljha_8,841
02z4azk140h4d642ljha_11,568
02z4azk140h4d642ljha_21,754
02z4azk140h4d642ljha_24,568
02z4azk140h4d642ljha_27,754
02z4azk140h4d642ljha_32,568
02z4azk140h4d642ljha_33,568
02z4azk140h4d642ljha_41,568
02z4azk140h4d642ljha_42,754
02z4azk140h4d642ljha_45,754
02z4azk140h4d642ljha_46,568
02z4azk140h4d642ljha_50,568
02z4azk140h4d642ljha_61,841
4w5bizoulfurpbhwie1j_2,841
4w5bizoulfurpbhwie1j_16,568
4w5bizoulfurpbhwie1j_17,568
4w5bizoulfurpbhwie1j_23,841
4w5bizoulfurpbhwie1j_31,568
4w5bizoulfurpbhwie1j_40,841
4w5bizoulfurpbhwie1j_46,841
4w5bizoulfurpbhwie1j_48,568
4w5bizoulfurpbhwie1j_58,841
4katkjl9o379mau6dgce_3,568
4katkjl9o379mau6dgce_6,568
4katkjl9o379mau6dgce_7,518
4katkjl9o379mau6dgce_9,841
4katkjl9o379mau6dgce_11,754
4katkjl9o379mau6dgce_19,754
4katkjl9o379mau6dgce_27,754
4katkjl9o379mau6dgce_28,754
4katkjl9o379mau6dgce_33,841
4katkjl9o379mau6dgce_34,754
4katkjl9o379mau6dgce_40,841
4katkjl9o379mau6dgce_41,841
4katkjl9o379mau6dgce_49,841
4katkjl9o379mau6dgce_53,568
4katkjl9o379mau6dgce_57,841
4katkjl9o379mau6dgce_58,568
4katkjl9o379mau6dgce_59,568
vmsad9dq017q1fshvnxz_0,568
vmsad9dq017q1fshvnxz_1,568
vmsad9dq017q1fshvnxz_3,841
vmsad9dq017q1fshvnxz_26,841
vmsad9dq017q1fshvnxz_30,568
vmsad9dq017q1fshvnxz_40,754
vmsad9dq017q1fshvnxz_42,841
vmsad9dq017q1fshvnxz_45,754
vmsad9dq017q1fshvnxz_47,754
vmsad9dq017q1fshvnxz_50,754
vmsad9dq017q1fshvnxz_57,568
9hhe2xc9zom4wdid60ym_2,568
9hhe2xc9zom4wdid60ym_6,841
9hhe2xc9zom4wdid60ym_10,841
9hhe2xc9zom4wdid60ym_15,841
9hhe2xc9zom4wdid60ym_20,568
9hhe2xc9zom4wdid60ym_25,568
9hhe2xc9zom4wdid60ym_27,841
9hhe2xc9zom4wdid60ym_29,841
9hhe2xc9zom4wdid60ym_30,568
9hhe2xc9zom4wdid60ym_38,568
9hhe2xc9zom4wdid60ym_49,568
9hhe2xc9zom4wdid60ym_56,841
9hhe2xc9zom4wdid60ym_58,841
44umnjln8jgps36ikqou_2,841
44umnjln8jgps36ikqou_3,841
44umnjln8jgps36ikqou_6,841
44umnjln8jgps36ikqou_9,568
44umnjln8jgps36ikqou_11,568
44umnjln8jgps36ikqou_12,841
44umnjln8jgps36ikqou_19,615
44umnjln8jgps36ikqou_22,568
44umnjln8jgps36ikqou_28,568
44umnjln8jgps36ikqou_31,568
44umnjln8jgps36ikqou_33,754
44umnjln8jgps36ikqou_36,568
44umnjln8jgps36ikqou_43,754
44umnjln8jgps36ikqou_44,754
44umnjln8jgps36ikqou_49,754
44umnjln8jgps36ikqou_51,754
44umnjln8jgps36ikqou_54,754
44umnjln8jgps36ikqou_59,841
44umnjln8jgps36ikqou_63,754
fyndc222v1pzb83q1kl8_7,741
fyndc222v1pzb83q1kl8_20,1015
fyndc222v1pzb83q1kl8_27,1015
fyndc222v1pzb83q1kl8_31,620
fyndc222v1pzb83q1kl8_40,294
fyndc222v1pzb83q1kl8_43,1015
fyndc222v1pzb83q1kl8_44,1015
fyndc222v1pzb83q1kl8_50,1015
fyndc222v1pzb83q1kl8_52,876
fyndc222v1pzb83q1kl8_54,230
fe19jiabxa5bqvj25c37_0,816
fe19jiabxa5bqvj25c37_9,933
fe19jiabxa5bqvj25c37_10,933
fe19jiabxa5bqvj25c37_13,135
fe19jiabxa5bqvj25c37_14,135
fe19jiabxa5bqvj25c37_15,135
fe19jiabxa5bqvj25c37_16,279
fe19jiabxa5bqvj25c37_17,279
fe19jiabxa5bqvj25c37_18,513
fe19jiabxa5bqvj25c37_19,513
fe19jiabxa5bqvj25c37_20,135
fe19jiabxa5bqvj25c37_30,135
fe19jiabxa5bqvj25c37_31,135
fe19jiabxa5bqvj25c37_32,279
fe19jiabxa5bqvj25c37_40,279
fe19jiabxa5bqvj25c37_41,279
fe19jiabxa5bqvj25c37_43,279
fe19jiabxa5bqvj25c37_52,39
fe19jiabxa5bqvj25c37_56,950
fe19jiabxa5bqvj25c37_58,616
7u3mr4cc3n8hk01mpgvw_2,687
7u3mr4cc3n8hk01mpgvw_10,75
7u3mr4cc3n8hk01mpgvw_17,18
7u3mr4cc3n8hk01mpgvw_18,491
7u3mr4cc3n8hk01mpgvw_24,943
7u3mr4cc3n8hk01mpgvw_31,491
7u3mr4cc3n8hk01mpgvw_32,607
7u3mr4cc3n8hk01mpgvw_40,300
7u3mr4cc3n8hk01mpgvw_46,300
7u3mr4cc3n8hk01mpgvw_47,279
7u3mr4cc3n8hk01mpgvw_61,279
0axlt1106p2e4ipavi8r_4,807
0axlt1106p2e4ipavi8r_9,807
0axlt1106p2e4ipavi8r_12,445
0axlt1106p2e4ipavi8r_20,876
0axlt1106p2e4ipavi8r_33,878
0axlt1106p2e4ipavi8r_34,878
0axlt1106p2e4ipavi8r_36,172
0axlt1106p2e4ipavi8r_37,807
0axlt1106p2e4ipavi8r_42,430
0axlt1106p2e4ipavi8r_44,807
0axlt1106p2e4ipavi8r_45,172
0axlt1106p2e4ipavi8r_46,172
0axlt1106p2e4ipavi8r_47,807
0axlt1106p2e4ipavi8r_49,807
0axlt1106p2e4ipavi8r_51,719
0axlt1106p2e4ipavi8r_53,394
5iow46wnnrla99kpyc58_6,781
5iow46wnnrla99kpyc58_13,1015
5iow46wnnrla99kpyc58_14,440
5iow46wnnrla99kpyc58_30,394
5iow46wnnrla99kpyc58_37,172
5iow46wnnrla99kpyc58_41,325
5iow46wnnrla99kpyc58_43,106
5iow46wnnrla99kpyc58_45,176
5iow46wnnrla99kpyc58_48,944
5iow46wnnrla99kpyc58_53,445
5iow46wnnrla99kpyc58_54,491
gcraza9fwa70ebfho19l_8,1006
gcraza9fwa70ebfho19l_12,943
gcraza9fwa70ebfho19l_26,258
gcraza9fwa70ebfho19l_27,258
gcraza9fwa70ebfho19l_30,440
gcraza9fwa70ebfho19l_50,876
gcraza9fwa70ebfho19l_51,876
gcraza9fwa70ebfho19l_52,430
gcraza9fwa70ebfho19l_56,402
gcraza9fwa70ebfho19l_62,201
k7zxo5jdx8uh1aujm2t4_5,245
k7zxo5jdx8uh1aujm2t4_6,245
k7zxo5jdx8uh1aujm2t4_10,61
k7zxo5jdx8uh1aujm2t4_11,61
k7zxo5jdx8uh1aujm2t4_12,245
k7zxo5jdx8uh1aujm2t4_14,876
k7zxo5jdx8uh1aujm2t4_15,278
k7zxo5jdx8uh1aujm2t4_16,165
k7zxo5jdx8uh1aujm2t4_18,61
k7zxo5jdx8uh1aujm2t4_19,61
k7zxo5jdx8uh1aujm2t4_20,1015
k7zxo5jdx8uh1aujm2t4_34,61
k7zxo5jdx8uh1aujm2t4_41,61
k7zxo5jdx8uh1aujm2t4_48,1015
k7zxo5jdx8uh1aujm2t4_49,61
k7zxo5jdx8uh1aujm2t4_50,61
k7zxo5jdx8uh1aujm2t4_59,90
nhlpwwm51mi7eb2e6md9_12,493
nhlpwwm51mi7eb2e6md9_13,1015
nhlpwwm51mi7eb2e6md9_20,807
nhlpwwm51mi7eb2e6md9_21,172
nhlpwwm51mi7eb2e6md9_37,172
nhlpwwm51mi7eb2e6md9_40,944
nhlpwwm51mi7eb2e6md9_41,325
nhlpwwm51mi7eb2e6md9_46,762
nhlpwwm51mi7eb2e6md9_51,876
nhlpwwm51mi7eb2e6md9_52,445
nhlpwwm51mi7eb2e6md9_53,445
nhlpwwm51mi7eb2e6md9_56,781
nhlpwwm51mi7eb2e6md9_62,392
nhlpwwm51mi7eb2e6md9_63,445
zciyj3j1y357hmns6vv3_3,726
zciyj3j1y357hmns6vv3_4,726
zciyj3j1y357hmns6vv3_6,75
zciyj3j1y357hmns6vv3_7,75
zciyj3j1y357hmns6vv3_8,491
zciyj3j1y357hmns6vv3_10,726
zciyj3j1y357hmns6vv3_15,781
zciyj3j1y357hmns6vv3_20,337
zciyj3j1y357hmns6vv3_21,121
zciyj3j1y357hmns6vv3_27,121
zciyj3j1y357hmns6vv3_28,121
zciyj3j1y357hmns6vv3_38,121
zciyj3j1y357hmns6vv3_44,258
zciyj3j1y357hmns6vv3_46,258
zciyj3j1y357hmns6vv3_49,121
zciyj3j1y357hmns6vv3_50,121
zciyj3j1y357hmns6vv3_55,121
zciyj3j1y357hmns6vv3_58,121
zciyj3j1y357hmns6vv3_62,121
i174nmd651jggga61rt8_2,807
i174nmd651jggga61rt8_9,807
i174nmd651jggga61rt8_10,876
i174nmd651jggga61rt8_18,325
i174nmd651jggga61rt8_26,325
i174nmd651jggga61rt8_33,445
i174nmd651jggga61rt8_43,445
i174nmd651jggga61rt8_44,445
i174nmd651jggga61rt8_48,165
i174nmd651jggga61rt8_51,878
i174nmd651jggga61rt8_53,445
i174nmd651jggga61rt8_62,807
1mm79hijctneabec5f7t_1,851
1mm79hijctneabec5f7t_3,106
1mm79hijctneabec5f7t_4,687
1mm79hijctneabec5f7t_10,648
1mm79hijctneabec5f7t_16,232
1mm79hijctneabec5f7t_18,394
1mm79hijctneabec5f7t_26,394
1mm79hijctneabec5f7t_28,519
1mm79hijctneabec5f7t_33,648
1mm79hijctneabec5f7t_34,18
1mm79hijctneabec5f7t_41,394
1mm79hijctneabec5f7t_42,362
1mm79hijctneabec5f7t_43,844
1mm79hijctneabec5f7t_50,362
1mm79hijctneabec5f7t_51,844
1mm79hijctneabec5f7t_52,637
1mm79hijctneabec5f7t_57,90
1mm79hijctneabec5f7t_60,90
1mm79hijctneabec5f7t_61,637
2wxzra75u3105jvo3kkn_5,278
2wxzra75u3105jvo3kkn_6,32
2wxzra75u3105jvo3kkn_12,278
2wxzra75u3105jvo3kkn_13,1015
2wxzra75u3105jvo3kkn_15,440
2wxzra75u3105jvo3kkn_20,1015
2wxzra75u3105jvo3kkn_22,278
2wxzra75u3105jvo3kkn_27,1015
2wxzra75u3105jvo3kkn_34,1015
2wxzra75u3105jvo3kkn_35,1015
2wxzra75u3105jvo3kkn_37,278
2wxzra75u3105jvo3kkn_41,278
2wxzra75u3105jvo3kkn_42,1015
2wxzra75u3105jvo3kkn_43,1015
2wxzra75u3105jvo3kkn_44,1015
2wxzra75u3105jvo3kkn_48,440
2wxzra75u3105jvo3kkn_49,1015
2wxzra75u3105jvo3kkn_50,1015
2wxzra75u3105jvo3kkn_56,278
2wxzra75u3105jvo3kkn_57,1015
1j3vj87b5yw0yr7s5qvi_0,662
1j3vj87b5yw0yr7s5qvi_1,662
1j3vj87b5yw0yr7s5qvi_2,662
1j3vj87b5yw0yr7s5qvi_3,662
1j3vj87b5yw0yr7s5qvi_8,929
1j3vj87b5yw0yr7s5qvi_9,929
1j3vj87b5yw0yr7s5qvi_10,929
1j3vj87b5yw0yr7s5qvi_15,662
1j3vj87b5yw0yr7s5qvi_16,662
1j3vj87b5yw0yr7s5qvi_17,19
1j3vj87b5yw0yr7s5qvi_18,19
1j3vj87b5yw0yr7s5qvi_22,662
1j3vj87b5yw0yr7s5qvi_24,662
1j3vj87b5yw0yr7s5qvi_25,662
1j3vj87b5yw0yr7s5qvi_32,19
1j3vj87b5yw0yr7s5qvi_39,662
1j3vj87b5yw0yr7s5qvi_63,662
jfxlquf4tejwxx3fgcpz_35,648
jfxlquf4tejwxx3fgcpz_36,712
jfxlquf4tejwxx3fgcpz_38,977
jfxlquf4tejwxx3fgcpz_39,161
jfxlquf4tejwxx3fgcpz_40,702
jfxlquf4tejwxx3fgcpz_41,874
jfxlquf4tejwxx3fgcpz_44,648
jfxlquf4tejwxx3fgcpz_45,977
jfxlquf4tejwxx3fgcpz_48,874
jfxlquf4tejwxx3fgcpz_50,874
jfxlquf4tejwxx3fgcpz_51,637
jfxlquf4tejwxx3fgcpz_56,402
jfxlquf4tejwxx3fgcpz_57,874
98ipo422uzrubdj3kfnq_15,956
98ipo422uzrubdj3kfnq_22,317
98ipo422uzrubdj3kfnq_27,325
98ipo422uzrubdj3kfnq_28,325
98ipo422uzrubdj3kfnq_29,762
98ipo422uzrubdj3kfnq_32,607
98ipo422uzrubdj3kfnq_33,300
98ipo422uzrubdj3kfnq_34,278
98ipo422uzrubdj3kfnq_35,278
98ipo422uzrubdj3kfnq_36,278
98ipo422uzrubdj3kfnq_40,876
98ipo422uzrubdj3kfnq_41,950
98ipo422uzrubdj3kfnq_42,300
98ipo422uzrubdj3kfnq_45,300
98ipo422uzrubdj3kfnq_46,103
98ipo422uzrubdj3kfnq_48,165
98ipo422uzrubdj3kfnq_49,394
98ipo422uzrubdj3kfnq_50,381
98ipo422uzrubdj3kfnq_51,933
ut0jxqf19krwm8adwos6_2,904
ut0jxqf19krwm8adwos6_3,477
ut0jxqf19krwm8adwos6_5,176
ut0jxqf19krwm8adwos6_6,904
ut0jxqf19krwm8adwos6_7,677
ut0jxqf19krwm8adwos6_8,176
ut0jxqf19krwm8adwos6_9,176
ut0jxqf19krwm8adwos6_10,1008
ut0jxqf19krwm8adwos6_11,1008
ut0jxqf19krwm8adwos6_12,1008
ut0jxqf19krwm8adwos6_14,20
ut0jxqf19krwm8adwos6_15,176
ut0jxqf19krwm8adwos6_16,1008
ut0jxqf19krwm8adwos6_17,1008
ut0jxqf19krwm8adwos6_18,1008
ut0jxqf19krwm8adwos6_19,1008
ut0jxqf19krwm8adwos6_24,1008
ut0jxqf19krwm8adwos6_42,394
ut0jxqf19krwm8adwos6_43,394
ut0jxqf19krwm8adwos6_46,677
0wq173gumurg033s23bl_4,687
0wq173gumurg033s23bl_10,325
0wq173gumurg033s23bl_11,362
0wq173gumurg033s23bl_15,781
0wq173gumurg033s23bl_17,106
0wq173gumurg033s23bl_18,766
0wq173gumurg033s23bl_19,766
0wq173gumurg033s23bl_21,34
0wq173gumurg033s23bl_22,34
0wq173gumurg033s23bl_24,0
0wq173gumurg033s23bl_26,766
0wq173gumurg033s23bl_28,578
0wq173gumurg033s23bl_32,294
0wq173gumurg033s23bl_33,766
0wq173gumurg033s23bl_34,766
0wq173gumurg033s23bl_35,766
0wq173gumurg033s23bl_41,766
0wq173gumurg033s23bl_42,766
0wq173gumurg033s23bl_48,874
atcxrn10wc8s6wv7ahtd_23,620
atcxrn10wc8s6wv7ahtd_27,491
atcxrn10wc8s6wv7ahtd_28,491
atcxrn10wc8s6wv7ahtd_32,440
atcxrn10wc8s6wv7ahtd_36,384
atcxrn10wc8s6wv7ahtd_39,851
atcxrn10wc8s6wv7ahtd_42,781
atcxrn10wc8s6wv7ahtd_44,578
atcxrn10wc8s6wv7ahtd_47,882
atcxrn10wc8s6wv7ahtd_51,34
atcxrn10wc8s6wv7ahtd_56,578
8kku0h3dr2sj2q8vqgs7_11,325
8kku0h3dr2sj2q8vqgs7_18,712
8kku0h3dr2sj2q8vqgs7_19,491
8kku0h3dr2sj2q8vqgs7_21,491
8kku0h3dr2sj2q8vqgs7_22,392
8kku0h3dr2sj2q8vqgs7_24,874
8kku0h3dr2sj2q8vqgs7_26,712
8kku0h3dr2sj2q8vqgs7_27,712
8kku0h3dr2sj2q8vqgs7_28,106
8kku0h3dr2sj2q8vqgs7_29,106
8kku0h3dr2sj2q8vqgs7_30,392
8kku0h3dr2sj2q8vqgs7_31,392
8kku0h3dr2sj2q8vqgs7_34,394
8kku0h3dr2sj2q8vqgs7_35,648
8kku0h3dr2sj2q8vqgs7_36,712
8kku0h3dr2sj2q8vqgs7_37,106
8kku0h3dr2sj2q8vqgs7_41,874
8kku0h3dr2sj2q8vqgs7_46,342
e3x25eh1ena1wsf28429_1,103
e3x25eh1ena1wsf28429_8,103
e3x25eh1ena1wsf28429_10,491
e3x25eh1ena1wsf28429_17,817
e3x25eh1ena1wsf28429_18,278
e3x25eh1ena1wsf28429_20,317
e3x25eh1ena1wsf28429_24,103
e3x25eh1ena1wsf28429_27,817
e3x25eh1ena1wsf28429_30,491
e3x25eh1ena1wsf28429_33,817
e3x25eh1ena1wsf28429_35,817
e3x25eh1ena1wsf28429_41,394
e3x25eh1ena1wsf28429_42,394
e3x25eh1ena1wsf28429_45,817
e3x25eh1ena1wsf28429_46,34
e3x25eh1ena1wsf28429_52,364
e3x25eh1ena1wsf28429_54,750
e3x25eh1ena1wsf28429_55,586
wpl2zpi41dg6f4qin64n_32,172
wpl2zpi41dg6f4qin64n_33,445
wpl2zpi41dg6f4qin64n_35,445
wpl2zpi41dg6f4qin64n_36,445
wpl2zpi41dg6f4qin64n_40,807
wpl2zpi41dg6f4qin64n_42,878
wpl2zpi41dg6f4qin64n_44,445
wpl2zpi41dg6f4qin64n_45,491
wpl2zpi41dg6f4qin64n_48,165
wpl2zpi41dg6f4qin64n_49,878
wpl2zpi41dg6f4qin64n_50,878
wpl2zpi41dg6f4qin64n_51,878
wpl2zpi41dg6f4qin64n_52,878
wpl2zpi41dg6f4qin64n_53,445
wpl2zpi41dg6f4qin64n_55,172
wpl2zpi41dg6f4qin64n_56,440
wpl2zpi41dg6f4qin64n_60,878
wpl2zpi41dg6f4qin64n_63,807
no6m4rs6c41b8frco61u_8,578
no6m4rs6c41b8frco61u_9,34
no6m4rs6c41b8frco61u_10,34
no6m4rs6c41b8frco61u_13,491
no6m4rs6c41b8frco61u_16,430
no6m4rs6c41b8frco61u_23,34
no6m4rs6c41b8frco61u_24,165
no6m4rs6c41b8frco61u_25,440
no6m4rs6c41b8frco61u_35,438
no6m4rs6c41b8frco61u_38,34
kbpftvg0ist251b9d0mc_9,106
kbpftvg0ist251b9d0mc_17,712
kbpftvg0ist251b9d0mc_24,944
kbpftvg0ist251b9d0mc_25,876
kbpftvg0ist251b9d0mc_26,715
kbpftvg0ist251b9d0mc_29,34
kbpftvg0ist251b9d0mc_32,741
kbpftvg0ist251b9d0mc_33,712
kbpftvg0ist251b9d0mc_34,712
kbpftvg0ist251b9d0mc_35,381
kbpftvg0ist251b9d0mc_36,381
kbpftvg0ist251b9d0mc_37,381
kbpftvg0ist251b9d0mc_43,394
kbpftvg0ist251b9d0mc_45,637
kbpftvg0ist251b9d0mc_55,620
546o8e4f3dsdubcu0j1u_11,491
546o8e4f3dsdubcu0j1u_16,1015
546o8e4f3dsdubcu0j1u_21,491
546o8e4f3dsdubcu0j1u_26,1015
546o8e4f3dsdubcu0j1u_29,278
546o8e4f3dsdubcu0j1u_35,1015
546o8e4f3dsdubcu0j1u_46,1015
546o8e4f3dsdubcu0j1u_47,1015
546o8e4f3dsdubcu0j1u_53,1015
546o8e4f3dsdubcu0j1u_54,1015
zml1wv5d4cthz2k3db7k_9,88
zml1wv5d4cthz2k3db7k_17,988
zml1wv5d4cthz2k3db7k_18,88
zml1wv5d4cthz2k3db7k_24,381
zml1wv5d4cthz2k3db7k_25,394
zml1wv5d4cthz2k3db7k_26,531
zml1wv5d4cthz2k3db7k_34,377
zml1wv5d4cthz2k3db7k_36,88
zml1wv5d4cthz2k3db7k_45,88
zml1wv5d4cthz2k3db7k_51,440
zml1wv5d4cthz2k3db7k_60,381
zml1wv5d4cthz2k3db7k_61,394
2fibeudj3lnczjt38kba_1,687
2fibeudj3lnczjt38kba_2,362
2fibeudj3lnczjt38kba_3,687
2fibeudj3lnczjt38kba_4,362
2fibeudj3lnczjt38kba_10,325
2fibeudj3lnczjt38kba_11,325
2fibeudj3lnczjt38kba_13,712
2fibeudj3lnczjt38kba_18,362
2fibeudj3lnczjt38kba_19,362
2fibeudj3lnczjt38kba_20,317
2fibeudj3lnczjt38kba_22,338
2fibeudj3lnczjt38kba_27,317
2fibeudj3lnczjt38kba_28,712
2fibeudj3lnczjt38kba_31,392
2fibeudj3lnczjt38kba_36,712
2fibeudj3lnczjt38kba_45,977
2fibeudj3lnczjt38kba_46,161
2fibeudj3lnczjt38kba_55,648
cf56ohwcltfre0lxsuyl_0,978
cf56ohwcltfre0lxsuyl_1,34
cf56ohwcltfre0lxsuyl_10,34
cf56ohwcltfre0lxsuyl_11,34
cf56ohwcltfre0lxsuyl_20,34
cf56ohwcltfre0lxsuyl_22,278
cf56ohwcltfre0lxsuyl_24,165
cf56ohwcltfre0lxsuyl_25,440
cf56ohwcltfre0lxsuyl_26,34
cf56ohwcltfre0lxsuyl_28,34
cf56ohwcltfre0lxsuyl_29,34
cf56ohwcltfre0lxsuyl_30,34
cf56ohwcltfre0lxsuyl_31,34
cf56ohwcltfre0lxsuyl_35,438
cf56ohwcltfre0lxsuyl_36,34
cf56ohwcltfre0lxsuyl_39,34
cf56ohwcltfre0lxsuyl_46,578
cf56ohwcltfre0lxsuyl_47,161
fcmhwx3at3xaiq9bvag3_1,876
fcmhwx3at3xaiq9bvag3_2,747
fcmhwx3at3xaiq9bvag3_3,61
fcmhwx3at3xaiq9bvag3_5,1015
fcmhwx3at3xaiq9bvag3_11,61
fcmhwx3at3xaiq9bvag3_12,61
fcmhwx3at3xaiq9bvag3_19,1015
fcmhwx3at3xaiq9bvag3_27,278
fcmhwx3at3xaiq9bvag3_28,61
fcmhwx3at3xaiq9bvag3_36,1015
fcmhwx3at3xaiq9bvag3_37,61
fcmhwx3at3xaiq9bvag3_45,61
fcmhwx3at3xaiq9bvag3_46,61
fcmhwx3at3xaiq9bvag3_54,61
fcmhwx3at3xaiq9bvag3_62,61
va2nwi1vsej4dnwtodqu_0,956
va2nwi1vsej4dnwtodqu_1,687
va2nwi1vsej4dnwtodqu_8,956
va2nwi1vsej4dnwtodqu_9,325
va2nwi1vsej4dnwtodqu_10,325
va2nwi1vsej4dnwtodqu_16,491
va2nwi1vsej4dnwtodqu_24,781
va2nwi1vsej4dnwtodqu_25,781
va2nwi1vsej4dnwtodqu_27,325
va2nwi1vsej4dnwtodqu_33,943
va2nwi1vsej4dnwtodqu_36,491
va2nwi1vsej4dnwtodqu_41,943
va2nwi1vsej4dnwtodqu_42,135
va2nwi1vsej4dnwtodqu_45,135
va2nwi1vsej4dnwtodqu_50,279
va2nwi1vsej4dnwtodqu_54,135
gxbs82ozv474116tz6k9_0,1015
gxbs82ozv474116tz6k9_8,245
gxbs82ozv474116tz6k9_16,913
gxbs82ozv474116tz6k9_17,245
gxbs82ozv474116tz6k9_18,245
gxbs82ozv474116tz6k9_25,245
gxbs82ozv474116tz6k9_26,245
gxbs82ozv474116tz6k9_27,1015
gxbs82ozv474116tz6k9_32,245
gxbs82ozv474116tz6k9_33,245
gxbs82ozv474116tz6k9_36,1015
gxbs82ozv474116tz6k9_37,1015
gxbs82ozv474116tz6k9_41,245
gxbs82ozv474116tz6k9_42,1015
gxbs82ozv474116tz6k9_46,1015
gxbs82ozv474116tz6k9_47,278
gxbs82ozv474116tz6k9_50,876
gxbs82ozv474116tz6k9_51,1015
gxbs82ozv474116tz6k9_60,876
gxbs82ozv474116tz6k9_61,1015
zmmp4gjl0rt9qre1fxmg_4,882
zmmp4gjl0rt9qre1fxmg_12,977
zmmp4gjl0rt9qre1fxmg_13,106
zmmp4gjl0rt9qre1fxmg_20,882
zmmp4gjl0rt9qre1fxmg_24,165
zmmp4gjl0rt9qre1fxmg_25,977
zmmp4gjl0rt9qre1fxmg_28,394
zmmp4gjl0rt9qre1fxmg_32,648
zmmp4gjl0rt9qre1fxmg_33,648
zmmp4gjl0rt9qre1fxmg_34,648
zmmp4gjl0rt9qre1fxmg_35,394
zmmp4gjl0rt9qre1fxmg_36,719
zmmp4gjl0rt9qre1fxmg_37,637
zmmp4gjl0rt9qre1fxmg_41,648
zmmp4gjl0rt9qre1fxmg_47,620
zmmp4gjl0rt9qre1fxmg_56,402
mww1cj4l808ymlc66mud_11,325
mww1cj4l808ymlc66mud_19,325
mww1cj4l808ymlc66mud_20,362
mww1cj4l808ymlc66mud_28,325
mww1cj4l808ymlc66mud_29,325
mww1cj4l808ymlc66mud_35,491
mww1cj4l808ymlc66mud_36,491
mww1cj4l808ymlc66mud_37,491
mww1cj4l808ymlc66mud_38,325
mww1cj4l808ymlc66mud_43,135
mww1cj4l808ymlc66mud_47,781
mww1cj4l808ymlc66mud_49,300
mww1cj4l808ymlc66mud_50,279
mww1cj4l808ymlc66mud_51,279
mww1cj4l808ymlc66mud_52,279
mww1cj4l808ymlc66mud_56,933
mww1cj4l808ymlc66mud_58,300
mww1cj4l808ymlc66mud_60,279
rgdoiz25fz1rj03ayl3y_16,165
rgdoiz25fz1rj03ayl3y_17,325
rgdoiz25fz1rj03ayl3y_24,165
rgdoiz25fz1rj03ayl3y_25,165
rgdoiz25fz1rj03ayl3y_26,381
rgdoiz25fz1rj03ayl3y_27,34
rgdoiz25fz1rj03ayl3y_32,165
rgdoiz25fz1rj03ayl3y_33,22
rgdoiz25fz1rj03ayl3y_34,440
rgdoiz25fz1rj03ayl3y_35,34
rgdoiz25fz1rj03ayl3y_37,278
rgdoiz25fz1rj03ayl3y_40,294
rgdoiz25fz1rj03ayl3y_41,191
rgdoiz25fz1rj03ayl3y_42,394
rgdoiz25fz1rj03ayl3y_43,438
rgdoiz25fz1rj03ayl3y_47,34
rgdoiz25fz1rj03ayl3y_51,394
rgdoiz25fz1rj03ayl3y_52,34
rgdoiz25fz1rj03ayl3y_61,578
u0zu7lmricfqnyqorb0s_2,851
u0zu7lmricfqnyqorb0s_3,851
u0zu7lmricfqnyqorb0s_4,851
u0zu7lmricfqnyqorb0s_10,851
u0zu7lmricfqnyqorb0s_19,392
u0zu7lmricfqnyqorb0s_20,882
u0zu7lmricfqnyqorb0s_21,342
u0zu7lmricfqnyqorb0s_29,977
u0zu7lmricfqnyqorb0s_34,278
u0zu7lmricfqnyqorb0s_35,34
u0zu7lmricfqnyqorb0s_36,161
u0zu7lmricfqnyqorb0s_37,384
u0zu7lmricfqnyqorb0s_44,440
u0zu7lmricfqnyqorb0s_49,34
u0zu7lmricfqnyqorb0s_56,578
u0zu7lmricfqnyqorb0s_59,637
vgpxoqzc8itelp8333h9_7,929
vgpxoqzc8itelp8333h9_27,766
vgpxoqzc8itelp8333h9_28,578
vgpxoqzc8itelp8333h9_35,766
vgpxoqzc8itelp8333h9_37,430
vgpxoqzc8itelp8333h9_43,394
vgpxoqzc8itelp8333h9_44,719
vgpxoqzc8itelp8333h9_49,844
fm53f7bygzx36slbpms9_15,106
fm53f7bygzx36slbpms9_22,106
fm53f7bygzx36slbpms9_29,851
fm53f7bygzx36slbpms9_30,106
fm53f7bygzx36slbpms9_36,392
fm53f7bygzx36slbpms9_42,161
fm53f7bygzx36slbpms9_43,578
fm53f7bygzx36slbpms9_46,977
fm53f7bygzx36slbpms9_47,620
fm53f7bygzx36slbpms9_49,34
fm53f7bygzx36slbpms9_50,34
fm53f7bygzx36slbpms9_53,977
fm53f7bygzx36slbpms9_54,977
fm53f7bygzx36slbpms9_56,402
fm53f7bygzx36slbpms9_57,430
fm53f7bygzx36slbpms9_58,394
fm53f7bygzx36slbpms9_60,384
psivagvr6cyiq9wtzjey_6,687
psivagvr6cyiq9wtzjey_10,22
psivagvr6cyiq9wtzjey_20,373
psivagvr6cyiq9wtzjey_32,491
psivagvr6cyiq9wtzjey_33,342
psivagvr6cyiq9wtzjey_38,392
psivagvr6cyiq9wtzjey_41,342
psivagvr6cyiq9wtzjey_48,702
psivagvr6cyiq9wtzjey_50,342
psivagvr6cyiq9wtzjey_62,342
cusbu2a3rgiifl3qc16g_2,960
cusbu2a3rgiifl3qc16g_3,960
cusbu2a3rgiifl3qc16g_9,607
cusbu2a3rgiifl3qc16g_17,607
cusbu2a3rgiifl3qc16g_25,960
cusbu2a3rgiifl3qc16g_26,960
cusbu2a3rgiifl3qc16g_27,804
cusbu2a3rgiifl3qc16g_29,960
cusbu2a3rgiifl3qc16g_32,960
cusbu2a3rgiifl3qc16g_33,960
cusbu2a3rgiifl3qc16g_42,960
cusbu2a3rgiifl3qc16g_49,960
cusbu2a3rgiifl3qc16g_50,960
cusbu2a3rgiifl3qc16g_51,960
cusbu2a3rgiifl3qc16g_60,999
cusbu2a3rgiifl3qc16g_62,960
cusbu2a3rgiifl3qc16g_63,960
9r77xnmaoqbuzavjjban_5,75
9r77xnmaoqbuzavjjban_6,687
9r77xnmaoqbuzavjjban_11,258
9r77xnmaoqbuzavjjban_14,230
9r77xnmaoqbuzavjjban_22,741
9r77xnmaoqbuzavjjban_27,337
9r77xnmaoqbuzavjjban_28,977
9r77xnmaoqbuzavjjban_33,337
9r77xnmaoqbuzavjjban_35,258
9r77xnmaoqbuzavjjban_36,258
9r77xnmaoqbuzavjjban_38,394
9r77xnmaoqbuzavjjban_45,943
9r77xnmaoqbuzavjjban_54,741
9r77xnmaoqbuzavjjban_57,337
qxl6u49c6enyjhkvvw9n_11,39
qxl6u49c6enyjhkvvw9n_14,300
qxl6u49c6enyjhkvvw9n_17,440
qxl6u49c6enyjhkvvw9n_18,943
qxl6u49c6enyjhkvvw9n_20,39
qxl6u49c6enyjhkvvw9n_22,279
qxl6u49c6enyjhkvvw9n_23,279
qxl6u49c6enyjhkvvw9n_25,781
qxl6u49c6enyjhkvvw9n_28,300
qxl6u49c6enyjhkvvw9n_31,933
qxl6u49c6enyjhkvvw9n_33,816
qxl6u49c6enyjhkvvw9n_34,943
qxl6u49c6enyjhkvvw9n_36,39
qxl6u49c6enyjhkvvw9n_37,300
qxl6u49c6enyjhkvvw9n_41,440
qxl6u49c6enyjhkvvw9n_44,39
qxl6u49c6enyjhkvvw9n_50,943
qxl6u49c6enyjhkvvw9n_53,300
qxl6u49c6enyjhkvvw9n_59,300
qxl6u49c6enyjhkvvw9n_61,876
8k8g4v1onucgrj4s8v4f_5,278
8k8g4v1onucgrj4s8v4f_14,1015
8k8g4v1onucgrj4s8v4f_18,362
8k8g4v1onucgrj4s8v4f_22,278
8k8g4v1onucgrj4s8v4f_23,430
8k8g4v1onucgrj4s8v4f_32,165
8k8g4v1onucgrj4s8v4f_40,294
8k8g4v1onucgrj4s8v4f_45,394
8k8g4v1onucgrj4s8v4f_51,1015
8k8g4v1onucgrj4s8v4f_52,876
8k8g4v1onucgrj4s8v4f_57,1015
8k8g4v1onucgrj4s8v4f_62,844
6m1n1h36dj8qn18oyvy9_15,294
6m1n1h36dj8qn18oyvy9_23,106
6m1n1h36dj8qn18oyvy9_25,874
6m1n1h36dj8qn18oyvy9_26,325
6m1n1h36dj8qn18oyvy9_27,325
6m1n1h36dj8qn18oyvy9_31,106
6m1n1h36dj8qn18oyvy9_32,874
6m1n1h36dj8qn18oyvy9_33,874
6m1n1h36dj8qn18oyvy9_35,362
6m1n1h36dj8qn18oyvy9_42,362
6m1n1h36dj8qn18oyvy9_44,317
6m1n1h36dj8qn18oyvy9_45,317
6m1n1h36dj8qn18oyvy9_46,715
6m1n1h36dj8qn18oyvy9_52,715
6m1n1h36dj8qn18oyvy9_53,977
6m1n1h36dj8qn18oyvy9_58,440
6m1n1h36dj8qn18oyvy9_59,712
6m1n1h36dj8qn18oyvy9_61,392
6m1n1h36dj8qn18oyvy9_62,392
tb1lknq4w4av5vryo2mz_6,491
tb1lknq4w4av5vryo2mz_7,929
tb1lknq4w4av5vryo2mz_8,956
tb1lknq4w4av5vryo2mz_9,325
tb1lknq4w4av5vryo2mz_13,278
tb1lknq4w4av5vryo2mz_16,165
tb1lknq4w4av5vryo2mz_20,34
tb1lknq4w4av5vryo2mz_32,294
tb1lknq4w4av5vryo2mz_33,766
tb1lknq4w4av5vryo2mz_38,876
tb1lknq4w4av5vryo2mz_39,578
tb1lknq4w4av5vryo2mz_40,874
tb1lknq4w4av5vryo2mz_44,719
tb1lknq4w4av5vryo2mz_45,719
tb1lknq4w4av5vryo2mz_46,844
tb1lknq4w4av5vryo2mz_47,430
tb1lknq4w4av5vryo2mz_48,874
tb1lknq4w4av5vryo2mz_54,201
tb1lknq4w4av5vryo2mz_55,844
tb1lknq4w4av5vryo2mz_56,402
j0zdfcp8o03eqwqdrzlu_20,101
j0zdfcp8o03eqwqdrzlu_21,101
j0zdfcp8o03eqwqdrzlu_23,610
j0zdfcp8o03eqwqdrzlu_24,879
j0zdfcp8o03eqwqdrzlu_27,957
j0zdfcp8o03eqwqdrzlu_31,101
j0zdfcp8o03eqwqdrzlu_39,876
j0zdfcp8o03eqwqdrzlu_40,101
j0zdfcp8o03eqwqdrzlu_41,101
j0zdfcp8o03eqwqdrzlu_47,230
j0zdfcp8o03eqwqdrzlu_52,101
j0zdfcp8o03eqwqdrzlu_53,101
j0zdfcp8o03eqwqdrzlu_55,230
j0zdfcp8o03eqwqdrzlu_56,957
j0zdfcp8o03eqwqdrzlu_57,429
j0zdfcp8o03eqwqdrzlu_58,634
j0zdfcp8o03eqwqdrzlu_60,957
j0zdfcp8o03eqwqdrzlu_61,101
j0zdfcp8o03eqwqdrzlu_62,440
j0zdfcp8o03eqwqdrzlu_63,879
lkuro52yui9xrkhw7u3f_1,933
lkuro52yui9xrkhw7u3f_13,147
lkuro52yui9xrkhw7u3f_14,607
lkuro52yui9xrkhw7u3f_15,147
lkuro52yui9xrkhw7u3f_32,294
lkuro52yui9xrkhw7u3f_35,373
lkuro52yui9xrkhw7u3f_37,936
lkuro52yui9xrkhw7u3f_38,294
u7cv0qinnbc2y32uozyb_13,294
u7cv0qinnbc2y32uozyb_15,620
u7cv0qinnbc2y32uozyb_25,1015
u7cv0qinnbc2y32uozyb_28,325
u7cv0qinnbc2y32uozyb_34,1015
u7cv0qinnbc2y32uozyb_40,1015
u7cv0qinnbc2y32uozyb_53,1015
u7cv0qinnbc2y32uozyb_54,278
u7cv0qinnbc2y32uozyb_61,1015
rbb2fchr6nxd1wxx5cva_2,910
rbb2fchr6nxd1wxx5cva_12,237
rbb2fchr6nxd1wxx5cva_24,88
rbb2fchr6nxd1wxx5cva_25,467
rbb2fchr6nxd1wxx5cva_27,103
rbb2fchr6nxd1wxx5cva_28,103
rbb2fchr6nxd1wxx5cva_34,817
rbb2fchr6nxd1wxx5cva_36,817
rbb2fchr6nxd1wxx5cva_52,394
rbb2fchr6nxd1wxx5cva_53,230
rbb2fchr6nxd1wxx5cva_54,230
rbb2fchr6nxd1wxx5cva_55,559
rbb2fchr6nxd1wxx5cva_57,201
rbb2fchr6nxd1wxx5cva_59,559
rcxn25xjxo178ms9rpp0_6,147
rcxn25xjxo178ms9rpp0_14,39
rcxn25xjxo178ms9rpp0_15,147
rcxn25xjxo178ms9rpp0_21,147
rcxn25xjxo178ms9rpp0_22,39
rcxn25xjxo178ms9rpp0_23,607
rcxn25xjxo178ms9rpp0_24,462
rcxn25xjxo178ms9rpp0_28,462
rcxn25xjxo178ms9rpp0_31,750
rcxn25xjxo178ms9rpp0_32,381
rcxn25xjxo178ms9rpp0_33,381
rcxn25xjxo178ms9rpp0_36,462
rcxn25xjxo178ms9rpp0_39,462
rcxn25xjxo178ms9rpp0_41,704
rcxn25xjxo178ms9rpp0_54,381
rcxn25xjxo178ms9rpp0_60,402
s55kzmo1ru9su476k75s_16,278
s55kzmo1ru9su476k75s_18,325
s55kzmo1ru9su476k75s_25,1015
s55kzmo1ru9su476k75s_26,491
s55kzmo1ru9su476k75s_27,325
s55kzmo1ru9su476k75s_28,325
s55kzmo1ru9su476k75s_45,491
s55kzmo1ru9su476k75s_46,844
s55kzmo1ru9su476k75s_48,1015
s55kzmo1ru9su476k75s_49,1015
s55kzmo1ru9su476k75s_55,294
s55kzmo1ru9su476k75s_59,1015
s55kzmo1ru9su476k75s_61,1015
1h2jk3rmzygu8ajln5lg_22,278
1h2jk3rmzygu8ajln5lg_27,34
1h2jk3rmzygu8ajln5lg_28,34
1h2jk3rmzygu8ajln5lg_31,34
1h2jk3rmzygu8ajln5lg_32,165
1h2jk3rmzygu8ajln5lg_33,394
1h2jk3rmzygu8ajln5lg_35,438
1h2jk3rmzygu8ajln5lg_43,394
1h2jk3rmzygu8ajln5lg_47,161
1h2jk3rmzygu8ajln5lg_54,430
surjirvj1bn00khrpwew_32,440
surjirvj1bn00khrpwew_33,491
surjirvj1bn00khrpwew_34,325
surjirvj1bn00khrpwew_35,342
surjirvj1bn00khrpwew_42,781
surjirvj1bn00khrpwew_43,384
surjirvj1bn00khrpwew_44,578
surjirvj1bn00khrpwew_45,977
surjirvj1bn00khrpwew_51,34
surjirvj1bn00khrpwew_53,392
surjirvj1bn00khrpwew_54,882
surjirvj1bn00khrpwew_55,338
surjirvj1bn00khrpwew_56,578
surjirvj1bn00khrpwew_57,34
surjirvj1bn00khrpwew_61,34
surjirvj1bn00khrpwew_62,578
surjirvj1bn00khrpwew_63,384
pibreaif6u7pve6c1n14_19,325
pibreaif6u7pve6c1n14_20,851
pibreaif6u7pve6c1n14_24,874
pibreaif6u7pve6c1n14_31,35
pibreaif6u7pve6c1n14_41,34
pibreaif6u7pve6c1n14_43,578
pibreaif6u7pve6c1n14_46,977
pibreaif6u7pve6c1n14_48,578
pibreaif6u7pve6c1n14_51,34
npobm3ia67fykq8pend6_14,278
npobm3ia67fykq8pend6_17,106
npobm3ia67fykq8pend6_19,766
npobm3ia67fykq8pend6_24,0
npobm3ia67fykq8pend6_25,766
npobm3ia67fykq8pend6_26,766
npobm3ia67fykq8pend6_27,766
npobm3ia67fykq8pend6_31,34
npobm3ia67fykq8pend6_32,294
npobm3ia67fykq8pend6_33,766
npobm3ia67fykq8pend6_34,766
npobm3ia67fykq8pend6_36,394
npobm3ia67fykq8pend6_37,430
npobm3ia67fykq8pend6_42,766
npobm3ia67fykq8pend6_43,394
npobm3ia67fykq8pend6_46,844
4m3iezzvvi6dmn93g4b9_6,687
4m3iezzvvi6dmn93g4b9_12,35
4m3iezzvvi6dmn93g4b9_20,712
4m3iezzvvi6dmn93g4b9_22,338
4m3iezzvvi6dmn93g4b9_26,362
4m3iezzvvi6dmn93g4b9_27,394
4m3iezzvvi6dmn93g4b9_28,712
4m3iezzvvi6dmn93g4b9_37,712
4m3iezzvvi6dmn93g4b9_46,712
4m3iezzvvi6dmn93g4b9_53,712
jmyvi74l9p9lopeetnhi_0,677
jmyvi74l9p9lopeetnhi_26,845
jmyvi74l9p9lopeetnhi_34,845
jmyvi74l9p9lopeetnhi_35,377
jmyvi74l9p9lopeetnhi_37,172
jmyvi74l9p9lopeetnhi_38,762
jmyvi74l9p9lopeetnhi_42,172
jmyvi74l9p9lopeetnhi_43,762
jmyvi74l9p9lopeetnhi_44,762
jmyvi74l9p9lopeetnhi_50,172
jmyvi74l9p9lopeetnhi_53,445
jmyvi74l9p9lopeetnhi_60,878
jmyvi74l9p9lopeetnhi_62,445
jmyvi74l9p9lopeetnhi_63,445
mbhe602qzkeiv1tatgiq_4,242
mbhe602qzkeiv1tatgiq_11,278
mbhe602qzkeiv1tatgiq_14,78
mbhe602qzkeiv1tatgiq_17,78
mbhe602qzkeiv1tatgiq_20,78
mbhe602qzkeiv1tatgiq_21,176
mbhe602qzkeiv1tatgiq_22,876
mbhe602qzkeiv1tatgiq_24,242
mbhe602qzkeiv1tatgiq_26,78
mbhe602qzkeiv1tatgiq_30,261
mbhe602qzkeiv1tatgiq_42,242
mbhe602qzkeiv1tatgiq_47,402
mbhe602qzkeiv1tatgiq_48,165
mbhe602qzkeiv1tatgiq_49,90
mbhe602qzkeiv1tatgiq_54,11
mbhe602qzkeiv1tatgiq_57,242
mbhe602qzkeiv1tatgiq_62,11
aaoqy1gxlwxomyh2fbkk_2,242
aaoqy1gxlwxomyh2fbkk_3,242
aaoqy1gxlwxomyh2fbkk_11,11
aaoqy1gxlwxomyh2fbkk_14,11
aaoqy1gxlwxomyh2fbkk_16,11
aaoqy1gxlwxomyh2fbkk_20,11
aaoqy1gxlwxomyh2fbkk_23,242
aaoqy1gxlwxomyh2fbkk_24,242
aaoqy1gxlwxomyh2fbkk_25,11
aaoqy1gxlwxomyh2fbkk_31,242
aaoqy1gxlwxomyh2fbkk_34,11
aaoqy1gxlwxomyh2fbkk_39,936
aaoqy1gxlwxomyh2fbkk_40,750
aaoqy1gxlwxomyh2fbkk_42,11
aaoqy1gxlwxomyh2fbkk_46,11
aaoqy1gxlwxomyh2fbkk_50,465
aaoqy1gxlwxomyh2fbkk_53,465
aaoqy1gxlwxomyh2fbkk_54,465
aaoqy1gxlwxomyh2fbkk_57,465
f77hlef98l9bn7tst3tn_0,943
f77hlef98l9bn7tst3tn_2,465
f77hlef98l9bn7tst3tn_5,78
f77hlef98l9bn7tst3tn_8,748
f77hlef98l9bn7tst3tn_25,242
f77hlef98l9bn7tst3tn_30,78
f77hlef98l9bn7tst3tn_34,11
f77hlef98l9bn7tst3tn_36,465
f77hlef98l9bn7tst3tn_37,465
f77hlef98l9bn7tst3tn_42,748
f77hlef98l9bn7tst3tn_45,465
f77hlef98l9bn7tst3tn_53,465
f77hlef98l9bn7tst3tn_54,78
f77hlef98l9bn7tst3tn_57,465
ntkxy5dapw72ob4nhiyv_6,956
ntkxy5dapw72ob4nhiyv_7,956
ntkxy5dapw72ob4nhiyv_11,242
ntkxy5dapw72ob4nhiyv_12,78
ntkxy5dapw72ob4nhiyv_13,242
ntkxy5dapw72ob4nhiyv_19,936
ntkxy5dapw72ob4nhiyv_20,242
ntkxy5dapw72ob4nhiyv_22,242
ntkxy5dapw72ob4nhiyv_24,465
ntkxy5dapw72ob4nhiyv_27,781
ntkxy5dapw72ob4nhiyv_43,11
ntkxy5dapw72ob4nhiyv_47,762
ntkxy5dapw72ob4nhiyv_48,465
ntkxy5dapw72ob4nhiyv_49,278
ntkxy5dapw72ob4nhiyv_55,78
ntkxy5dapw72ob4nhiyv_57,78
oiaha2c2yhmy7ekpttqc_2,687
oiaha2c2yhmy7ekpttqc_3,687
oiaha2c2yhmy7ekpttqc_4,876
oiaha2c2yhmy7ekpttqc_5,445
oiaha2c2yhmy7ekpttqc_6,807
oiaha2c2yhmy7ekpttqc_7,956
oiaha2c2yhmy7ekpttqc_33,317
oiaha2c2yhmy7ekpttqc_34,317
oiaha2c2yhmy7ekpttqc_38,878
oiaha2c2yhmy7ekpttqc_39,878
oiaha2c2yhmy7ekpttqc_40,172
oiaha2c2yhmy7ekpttqc_43,445
oiaha2c2yhmy7ekpttqc_44,445
oiaha2c2yhmy7ekpttqc_45,878
oiaha2c2yhmy7ekpttqc_47,878
oiaha2c2yhmy7ekpttqc_52,876
oiaha2c2yhmy7ekpttqc_60,677
z74j8v8c2qko8nnstr5r_3,657
z74j8v8c2qko8nnstr5r_14,362
z74j8v8c2qko8nnstr5r_18,362
z74j8v8c2qko8nnstr5r_26,317
z74j8v8c2qko8nnstr5r_33,317
z74j8v8c2qko8nnstr5r_39,620
z74j8v8c2qko8nnstr5r_40,515
z74j8v8c2qko8nnstr5r_44,317
z74j8v8c2qko8nnstr5r_47,620
z74j8v8c2qko8nnstr5r_56,515
z74j8v8c2qko8nnstr5r_57,515
z74j8v8c2qko8nnstr5r_60,933
9a9qpzxwbigj1ca015qd_3,294
9a9qpzxwbigj1ca015qd_5,242
9a9qpzxwbigj1ca015qd_14,936
9a9qpzxwbigj1ca015qd_18,18
9a9qpzxwbigj1ca015qd_20,936
9a9qpzxwbigj1ca015qd_23,11
9a9qpzxwbigj1ca015qd_26,78
9a9qpzxwbigj1ca015qd_39,11
9a9qpzxwbigj1ca015qd_40,465
9a9qpzxwbigj1ca015qd_41,78
9a9qpzxwbigj1ca015qd_44,11
9a9qpzxwbigj1ca015qd_54,78
9a9qpzxwbigj1ca015qd_57,242
9a9qpzxwbigj1ca015qd_58,90
vm3lggtysvmdrmg4qre8_0,534
vm3lggtysvmdrmg4qre8_5,373
vm3lggtysvmdrmg4qre8_11,373
vm3lggtysvmdrmg4qre8_13,642
vm3lggtysvmdrmg4qre8_14,950
vm3lggtysvmdrmg4qre8_15,950
vm3lggtysvmdrmg4qre8_17,356
vm3lggtysvmdrmg4qre8_19,642
vm3lggtysvmdrmg4qre8_21,356
vm3lggtysvmdrmg4qre8_23,931
vm3lggtysvmdrmg4qre8_29,704
vm3lggtysvmdrmg4qre8_31,950
vm3lggtysvmdrmg4qre8_33,642
vm3lggtysvmdrmg4qre8_39,668
vm3lggtysvmdrmg4qre8_41,356
vm3lggtysvmdrmg4qre8_44,651
vm3lggtysvmdrmg4qre8_45,642
vm3lggtysvmdrmg4qre8_51,844
lkkcvhcg16cm6cwl9fus_6,11
lkkcvhcg16cm6cwl9fus_25,11
lkkcvhcg16cm6cwl9fus_28,242
lkkcvhcg16cm6cwl9fus_32,11
lkkcvhcg16cm6cwl9fus_35,11
lkkcvhcg16cm6cwl9fus_38,11
lkkcvhcg16cm6cwl9fus_44,11
lkkcvhcg16cm6cwl9fus_58,11
lkkcvhcg16cm6cwl9fus_63,242
fj0qpp2kssq7n4jofx5j_11,432
fj0qpp2kssq7n4jofx5j_18,762
fj0qpp2kssq7n4jofx5j_25,702
fj0qpp2kssq7n4jofx5j_32,281
fj0qpp2kssq7n4jofx5j_37,748
fj0qpp2kssq7n4jofx5j_51,637
fj0qpp2kssq7n4jofx5j_52,335
fj0qpp2kssq7n4jofx5j_53,748
fj0qpp2kssq7n4jofx5j_57,89
fj0qpp2kssq7n4jofx5j_58,90
9703skew0leurczrmmtr_3,465
9703skew0leurczrmmtr_5,677
9703skew0leurczrmmtr_13,465
9703skew0leurczrmmtr_15,465
9703skew0leurczrmmtr_23,278
9703skew0leurczrmmtr_27,624
9703skew0leurczrmmtr_29,845
9703skew0leurczrmmtr_42,11
9703skew0leurczrmmtr_44,11
9703skew0leurczrmmtr_52,11
9703skew0leurczrmmtr_55,624
9703skew0leurczrmmtr_59,11
9703skew0leurczrmmtr_63,950
icj8lgyvn8yfbzlzmo7h_11,242
icj8lgyvn8yfbzlzmo7h_20,242
icj8lgyvn8yfbzlzmo7h_21,11
icj8lgyvn8yfbzlzmo7h_24,242
icj8lgyvn8yfbzlzmo7h_31,620
icj8lgyvn8yfbzlzmo7h_32,762
icj8lgyvn8yfbzlzmo7h_36,11
icj8lgyvn8yfbzlzmo7h_45,11
icj8lgyvn8yfbzlzmo7h_53,11
icj8lgyvn8yfbzlzmo7h_55,78
icyd6i0m7g5akm1ibe2l_3,687
icyd6i0m7g5akm1ibe2l_5,356
icyd6i0m7g5akm1ibe2l_6,936
icyd6i0m7g5akm1ibe2l_10,642
icyd6i0m7g5akm1ibe2l_13,931
icyd6i0m7g5akm1ibe2l_14,356
icyd6i0m7g5akm1ibe2l_16,356
icyd6i0m7g5akm1ibe2l_21,534
icyd6i0m7g5akm1ibe2l_23,936
icyd6i0m7g5akm1ibe2l_24,642
icyd6i0m7g5akm1ibe2l_44,356
icyd6i0m7g5akm1ibe2l_48,165
icyd6i0m7g5akm1ibe2l_49,762
icyd6i0m7g5akm1ibe2l_50,356
icyd6i0m7g5akm1ibe2l_52,90
icyd6i0m7g5akm1ibe2l_61,356
icyd6i0m7g5akm1ibe2l_62,356
icyd6i0m7g5akm1ibe2l_63,668
4vjesk5oqy9imfug41vz_8,373
4vjesk5oqy9imfug41vz_9,373
4vjesk5oqy9imfug41vz_10,373
4vjesk5oqy9imfug41vz_11,983
4vjesk5oqy9imfug41vz_12,276
4vjesk5oqy9imfug41vz_13,695
4vjesk5oqy9imfug41vz_14,261
4vjesk5oqy9imfug41vz_15,983
4vjesk5oqy9imfug41vz_20,276
4vjesk5oqy9imfug41vz_23,695
4vjesk5oqy9imfug41vz_35,261
4vjesk5oqy9imfug41vz_40,276
4vjesk5oqy9imfug41vz_42,59
4vjesk5oqy9imfug41vz_44,276
4vjesk5oqy9imfug41vz_47,844
4vjesk5oqy9imfug41vz_52,844
4vjesk5oqy9imfug41vz_55,620
4vjesk5oqy9imfug41vz_57,950
7cacj6yesxs6o2nkhyq6_5,762
7cacj6yesxs6o2nkhyq6_11,276
7cacj6yesxs6o2nkhyq6_12,695
7cacj6yesxs6o2nkhyq6_13,695
7cacj6yesxs6o2nkhyq6_14,18
7cacj6yesxs6o2nkhyq6_15,956
7cacj6yesxs6o2nkhyq6_39,950
7cacj6yesxs6o2nkhyq6_40,165
7cacj6yesxs6o2nkhyq6_41,165
7cacj6yesxs6o2nkhyq6_42,641
7cacj6yesxs6o2nkhyq6_46,59
7cacj6yesxs6o2nkhyq6_47,950
7cacj6yesxs6o2nkhyq6_49,762
7cacj6yesxs6o2nkhyq6_52,695
7cacj6yesxs6o2nkhyq6_53,695
7cacj6yesxs6o2nkhyq6_61,90
bnj1a7mu263q8gcl5fjx_0,943
bnj1a7mu263q8gcl5fjx_4,543
bnj1a7mu263q8gcl5fjx_9,658
bnj1a7mu263q8gcl5fjx_13,543
bnj1a7mu263q8gcl5fjx_14,543
bnj1a7mu263q8gcl5fjx_15,543
bnj1a7mu263q8gcl5fjx_30,658
bnj1a7mu263q8gcl5fjx_36,39
bnj1a7mu263q8gcl5fjx_43,614
bnj1a7mu263q8gcl5fjx_49,543
bnj1a7mu263q8gcl5fjx_50,543
bnj1a7mu263q8gcl5fjx_60,543
4tdaqe491skdoyk7tvuu_3,543
4tdaqe491skdoyk7tvuu_18,543
4tdaqe491skdoyk7tvuu_24,658
4tdaqe491skdoyk7tvuu_25,658
4tdaqe491skdoyk7tvuu_28,543
4tdaqe491skdoyk7tvuu_35,658
4tdaqe491skdoyk7tvuu_37,943
4tdaqe491skdoyk7tvuu_44,658
4tdaqe491skdoyk7tvuu_47,616
4tdaqe491skdoyk7tvuu_51,658
4tdaqe491skdoyk7tvuu_61,658
wyeqoyjsv0ahug6mv4hr_0,726
wyeqoyjsv0ahug6mv4hr_5,658
wyeqoyjsv0ahug6mv4hr_6,543
wyeqoyjsv0ahug6mv4hr_24,614
wyeqoyjsv0ahug6mv4hr_31,614
wyeqoyjsv0ahug6mv4hr_36,614
wyeqoyjsv0ahug6mv4hr_40,658
wyeqoyjsv0ahug6mv4hr_43,658
wyeqoyjsv0ahug6mv4hr_49,658
m3p1ch2k9vewooap698f_1,816
m3p1ch2k9vewooap698f_8,816
m3p1ch2k9vewooap698f_12,816
m3p1ch2k9vewooap698f_15,239
m3p1ch2k9vewooap698f_17,816
m3p1ch2k9vewooap698f_18,816
m3p1ch2k9vewooap698f_27,816
m3p1ch2k9vewooap698f_29,816
m3p1ch2k9vewooap698f_30,816
m3p1ch2k9vewooap698f_32,943
m3p1ch2k9vewooap698f_33,943
m3p1ch2k9vewooap698f_41,239
m3p1ch2k9vewooap698f_42,616
m3p1ch2k9vewooap698f_50,513
m3p1ch2k9vewooap698f_54,816
m3p1ch2k9vewooap698f_60,237
5rv4aiiag6tjtjd99l4w_22,317
5rv4aiiag6tjtjd99l4w_36,816
5rv4aiiag6tjtjd99l4w_41,816
5rv4aiiag6tjtjd99l4w_42,816
5rv4aiiag6tjtjd99l4w_45,816
5rv4aiiag6tjtjd99l4w_46,607
5rv4aiiag6tjtjd99l4w_50,816
5rv4aiiag6tjtjd99l4w_51,816
5rv4aiiag6tjtjd99l4w_53,943
5rv4aiiag6tjtjd99l4w_56,816
5rv4aiiag6tjtjd99l4w_57,816
5rv4aiiag6tjtjd99l4w_60,816
5rv4aiiag6tjtjd99l4w_62,239
5rv4aiiag6tjtjd99l4w_63,816
6r6dxn8r530ch8g5pu0d_0,607
6r6dxn8r530ch8g5pu0d_2,239
6r6dxn8r530ch8g5pu0d_3,239
6r6dxn8r530ch8g5pu0d_4,239
6r6dxn8r530ch8g5pu0d_6,239
6r6dxn8r530ch8g5pu0d_7,607
6r6dxn8r530ch8g5pu0d_14,147
6r6dxn8r530ch8g5pu0d_21,147
6r6dxn8r530ch8g5pu0d_31,147
6r6dxn8r530ch8g5pu0d_37,39
6r6dxn8r530ch8g5pu0d_40,147
6r6dxn8r530ch8g5pu0d_41,147
6r6dxn8r530ch8g5pu0d_43,39
6r6dxn8r530ch8g5pu0d_47,147
6r6dxn8r530ch8g5pu0d_49,39
6r6dxn8r530ch8g5pu0d_61,381
joohtw3b2zce8axapy3j_12,294
joohtw3b2zce8axapy3j_20,726
joohtw3b2zce8axapy3j_36,147
joohtw3b2zce8axapy3j_38,607
joohtw3b2zce8axapy3j_39,750
joohtw3b2zce8axapy3j_40,147
joohtw3b2zce8axapy3j_42,147
joohtw3b2zce8axapy3j_45,147
joohtw3b2zce8axapy3j_47,147
joohtw3b2zce8axapy3j_57,607
joohtw3b2zce8axapy3j_63,1022
ixwrrw6q9xfzub3t28eq_9,325
ixwrrw6q9xfzub3t28eq_13,18
ixwrrw6q9xfzub3t28eq_17,491
ixwrrw6q9xfzub3t28eq_21,491
ixwrrw6q9xfzub3t28eq_24,750
ixwrrw6q9xfzub3t28eq_25,750
ixwrrw6q9xfzub3t28eq_32,750
ixwrrw6q9xfzub3t28eq_33,750
ixwrrw6q9xfzub3t28eq_42,147
ixwrrw6q9xfzub3t28eq_48,147
ixwrrw6q9xfzub3t28eq_49,147
ixwrrw6q9xfzub3t28eq_51,147
xiibsijqp13zi3mwtgdl_8,462
xiibsijqp13zi3mwtgdl_14,18
xiibsijqp13zi3mwtgdl_15,294
xiibsijqp13zi3mwtgdl_16,147
xiibsijqp13zi3mwtgdl_28,147
xiibsijqp13zi3mwtgdl_29,147
xiibsijqp13zi3mwtgdl_30,726
xiibsijqp13zi3mwtgdl_32,147
xiibsijqp13zi3mwtgdl_33,147
xiibsijqp13zi3mwtgdl_38,607
xiibsijqp13zi3mwtgdl_40,147
xiibsijqp13zi3mwtgdl_48,1022
xiibsijqp13zi3mwtgdl_55,147
xiibsijqp13zi3mwtgdl_61,147
xiibsijqp13zi3mwtgdl_62,513
jmx786fess9jzh7lscms_13,294
jmx786fess9jzh7lscms_16,781
jmx786fess9jzh7lscms_24,726
jmx786fess9jzh7lscms_29,462
jmx786fess9jzh7lscms_32,288
jmx786fess9jzh7lscms_33,607
jmx786fess9jzh7lscms_34,607
jmx786fess9jzh7lscms_38,462
jmx786fess9jzh7lscms_39,294
jmx786fess9jzh7lscms_40,147
jmx786fess9jzh7lscms_43,147
jmx786fess9jzh7lscms_44,239
jmx786fess9jzh7lscms_50,39
jmx786fess9jzh7lscms_51,147
jmx786fess9jzh7lscms_54,147
jmx786fess9jzh7lscms_56,147
jmx786fess9jzh7lscms_61,147
in98669ce9zo2l65tync_5,607
in98669ce9zo2l65tync_9,960
in98669ce9zo2l65tync_31,543
in98669ce9zo2l65tync_32,960
in98669ce9zo2l65tync_37,607
in98669ce9zo2l65tync_41,960
in98669ce9zo2l65tync_48,960
in98669ce9zo2l65tync_61,960
gr26ak46ob3n1ynzpbjf_17,781
gr26ak46ob3n1ynzpbjf_19,543
gr26ak46ob3n1ynzpbjf_26,543
gr26ak46ob3n1ynzpbjf_31,1023
gr26ak46ob3n1ynzpbjf_37,543
gr26ak46ob3n1ynzpbjf_40,543
gr26ak46ob3n1ynzpbjf_44,1023
gr26ak46ob3n1ynzpbjf_48,1023
p942h10edpms52bl7x3x_7,956
p942h10edpms52bl7x3x_13,781
p942h10edpms52bl7x3x_15,781
p942h10edpms52bl7x3x_18,781
p942h10edpms52bl7x3x_21,462
p942h10edpms52bl7x3x_25,491
p942h10edpms52bl7x3x_33,491
p942h10edpms52bl7x3x_35,462
p942h10edpms52bl7x3x_40,440
p942h10edpms52bl7x3x_56,462
iyj5oo6hrem42oe2au4r_9,362
iyj5oo6hrem42oe2au4r_19,325
iyj5oo6hrem42oe2au4r_28,325
iyj5oo6hrem42oe2au4r_29,325
iyj5oo6hrem42oe2au4r_30,944
iyj5oo6hrem42oe2au4r_47,944
iyj5oo6hrem42oe2au4r_50,279
iyj5oo6hrem42oe2au4r_52,607
iyj5oo6hrem42oe2au4r_56,933
iyj5oo6hrem42oe2au4r_59,279
3bo22881ve7lv7dzwz6o_0,239
3bo22881ve7lv7dzwz6o_1,607
3bo22881ve7lv7dzwz6o_11,376
3bo22881ve7lv7dzwz6o_13,147
3bo22881ve7lv7dzwz6o_21,405
3bo22881ve7lv7dzwz6o_22,405
3bo22881ve7lv7dzwz6o_37,513
3bo22881ve7lv7dzwz6o_38,513
3bo22881ve7lv7dzwz6o_39,405
3bo22881ve7lv7dzwz6o_46,513
3bo22881ve7lv7dzwz6o_54,513
3bo22881ve7lv7dzwz6o_55,513
2l8qsta9e3cueata8049_9,325
2l8qsta9e3cueata8049_20,135
2l8qsta9e3cueata8049_27,279
2l8qsta9e3cueata8049_29,135
2l8qsta9e3cueata8049_35,279
2l8qsta9e3cueata8049_36,279
2l8qsta9e3cueata8049_37,279
2l8qsta9e3cueata8049_38,279
2l8qsta9e3cueata8049_51,279
2l8qsta9e3cueata8049_52,933
4xlg1tnpfqzuwj52a5fp_8,956
4xlg1tnpfqzuwj52a5fp_22,462
4xlg1tnpfqzuwj52a5fp_32,75
4xlg1tnpfqzuwj52a5fp_34,462
4xlg1tnpfqzuwj52a5fp_38,816
4xlg1tnpfqzuwj52a5fp_48,462
4xlg1tnpfqzuwj52a5fp_50,405
4xlg1tnpfqzuwj52a5fp_63,933
cy5ub0g85c7pkrm0r08i_12,491
cy5ub0g85c7pkrm0r08i_13,491
cy5ub0g85c7pkrm0r08i_20,482
cy5ub0g85c7pkrm0r08i_36,462
cy5ub0g85c7pkrm0r08i_41,1022
cy5ub0g85c7pkrm0r08i_42,1022
cy5ub0g85c7pkrm0r08i_44,405
cy5ub0g85c7pkrm0r08i_48,933
cy5ub0g85c7pkrm0r08i_60,1022
30xud234e9xanod5mpga_0,950
30xud234e9xanod5mpga_7,294
30xud234e9xanod5mpga_14,294
30xud234e9xanod5mpga_15,294
30xud234e9xanod5mpga_17,239
30xud234e9xanod5mpga_25,239
30xud234e9xanod5mpga_28,462
30xud234e9xanod5mpga_36,147
30xud234e9xanod5mpga_38,147
30xud234e9xanod5mpga_44,147
30xud234e9xanod5mpga_45,147
30xud234e9xanod5mpga_53,147
30xud234e9xanod5mpga_55,147
30xud234e9xanod5mpga_61,147
30xud234e9xanod5mpga_62,147
0wpmef041oswna95smq7_6,294
0wpmef041oswna95smq7_12,294
0wpmef041oswna95smq7_20,781
0wpmef041oswna95smq7_21,239
0wpmef041oswna95smq7_26,462
0wpmef041oswna95smq7_32,1022
0wpmef041oswna95smq7_36,147
0wpmef041oswna95smq7_37,147
0wpmef041oswna95smq7_45,147
0wpmef041oswna95smq7_53,147
0wpmef041oswna95smq7_55,147
9zqyq5mar9kwjm28fo7h_2,687
9zqyq5mar9kwjm28fo7h_4,526
9zqyq5mar9kwjm28fo7h_6,184
9zqyq5mar9kwjm28fo7h_16,491
9zqyq5mar9kwjm28fo7h_33,135
9zqyq5mar9kwjm28fo7h_43,135
9zqyq5mar9kwjm28fo7h_45,135
9zqyq5mar9kwjm28fo7h_47,184
9zqyq5mar9kwjm28fo7h_49,279
9zqyq5mar9kwjm28fo7h_53,135
9zqyq5mar9kwjm28fo7h_55,184
rnd8sx8mvwqxr8fevliu_8,294
rnd8sx8mvwqxr8fevliu_17,325
rnd8sx8mvwqxr8fevliu_21,135
rnd8sx8mvwqxr8fevliu_23,135
rnd8sx8mvwqxr8fevliu_24,165
rnd8sx8mvwqxr8fevliu_27,279
rnd8sx8mvwqxr8fevliu_29,279
rnd8sx8mvwqxr8fevliu_32,165
rnd8sx8mvwqxr8fevliu_33,440
rnd8sx8mvwqxr8fevliu_40,294
rnd8sx8mvwqxr8fevliu_41,781
rnd8sx8mvwqxr8fevliu_43,279
rnd8sx8mvwqxr8fevliu_47,279
rnd8sx8mvwqxr8fevliu_49,135
rnd8sx8mvwqxr8fevliu_62,933
esk42v3v6nlhtql7zdm2_7,294
esk42v3v6nlhtql7zdm2_16,462
esk42v3v6nlhtql7zdm2_18,491
esk42v3v6nlhtql7zdm2_19,781
esk42v3v6nlhtql7zdm2_24,147
esk42v3v6nlhtql7zdm2_29,239
esk42v3v6nlhtql7zdm2_30,239
esk42v3v6nlhtql7zdm2_32,1022
esk42v3v6nlhtql7zdm2_35,147
esk42v3v6nlhtql7zdm2_55,147
akuwtfl862na2jkeaj2s_4,943
akuwtfl862na2jkeaj2s_9,106
akuwtfl862na2jkeaj2s_11,39
akuwtfl862na2jkeaj2s_17,440
akuwtfl862na2jkeaj2s_19,300
akuwtfl862na2jkeaj2s_21,300
akuwtfl862na2jkeaj2s_22,279
akuwtfl862na2jkeaj2s_25,781
akuwtfl862na2jkeaj2s_26,943
akuwtfl862na2jkeaj2s_27,39
akuwtfl862na2jkeaj2s_29,607
akuwtfl862na2jkeaj2s_38,300
akuwtfl862na2jkeaj2s_43,39
akuwtfl862na2jkeaj2s_50,943
akuwtfl862na2jkeaj2s_52,300
akuwtfl862na2jkeaj2s_59,300
akuwtfl862na2jkeaj2s_60,300
6djbf8zwyuvzbd31max4_11,781
6djbf8zwyuvzbd31max4_12,294
6djbf8zwyuvzbd31max4_18,462
6djbf8zwyuvzbd31max4_19,726
6djbf8zwyuvzbd31max4_21,278
6djbf8zwyuvzbd31max4_26,147
6djbf8zwyuvzbd31max4_29,147
6djbf8zwyuvzbd31max4_33,147
6djbf8zwyuvzbd31max4_34,147
6djbf8zwyuvzbd31max4_35,147
6djbf8zwyuvzbd31max4_40,147
6djbf8zwyuvzbd31max4_41,39
6djbf8zwyuvzbd31max4_42,147
6djbf8zwyuvzbd31max4_49,39
6djbf8zwyuvzbd31max4_57,607
ck88thv7spzqsk7j4epf_18,135
ck88thv7spzqsk7j4epf_27,135
ck88thv7spzqsk7j4epf_28,135
ck88thv7spzqsk7j4epf_35,279
ck88thv7spzqsk7j4epf_36,135
ck88thv7spzqsk7j4epf_38,135
ck88thv7spzqsk7j4epf_42,135
ck88thv7spzqsk7j4epf_52,135
qjsxqrzuu2mvh75fiukc_0,662
qjsxqrzuu2mvh75fiukc_1,662
qjsxqrzuu2mvh75fiukc_4,662
qjsxqrzuu2mvh75fiukc_8,929
qjsxqrzuu2mvh75fiukc_9,662
qjsxqrzuu2mvh75fiukc_16,662
qjsxqrzuu2mvh75fiukc_17,19
qjsxqrzuu2mvh75fiukc_18,19
qjsxqrzuu2mvh75fiukc_19,19
qjsxqrzuu2mvh75fiukc_24,929
qjsxqrzuu2mvh75fiukc_32,662
qjsxqrzuu2mvh75fiukc_36,19
qjsxqrzuu2mvh75fiukc_37,662
qjsxqrzuu2mvh75fiukc_42,19
qjsxqrzuu2mvh75fiukc_44,19
qjsxqrzuu2mvh75fiukc_46,19
qjsxqrzuu2mvh75fiukc_47,662
d12ibf5p4191n6nwfmh7_12,687
d12ibf5p4191n6nwfmh7_18,726
d12ibf5p4191n6nwfmh7_23,491
d12ibf5p4191n6nwfmh7_30,726
d12ibf5p4191n6nwfmh7_36,39
d12ibf5p4191n6nwfmh7_38,405
d12ibf5p4191n6nwfmh7_40,1022
d12ibf5p4191n6nwfmh7_41,405
d12ibf5p4191n6nwfmh7_42,1022
d12ibf5p4191n6nwfmh7_43,1022
d12ibf5p4191n6nwfmh7_44,1022
d12ibf5p4191n6nwfmh7_45,1022
d12ibf5p4191n6nwfmh7_57,1022
9490wbs7xvqsvxp11nrx_1,960
9490wbs7xvqsvxp11nrx_5,543
9490wbs7xvqsvxp11nrx_7,239
9490wbs7xvqsvxp11nrx_9,960
9490wbs7xvqsvxp11nrx_10,960
9490wbs7xvqsvxp11nrx_11,960
9490wbs7xvqsvxp11nrx_13,960
9490wbs7xvqsvxp11nrx_14,960
9490wbs7xvqsvxp11nrx_19,39
9490wbs7xvqsvxp11nrx_20,960
9490wbs7xvqsvxp11nrx_26,960
9490wbs7xvqsvxp11nrx_27,960
9490wbs7xvqsvxp11nrx_34,960
9490wbs7xvqsvxp11nrx_42,960
9490wbs7xvqsvxp11nrx_44,960
9490wbs7xvqsvxp11nrx_50,960
9490wbs7xvqsvxp11nrx_59,960
9490wbs7xvqsvxp11nrx_61,960
e5vpxn37cwm9b2c52crv_15,620
e5vpxn37cwm9b2c52crv_19,325
e5vpxn37cwm9b2c52crv_23,929
e5vpxn37cwm9b2c52crv_25,19
e5vpxn37cwm9b2c52crv_26,19
e5vpxn37cwm9b2c52crv_28,19
e5vpxn37cwm9b2c52crv_34,19
e5vpxn37cwm9b2c52crv_35,19
e5vpxn37cwm9b2c52crv_37,519
e5vpxn37cwm9b2c52crv_39,662
e5vpxn37cwm9b2c52crv_47,662
e5vpxn37cwm9b2c52crv_48,662
e5vpxn37cwm9b2c52crv_52,19
e5vpxn37cwm9b2c52crv_53,19
e5vpxn37cwm9b2c52crv_54,19
e5vpxn37cwm9b2c52crv_61,19
e5vpxn37cwm9b2c52crv_62,19
e5vpxn37cwm9b2c52crv_63,662
0qpuxv3v5dgu1cglzb4v_1,607
0qpuxv3v5dgu1cglzb4v_2,279
0qpuxv3v5dgu1cglzb4v_7,607
0qpuxv3v5dgu1cglzb4v_10,279
0qpuxv3v5dgu1cglzb4v_11,279
0qpuxv3v5dgu1cglzb4v_26,279
0qpuxv3v5dgu1cglzb4v_41,430
0qpuxv3v5dgu1cglzb4v_43,135
0qpuxv3v5dgu1cglzb4v_44,135
0qpuxv3v5dgu1cglzb4v_54,135
ncg7oipnp4qmvt42v679_10,752
ncg7oipnp4qmvt42v679_15,620
ncg7oipnp4qmvt42v679_19,752
ncg7oipnp4qmvt42v679_26,600
ncg7oipnp4qmvt42v679_36,752
ncg7oipnp4qmvt42v679_37,381
ncg7oipnp4qmvt42v679_54,106
ncg7oipnp4qmvt42v679_61,752
ncg7oipnp4qmvt42v679_62,90
gjss9yv8ijrbuzq6efs9_21,600
gjss9yv8ijrbuzq6efs9_25,781
gjss9yv8ijrbuzq6efs9_26,752
gjss9yv8ijrbuzq6efs9_27,740
gjss9yv8ijrbuzq6efs9_33,752
gjss9yv8ijrbuzq6efs9_43,600
gjss9yv8ijrbuzq6efs9_48,752
gjss9yv8ijrbuzq6efs9_56,740
gjss9yv8ijrbuzq6efs9_58,740
gjss9yv8ijrbuzq6efs9_61,600
b50pdaypyu76h0gk6ifu_8,370
b50pdaypyu76h0gk6ifu_12,841
b50pdaypyu76h0gk6ifu_17,568
b50pdaypyu76h0gk6ifu_19,615
b50pdaypyu76h0gk6ifu_21,841
b50pdaypyu76h0gk6ifu_26,841
b50pdaypyu76h0gk6ifu_42,841
b50pdaypyu76h0gk6ifu_52,754
fc8asvqab54bg585vvro_10,568
fc8asvqab54bg585vvro_13,568
fc8asvqab54bg585vvro_14,568
fc8asvqab54bg585vvro_15,568
fc8asvqab54bg585vvro_16,568
fc8asvqab54bg585vvro_22,568
fc8asvqab54bg585vvro_28,568
fc8asvqab54bg585vvro_29,568
fc8asvqab54bg585vvro_39,841
fc8asvqab54bg585vvro_46,754
fc8asvqab54bg585vvro_63,754
tj5rp3mezbtzz1fgf2vq_28,568
tj5rp3mezbtzz1fgf2vq_32,841
tj5rp3mezbtzz1fgf2vq_38,568
tj5rp3mezbtzz1fgf2vq_40,568
tj5rp3mezbtzz1fgf2vq_41,568
tj5rp3mezbtzz1fgf2vq_46,568
tj5rp3mezbtzz1fgf2vq_47,518
tj5rp3mezbtzz1fgf2vq_49,568
tj5rp3mezbtzz1fgf2vq_55,518
3hrkdwvh9q19finy8ca4_2,615
3hrkdwvh9q19finy8ca4_6,762
3hrkdwvh9q19finy8ca4_10,568
3hrkdwvh9q19finy8ca4_14,841
3hrkdwvh9q19finy8ca4_17,568
3hrkdwvh9q19finy8ca4_22,841
3hrkdwvh9q19finy8ca4_27,841
3hrkdwvh9q19finy8ca4_28,808
3hrkdwvh9q19finy8ca4_33,754
3hrkdwvh9q19finy8ca4_34,568
3hrkdwvh9q19finy8ca4_35,615
3hrkdwvh9q19finy8ca4_37,841
3hrkdwvh9q19finy8ca4_60,754
2lf4p0vqohgdmqgmmi8q_2,568
2lf4p0vqohgdmqgmmi8q_7,568
2lf4p0vqohgdmqgmmi8q_8,370
2lf4p0vqohgdmqgmmi8q_14,568
2lf4p0vqohgdmqgmmi8q_15,841
2lf4p0vqohgdmqgmmi8q_17,568
2lf4p0vqohgdmqgmmi8q_29,841
2lf4p0vqohgdmqgmmi8q_32,568
2lf4p0vqohgdmqgmmi8q_38,568
2lf4p0vqohgdmqgmmi8q_44,754
2lf4p0vqohgdmqgmmi8q_60,841
2lf4p0vqohgdmqgmmi8q_62,568
zgbg4kd97spt7k9xv1th_18,841
zgbg4kd97spt7k9xv1th_20,841
zgbg4kd97spt7k9xv1th_21,568
zgbg4kd97spt7k9xv1th_25,568
zgbg4kd97spt7k9xv1th_26,568
zgbg4kd97spt7k9xv1th_30,568
zgbg4kd97spt7k9xv1th_32,841
zgbg4kd97spt7k9xv1th_39,568
zgbg4kd97spt7k9xv1th_42,841
zgbg4kd97spt7k9xv1th_51,754
zgbg4kd97spt7k9xv1th_55,754
zgbg4kd97spt7k9xv1th_56,754
zgbg4kd97spt7k9xv1th_62,754
mwoq9vht34iryvjmjx8f_0,568
mwoq9vht34iryvjmjx8f_7,568
mwoq9vht34iryvjmjx8f_8,568
mwoq9vht34iryvjmjx8f_24,841
mwoq9vht34iryvjmjx8f_28,568
mwoq9vht34iryvjmjx8f_30,841
mwoq9vht34iryvjmjx8f_35,841
mwoq9vht34iryvjmjx8f_36,568
mwoq9vht34iryvjmjx8f_46,754
mwoq9vht34iryvjmjx8f_47,754
mwoq9vht34iryvjmjx8f_53,754
mwoq9vht34iryvjmjx8f_54,754
mwoq9vht34iryvjmjx8f_59,841
mwoq9vht34iryvjmjx8f_62,754
jin0rqo1o06dfjvpqxnp_10,568
jin0rqo1o06dfjvpqxnp_11,568
jin0rqo1o06dfjvpqxnp_13,568
jin0rqo1o06dfjvpqxnp_16,841
jin0rqo1o06dfjvpqxnp_17,568
jin0rqo1o06dfjvpqxnp_22,841
jin0rqo1o06dfjvpqxnp_25,568
jin0rqo1o06dfjvpqxnp_35,841
jin0rqo1o06dfjvpqxnp_39,568
jin0rqo1o06dfjvpqxnp_41,568
jin0rqo1o06dfjvpqxnp_45,754
javyt0fgx2nvbiurirem_10,568
javyt0fgx2nvbiurirem_12,841
javyt0fgx2nvbiurirem_17,568
javyt0fgx2nvbiurirem_18,568
javyt0fgx2nvbiurirem_21,568
javyt0fgx2nvbiurirem_23,568
javyt0fgx2nvbiurirem_43,754
javyt0fgx2nvbiurirem_62,754
3ya628u7mnqpwrujxqkg_6,754
3ya628u7mnqpwrujxqkg_9,754
3ya628u7mnqpwrujxqkg_11,754
3ya628u7mnqpwrujxqkg_21,754
3ya628u7mnqpwrujxqkg_25,568
3ya628u7mnqpwrujxqkg_36,615
3ya628u7mnqpwrujxqkg_38,615
3ya628u7mnqpwrujxqkg_41,615
3ya628u7mnqpwrujxqkg_43,615
3ya628u7mnqpwrujxqkg_44,568
3ya628u7mnqpwrujxqkg_45,615
3ya628u7mnqpwrujxqkg_46,568
3ya628u7mnqpwrujxqkg_49,568
3ya628u7mnqpwrujxqkg_51,615
3ya628u7mnqpwrujxqkg_53,615
3ya628u7mnqpwrujxqkg_54,568
3ya628u7mnqpwrujxqkg_59,615
fct6indhdgy5ng7wncrt_3,841
fct6indhdgy5ng7wncrt_16,841
fct6indhdgy5ng7wncrt_17,568
fct6indhdgy5ng7wncrt_19,568
fct6indhdgy5ng7wncrt_23,568
fct6indhdgy5ng7wncrt_27,568
fct6indhdgy5ng7wncrt_28,754
fct6indhdgy5ng7wncrt_29,754
fct6indhdgy5ng7wncrt_30,568
fct6indhdgy5ng7wncrt_31,754
fct6indhdgy5ng7wncrt_32,568
fct6indhdgy5ng7wncrt_33,568
fct6indhdgy5ng7wncrt_35,754
fct6indhdgy5ng7wncrt_39,754
fct6indhdgy5ng7wncrt_43,841
fct6indhdgy5ng7wncrt_48,518
fct6indhdgy5ng7wncrt_54,568
fct6indhdgy5ng7wncrt_57,518
fct6indhdgy5ng7wncrt_58,841
fct6indhdgy5ng7wncrt_60,841
x5x6a8e2scp13soi9cfj_2,841
x5x6a8e2scp13soi9cfj_4,754
x5x6a8e2scp13soi9cfj_6,754
x5x6a8e2scp13soi9cfj_10,841
x5x6a8e2scp13soi9cfj_11,754
x5x6a8e2scp13soi9cfj_13,754
x5x6a8e2scp13soi9cfj_16,568
x5x6a8e2scp13soi9cfj_17,568
x5x6a8e2scp13soi9cfj_20,754
x5x6a8e2scp13soi9cfj_24,568
x5x6a8e2scp13soi9cfj_36,754
x5x6a8e2scp13soi9cfj_38,518
x5x6a8e2scp13soi9cfj_41,841
x5x6a8e2scp13soi9cfj_46,841
x5x6a8e2scp13soi9cfj_59,754
1n6y4kb724uzpp6xku1x_3,568
1n6y4kb724uzpp6xku1x_8,568
1n6y4kb724uzpp6xku1x_9,754
1n6y4kb724uzpp6xku1x_10,754
1n6y4kb724uzpp6xku1x_11,754
1n6y4kb724uzpp6xku1x_14,754
1n6y4kb724uzpp6xku1x_24,754
1n6y4kb724uzpp6xku1x_25,754
1n6y4kb724uzpp6xku1x_26,754
1n6y4kb724uzpp6xku1x_29,568
1n6y4kb724uzpp6xku1x_39,568
1n6y4kb724uzpp6xku1x_45,841
1n6y4kb724uzpp6xku1x_51,841
1n6y4kb724uzpp6xku1x_52,841
1n6y4kb724uzpp6xku1x_53,841
1n6y4kb724uzpp6xku1x_61,518
1n6y4kb724uzpp6xku1x_63,615
cmi67hic4lf88bplyf8c_3,568
cmi67hic4lf88bplyf8c_4,615
cmi67hic4lf88bplyf8c_5,841
cmi67hic4lf88bplyf8c_7,754
cmi67hic4lf88bplyf8c_10,754
cmi67hic4lf88bplyf8c_13,754
cmi67hic4lf88bplyf8c_14,754
cmi67hic4lf88bplyf8c_32,568
cmi67hic4lf88bplyf8c_33,568
cmi67hic4lf88bplyf8c_36,841
cmi67hic4lf88bplyf8c_37,568
cmi67hic4lf88bplyf8c_39,568
cmi67hic4lf88bplyf8c_40,568
cmi67hic4lf88bplyf8c_44,941
cmi67hic4lf88bplyf8c_53,841
cmi67hic4lf88bplyf8c_54,568
cmi67hic4lf88bplyf8c_55,841
cmi67hic4lf88bplyf8c_56,568
cmi67hic4lf88bplyf8c_60,568
cmi67hic4lf88bplyf8c_63,615
drwrmx5n6btt1n2ac0p1_0,615
drwrmx5n6btt1n2ac0p1_2,841
drwrmx5n6btt1n2ac0p1_24,615
drwrmx5n6btt1n2ac0p1_28,615
drwrmx5n6btt1n2ac0p1_40,568
drwrmx5n6btt1n2ac0p1_48,615
drwrmx5n6btt1n2ac0p1_51,568
drwrmx5n6btt1n2ac0p1_53,754
drwrmx5n6btt1n2ac0p1_60,568
mulsux8z4d1k74btjqml_8,615
mulsux8z4d1k74btjqml_24,841
mulsux8z4d1k74btjqml_32,841
mulsux8z4d1k74btjqml_41,568
mulsux8z4d1k74btjqml_43,841
mulsux8z4d1k74btjqml_49,754
mulsux8z4d1k74btjqml_50,754
mulsux8z4d1k74btjqml_52,754
mulsux8z4d1k74btjqml_54,754
mulsux8z4d1k74btjqml_62,754
xpybrb16dauxwcpjucu2_0,841
xpybrb16dauxwcpjucu2_1,841
xpybrb16dauxwcpjucu2_5,754
xpybrb16dauxwcpjucu2_8,568
xpybrb16dauxwcpjucu2_10,841
xpybrb16dauxwcpjucu2_11,754
xpybrb16dauxwcpjucu2_15,568
xpybrb16dauxwcpjucu2_19,754
xpybrb16dauxwcpjucu2_25,568
xpybrb16dauxwcpjucu2_30,841
xpybrb16dauxwcpjucu2_34,615
xpybrb16dauxwcpjucu2_38,518
xpybrb16dauxwcpjucu2_39,568
xpybrb16dauxwcpjucu2_41,841
xpybrb16dauxwcpjucu2_55,615
xpybrb16dauxwcpjucu2_59,754
rls4fnz76td2tjaufg4t_10,841
rls4fnz76td2tjaufg4t_23,568
rls4fnz76td2tjaufg4t_24,841
rls4fnz76td2tjaufg4t_25,568
rls4fnz76td2tjaufg4t_31,568
rls4fnz76td2tjaufg4t_36,841
rls4fnz76td2tjaufg4t_39,568
rls4fnz76td2tjaufg4t_41,568
rls4fnz76td2tjaufg4t_51,754
rls4fnz76td2tjaufg4t_62,754
xib614ir8nrtoumlrfxc_35,648
xib614ir8nrtoumlrfxc_39,161
xib614ir8nrtoumlrfxc_41,874
xib614ir8nrtoumlrfxc_43,394
xib614ir8nrtoumlrfxc_44,648
xib614ir8nrtoumlrfxc_51,637
xib614ir8nrtoumlrfxc_53,394
xib614ir8nrtoumlrfxc_58,637
xib614ir8nrtoumlrfxc_59,844
2w13vy99vczsyel4fg62_12,18
2w13vy99vczsyel4fg62_13,325
2w13vy99vczsyel4fg62_19,362
2w13vy99vczsyel4fg62_20,362
2w13vy99vczsyel4fg62_22,362
2w13vy99vczsyel4fg62_27,377
2w13vy99vczsyel4fg62_34,317
2w13vy99vczsyel4fg62_35,317
2w13vy99vczsyel4fg62_42,515
2w13vy99vczsyel4fg62_45,243
2w13vy99vczsyel4fg62_50,515
2w13vy99vczsyel4fg62_51,515
2w13vy99vczsyel4fg62_53,317
2w13vy99vczsyel4fg62_58,515
2w13vy99vczsyel4fg62_59,515
pkzzvcj5ww7z3g473qr0_4,362
pkzzvcj5ww7z3g473qr0_13,712
pkzzvcj5ww7z3g473qr0_19,362
pkzzvcj5ww7z3g473qr0_22,381
pkzzvcj5ww7z3g473qr0_38,844
pkzzvcj5ww7z3g473qr0_51,844
pkzzvcj5ww7z3g473qr0_52,844
pkzzvcj5ww7z3g473qr0_59,844
pkzzvcj5ww7z3g473qr0_60,201
nqfsdwguoj006ss7tgmk_3,103
nqfsdwguoj006ss7tgmk_4,103
nqfsdwguoj006ss7tgmk_11,373
nqfsdwguoj006ss7tgmk_12,103
nqfsdwguoj006ss7tgmk_19,373
nqfsdwguoj006ss7tgmk_20,373
nqfsdwguoj006ss7tgmk_27,377
nqfsdwguoj006ss7tgmk_35,373
nqfsdwguoj006ss7tgmk_40,103
nqfsdwguoj006ss7tgmk_44,373
nqfsdwguoj006ss7tgmk_49,103
nqfsdwguoj006ss7tgmk_51,103
nqfsdwguoj006ss7tgmk_52,902
nqfsdwguoj006ss7tgmk_54,936
nqfsdwguoj006ss7tgmk_57,373
nqfsdwguoj006ss7tgmk_58,103
nqfsdwguoj006ss7tgmk_59,103
nqfsdwguoj006ss7tgmk_60,103
nqfsdwguoj006ss7tgmk_61,702
2q83sbf5ruve2ku5g4gq_0,956
2q83sbf5ruve2ku5g4gq_1,944
2q83sbf5ruve2ku5g4gq_2,687
2q83sbf5ruve2ku5g4gq_11,317
2q83sbf5ruve2ku5g4gq_12,491
2q83sbf5ruve2ku5g4gq_13,491
2q83sbf5ruve2ku5g4gq_14,807
2q83sbf5ruve2ku5g4gq_18,445
2q83sbf5ruve2ku5g4gq_19,445
2q83sbf5ruve2ku5g4gq_22,445
2q83sbf5ruve2ku5g4gq_38,878
2q83sbf5ruve2ku5g4gq_40,165
2q83sbf5ruve2ku5g4gq_42,317
2q83sbf5ruve2ku5g4gq_47,878
2q83sbf5ruve2ku5g4gq_48,491
2q83sbf5ruve2ku5g4gq_49,176
2q83sbf5ruve2ku5g4gq_51,445
2q83sbf5ruve2ku5g4gq_52,878
2q83sbf5ruve2ku5g4gq_60,430
w9xs4f8balwk4r1deljl_2,491
w9xs4f8balwk4r1deljl_4,807
w9xs4f8balwk4r1deljl_9,807
w9xs4f8balwk4r1deljl_10,807
w9xs4f8balwk4r1deljl_13,807
w9xs4f8balwk4r1deljl_16,878
w9xs4f8balwk4r1deljl_18,878
w9xs4f8balwk4r1deljl_26,878
w9xs4f8balwk4r1deljl_29,719
w9xs4f8balwk4r1deljl_35,445
w9xs4f8balwk4r1deljl_39,620
w9xs4f8balwk4r1deljl_51,719
w9xs4f8balwk4r1deljl_58,844
w9xs4f8balwk4r1deljl_59,201
p0hvlj7tjr9dadgympg7_5,878
p0hvlj7tjr9dadgympg7_12,445
p0hvlj7tjr9dadgympg7_14,878
p0hvlj7tjr9dadgympg7_17,807
p0hvlj7tjr9dadgympg7_18,172
p0hvlj7tjr9dadgympg7_23,878
p0hvlj7tjr9dadgympg7_29,445
p0hvlj7tjr9dadgympg7_33,394
p0hvlj7tjr9dadgympg7_54,172
lnxm547i5y16z73f5rrl_1,172
lnxm547i5y16z73f5rrl_19,807
lnxm547i5y16z73f5rrl_23,620
lnxm547i5y16z73f5rrl_26,878
lnxm547i5y16z73f5rrl_27,807
lnxm547i5y16z73f5rrl_31,620
lnxm547i5y16z73f5rrl_62,201
lnxm547i5y16z73f5rrl_63,402
kibqh7iaucczq5avrnms_1,956
kibqh7iaucczq5avrnms_3,687
kibqh7iaucczq5avrnms_6,956
kibqh7iaucczq5avrnms_11,317
kibqh7iaucczq5avrnms_13,768
kibqh7iaucczq5avrnms_14,781
kibqh7iaucczq5avrnms_20,768
kibqh7iaucczq5avrnms_21,768
kibqh7iaucczq5avrnms_23,417
kibqh7iaucczq5avrnms_25,165
kibqh7iaucczq5avrnms_30,768
kibqh7iaucczq5avrnms_34,106
kibqh7iaucczq5avrnms_37,768
kibqh7iaucczq5avrnms_50,807
kibqh7iaucczq5avrnms_55,417
kibqh7iaucczq5avrnms_56,417
jnouo2u38t17mzk565j2_0,342
jnouo2u38t17mzk565j2_3,392
jnouo2u38t17mzk565j2_4,35
jnouo2u38t17mzk565j2_5,712
jnouo2u38t17mzk565j2_6,491
jnouo2u38t17mzk565j2_9,1005
jnouo2u38t17mzk565j2_12,648
jnouo2u38t17mzk565j2_18,928
jnouo2u38t17mzk565j2_26,977
jnouo2u38t17mzk565j2_34,342
jnouo2u38t17mzk565j2_36,519
jnouo2u38t17mzk565j2_41,161
jnouo2u38t17mzk565j2_42,342
jnouo2u38t17mzk565j2_48,1005
jnouo2u38t17mzk565j2_49,648
jnouo2u38t17mzk565j2_50,637
jnouo2u38t17mzk565j2_51,637
jnouo2u38t17mzk565j2_58,637
jnouo2u38t17mzk565j2_59,637
jnouo2u38t17mzk565j2_60,844
p201hjlxm4uo4i7ku0hf_6,807
p201hjlxm4uo4i7ku0hf_14,807
p201hjlxm4uo4i7ku0hf_16,165
p201hjlxm4uo4i7ku0hf_24,165
p201hjlxm4uo4i7ku0hf_27,325
p201hjlxm4uo4i7ku0hf_28,491
p201hjlxm4uo4i7ku0hf_29,445
p201hjlxm4uo4i7ku0hf_30,807
p201hjlxm4uo4i7ku0hf_31,807
p201hjlxm4uo4i7ku0hf_33,317
p201hjlxm4uo4i7ku0hf_34,317
p201hjlxm4uo4i7ku0hf_35,807
p201hjlxm4uo4i7ku0hf_36,807
p201hjlxm4uo4i7ku0hf_39,878
p201hjlxm4uo4i7ku0hf_40,172
p201hjlxm4uo4i7ku0hf_41,172
p201hjlxm4uo4i7ku0hf_44,445
p201hjlxm4uo4i7ku0hf_47,878
p201hjlxm4uo4i7ku0hf_61,172
w2a4hpumywe4qj1fe16h_0,956
w2a4hpumywe4qj1fe16h_1,662
w2a4hpumywe4qj1fe16h_2,950
w2a4hpumywe4qj1fe16h_3,956
w2a4hpumywe4qj1fe16h_4,702
w2a4hpumywe4qj1fe16h_9,19
w2a4hpumywe4qj1fe16h_10,929
w2a4hpumywe4qj1fe16h_11,702
w2a4hpumywe4qj1fe16h_12,422
w2a4hpumywe4qj1fe16h_16,929
w2a4hpumywe4qj1fe16h_19,422
w2a4hpumywe4qj1fe16h_21,422
w2a4hpumywe4qj1fe16h_26,422
w2a4hpumywe4qj1fe16h_27,422
w2a4hpumywe4qj1fe16h_32,874
w2a4hpumywe4qj1fe16h_33,929
w2a4hpumywe4qj1fe16h_41,430
w2a4hpumywe4qj1fe16h_42,422
w2a4hpumywe4qj1fe16h_62,430
w2a4hpumywe4qj1fe16h_63,402
kxzqiolqextnc6dy0hxd_0,702
kxzqiolqextnc6dy0hxd_6,702
kxzqiolqextnc6dy0hxd_10,702
kxzqiolqextnc6dy0hxd_12,702
kxzqiolqextnc6dy0hxd_16,702
kxzqiolqextnc6dy0hxd_17,702
kxzqiolqextnc6dy0hxd_18,702
kxzqiolqextnc6dy0hxd_19,702
kxzqiolqextnc6dy0hxd_60,702
kxzqiolqextnc6dy0hxd_62,627
k1lrxzz25vq5mlia34he_1,627
k1lrxzz25vq5mlia34he_7,956
k1lrxzz25vq5mlia34he_8,627
k1lrxzz25vq5mlia34he_9,627
k1lrxzz25vq5mlia34he_18,627
k1lrxzz25vq5mlia34he_20,627
k1lrxzz25vq5mlia34he_22,627
k1lrxzz25vq5mlia34he_27,184
k1lrxzz25vq5mlia34he_28,627
k1lrxzz25vq5mlia34he_36,184
adhsmhv13p0qbp7sdh2p_1,627
adhsmhv13p0qbp7sdh2p_3,627
adhsmhv13p0qbp7sdh2p_5,702
adhsmhv13p0qbp7sdh2p_6,956
adhsmhv13p0qbp7sdh2p_8,627
adhsmhv13p0qbp7sdh2p_9,627
adhsmhv13p0qbp7sdh2p_20,627
adhsmhv13p0qbp7sdh2p_26,526
adhsmhv13p0qbp7sdh2p_28,627
adhsmhv13p0qbp7sdh2p_34,526
adhsmhv13p0qbp7sdh2p_47,627
adhsmhv13p0qbp7sdh2p_50,526
adhsmhv13p0qbp7sdh2p_53,526
adhsmhv13p0qbp7sdh2p_55,627
adhsmhv13p0qbp7sdh2p_58,526
adhsmhv13p0qbp7sdh2p_63,627
