Id,Target
000ad3f474c22732,3
000c01fb027c9720,12
0011f18cdfde1eb2,8
002c8a7c75197a78,12
0034afa0ffefe542,10
00360bf471794cde,4
003fd6961434c5a8,12
0045bb6d5fdfe02c,3
004e91ea1bc30ed6,12
0050ea62569bbbe5,3
0052a6fb208fdfe8,12
00540b1ff4e29bd3,3
00707809644623a9,3
0075614d820fbbf6,12
007bbe29105dbafd,5
007cd47acaec0a6b,4
007ff725967222d5,4
00814d6c29c48dc2,3
0083ea4b62804cf0,6
008f5e567e624dac,12
009428dd23c2cd58,6
0097c22e3a04548a,10
009953c22a59f866,8
009a769858d08066,6
00a3b57e8454ff23,12
00a927d373254d22,12
00b45889d4f5b33b,4
00b985aa0823348c,12
00c9d1cd1a115e7c,10
00cb1730f0e4a5b9,3
00d7a437d0a96526,6
00e52952dae5327f,12
00efbb12268e8ac2,7
00f11e76b040f053,2
010f572e7b0ea5c0,3
0111ed98bbc5e012,4
011e60ae1def96f8,3
01202eefc7e7a249,6
01274217afd6d95c,3
012a3a679ae4634f,7
012c3f300a2c8d94,7
012fc2f85d5de96c,8
013837958ac58020,11
013d18edb304a042,12
01402c094e042240,5
01403c00e4f4faab,3
014c6848466b5289,3
016207c9fa9ef8d9,4
01631f7c20cc3427,3
017401105d966c6e,3
0183547af1f126ec,6
0189e7a42e48de59,4
018c5840d6dba9fe,12
018eb48f5915f25d,12
0191801a1139f15f,1
0197e4df91fa5eb0,13
019846849616c3c9,12
01a7d643c8b5fbd6,12
01a8a7db4f973d5d,8
01ab34eb52f99763,9
01b143591788c370,8
01bc2ea210f48303,4
01d5b426c0aca93e,12
01e338a413ad4728,12
01e6bff5ad7d0f9b,12
01e8c917b72806bf,3
01f236014c5990a8,9
01f587768895ee33,5
01f80de80ce014ee,4
0207bb0e9208a391,7
020b20687fd3109d,3
021fdadbf812b670,6
0221d4ebc06aa8d6,11
02414d574464340f,11
02425e7992bc6e55,13
02464cf0ddb1da77,4
024936e82e92a39f,4
02679225acd2660d,3
026b01f299d51a43,3
0281ea93e5c839c8,3
0285f15b6fdc46ac,12
02a5d7c0d21b07db,12
02afada2d552671f,6
02b026e196e903b4,3
02b93f8ad35ac4c5,5
02bd7014c89f3c04,1
02c73ea217cd6f08,10
02c9dc286674b7f2,1
02dee56f45ac2da3,3
02df946ee54579b6,3
02e3250cf40cc85b,7
02e45026cd411c60,10
02ee9eb99629f8c0,4
0300f574686b0db9,2
030f9aa0e2405e46,3
0317793d7ef9d37f,7
0326bdd5fa9dc5bc,3
033163c61038bdd8,5
0355258f05581aa5,4
0356ea1e2b196a40,11
036466cf9c848cd4,3
0381a0b3a8e1e497,4
03844eb1f5d7421e,13
038ffb8202243241,12
03a18c9901a7bd3c,11
03a26c19c0af3a70,4
03adfeb3d9e41b1b,12
03b0e1c01b8e7967,8
03c228d8f516e133,8
03c3cd9bbd983fc7,3
03c529233382301f,12
03d64bdb244771c6,3
03e71b98f389414b,3
03fe9e960a29d1d7,3
0416ec4381540b55,5
041a1be2f5a947ce,3
042bea14ac686b67,3
043bf13e34fff25e,1
043db8ec2a4cc219,3
04487f659cbc3075,6
045146c292421e82,8
04527ab48487eab6,9
045330c122c3d341,4
0456b98407c121c4,7
046cddc316c39738,11
047e94dbeb17cd5c,3
047ec66b710a174d,3
0480822a4847ec53,12
048c4d3b482b20fa,3
048d654445209e1a,9
04927e9c5b6a1892,10
04aff264607d0579,7
04be3940995cb71b,7
04bf2e7e1d6010b8,7
04c7d37712b527f0,11
04d0b7f459897819,3
04d81f36b65612cb,12
04d9f5ec70822cd9,12
04f54dab42315682,12
04fdc155457a751b,2
0505db684b5e5589,12
050c482a17762eb1,3
052a7a92c17f052c,3
052d27c9b008c2e3,12
0534f61e035a67a0,4
0536f09c19679834,8
054ea7d140ec2438,3
055d5ea7867a63ff,3
05600a72c56510cf,12
056b0829b15943ad,12
05754c0fdbb8eba5,7
0580f097c079f22d,5
0583b62c75563564,11
0597bdbfbf670c47,3
059e2496943d51ee,4
05b43c56d58e1e70,12
05b8827e9cabc664,9
05d5a5f49378d540,6
05d7234d5b86bf81,4
05d9e6eecd9f0ff8,3
05da8bd527219c37,3
05dd708602130dc9,5
05dffd6ea5bdb9ec,12
05f4691f278f85a8,4
0602638d456d0e42,12
06082329c11c7d4b,4
06082c2e70cc71e4,4
0617ac88d58bab68,3
061f1020085d29c4,7
062a84689f3bb411,6
063048b5f5c343be,4
063f3b55181b366e,3
06502566f9941842,7
067a285cde520df6,6
067c0ee636120a56,8
067e2c8159937132,11
0699d37c1e1a84a8,11
069ee7e5a4b5db6a,4
06a8f57175d32afa,8
06c85bb73c19a1e2,12
06ca51998c2c2cf9,4
06ccc11e0341548b,7
06cd98718b1a5410,3
06d193f02c7b58d7,3
06d3626bd60d8cb3,11
06e1021acd247b84,12
06f42103a7961e44,7
06fe58c39c40c84e,12
0704912656c98ad7,4
0714dae25d35a448,8
0716bb3caeb4dfb4,9
07192fb892dae8a7,3
0726d48bf66fb162,6
073a5b4fc8985ff3,12
073ac8bd4b924ca7,12
073ce58f7c059cf7,3
07487162839c84b7,4
0749216c2f18faf9,12
07570bf913eaff5c,6
07678800aa97a50e,4
07707f0b2857b951,12
07794ccae7f43025,6
078617c28e04d0e1,3
07a7b3ef202b0cb7,5
07b0de1bc1fe75ee,3
07b7c7d32310cb36,12
07e5b0863f6d4d54,4
07ed79b86eae9aeb,3
07eda5a793f0a94d,7
07f6334e310bf0cb,7
07f6381edd23a25b,11
07f7b53cc193bf80,4
07f883cc20a8b4ac,4
080c2db5d8cd98f6,4
081e8e6a0b76e75e,8
0839c83d43326e5f,11
0847204c8c5e7ebd,6
08538f5f0015bf23,11
086764f3b7db970b,6
08842a3ebad987f2,6
089bd481e25932cf,4
08a0dd82d2d1b340,9
08a64429d578552d,5
08a7e32e30c3c7b0,3
08a9a1a78916ea61,12
08ad06ffb93df3da,9
08beda141b024dd5,12
08bf854846f15773,12
08ce93a8b786e502,5
08d4dbb22db89f4a,14
08d90d67ee6b5e87,7
08f42f32145f7e26,12
08fdc8ba9cec35b1,3
090993a3e5a3b2b0,12
095e195275d47842,6
096980549664bdfe,4
096b7499972883c5,12
096e26d7565b1ce1,3
09738a4cdcddffaf,12
097fa740af8bc6ce,4
0986e4f6c4be3a80,4
09892c9c9311076f,3
098a4918319f4332,4
098b5e34d4133b66,3
099d0a8047cb05b8,12
09a590b2f1e79f31,3
09aa7dacf6b93ca2,4
09df02f5a19d5ea2,3
09e384d3d130fb53,3
09fdd07bd0d835c9,7
0a06bc4b3bc563ce,12
0a117c800d8a56d4,6
0a15efd088118b07,11
0a1a613871ff7c82,5
0a2636bd4f3748cf,3
0a2821be61b97b59,12
0a5beb3717f4de5c,5
0a65df1c647e015f,7
0a8ba86a830580c6,3
0a935b8e3910a9c5,6
0a9965cd45ee34b2,6
0a99f029af854d67,5
0abb64d311500abc,4
0ac6ac75dc9a9b17,6
0ac70ee6dc44d631,6
0ac8702732d2e1fd,3
0ae2740d59ffc5b0,12
0ae2ee1f46831dcf,10
0ae5c863f0abdcec,4
0af2bc326011a4ef,3
0af3ab057993d989,3
0aface3652663fef,6
0b0637b9c5db6be5,12
0b1ea3f9d6f5bab7,12
0b2706d4c879dd2f,3
0b2996acec0dce73,3
0b32bfa08851c809,10
0b33e49dc9eb93bc,3
0b39dcaffc51d34b,12
0b3ab32b05926797,12
0b40a35d371d8837,4
0b4653cab81470bd,3
0b477ebed5f6d023,3
0b52c82bbecc8d4a,8
0b569725ce1a3d12,12
0b5cd30974a6854d,5
0b73ba7b2500457a,6
0b8b7cad79f44875,12
0b8be7c72ea063a5,12
0b94b33cb118f8f5,12
0b990228eb5b507d,9
0ba3939c31eb3944,4
0baf44ed58e70444,3
0bb87a169e727f2a,3
0bb91643972214fc,3
0bc5a078ce6187cb,4
0bd680d807b06b43,12
0bd6adf323bbfb75,12
0be8f34dde668986,12
0bea0941b944d765,10
0beafb25f930f76d,4
0bf9ec4747cb1fb5,3
0c05dd31212e5a8e,3
0c07e71770d930bb,5
0c0ed8d21003a3c9,4
0c12fcec0b5d14c4,12
0c14531142be5095,6
0c1e6db8ce60d125,3
0c32d2e5688e0b5c,6
0c3653f482690f11,5
0c3ba900b71d25fb,3
0c3ea1d01c37d3a3,11
0c5414c5e6677598,3
0c54e3ef301ef2a5,3
0c5e19bb90081c00,4
0c6b533792789e25,5
0c76ebd83305a31f,12
0c948b51a096bca9,5
0c9543dfc5184070,5
0c960fa1c61f1697,7
0c97a1b132fc64a5,7
0ca1477f9039cd48,12
0ca6c8cbbe3fcff5,12
0ca949eaad1a8b36,13
0caa3df7f1cdc14e,3
0cb35764c6209ae5,1
0cbe51eb92326eb4,8
0cd0aad0519bca37,4
0ce06ae97bb0c5fd,6
0cee88258ea9323e,3
0d03e3ea82b68751,8
0d0b07d4fda4d499,11
0d155674b6ba744a,4
0d37332f7aa9f3ea,5
0d386826e8fdcfeb,4
0d4af550c0f9e44e,4
0d4feaf6efbe0534,7
0d512b35cc148b32,6
0d6f48c156e8d231,12
0d84226ef9e107d6,12
0d913609142707a4,2
0d94c1353734fcbe,8
0d958a795a65dd3c,12
0d9fe613ff08c371,3
0da0e7eef2afbe2f,7
0da7fe4052c62040,5
0dae634caa8a3e09,4
0dc2267453a21d17,12
0dccc3b2a8c4351e,3
0dcf778fc76cdecc,6
0de068e781b95042,3
0de45b45c626b9cd,12
0de9c7f3c3b46715,10
0df948c8913b7393,1
0e0d513529cd7dc2,12
0e126b782916a874,3
0e18cdb91d75a829,12
0e1d838a43610515,12
0e47c4cf77d517b9,3
0e57a455225dcc8c,1
0e60c21b50b0b044,4
0e65b0abe3d54d67,6
0e6624b67d77071f,10
0e6d92952bb9d07d,6
0e6ea35fb4093ab9,4
0e786042690a750c,11
0e7b3c3e5444be4a,9
0e7be4d589720cae,4
0e8c1696e61df70d,4
0e8ee896be160877,12
0e9bbf8b732b35e8,8
0ea5536088c73a6b,10
0eacaa4641429cd8,4
0ec15ff5b1823110,1
0ece1912291156ce,5
0ed106a56dc38a49,12
0ef66e15b8c68886,3
0efe0097d1ad7e3d,7
0f0bf84e18c3edd2,5
0f16891bb51c6368,12
0f1c0d3073d203b8,6
0f1f4fa5ac9e9b38,13
0f365a63a516c0a1,11
0f46e052678d05e2,6
0f531e9014790a08,12
0f5c4dbe980bd7b9,12
0f6464c1a9a55257,12
0f7b9c57f60c3541,6
0f7cb2640ba10750,3
0f819357f888a26a,7
0f8395b501442d19,12
0f86e56a9d986ebc,3
0f9d166d46cbf809,3
0fa0d6e9eade4202,4
0fb3bb7da3467168,12
0fcba2b20cac2e25,12
0fcc551b43a1ca89,3
0fcecbc30c4bd5fd,3
0fdc3f6ea93e0185,4
0fe177c998096738,3
0feaa43b7e0d0ab0,10
0fec6d0cfbdfd300,12
0ff1dc237f6b182e,12
0ff56fa7613a9bfa,12
100e5c4c840b9c00,3
1033addb41dad5a6,3
103bbf41b87acc0f,12
104b22e97e7798ad,12
10721b6baef940f3,7
10a11e37525b3259,12
10a36db7d1f7cea8,12
10d225093951be00,4
10d8944c4ced78e8,3
10dc18ea163ebab9,3
10f14fecc7788b9b,12
10f72a63afe2b4b2,12
11200c442a05af99,3
1140d41b1fe9c330,5
1148aae4e02ad5fb,3
114bac0d7521dfdf,5
1151e8b98febc740,6
1152ade448a3616c,12
1155a15676a2bb01,6
115e3521a9a6c8a4,2
116a91f3ced670e5,3
11715b72e2e8fe68,12
117c90d847a22dd7,12
117d579f4ed0be15,11
11ac9975584f5e5b,6
11b766837b9d9ea1,6
11cf4fe9f1b90841,6
11d190f046431cfb,12
11ddc16e5f0f2ec3,12
11e5a7017c0c19b6,3
11f0754456077a78,3
11fc23602336262b,3
1204fe60b0d01e0a,12
1205713393bc06a1,3
12113fe53cf94b75,2
12239facf6b6b3e3,3
1223bfd68f96cb71,3
12269226d3d279bb,7
1244a94e84d6210c,7
12479ee539233776,5
1248f0b05836f57b,4
12592f030a29350f,12
126550408024fd1a,4
127c4bf55db82195,11
1285a7626fa0b0d9,4
129423600fc593bb,12
12a03c3d377ba809,6
12a87aae9718e8f1,5
12b5d40c05a60336,4
12baaefeeb1cf022,8
12bf441db0f58821,12
12cc95661baa79d8,6
12da793e8256fc6f,3
12dbf0f6360e39e9,1
12ef97a5aedeb131,11
12f075c25242309f,12
12f267e1b7d01371,2
12f5d0c2b5c07f49,11
130f0470798bb31b,12
1312ab432c2446ec,3
1312ef20f23a2d7f,12
13152decfcad1cfa,11
13207a35b3d0ce19,3
13253d58be08e8f0,3
13286b7b018f18f1,12
1335032de4db4633,3
13469ffa94e31350,2
1357401b030eba6b,12
1358ea17828b60ec,6
135bf2dcfbff5c54,3
137ed7dad12d3f25,4
138e270b143dbf1b,5
138ec00d65f1fc4b,3
1398a99b74a4019b,12
13adb1e8130c0190,12
13b1027579f0ce40,12
13b228c16268063a,4
13be349fa50f9afa,5
13c05370a8ebc022,12
13cb18284243bd03,4
13d1a977c1041ee1,5
13e9fe1052636f66,5
13fd30ae2cef45ba,5
140a497eaaef6818,7
142961d0a534e28d,6
14486c3265701c0a,4
14492a02b02e4bcb,9
14578ca52eb1bacb,12
145d92df977ffaec,3
1461d1a808830280,12
1466c9c552f3e403,11
146a691dc7977258,6
14703d0bfe2dbf0a,12
1473b61530fc3edc,12
14791afeca4a2efe,3
1493c9974c885a55,3
14946d0ade55f1b9,7
14958ab67a9ad4db,6
149bda5a62b7f28b,5
14da9ba8e75a6419,3
14e6538efa033a46,11
14fd847e082c47d0,12
1507c601aa156938,8
151158d3056173ab,7
1516c242626e5b8f,1
151de1c80bc3e7ef,12
151ee04ce9839ac2,3
152199d0af1bb163,3
15425b37f0aa0cc0,8
154acee8bca6a7b5,3
15536f601276979a,12
155a731bd0e9c31a,5
155eaadf0349afac,3
1569f39905eb823e,12
156abe3dce8697b2,5
15769849fc72511e,11
158fe8a43eeb6f5f,12
159b99c52106587b,12
15db23188aacc943,4
15de3a7ec60e60c8,6
15dfe7267a4b5824,4
15e383d1115d3692,3
15f1d48f375b7719,5
15f7189a55f564a5,4
15f7aad6a8baf12a,3
15f881c5ea7183a8,13
16049a0b64a38a38,9
16074493827ad1ae,8
16101015e44896ac,4
16111c37c415d1b8,12
162143e3aed0f219,1
16285027fbf0d51f,4
1631c0ccc14c9fd1,12
1645488df3ae3040,12
1652148f021217db,12
1658af6d756e7943,5
165a821523f1d60e,7
165fdafb2afa40a6,12
166078bdf86e7ca1,7
1660d6c8a52a1840,12
16687191e57c37e4,12
16697a2c61fbb4ec,7
1675e0b3c9d5cffa,12
167e7d4364d571b0,5
1687d90ca4cc0b34,12
169ef4a4a1b953e0,6
16a525b43224eb6b,6
16b3c28b79c07982,11
16b4d89f9bf351a2,4
16b5e0059450dca8,5
16b8121aa67f2479,3
16bcfe9c484dcc19,11
16ce30a09b08af1f,6
16e2b1f8939ed02d,12
16e3768676c58895,12
16ed2cae35f84da3,11
16efa6f8072911dd,6
16f506968a51e8f2,11
1707a26146dbdbf5,7
1708764e025af46b,5
1722accea47c546b,4
172cebcf99ac2ffc,12
172d0b342c82a50f,3
172f6240a0becbc2,7
173109289f4b9926,12
1735f666f6e29d46,5
173761ba4c6b3cf3,7
17439b3ae0b3cfb1,12
1746e8f7d485f27e,4
174dd847be613629,6
1757c7c4123f2297,3
17629729030ecec5,12
176828da3b314cb0,3
176ce6abe5941b69,5
176e8b2ae6219028,6
177f9ca0992d4381,6
178232a0c26909b2,12
178236beac96e319,7
178a88b59bb2351e,12
178b939525d0237b,6
179624264244aef8,11
17a341e4abc14856,9
17ad8e3253591ed1,1
17ad967e7519c678,7
17cd93f5337c403f,12
17cdf94517e97e92,3
17e584fdfb3ce7df,4
17f215ee8b8144b9,8
17f58b58fe64cd32,6
17f92716ce031d40,6
17f939984659ab82,12
17fad6106ae0b034,3
18011da6792f907a,12
181d525ec3a5b50d,12
18269c06244dddad,6
18282f32c460e7a9,4
183aa79abe96b0b1,4
1842ceb5dc555be4,7
185612723bb973e8,4
18719878b8b216b9,12
187f20218deb780f,12
188bf10cc49c405f,6
189a53aa4dc6ac2d,8
18a14b95cebbba20,3
18bcd4b41262ec55,12
18e589df03c943b8,8
18fd5d902702611e,10
18ffd0c4602cf952,3
190e3f7d3bf0b117,10
19125fcee75ba14b,6
191ebfcbc4ba4605,4
1933e79305d304d4,3
19342a973dbdbfad,4
19409210020a3b17,12
194248c7f4bdacbc,8
1944afc211642d30,6
195814eb45eb894a,8
1962081a0ffc1b81,12
1965857daa3efa23,11
196980dce591b7c7,12
197658035eb6c102,3
197c24e06eb91c46,6
1984b804ce4123ce,8
1985429aed92f267,3
198d8c94987ce241,6
198fce10dbfc96b2,12
199477e64d37d0ed,3
19a52994adfaec9e,12
19aeb702c4dbe2eb,12
19bb17cebce9498b,3
19be79de30776779,6
19ea916dfd89c0a9,6
19f308539348f295,7
19f42700b9e87dfc,1
19fb85b1e0f9f4f4,5
19fcfc101fb1a6f3,6
1a045477d38ef3e3,7
1a05519699c5752b,4
1a1d142c1d3e0d59,1
1a30342a94d9dfe1,4
1a3e10fb63ebec2e,4
1a488279b141dbc4,3
1a540236eced9ba3,3
1a594bc4e360d680,3
1a5d8e7e0c506aa7,3
1a5f704cc882f705,10
1a66d2a85878e945,1
1a69392a5ce40573,13
1a74b05f5aeb6e8b,3
1a7a47fc5da9a4ea,12
1a88f1521b8bdd67,5
1a98f62c5f453307,4
1a9e49b9ed9aefba,7
1aafe611cd14f5cf,13
1ab477b6dcb04371,0
1ac820b1e6152def,11
1acd42fffb0f2011,6
1b0f3204d65c8577,7
1b14ed82f9ec1c7e,12
1b2456348982cf6e,4
1b4c51e885202cba,2
1b50477ca1651edc,1
1b5932f33b2a1b94,3
1b62f0a90dd411ac,5
1b660d7bf5792887,4
1b764c77c1d6795b,0
1b79dcf72524fceb,8
1b7f20e18972d3e7,4
1b87b46318abd026,3
1b8b40d23b729c12,3
1b9987f4a6b36310,12
1b99c7fa9a720829,10
1bae154a8dac603e,3
1bb8321db6cae6b1,6
1bd7856291db5332,3
1bdafc7b0013a1f0,12
1be7d4262d2febd8,8
1bf6d5bc1c91b40e,3
1c063200957061f2,12
1c0a4160a8e033cc,11
1c12ed6ad4ff4f23,4
1c1d749f24628ad3,9
1c538c591ff5b5ee,3
1c5cc1ea64a1521f,10
1c64c1646540ee36,3
1c74f7bbdcf97776,4
1c7701a6b7c7b358,3
1c790fc72f5074a7,11
1c7ae253804934fe,12
1c7d92fabb5b28e2,12
1cb8820a72713259,3
1cc5e3cb4f3edcd5,1
1ce90ac375a49d2d,12
1ceb3c2d4055379e,12
1cebcd5edf2159de,3
1cf2b0bd86f13daa,4
1cf574fb7edb0ff3,6
1cfc3d96fc01beec,3
1cffac1641d82f77,9
1d0396db564726f4,11
1d059c9023e013d0,6
1d242a60fc5e2b81,3
1d27a51452948e84,3
1d2a4e2aa2ea884e,10
1d31c100a935eadc,8
1d3c20827c195544,12
1d523032cff25027,5
1d5aec2b1380cece,10
1d5d22c9a7cb6e63,11
1d96fd80a25a31ac,12
1da291799300f98f,7
1da396f289e54796,12
1dac8f7285c4cb58,12
1db0ac2cb9607b85,3
1db1267d2d9fbda6,12
1dba0c450d67eef2,11
1dcbc97c1c7d5b22,3
1dcee21bf7de8cf0,3
1dda59c8c91a11fa,12
1ddf51cc59a6093c,12
1debb668a6e6acb2,5
1df964018bfec516,4
1e12dce7f4adeb74,12
1e42c29e96568f31,11
1e481fe5e03ea104,12
1e562638194ae1ab,3
1e57ef5e0b4f6a35,11
1e5d94b55b6251d7,9
1e659a4af49f122e,12
1e6b9a35affaa13b,3
1e82bfc73fd81b05,6
1e8ab5fbf63440cc,5
1e8ecaab65a821df,8
1e8ed3a27cc79110,4
1e92b42aafbf6454,12
1e988d79ad8fb4f1,3
1e9f2affd9d8f602,12
1e9f5b1571934998,12
1eaf7ce1a1c98721,3
1eb5b543db1d810c,7
1ebb8a9ce6c6714c,12
1ed11e91df8c5095,1
1ee4c30e0c3f5786,12
1ef3f18711ff7fff,3
1ef7552b7084b088,6
1f21212bc80b7336,4
1f3424075462e7f9,5
1f4864e79b5dd1bd,3
1f4d3b3deecd4eef,12
1f530e810545d274,13
1f6e04832754172b,12
1f76652730a1ba5b,7
1f76953cd0b97229,8
1f7e09c349f1f8ab,10
1f7e2136487a6fa5,4
1f8154d35e574cdc,12
1f83127240ac3400,1
1faa89154de98e8a,5
1fab359d7c2f1e3d,11
1fb5d86427aaa91b,12
1fbfe471496d48ad,9
1fcc92f31a522a19,12
1fccd17088e8f466,3
1fd4ad42a5062244,5
1fd9167aa049f99c,3
1fea3fc7cbbc9f15,12
1feaa080e6e3c7b6,3
1ff720832ab84c35,11
1ffd93886c5a1dcf,5
201a6b0dd306e05d,4
201cec8e801c39e6,1
202647eac956499f,4
2029e17ff46b412c,3
202f1aeb2bf12f5d,4
2057ab3fe7da619d,3
205c5343ecada5d7,3
205ebd67274d1915,12
206edb826846ab9a,4
2075e374f7a2646c,7
207991efe4bb74e3,3
208590d0309e4ead,3
209264789ea42c76,12
2097014e10be29ff,12
20aa375f8f84fe02,3
20abaaba09ca9c94,3
20b46de129457f40,4
20b5d9bafa0f4a21,8
20be0769e8b15235,6
20c173a17dec168c,11
20c34d9603ea4e18,5
20cd06e44efa6263,7
20d1bf8b263b982a,11
20d4c742e79537b9,6
20e7ee83344aae48,11
20e7fd8f8ff8c0ca,6
20e8c0480d65a600,7
20fba3a15b61826f,4
20fc0da57813a9dc,3
21045ec9849d1030,3
211a3e2f5df8b0e1,8
211e62a86c3b6e02,3
21301f395b7eb1a0,4
213a75585cb2b958,1
21410623ac79121a,3
2144cb9d6d353c98,12
2151246182aa45d7,3
2179b0806cc92a34,12
218a4bbea4a84386,12
218ffb6ec5c8ec81,4
21a0eab02c98ecdc,12
21b158c86845ccea,4
21b73e930caf0ace,5
21c5b7b641039baf,3
21d3b09c2f320664,12
21f15bca2a1ddc88,3
21f69b8a31732275,12
22002d8c2278a49a,3
2210a161d1b275f4,5
2216d62db2444be5,12
2219cef7d07c2ec0,12
223425d24ff05c1b,6
223457b4b79d2c82,12
22355d8d2dee16c8,12
22377f0bd17e3132,12
22443dd7aa8230dd,12
2269d0e9f61dd382,11
229b62467863ed75,6
22ac0a29e2d75391,3
22af1897036f4019,4
22c1d83898cb107e,12
22c27aaa8b054d44,3
22e03693c7d9e941,3
22e371fe1a048a60,7
22eb6a9ffacebedd,1
22ed7ade0b8cfcb1,3
2314179849fd6280,1
23158898bb7f3b68,3
2326dd2b1462ebf0,4
2331dfca2bed61d3,5
234af261e2ede149,12
234d30030b4c254a,6
2357924f2441366d,11
235ecb47694b10e1,12
2366c489d57b6dca,3
2382ca2f2210c68a,12
2395488fbf29d6ef,5
239a551d3d31bcac,12
23a00f01b9251f80,12
23b0cda6a4e15684,12
23b0fa072a0b583d,3
23ba5a2c542f718a,12
23c423c0976b7f84,6
23cdb9dc186f47ed,3
23d558bda12821e1,13
23d626469f933bf1,5
23d95ddbb354b3af,12
23da73051620f8aa,5
23e16e48ed15a0ec,3
23e90fcfeb0fff12,11
23f0a21e2ae6a043,3
2400d177e436567b,12
241556a1871df1b1,12
241f534455d97cdc,3
242a75d2d3518152,1
242abc4846e3677f,5
243b633dc1a3b793,3
24472e43e87b0f35,12
24517dd478ea1779,3
2454f4fe9d5ad15c,4
2455105dc26e6c9f,12
2456702b230ae621,6
246cdf7bde8af3fa,12
2489fbfa89c62b60,4
24a5901b4b1269d4,12
24ae5200255b3ceb,3
24b404daeab20aa6,10
24b77729c1730800,3
24c047983817453b,12
24c396bebb7af115,11
24c6e736dba2b8db,12
24d81f2215524b0f,11
24edf51d855bc7f2,8
24fbff31502da732,5
24fcbac2d523a7b0,4
251bb27288271855,1
2529a65b6b0f117a,4
2534c389991d6801,11
253666a1077cdfab,9
254284b35df783a3,12
2550f9c5cb093d8c,7
2553f38153245a58,7
255433d042447258,5
255b881a3b4f45ee,3
2566e931aee67c16,7
256778b6423ad0a6,6
256c2e9e0771f1a9,3
256fc6b9d80b1f04,1
2582b7555155fdb9,12
25884fc2d3b0aa17,12
258fa3d1999d64c5,12
259623e3ca05bc7b,3
25b42b6ffec7e3c0,3
25b6ca8149126b37,12
25ba2b5d75ef05cc,7
25c1d817a1ec1689,12
25cb26725d29bcc6,5
25e2505eb26659a7,12
25e56a913303bdfa,12
25e7d7fc2b824179,3
25eb551ce68784b7,12
25ee419463051a9d,12
26031129bb0a8862,1
260426cb726e6eb4,3
2616c34e1cc01e3a,6
261952967d66f805,7
2628708d79dcca46,12
2637e05e59d098be,12
26427c5d3db8da15,11
2644af7f4491010a,5
2655ce04c4bb165b,9
265d50a2b0f58d6c,12
265dbd27070d43a2,12
266466b179daca67,3
267a0001334d1637,6
267b1a943008a406,12
2694ef505861aaaa,11
269a3ac2e878fdfe,12
26a6df3402bbfe2d,3
26bd4513f898327a,6
26bd90317bcf4016,1
26d10083127cd6c3,8
26ece7e74a770152,12
271321c2f2a08f74,7
27216bf1487b0ff7,3
27234a7709ae1ff6,5
2729f4d940313786,11
274fede2df000e4e,12
27564dc06e6aa095,6
2759bf5a77a5aacf,4
275a880fb43de1df,12
276bde62aa3511b6,3
277cbc8dee02f8ee,3
278aa8aa53707191,14
2792f43a21aed176,9
27a15daea3d47f68,12
27a5e6541b1d9d4e,12
27b465cc4441fa62,11
27b98ba66e73b399,3
27bfcefcec323f57,6
27c1673c2eeef584,4
27d7453e3e9eaa02,4
27d7e9388fa16de7,3
27d8f92890030821,4
27e2070decc0ef1f,8
27e6c5b8440c9ec6,12
27ebfa07b9347f8b,12
27ed933419256341,1
280040c83afab1f6,7
2810c27d0d6d5de7,4
283417dca2501bf2,3
2838b345163b10eb,6
28440c9ce590ad38,12
2845783c79e547b1,11
284b8cfc6285b812,3
284e156793e50ad6,12
2851421f337cc697,3
2876da5f1dee2eee,3
287730e56004aa26,3
28786001e91ff1d5,4
288a19159f097c23,11
289080268b828b0f,11
2893c7ea1749b0e7,12
28982769c1375cb5,6
289a28bce5ab9006,12
28aaa8a2d886a473,7
28bb4c3f950de151,4
28c7ccd85fe3aa37,12
28cce982842ec68c,3
28ceafa35f45f23a,3
28d160b349e72cfb,1
28d5d5d0f45039ec,1
28d97d89727c9b4b,4
28dc27226ff56b5e,12
28e7bb10fee91d6a,3
28fa452b783f6db4,14
2901257225473404,6
2901b4c192ae392e,12
2924d2cb31614b98,3
292e30f3dae2f04e,7
2934c4acfed0c566,10
293625287fdc691a,7
2938c3b36c500636,7
293993999c034f2e,5
293b345593667c43,12
2948ee00a68946bd,3
2955d6a7d403ab0c,3
2957cfca9e2c628d,11
296c8788d3964285,3
296ce7daa84bcb56,10
2974076f8dcd0f97,12
297f4bc87dda1cb3,12
299bd7623df82297,1
29b2eac54a850134,5
29b93e9a1c1c56ac,5
29c42178cda2aafd,1
29d2b3b1d7a9abda,5
29d75cb80b307d66,7
29e9031d8fc97748,6
29ea6909970d6517,12
2a16bbc0a1898af7,5
2a1d7a1e1dede406,9
2a1ea205825e213a,4
2a2842b0c94a3e6f,4
2a2bf8ea762bcd31,7
2a318188f99206d4,5
2a34db24382e2213,12
2a57b7967e03eb7b,6
2a5879bcccb880f8,4
2a5b5826f3ad8e5e,9
2a635635b3cf280b,6
2a6911cb0824cb57,3
2a7341d8d2e38439,3
2a7847590e2afc93,7
2a7f01ea22cf294d,12
2a880970d749789f,12
2a894ba5a17b8521,12
2a8d50fc6a607578,3
2a8e8f82ebf0a3b1,11
2aa1118862c09580,3
2aa2cb71d3ffd189,6
2aa92f0799eb98aa,12
2abd555e41c5a5fe,1
2ac4533707e4b30d,7
2ac63180ac613d8d,6
2ac927c5a35173ea,7
2acadd74cd7d722c,12
2ad37e74e60edb89,7
2ad39bd2159a4222,5
2adc93d54170a524,11
2ae158a8eb4d8def,12
2b007bc0c508cf2f,4
2b04a61aa0e2eb67,4
2b0e6d0bd07672ee,12
2b1a87f7f27e7852,5
2b1b22b442d40c98,1
2b273d5940c10dfd,3
2b28c27a2a8fa9f1,4
2b3720965ad82434,12
2b4389c091a69f1c,8
2b557aeaa38f5473,5
2b5da93b8fcab1c2,3
2b6f928b18a0c411,1
2b88030726797905,12
2b8eb8cb95197a65,1
2b940aecd2ff02ae,6
2b942d7e7b9e3ed7,12
2b9e8f387e6bed49,6
2bad9017bf0fec00,12
2bce2252f1d25e3e,12
2bd166e4ca7a82f9,11
2bd54a435a1f1744,5
2bfcae94681569ad,3
2c0d4edbb6b2e6da,4
2c0dca68a92b72f4,9
2c17a770e2c691c3,6
2c2c13c90c673646,3
2c337caaef7fea26,12
2c38d2d817e498c1,6
2c4425f2a16db4b7,3
2c4b2ad6b1a82fa1,12
2c5e8fac4219abeb,8
2c619ae4a9d6a4ec,8
2c74cc5eaf8c6aeb,12
2c7b3c3886dbdb23,11
2c82552d26be01a3,8
2c8e5fe46cd59b4a,7
2c9ee56b3b2b24da,1
2ca53a3bc6b18475,6
2ca8e750a617a165,12
2caaea0b498a4e6b,6
2cb95318d8248f30,11
2cbaf5148a56c735,8
2cbcca9246e1cf82,7
2cd7887d57c72dca,1
2cd9bfb439283adc,4
2cdc72f2344a4b3b,5
2cf39a50d2c91cf1,4
2d0301f1ca6dae2b,3
2d0666517aa81514,6
2d0c2bd3d3821898,5
2d18e81ccb558b82,5
2d1f43d30c3ac611,11
2d2e06c6623423ca,7
2d3f3f245d6863b7,4
2d4493debe683ec2,11
2d479232ca0ff05d,3
2d7054918227a2b2,7
2d814c131a9f56f7,4
2d885fb72c0551bf,6
2d9c169df07b3114,7
2da1ef6e96be4168,3
2da360779b22e87d,12
2da4f4bbc5ca47af,7
2dabeb2b612923f8,5
2dc1d11d99f66173,5
2dc8a9eee0a3ac46,4
2dcc8ff64cdc6994,4
2de61a3604990438,13
2df1a53e04ebdaac,5
2e0627b42194d478,12
2e0679f852b7ec20,11
2e08a73e34be7332,12
2e091beddc2f62d7,11
2e10888888eee125,8
2e140ab183dfe790,4
2e1ccaaea77268eb,7
2e26f39cb9f59fcc,11
2e34711078d6ce99,13
2e3d31a17145a09e,3
2e3f03e80078d87e,4
2e52d022d1690d90,11
2e68aa7d6f817b51,12
2e90e15feaf4801d,7
2ea71b4d79929816,10
2eb5bbae7eeb7e50,11
2ebdc4c3b45aa4ba,12
2ebe7aac520479c5,12
2ecaddcb87a6d678,3
2ed19929e9b0b0e9,5
2ed34cd272892e21,4
2eded5caad362d31,12
2ee51e0a539f8f4c,12
2ef429bd5325d1f1,3
2efd257abaea4dc5,12
2f0a05612e68ef5e,3
2f1e602d3aa2c3b1,12
2f23d88962018d8d,3
2f2ebac95bf48544,3
2f349951670332cc,8
2f4502b58714fde6,12
2f491ecb7f325884,3
2f4d1e526d5916bf,3
2f55972011322dcc,7
2f699225faa94eb0,7
2f70aac882e0d750,4
2f726af4a872d518,12
2f7556b13f189c70,6
2f856e01cad09938,5
2f92272d1b69fd18,9
2f969d6a527ec279,3
2f99f585531f8c27,5
2fd660de04693535,12
2fd789828d01d496,3
2fd7f91af0eae92f,9
2fe489c8ac12d26a,4
2ff79de17c8f19ec,3
2ff834e767245ba9,11
3008ebf516c32f17,6
300b8f08f09dd885,12
300c7154584999f7,6
301b30f34b24604f,2
303118142f2959fc,1
303a8b5e6d457c30,3
303f9b408033b804,10
3067276d793a78c9,12
307de5cc05ac36d4,4
308057300d76d6fc,7
308a889f6921d648,6
3094837b221f1439,5
3098cd34b369f471,1
30a3e2f26b1b367b,8
30cf1d93a0525239,12
30df3c42d1b525f9,12
30fb99c3c0546573,3
310198956ba947fa,7
310e40e23b9cad92,8
311c977518adf750,4
312493e4d4947384,6
3125d82c2889bb2d,13
313977b905b4c012,12
3139c6e80f378bab,4
313f2d6fd23b993f,6
3153914f439f6d48,12
3155da603d673f45,5
31683b80877ae889,7
316bb77cf8e64ea4,4
3172a30badc5b15c,3
31941373af78d91a,12
319a3f09411843a4,5
31a22335ecff0fba,7
31a2c60c866c4aac,4
31a7e74a3cfe19b5,8
31c5732746c29d9c,3
31c6304512d846c2,1
31cfb292ccc2eb32,12
31d22a61951643cc,12
31e3ebbb4f6409ec,3
31e578ea2ee95a5d,6
31f8fff5149c82ab,11
321adb76c3464d78,6
321da45cdcb3da60,10
322bc0e722959011,3
322d77bce1526cff,5
323ca1e8e3c66d47,3
323e16111ce2eb53,12
324cc1212d8c5f3b,12
324f4c2e54e5cb52,12
32514caf9c7a263e,12
325680b97a27a7ed,12
325c3bee908840e7,9
3261eec41095f57f,12
32722f5dd5b8bc1c,3
3275c2784707ea71,14
327e283209f5d82f,12
32a1f4ef67ddf8af,6
32b271d636a8ad6c,6
32d06c0a7688e805,6
331b25fede4fd38c,6
33312a04dd2bf750,5
334297cda65693c6,6
3342d5c53ec6dbc7,3
3344d70fe389bf02,5
334c8fa45fe0a995,12
335d3dd641a0f9d9,7
3372bbc024627f2a,3
337a8e660b655d26,12
337ea1a5f910998b,12
33802ace9e4f2933,1
33808ce0dbcd554a,6
3389b88fa9356ad2,3
339332dad053c69f,4
339aaef44c3ba2fd,11
33a372a40850996a,3
33a41b05d83663dc,5
33b23a1fbd6446ad,4
33c1da00b139eba7,12
33d0af1ffc07fa11,5
33d30e01dcbc7a85,9
33d9ed61e9ef2c07,5
33e4d3aa6db633b3,4
33ef697741d73373,11
33fc35cd9c465327,6
3407ae2113f48211,3
3409e15572e28508,5
340de761eaf90cfa,12
3422dd8183076523,8
342abd845b920ac8,3
342cab684d590a9b,12
3439c49caec6c1c7,9
343b883fced2d2fd,11
344324e4ec380017,3
3444889bc66af674,9
344ef567a45f8150,3
3463d2c927aadb4e,5
34662a7f16708548,11
346b10aa393a698a,3
347060299f2fd834,10
3475d4e5e920b257,3
347bfafc700e639a,4
348aba08cb696e3c,4
349387470fda8e7b,11
34970e7081b9a670,3
3497238aadade9c0,3
34a5e5f384461f2c,12
34de8fa1c3204fec,5
34df1fd4321e7760,3
34efe142668de355,4
35059b098ebe668d,3
3506de16078c2f49,9
3516eb93b5a47ae4,11
35275a45e24890bf,12
352a286be93285fa,12
353d33cce2d65553,6
3547a4f93fe75413,4
3558b6c79c7bd44a,11
355a955cbb530e04,12
355c2cc6f9b4191b,6
35749f97cb45d4f8,1
357a0ee83e1151db,5
357b59f9f11cb481,3
358c8e3415a35c75,4
359806cbe5c8e881,4
3598ea44b930f888,3
359e465d16529773,6
35a901640294684a,4
35adc8580280ee0d,12
35af0bac0f1bb554,7
35b9aec32570e0c9,12
35bc49c596018808,11
35c7041e1cdfec15,4
35c81eb0d82eeecd,11
35fb450a46d63c40,12
3614c490b5e62a5c,5
3627afa670fb276c,3
36322960ad97aedd,4
3634377ed65fb88c,11
3635e765363e68e6,6
365617c1a9d63aed,12
365b489f3d5463b5,4
3660a5b117964d68,8
3668f3038d6026ad,4
366bf3c4576d426c,11
3670f1ccf6119074,11
3693fcbe5ab9d6fd,5
36961b5b1167c10a,3
36adbdbc3dbc4765,7
36be84c67679feaf,7
36bff85eebafbb37,12
36c83c8c06600f69,3
36d4003e44418df5,3
36e7a0598ee255d1,11
36e8e3accc7c7d9d,12
36efc41f7e8946d3,3
36f615a2069885cd,3
36f7600f3a6708cb,7
36ff96c908d6d2b2,3
370b9db331a425a4,7
371e61373b5f7465,12
372a8f16eb8d3c2e,5
37325332879b03de,3
373aedea53a684e7,12
373d642f14332ede,12
3741ee8c1430cee0,3
374af2899938068b,6
3754ed2ef960c879,3
3757767720bf2bdc,3
375915362e1edf96,6
375a97db86419344,12
376a5a7f967b64c6,9
376d1a6b2d090714,3
377313604a8d46e4,8
3775e6a89b4297db,7
37792c2fb2af085a,3
3786b615bc59891e,6
3788666015bfb29e,7
37887d829b0842c6,3
3796a12e22456104,12
37a0c5d147eb6817,12
37a3868d9fd14b05,3
37a960bc7eed2049,6
37b9f76d741722e2,12
37c3ca169b0dfadb,1
37c42315b12f9000,8
37e287f7c949e42d,12
37f839c1ba2d2be7,4
37fc44d2d492e07b,11
38001737493daae6,3
3803e4f133ef75e4,7
38061712cb42d6fb,7
38089fe00017daac,6
380f54d369be3035,3
381b9865a04414cb,12
381e35fdfd096530,5
38248d2afba6fb3b,4
382b54262522a9cc,3
38315e7eb1158f1e,5
38363ca2170eccec,6
383a387a7a2df822,3
383cc9c0dbacc362,6
383da8168ac83d25,6
3846cd05c4efbe2f,12
384d79203ebbe6a8,11
385d16e33840010d,5
385f4de90ba4aaf2,12
38640d9277167fe2,4
3870d777cae3c964,8
3873a1c83339f1c7,4
3878fb68e2c20baa,11
387c73b9c47490bb,1
38879ff2ae8f4963,6
3895574880121e64,3
38a81c81b29f3e79,3
38b6a2c17fda549e,12
38bb425c0055a6b0,12
38bd9f3440a935f3,10
38d81a3bd4ce4ddb,11
38d89629e4c03067,3
390c095ae3b05da8,12
390f5ea469434919,12
392bbea1bdd17a0b,4
39379155eab96919,12
394b2cd01bbae470,8
394f7f4d15e1272a,3
3953d47de7e67988,11
39551df2850a6cd7,4
395c0a25ed646d38,4
395f4e041419ffef,3
396a385aacc5cc6d,4
396ddfadad626a50,5
39716692d26bcb0b,3
397201b689a4cefc,6
39786e94cfccde00,5
3980150a3038e846,3
3982057fd897ba36,4
398edef0928f5768,3
39942be358009962,12
3999ba706c64c5c4,8
399a65a32e03a91d,12
399aebb73fdd5350,4
39ab989f7e9473bb,3
39b11771f2af6a86,3
39b29cdb36cd2c95,3
39b5657ffa066d4b,3
39c4d50c1a7bd385,6
39d5ad4cf97311d9,5
39d88688b164fb46,12
39e4f84577d56be4,8
39e72104a9840420,3
39eeb5b6bd120c9e,1
39f09bd38c18ec3d,3
39fa34f99ee33864,3
3a09891df06c0926,3
3a0a2b67d343f62e,7
3a14011cba25f684,12
3a1f29a4f4983bce,6
3a2261f5211c2267,4
3a255d34d0e3e82f,6
3a25b4bb74ecc5e1,3
3a25bf793a711bd3,3
3a34be34b7fadfd0,5
3a4eec4c9af3f604,8
3a77303a2266ffda,12
3a84fb0d22f02766,3
3a897e4a3a8cc7fe,8
3a8ca44b2b249c88,12
3a8d10c653bba062,3
3a9e3501b0e988e3,6
3aa30dc5afcb3b14,6
3aa7b8ea214fe089,12
3aacf583ac37e104,3
3ac3bce73e3cf366,4
3ad4d9f400667cb1,4
3ad4ead0e971a607,5
3adb7438d94460a2,6
3add3155879b75ad,7
3af2963546a4f5e3,4
3afda0896aa72ae7,3
3b16319ceb27dc51,4
3b228de678958b3b,3
3b3be52ffbb63023,3
3b3cb0779eb1c618,5
3b3ec28d8a954f74,12
3b3f12171297ae0e,10
3b412d3927f7ba71,12
3b488eba97e05762,11
3b48a070a4945daf,6
3b499d4897dfd964,3
3b4b35597ff13ef0,3
3b4e81189279db3d,12
3b52a4d01f7601d3,12
3b54548a25e7a97d,5
3b5d709435c90b23,4
3b612ec2290ae6df,11
3b6132f9039ca49c,3
3b66528e86cb8dd8,4
3b72ba610d1b9c07,12
3b7625d1563cb3a9,3
3b7f88eb70ba04f3,1
3b808e7f639e03f4,12
3b9383d7e565f78e,3
3b9feabfc0867369,12
3ba35101ad20f340,4
3bb518fb0dba6d47,4
3bc9e0beeada68ae,1
3be3520e08e5d4b5,11
3be5c60c088e5b57,3
3be7930d2c3de364,3
3be985f98db660a9,2
3bf10580868282f5,8
3bf5904e188263a7,11
3c023c96aade78fd,5
3c120a41cc5aac59,7
3c1212dc9a752aa1,1
3c17f0147c39dbc4,3
3c1b748e24f4b156,4
3c26711349d3347e,11
3c2bc35c69233b91,7
3c42349ddd75019e,10
3c4c3057ca1235a6,6
3c50e5e72a39de43,7
3c55acfa679986eb,8
3c5d8aab275dc73a,4
3c8498848be5ad3a,12
3c8b50dc1275ebcb,11
3c950e0940225b10,7
3c970526affb2b99,12
3c991d460b7c7dee,3
3c99664b64a2e6c7,12
3ca269f644cee375,3
3cc24b718591d730,12
3cdd94ca538bbd24,12
3cde959ad2066bcf,4
3ce50c17abdcdf7b,3
3d0ce165de6e7021,12
3d1c72d3807b02eb,11
3d1ec88ad9a022a7,8
3d296e1f6f0c0cb4,3
3d29cb4a3bb77699,3
3d3994934852302e,4
3d3e91d8cdc2c7f2,6
3d464e4e611cea87,3
3d46f5f787709b24,9
3d49ff5b6bf35c04,12
3d4c090749a9aeb7,3
3d5ffcbcb6759fb9,3
3d7454ebe5d9886e,12
3d7f493ab06ecead,8
3d856ac5ad7db40b,3
3d8de4efe9e3fc60,8
3d8f1cbecc671576,3
3d919b019ee2db6a,12
3d997a99bc93fc85,10
3db469158fde243e,12
3dcd72cc5049b30f,3
3ddb8a47b54f3ada,11
3ddbbdcc8b074c1a,5
3de733a1ecaecaa4,3
3e0573bc367a69af,1
3e07696825493ec0,7
3e15404bf5470e0a,12
3e2bb215daa9524f,11
3e2bdcfd58453bd6,4
3e2c004aa1e088f6,6
3e2ced6da6fcd190,12
3e2ec50fc532a832,4
3e3076a5200e92d2,12
3e33ebe359705a22,7
3e40ab7eb690a598,4
3e41db7ec12bd5fb,12
3e44d858c33ab34b,12
3e4749337b72dec7,12
3e48e31ca5961b69,3
3e63937f95207849,11
3e6673a37316829e,12
3e6a3a4b5d254f5d,3
3e6f90153700f1a7,12
3e90463df55fb8fa,11
3eb06712d36443bb,8
3eb14c3e8936c354,3
3eb7e6c2dd17bd7c,3
3eb913fba372d7e9,4
3eb9b04f63eac4ce,12
3ec04db954395a1a,10
3ecd823847e56556,1
3ed78a023469029d,12
3ede444ae1f1ebae,3
3edfac4f7d9921df,3
3ef1c8ddb9df7891,12
3f1bd0f71b07feef,12
3f2ba4861f7dd348,6
3f34715ae22f74b5,3
3f39f77ca3993628,6
3f3e6872be49c9be,6
3f4628a15d602856,6
3f464c617cb90ab5,7
3f465d03521c6f7e,4
3f54e9adaf3896f7,11
3f5ea8e28304325d,6
3f63bcc60092efa1,7
3f68ad344822b12b,3
3f767314228c4e34,6
3f7a29b797744f41,7
3f85fb5340735855,7
3f9a5690e7d2f66d,6
3f9ae1008196b11b,3
3fa21cfb7f23f571,3
3fbb7faac49e8c2e,12
3fbc1f38a67e443c,6
3fc12922cb23cbd4,6
3fc3145175ef1d76,7
3fc4f922d7649cb9,11
3fe891cbf971031c,14
3ff12ec314606d10,4
3ffd6d2030611088,3
4008ea998819ae09,3
40258ffb522abf1f,13
40272133ed5d89e8,4
403c23783ff86e7e,12
40446d5bc3c7553f,11
4044d64e960e952c,6
40635bea8b2cfc02,11
4064687282309b51,3
40729e51cf8fb918,1
4072c585955f0130,8
4073f9412655b119,7
4089d1469272a8da,12
40900312117d432b,12
40b694abcf6e6554,4
40b8d95913981063,2
40c697281db6f429,5
40cec881502f6cd7,12
40da177d9cb5a4aa,11
40f89382a2645cda,5
4108dd9a1e6b46e3,7
41121ef6d0c98b16,3
41176ed7523861bd,3
4117cea4e6f305c4,12
411a871544bb9c08,3
411b3b4a3765f26d,5
411d216f9b9e039e,5
411fbed1b5625262,12
41306b33b56dad01,3
41344546b93a2baf,1
414d17c5b71458ae,12
41500c197a76c433,11
415014747c626418,6
4151201214ffd6be,6
4160b4a9019dd35c,12
418dee24cd30f54b,9
419b6b061b76532a,3
41b04ae7cadb1c5a,3
41bd66156416ef83,11
41d4041b29993c03,4
41d7491f5be84246,6
41de01d3ef5eea26,5
41e2ac6335aac163,3
41e3a7ff084893a3,6
41f0dfde05ebce00,6
41f638cb94cf33de,12
41ff3ab65df3079c,4
4202bd0b278a6634,3
42137748cf3d6dac,4
421537eba9b91c9d,14
421f94337b6b18ac,12
423a269a8d707be4,3
42530b2cffffac05,6
4258c43e46aee085,4
425990b94dcaec27,8
425c8c20899c4976,12
425d34fa60942f84,3
425d52392f1aea27,3
42684d8797593b87,12
426a3cfdf8a77980,4
427033d2e3b1f1ab,3
427c093dbca9ee4f,12
428875b9bd612f7c,3
429cb74843a4b2ea,6
42ba0b787baf2644,3
42c5b5ed5252c5a8,4
42c955751e620078,7
42d112086a48dcdc,11
42d3089497bb1021,5
42d402e5c60e21cc,6
42e78dc91f0ead9c,3
42fb5b18eac1c0f3,12
4301ebc1d2703ea1,9
430ba7e9a1d69b8a,11
431ff861ca815efb,7
432365fd1ea8d70d,12
4326e41778ff1dcf,3
432eb8ae55898de1,3
433605855dabde63,5
433c5a02ed0572d9,4
43523aac448b0771,5
4357b30cc49dd9b5,12
437a11d5d0e8715b,5
4382e992dfbe6ef1,7
4391a21a3f6f858f,3
439bce1fdb6af509,5
439cb0931d481efd,12
43a060edef4b56ad,12
43a2a52aa3e827cd,12
43c494ad4bc650f8,6
43e98a6d1ca8f86a,6
43ebce38ecd5860c,4
43f28b7a32e2aa4a,5
43f50f8cab3cb350,12
43f8c376dfce77fd,3
43fd4c4b0fc843b3,12
43ffdc4e17e9e772,7
44017bb306d601b7,6
440929d808e810b6,11
440dd8c9df0f8c4e,5
440e1082130dda3a,4
441ef056ef5a417b,5
4433d9a4e17a0e96,12
443dde82f4d69b85,11
444a770041b65042,4
44505893f8f66213,11
4456a0abaf0bc511,9
445f2a5ebced3627,11
4472bc782a932c28,6
447ccf5fafde0ffa,4
449224695d743063,2
44961296dba6c3f0,7
449bba69b106e885,11
44a654531c6a44da,3
44b90bea5ff4fd9a,3
44be01b65b59334b,12
44c658f0574739d8,10
44d4e2570e3e2c62,8
44d6dde2e321d338,7
44d7aeb950f95130,4
44e3e655dfddcef1,5
44ecf93026da0e4a,12
450176be78016304,3
45049a336392ac19,14
450c20781f720955,9
451fc942e7229506,5
4524d15d7bcadcfc,12
452f9c615ea40e3e,12
4544cb6242398662,3
45473ccaaa8bab1b,12
45569cb16f260e1f,4
45575f71f4c5ba72,7
455ac968bf2970ab,12
455d5d8402af267c,3
456651be02d9a20e,7
456dffccd1f90aef,12
45725f695babf543,3
4589082ee58ba34c,7
45a15a72890819e3,3
45d5d1704c664f94,6
45ec73881b91c84d,4
45f8eeb04b8f9db5,6
4606306513a31768,7
4610e949efc8e30f,4
46177389d9eea02d,4
462320d2a14bb338,12
4626605d44cee3c8,8
4632c75123221070,6
4657f8c52db53085,11
465df4945c7f27f7,11
466234621f452838,9
46635ad2d1e35849,12
466942cc3daff231,3
466e8f1a3153c19f,6
46799606d02da3bf,3
4689e679d88a5493,12
46aea4ae1154d710,8
46b9cf39f69d3977,8
46d943041083429c,3
46ecccf247df0285,12
46f450420ded5294,3
47028ab88ff3225c,12
470e3a551c5b460e,6
471862d27d6adbfe,7
471dcfa95cd822f9,12
473523c9ab9798d4,3
473ac9bd127fe99f,4
475d979ffa57172c,5
475eec20c5733eb7,3
476d2451425f499c,12
4772503cb4b74040,5
47750fad503058d3,3
4777f05e7f424b05,12
478948ce24140ca9,12
4789d48322cf16ed,7
479e126f3b3012e2,12
479fb717fed678d7,3
47a284aa71e9649c,5
47a8e6c20b1bd7ed,12
47afccf10cb864da,3
47b4af1348341ae1,12
47cf035f080ec841,3
47d5d1dc094aafc3,3
47e7814bd6fa78e6,12
47eaa64f49432063,6
47ed1ec8ec08363c,11
47fddb99854ef034,8
48058d503133108a,11
4820ba3a7b27e53b,12
4827fbc6542112ae,3
48284cffd5d18dfe,4
483d5e5b69e8d870,3
48471b0ba7fd17e8,4
484b4160f32bdb0d,6
4851a1cf8ee29c8c,4
4875bdb6042831b6,5
487a42cc1ce1d89d,11
489465195c280cd5,9
489af0a45fea6266,12
48a43c02e83663d4,4
48a8e746a315fad7,4
48b469208f596a28,3
48d96696d4042dc4,5
48dc5a4189f337db,8
48f11ecfa311b88e,12
48f3d4a6ac6666eb,4
48f7d7371a7c795d,12
491f43df065839c9,3
4938cd75257bbc95,6
493e2618e4d9582d,3
4950718208cb9931,3
49550be55f47e7f5,5
49595684ae790848,3
49658c443d226c73,12
4996e4439a6b04d9,6
49ad9ad433203eaa,11
49bc5ff707ff43a5,6
49cbc73afde2602c,3
49da4956d998b317,12
49da715e03068574,3
49f491e8a821baa1,6
49f74d0e58c252f1,12
4a10ce2d1bafc42c,12
4a11903b3656f46e,4
4a261ede811b381d,8
4a3afba136315180,11
4a41c2600bc680c9,7
4a5642b8e880405a,12
4a583c0e6b0db8c4,12
4a7a1314e16f9b44,3
4a7b3aa368cd3248,6
4a82bdd647839b10,12
4a88c34168820a45,4
4a8975c30a4b58a3,7
4a926d732f57bed2,12
4ad0e07b153553af,3
4af25408c1928730,3
4b06bbb532919741,12
4b1190809addff80,9
4b14644e8c189b93,6
4b23662fa467c530,4
4b258f3c8a578836,12
4b26c164248be7e9,2
4b2998625e49bc5d,3
4b53fa04cd444069,7
4b54a20025d584f2,7
4b59c9a8d03800c3,8
4b6cc32278b34694,12
4b8ba3f9e23e7909,12
4b9595b48937731a,6
4bb36587702f8246,4
4bb504ec3b87952f,6
4bbf8691c06bc39d,3
4bca783d580af584,8
4bcfb687409fbf8b,12
4bef310a88438456,12
4bfc258b5536cd73,11
4c069b37fba59743,6
4c0cdb1f3204237d,3
4c0f377f4f63dd94,3
4c181954cae762c5,12
4c251f00b2130289,4
4c3f696ee3380de4,4
4c417e2de217a348,5
4c4ee8fcfd5abffb,12
4c550e2fb13a9159,12
4c579697b1261519,5
4c862c62e69dac5c,6
4c99511e850afb91,12
4cab699a32595fb2,4
4cb092dc142b2c31,3
4cc19f8f52462e29,7
4cc38f0884739a86,10
4cc3ed530aa01c63,3
4cca8b105b8de34c,8
4ccc986eebf3f876,11
4cccfd76c01965b1,7
4ccd0f37e35b5498,12
4ccd94a508af1f73,3
4cd1fc9939f4d865,11
4cd345eb37b0dbde,3
4ce55d04d6156312,4
4cea07b15ec7ab84,3
4cfbdee469152622,3
4d0f19931712e172,3
4d14b7e137146970,7
4d273d2d0e1b1d47,3
4d2f660a23891b6a,4
4d35cdf330483f67,7
4d5b73200952c771,3
4d722d37519a488c,12
4d7651d0f7aa7533,6
4d7d619c858233b7,12
4d82851f4a404469,4
4d9486895970b509,4
4db4c85b97ea42ce,3
4dbc741a645ebe7c,3
4dbd9c10449856bb,7
4dcb234c8e668f21,12
4dee3b9215f10e88,7
4def0e1ce65b161e,3
4df9ac6ff01ef8a9,3
4dfb382d85620a20,6
4dfbe37bae71216d,4
4e00475f5509efed,8
4e15b18c2dc275b6,6
4e26ca2ba64aed8a,3
4e3555875b712db8,6
4e44b5d7e3e6c6c8,4
4e4893f026ce254a,4
4e5a2583dcf6b78b,1
4e79591de987b1ec,3
4e7f3eca37b75fca,4
4e81a7b73b239d4e,4
4e9a8f64466aa9d0,12
4ea9134ff8928a63,3
4eb1f6cc527a9adf,5
4eb2475b21f9757d,6
4eb3d175c1592d82,5
4ec4dccd30c576d9,6
4ec8a87312803fb5,12
4ecf2718588b7b92,3
4ed4994aa1af848d,5
4eda1c8443b5e1d0,5
4edfe3b67dc62cdf,3
4ee507b06f401fac,14
4eeb6319e04f667c,6
4eefb900fbfdff19,12
4ef0fd2ef7ca9a78,5
4ef9da18118bf521,12
4effb76ba1bdb0aa,11
4f14807baa754fe2,12
4f259dd8704973fa,7
4f2efffe8956cde2,12
4f330919cd41abfa,8
4f3734b99e5477db,4
4f3f08e05f704719,12
4f4ad906baf03bbd,12
4f4be17ee114a816,3
4f4e5f89320d3338,4
4f693b7ab782da2c,12
4f6c8f4e8d14a8d7,6
4f76f5cd4fb2c650,12
4f7e3a0b59d7a48e,12
4f8b39cb9c09ba7d,6
4f8be8ec95e81cb6,3
4f9a294a23a544d6,11
4f9f07f1c29f939f,5
4fa060b0d0050d18,6
4fa94940212e4d10,5
4fac3271bb7be83c,8
4fb13c5e1f0ea84b,4
4fb2ab9d0a255465,12
4fc59a269a7a69ed,6
4fc9ecbab53d87f4,14
4fd02436a491c76b,5
4fd2110034771daa,4
4fd61b6fe20564ba,12
4fe6f0c1b415dfd3,3
4febfaafd4543b95,3
4ff5064223b56352,7
4ff5251e74513ad9,4
4fff6b5c0ff0f6d0,12
500418411d5574c0,3
501347b801cf5740,4
50174975f6ffc1b3,1
501cf511382e226c,8
501e29f199d4ffd2,3
502c909dac1e9eff,5
5033b1ccc53f6951,12
5036e2f3c980739c,4
503f741e1427fff7,12
504582f8cf242a35,3
50511a8f6e193328,11
505dd6795039c5da,8
505dfd39a44244ac,5
507d7b16c74348cb,4
508515494fa16fa9,11
50975f1baad2f16a,3
509797cffed7754d,6
5099acc1a2185913,8
50a06d060ec865f1,3
50a5f471b50711e9,7
50ab56a556f23405,4
50b9e64ec1b4398c,4
50c237231d33d330,12
50dc4c9388607673,3
50df906c1174031c,12
50f04019efcfc31f,3
5101c647c57fbff0,4
51183ebb75773f9f,4
511ef84cfcbb262d,5
51314497d9e4be01,7
513dbb9aa92311be,3
5161aa37dc37eb96,12
517da4e987e4467e,7
51874a01fbb514c4,3
518ae4cfe6139d40,7
5191531a154d54c4,6
519dc0b8a7a9b351,12
51a04796e3ff19f9,12
51a3a05ba3c05296,10
51a94ed41ad868d2,10
51abf4693af1cc2e,11
51b1eb7007ed975c,3
51c0c5bbc8040c6e,12
51cbb34910bb9c30,5
51d927411d2695d0,12
51eb36edf368b8c3,12
520691fa35319ea7,8
521234408c6da2fd,3
5212c92e734a3747,12
521b4ad01a72b8f4,7
521b65036994bd2d,8
522752651761d1b3,12
52571561d313ea77,12
525f2a44706687d3,3
5266e66a20e92b21,3
526bb67af7502ba5,3
527b508d9ecdd934,6
527b570bb0999a33,5
527efda38e5dea6b,6
528045c4257b8c8b,12
5281d3f524560f37,12
529f75ec3f8a8380,4
52b44d5040f13974,9
52c74c7602fc9e35,3
52c7bd6573d384eb,1
52edf0991d7bf733,12
52f2a857604e6500,6
52f48b63ca711845,10
53226ff721e65643,9
53266f5c926a80bf,3
532858ee8d77feeb,6
532cfead6f65f20f,14
532ef58b70d30354,4
532f08fefccfed9e,3
5341a49bbf3468f8,1
534c79f1fffbb0cf,3
535ddc9127322072,4
53855e86aa1f5d72,3
5389eaca51dc93f5,12
539fe72587f681b6,6
53c1f10fd68db8ab,4
53c2e467a1d457e4,12
53d16d11fb91d6ba,6
53d8ba5724f26860,12
53e027a4d1ce776a,6
5401de6c0fa25e20,6
54117d957aaca452,12
5417fee179052768,3
541c14b22ddb9286,6
541fb5ba7b495cdb,4
542df2bb5691d242,3
54464c0693164ef5,12
5449381ce6e0a88d,12
545c2ddb7096ffcf,4
5464ead3f9eacdcf,3
547126669192329e,6
54796403f1ad7a36,5
548002cd373aed1f,3
5484032cf3d4ea39,4
54852c7ab89c1ac4,6
54903b9f4243e1e2,3
549149e3f5abb442,3
5492f7fac9ec3da7,3
54a196f6c936a3fd,12
54b2e66d87f103c8,4
54b51defb9664406,6
54c3dfbb9557bc1d,1
54c6674646920848,6
54ca8072d042bc02,12
54d150bd1e5c93bb,4
54d6c61fb234beed,11
54eaab7c4df6c43e,12
54ec1ccf237cf08a,12
54f07b83966be96e,3
55087f9cb75fe08b,4
550af922093fa99b,12
5514c59a92cb8b90,3
55209f226b89e28d,2
552709d49867c259,3
552f75d2f3146ef7,7
552f9d762b05c507,12
555dab16a032713a,9
55689ca596078f03,5
556b231fc5bef048,3
556d6a6954d91369,6
557524cad81ad5a9,3
5581af4b9e3b08f9,5
558cfaf06f6cd26a,6
55a52fc060e6f9f3,4
55abc47978dc647a,6
55e308fff9acb2db,1
55edbb1b6aaf29df,11
55f113048bcf3a53,7
55f53e81c76ba2cf,3
56040969a844ca57,12
560ed743e778de02,12
5618c97ff7524885,3
562676d70235e930,4
56268fc1a46ef2c1,4
56283d0a552545b9,5
563950a8f644040b,6
56466d678714d1c3,5
564f503343a42c05,12
565976f18430274a,10
5665f3a6f843cae0,3
5671bc1c099f08d5,6
567223907b5a7f20,12
5676d913890ee7b5,6
567a9b4b61df08b5,4
56b7ca774fcf14bb,12
56beb6752be60d0e,4
56cf5bb6a34ee47a,8
56d493e39daba294,5
56ec8a47cc88279e,1
56ed3880c4f90760,11
57024b99d12322cc,11
570765e01337a95e,4
572aa4e7d3e1a23e,5
572b8a67a74a6d1f,3
5731e868a827b9d2,7
5737429d85ed4c14,4
573a15213fbfbf93,5
5759b3d4c661d9a9,12
575afb14568f9d67,6
57843f5f312b269a,7
578a686fd3e7ca2a,6
5790a4d5b63b6456,3
57a6d4ff0cf16737,8
57a9ae5b67b6b41f,6
57ae1dd2fc8be559,4
57b2afee213c8855,9
57ddf1c61dc011db,9
57df1587aa9fca75,6
57e1efaeeb8b0eb8,9
57f2508cc560b344,6
57f7792ff429c602,6
57fbd9fb69103f3e,11
5802baa5d659b471,1
5833fbee77bbf0fd,11
584366025ab9c818,7
5848e6e6afa2cff4,3
585ceffe3e7f51f6,12
58622800aa847cd6,6
5866f6e738c28f89,3
5868acc94cd3b217,11
586ba64ca16a416d,12
586dff439711f51f,3
587605337ebfeb8a,3
5879396ecc4f87b2,3
5880977afe9a9a0f,6
5882729159f86778,3
588dea0461b838d1,10
58944850f1381493,4
589abef8596119c1,6
589b8684f9eed5ab,3
58a540a85ac6067e,8
58ae63f61de3cd68,2
58b2ade2747cfebd,12
58b5859fcd433848,12
58b92b81cbc9b1e5,3
58b9dd09a665cc2c,10
58bac01f92184fdc,3
58cb6e04ada0e893,14
58ccdb23cfee629d,4
58e34865a1185174,12
58ec04bc20afb509,9
58f0dc61a1af812c,4
5907adc16bb65155,3
59232561d874331d,4
593578b24ef5a066,6
595cd0145fad183b,3
595e9f09a7ca333e,7
5968dc733b6705cd,3
59702d047df3aaa2,6
5978353dd88db5b0,11
597a75173225bc77,12
598273eeaecd1133,6
5984e56ae3bb5eb6,11
598be2efb92be1c4,3
598ca7a2f91599cf,6
599822d5d382b4c8,12
599bf2af958fc0f5,4
59a23d2fd1564903,4
59ac1db8c9ab5670,12
59adf01f9a94b54b,12
59b224a4faef7c65,6
59bd537e02794a56,4
59c22c3feea7a84e,9
59cebcd5e23bda31,4
59dc7113691fecd4,3
59e782c9a8f9fc55,4
5a0de7d79770c8bc,8
5a0e48a1ed1c9350,12
5a0e7942610a93a9,2
5a0ff53a4cff7d41,12
5a273a2b86685824,5
5a32397d042e64c3,4
5a344302a0675e9a,3
5a362f3a914d0ca6,6
5a4a05bdbfb1a6e2,4
5a4aa71fad3adec5,11
5a5544d814851003,3
5a57475856add777,3
5a64e4d1fe328ce5,6
5a711234e7ab45c2,3
5a73a1fe065b9ada,6
5a91d1ee10f494e5,3
5a941c4a416a4db1,4
5a9aba27b19e473f,11
5a9e83d6e5d7e71f,12
5aa2b66c5e6d5c0a,3
5aac638dc956f474,3
5ada10fd5eb8c408,3
5adf607d32731a92,6
5ae67a7a9c2a88d1,6
5af020891960a319,3
5af47582ebf075b3,11
5af7eea3050226c5,12
5af8d594dbe64034,3
5b0aa29904005ff3,7
5b2795ac15de5b87,6
5b2a8b8c053091cf,6
5b339afe0d7650de,5
5b3cbf8270f24119,1
5b534467bc7b839b,3
5b5e54225ec155ff,12
5b6811d6d589290b,8
5b73f00c650b3a20,9
5b74ada979a8b2d0,11
5b74c5d89aaddd00,5
5b77c819c4df9e91,6
5b7a5e3a3eda39fb,12
5b7fc32fafb74f7c,4
5b838587ecc9303f,8
5b8dbf7b76819be8,3
5b96647786d3de35,12
5bc443eba4b98376,7
5bcff775db4edae4,1
5bd1369033a8ab21,3
5bd49cb63670d24d,12
5bda9f22343960fc,3
5be86b0421489ad0,4
5bf3d87fd9a6abbf,4
5bf426731576698d,12
5bf437795772089e,3
5c0915d2104d5e6c,3
5c0eaceb0b39da87,3
5c17c19e16c5ad3d,3
5c1a6126db6238d3,6
5c1ef71c37e6ecee,7
5c2685d371d92fb8,3
5c290c60ee0902a2,2
5c2d6d5af8cb53b2,3
5c351f36ed2b7d5d,12
5c39cf50e8b70995,4
5c3cf4c1e904afeb,12
5c3d3e4998045b40,11
5c45c5aba814a858,12
5c5fbc7cc684805c,12
5c60c03942e62975,3
5c68708222effcc3,3
5c8eddad4e88a7fd,12
5ca92b019b77ebcc,7
5cb30c1e863b17c8,4
5cbb8f4c59d098f6,6
5ccb793ce93baee9,6
5ce3998b2cb49c7d,12
5ce3b384c5e07406,12
5ce5402f00a1767b,6
5cec2bc7c7c9d66d,4
5d0e1835e0f91fb8,11
5d12217958f263e1,12
5d16f681e128e74a,8
5d32e9df03ab788e,8
5d3cd5e187e950db,3
5d41499e4302e3b1,5
5d42ecfe297c230c,6
5d5feb7fa6ba1b7a,12
5d698db85f5375ad,6
5d6d16bbc77fc12b,12
5d726f6dd4db2afb,3
5d734ae1a6b43fb9,12
5d77eea1ca57b672,3
5d78268653e71e3c,12
5d7eed3c01a8955f,12
5d891a4ec8ad14a7,4
5d8d098b26ec6ed5,4
5d926017d283ebdf,4
5d9990f6070f0830,6
5da3252885c84c8c,12
5da38b6be96533d4,12
5db1fab0e3cf082c,3
5db661c45f342e67,6
5db8440c7b143eb5,12
5dd2630120a96bcb,4
5debc4f006f7c41b,3
5df7c2ae736a13ac,11
5dfbdd1e071ef123,5
5e05480414f6cedc,6
5e15efa46eb238c0,7
5e27bf5f1e28f9bf,4
5e4a7ce61bf3e74d,7
5e4f180df57af44c,5
5e5ae510e4e49919,13
5e5c890c7722d609,4
5e60cb56a939c9fb,9
5e71f0b01b249e11,6
5e73dd8ca2a01b38,4
5e742e445a58ddc4,3
5e792686bf627918,1
5e81dc57b0767683,12
5e84059c12ce13c4,3
5e8938d5b33b9274,7
5e8d2121cf9c4b05,12
5e9383d3e9badebe,12
5e9acc3fd7b08e0c,6
5ea7e750aef4335c,12
5eb11b2b183f65fa,11
5ec623490bcf5d07,8
5ec7d241db2e06cc,12
5ecfb90aa97afe14,10
5edb383bd1ad284a,13
5ee2476a750869b3,4
5ee5f4494af5b986,1
5ef24ffbcbc1ae9d,12
5f189fdaec3fadec,11
5f1a29fbede56485,4
5f1d5c4832e7eee5,12
5f304e0a5727fa17,3
5f3241f377671c19,4
5f324f2b9e2a526a,11
5f356e33d2afdac8,3
5f3611917a9bc4a5,12
5f4c3a5b9438bf37,7
5f4ff422ed2af7ae,14
5f5135fb2d7a3c95,12
5f56785e5707ec39,4
5f61ab363ffc4ef9,6
5f64a4819f6f428f,10
5f78c755026bcef0,3
5f7eff587ac2eb5a,3
5f8f1080e5485187,12
5f909678bd677ee8,8
5f98151ce27ee6a4,4
5f9caed6e308457a,3
5fa8c6e1fcfa4636,12
5fb3e25b8d7466b0,6
5fbca8f0adc0e318,3
5fc00877173fda43,3
5fcaae2f4c4170ca,12
5fd0f047f9de3dae,9
5fd693022f1606c5,6
5fd9d83d191a3098,12
5ffe2c4b37386220,4
600c7e31a6abbe21,12
600c84fbec9e51be,4
600f10a7f3f2c763,2
600f9a6b8032b8d0,12
60163ffd82d50af1,1
60177e9ff99c0934,3
603109614ec8c24b,1
6038566d6fa540d2,3
603e0f1dd5b85266,6
6046c57013b62607,4
60588b40130a15a1,4
6079867b2253ef36,4
607997673ba39fab,12
6093807b84a67490,4
60ad7783da74dbca,4
60c1f8519328a773,4
60d06d1934efb8b8,3
60dc45e685391844,9
60e2f49ee3af97da,4
60fd006c08837033,4
61043ce0211baacd,12
6109a664b93f09c3,6
610d616d1b1a6a74,5
6114ce94cec7a4df,3
613d4aa453c4f97d,12
614f0bd870e35294,6
61680900ecdf74d5,1
616f7f1ea31dece2,8
6175b6e4a6e1bd31,4
61780cf8d488e581,4
6178972632fabf8f,12
61971c623dcdd458,3
6198c65d51d85cef,4
619c16095f773f09,7
619d5096a919b6a5,4
61b853cb29a610a3,5
61c38323bbcb2b6e,5
61d06336e17d36e7,9
61ef731eb26ae895,11
6207934a8ea0ca67,11
620f8eea381d9c6c,5
62183e21106277bb,3
6218485e73996ee4,3
621bc9ce2e232c44,3
6221712bcaa0036e,12
62331def02396836,5
62336fe99408c343,12
6264db4a0e3c5042,14
62708d7140c83fab,3
627da45bf6a7db31,10
6288244ff3b669e6,6
628cb341f5e8ef03,5
6294de76fab490ae,12
62961fb319b4983a,3
62aad464112b562e,7
62b3186a9a00233c,4
62b3cfa83441ea42,6
62c3e4585b1f3160,3
62cba170b6fa6632,4
62d54b120cec5ac1,3
62e158b3c86825bb,11
62e21dbcf681016c,8
62ea4437a39a443d,6
62f66fb8a3c6d990,4
6305e70e554c5be0,8
6307d9a656e6fc79,12
630d95f3d4ae862c,5
6327de1ad67c0f21,3
632cadbb5b8d02c4,3
632f3bd9253a5e4b,12
63327582e1610706,4
633f2eee2d3e39c7,8
63457196722edc77,10
6348e50b4c2aca90,3
63542a63b5af0e0f,12
635952718a927da0,8
63698a26b0e0dcfd,5
636a1f7e42f81352,6
637a3399c6ecb4d1,6
63b2a2f26e4b6dbe,3
63b89a7f9c49740a,5
63b8a600e1fe79c1,3
63c4726e380eb654,5
63db72423875b8c2,6
63dcef3c226d6cfa,12
63e00a40ee651bb1,4
63f536cc290d54d3,1
63f62bb9244e6e92,4
6408fb59b13ba67c,10
640a07f1ad033b25,12
6419d42c5390835b,6
641b2437ac624af0,7
64216d5852fafdb3,3
642907808d90fb63,1
6444d859b5bfb49f,3
64451bf76a005e48,1
64487445a1425771,12
64506447c7717ff4,6
64594060599d5d77,8
6487543c7b649460,5
64899500b670f852,3
649595fd8b095680,4
64a067212b2186be,7
64b9408c99fd36b3,8
64ca809c58f4b534,5
64cf333b44c503c2,6
64e70913b063bd37,7
64fce9de88543f5d,4
64fe26f5a3800765,6
650883172529586c,3
6516a4df9c232f73,7
653e977938458605,8
6565808eb333ef53,11
6581e5262ce56b73,4
65831e4266eb41bb,3
6589f00d43f22c0d,7
658f39e310f1f176,7
6597080167a7021e,11
65a543677f15a850,4
65a831dae7d36457,12
65a8ccf88837f9a6,12
65bb85cee5efd628,10
65bba8f71d7b7159,5
65c90166e9be9f14,3
65dcee3015430737,3
65e754e206fafd44,12
65fb3c01784d0902,11
65fd13de7cd17333,6
6612c0497e36b6cf,9
661f0e903fc9c097,14
6631a2bcb95f2155,12
66384c91f72b2f67,7
664ff6f03fe42a52,12
665623bf25688b8e,3
666203f0dc8739f0,11
666282c3a6e20c9f,12
667ed642843d9c35,4
6688bb0ca3acb0d3,7
668c8e1f91e4af54,7
66928a5c70681a56,3
66a3a8a134c229c8,6
66bbbb2a07bcbcaf,9
66c1dcfdbbc7aa1d,5
66cbfeb04d564604,3
66cdab40e3078f4b,6
66df7f65085678f8,4
66e22226c8825689,11
6704940786f67b37,12
67049ad519cc263e,4
67063fc82017c69a,3
6709d0690d57888a,6
6717664e9e112df0,6
671b8d004696f34e,3
671d6545c17ebd0b,4
67230d0afd8d18fd,12
6730908e048184cd,7
673bcc4b561d7e2b,4
6741dceb6b41b121,5
6752f14cf212e0a1,12
6760daae9e5122da,12
67650297b371f1ec,6
67773ad598207104,12
677c60c4d145c8b7,3
677d74adcba57a4f,12
677eda696402036d,11
67881699e30e8da3,3
6791d1e5f43306c4,12
67a5c24947d83200,5
67a8d596486455ef,3
67ab16b0e2a135c1,12
67b01c537f9bc18d,12
67c02fe3dbace719,4
67c2eb4b5a00d048,6
67d2c4d935f7eeb2,4
67e806bb45605d76,3
68002db54a42db4c,5
681de214f6143035,4
6827af013efc9b52,4
683ae0422efb86db,11
6865bb7c0fd2e69d,7
6871144789e66185,4
6874a14f626b885a,12
687916b4e3460658,7
68795ad565292f3e,7
688cbf9d381c1196,12
688f434d93a71cb5,6
6897c4a02a8f2300,4
689a8f5f0a037775,3
689bd0f797a6afff,12
68a083e477f096d7,8
68b361ff36ab86c4,10
68c12abaac890f62,12
68cf065b4a458ca2,4
68d15f79a9f3cec3,10
68d3e71d3e626339,10
68d64d28d9ae4575,6
68dd4503db0f440d,12
68f7b869697c28ee,12
68fc5ed977b9c8a6,12
692f87d071d8cb88,8
69367837a157b17a,7
6950846298bcc457,1
6963400579c74de1,2
6969e364901f6140,12
696d5284104ecda2,12
6977280ebac33631,4
69826379c673afa3,3
6987a1efbb18fbc8,11
698aeaf0f505a302,12
69969347d67c346e,11
699ac05c54434f96,8
69a1c90deb4b678c,12
69ac3055f1eb87d9,4
69ad2481194fdf7f,11
69ae8d389c8fe7e4,3
69b129b7b471ebf9,3
69b4933ec17dc857,12
69bbe9e5aebbc4d2,3
69d5e0e42e8f965e,6
69dd73c640f0c33b,3
69e568e4a90c09aa,6
69efbd35216d6434,4
69f24cc81e48eb95,6
69fe6315d9005870,8
6a035265bdbbda28,8
6a04fd7d940b5f79,6
6a0d3f99fda21cab,3
6a11b23f372e2799,11
6a168af0eb8b1d09,12
6a236a050907cae4,3
6a2fa8da5b3c05c4,6
6a40ba0119110c4a,3
6a43b715e62d0c6c,8
6a4d7d89c65dcfd7,3
6a5a9d7a78449f96,4
6a61ffb7c247e0e1,7
6a6a62bc3a6ca705,12
6a75d1d1ec530011,12
6a7bdcd780a8999d,12
6a8e72b976a44bdf,12
6a90d3cd8bc3b383,4
6a91bb28603151c4,4
6abb14e80e29e1ac,3
6ac21ffaca38ea07,12
6ad1fbde0f3340f5,10
6ad7e3fb76bdde62,4
6ae1e0f9c737ea13,6
6aebc5333720b51b,6
6b007f9a90e16b73,14
6b10dc2a099ab424,4
6b18625ec479bd62,3
6b18d4edbd80b620,4
6b1b51c25431e16e,7
6b2b299de9c7baa3,12
6b305cb738d6c924,8
6b35a08f8388114a,1
6b3826893bb0a218,12
6b3868c35bd3f9b0,4
6b4e961f2ca0a4a9,4
6b6014016741ffbf,4
6b69821c337d7cc1,3
6b71d8a160d1e3fa,3
6b726c580508b6a5,3
6b865e05dcf267ea,3
6b8c1c6de50cf9d5,6
6b8ca785b473c162,5
6b933ac1c653fb96,10
6b96b15d1184bd1b,7
6b996a0deaaa323e,3
6b9f40ca4a102d76,12
6babe3cb67c9f476,3
6bbb7e0ef056a4a9,11
6bcc789f7d4e3102,4
6bd0cdb15a7a9806,12
6bd780e6ecdb36ab,3
6bdfcb7bdfa9d576,6
6beb060932c2b6cc,4
6beff98cb07b79ba,7
6bf0801358ad83fe,3
6c01e2a75e54d57f,11
6c07a19e2b87a14e,11
6c167650d9a4cfbf,12
6c1ec83f5b7600ee,3
6c26a65b66eac199,3
6c3e4215b33b3373,6
6c57b47961b8fb78,5
6c5c9a5d935c4fd6,9
6c67482490ba60de,12
6c6c3ece3ef561a3,3
6c6d87cb73e87499,9
6c74c0317e734901,4
6c9736d930bb4b1e,3
6c9acebc6726a94b,12
6ca5c8a1470bcc25,5
6ca945302c9f687d,14
6cbafdd47a20750b,12
6cc6d449cb177dc9,8
6cc8061ef76e00e0,3
6cd65a5fcc29d121,12
6cf1f2e98fc87a67,3
6cfdb320c1a55de8,6
6d027ec54c04925b,1
6d0e9643ec35e47f,11
6d10c865ae09d16e,3
6d1574e8f10053af,3
6d26c6afe19c1c07,11
6d38669f780ffc58,12
6d4abcc2103f3044,12
6d5110f8283d878b,3
6d6c5274280d6f9f,3
6d6e384821b3dbff,7
6d702a9f30d9258d,11
6d7278d385fab280,3
6d9fb3bd4041d68b,7
6da1f737faffbf37,3
6dc8da2151f5af0a,2
6dcda682dfe7e99c,12
6dd621c2a1529903,12
6dd7c8a5de0c5f21,12
6de383511d4f8a01,7
6de412da220be042,5
6deb59c690d513fb,4
6df64995f8afbd5a,5
6dfec91c4eb22c2b,12
6e0f5e20b324fac3,12
6e194d962cb1d4e2,3
6e423838c4f18bf0,12
6e559e1c875796a3,12
6e63c959f468e659,6
6e6c6a546553ef17,1
6e72538c4ee707d7,4
6e82c1f5f7f46267,12
6e96d2b5266c29d2,12
6e9c2cf6f0c69558,8
6ea621b44ca15b0e,3
6eaf0b1cd55efcb3,4
6eb2396ca7f94485,7
6ec0a0c8fb0bbca5,9
6ed012adb8f5777b,7
6ed13a78aba1ba72,1
6ee6924e38bfa3bf,12
6ee7c9d9886b1dae,8
6f1855c9850a9ae0,6
6f1ba9db435edeaa,7
6f1d43e8c277ee8e,8
6f2ad1bd981cc261,11
6f2af86d9c51aaff,3
6f2dd4e951b1110b,3
6f2f31098e02eb87,4
6f42ebf8d455b7e2,12
6f5728f06ea726d5,11
6f5df29420ae22e1,5
6f62fa8f7a02c6ed,3
6f71ea16f2f102d5,3
6f76e8cd40f628ab,12
6f7d8fff0a9e64ac,6
6f81df9ca62464e6,6
6fb69b220245ac56,4
6fc7111c922d9067,12
6fd0e68e83d43dd5,12
6fd25463b1cdfb0f,4
6fdb460a2c547537,12
6ff8216faa8c2fdd,4
6ffe4fd104529e94,3
6ffe878ff0a154f0,12
7000ddf57458be7a,4
70047f59bda8bb1e,7
7012081f10792986,5
702047a2e9b93ff3,3
70212e2e5da852ae,5
702f24d683df7430,10
7040d1b5eec9455d,3
70424b145eb12d18,4
705a88ccc9334531,6
7083aa4361880c44,7
708b691663b25401,12
708dcd1e8962aab6,11
7096f1fa6d28bc6c,4
70a89ec30573a501,6
70bb59aebee66374,3
70c3468f218ed50b,12
70d97ec377fc1340,10
70ddd15c3a3ac35d,12
70ffc331bbfe93cb,10
71040cadd08263cf,4
7107c6806c963672,7
710eb9e38ab002ee,4
7129c05ce1d77887,12
712e8a9fbe71c565,4
71370a5cff96ad57,12
7142cae1d8922676,7
7150028dd677149d,10
715070b701bae14f,6
7152b33bc6a3d93e,12
715a464748b66c3a,10
716f5861ba0653fb,6
7170bf778f7b3051,12
7171d3e5c365d43f,6
717d2af479f7b26e,6
7180197b897950f2,4
7190eb3f697d1dcd,12
71a3d4a2e168422c,4
71a6c548e1ec414e,12
71aa8d7689eed94f,11
71ab6defb5bf0cf4,3
71abbaa362ab5a8b,8
71b1f4da0f3a79d5,10
71b9d27a9d224456,12
71be7e2569a548fa,3
71c3f01aec03d595,6
71d2281e1bf20ce7,3
71f6b836cf069ac7,12
720d51326227ac1a,3
72152ebe7e41257d,3
7218a2a14ea1f14a,12
7219501f824389c6,4
7222727440e80702,3
7224193f0cb7e943,1
72283293b4290d38,3
723605c55e120c82,2
723949ffe7b90730,7
723962ed6259e38b,3
723a4a29e6d840e4,4
724fd2c1c0f090a9,7
72599ab9164e5720,3
725d8796ce04a1d7,6
726b111ec4311fc7,3
72775df0071b5795,7
728517730685b796,3
7289a5f2b08493ee,1
729237dcfd7f906b,4
72a29e9385302d24,3
72a6c606de98cff9,3
72ab2031994353f2,6
72ab3f63e044d45c,9
72ae34a5ee11a32f,12
72cf9e9d02db981b,3
72d43ce72062e4c5,12
72d65960530ee1d2,8
72db93096a56b69e,12
72f36443e8f7c2de,3
72fd4ecbaaf2b425,3
7305b363c26d3c1f,12
731a5ccdd971125d,12
7325a45fc74ba7ed,3
7329bb93f46a4630,12
732a5d13ba755502,3
732d541086dfec2a,12
7347434b993b64ca,5
7359a4d87c79e372,12
7359b6a32e2c1221,14
735b0e6acd9cfc0b,6
736b648c9aeb7468,12
7375f42df77173b1,12
737c2d91fd6c588f,5
738ec281db699772,4
739263ebd729e109,9
73be512a17cb49c1,3
73c6eda0505a02ec,12
73f108b0eb2dcb72,5
73f16c5ca7b246b3,11
73fc1aabb091c8ee,6
73ff23ca9b52c481,12
7400852ca7ba3695,6
7406494061da71a9,3
740ccd5cd91168ae,12
741386e1c8442111,5
7421d6093323be1a,6
7430ca28743fd668,4
7436dca00baaa117,12
7439d5051a1ff01d,11
743ab7ba20e0b957,5
743e948235fa6d59,3
7443d63c0d05f2f6,7
74457098214db92f,7
745ae329bcff68f2,8
7461f22e23e5a656,8
7468ac041da6398a,7
746d5cae0256f179,9
7475e2b45260d3db,10
7478ef2c19ad47bd,3
747e1d993a809073,4
747ec3c6a0ab9bdf,11
748279669a843c40,6
7482c6494c08bb5c,3
7496e1a83dd2f05a,4
74a9a82b54aca607,6
74b58e9921691340,3
74c0876fcdd207ac,5
74ed431c43b6642c,12
74f562a74a489851,12
74f9a96ba34dfb83,3
750037b1b13a6073,3
750dad477db6067a,12
7517751fcbb447dd,4
75204498c159265b,14
75215ce7f5b88ed3,3
753016f922a65d1c,8
7530fd13532ae7b1,4
7536c3a78299a16d,3
75388d76a68c85f0,12
753aed41eb91e758,5
754d4defee0e4b64,11
755a588d8a564aee,12
756143556e925995,7
7561b75131bdccd0,12
756982e11207117e,12
75708b8319209f59,6
7575514947017bd2,5
7575d2b559b29e35,3
758831e3a20cf985,1
75889729726a39b8,7
758b5c73f1df4f9b,8
759f3cdfc1658321,4
75b2ea7b419ed7e5,12
75b74f4880b32c08,4
75c35be77f736d73,4
75dab35aced68d53,12
75e180a956cde492,12
75e7a3f38e700741,11
760863af1c8f1097,12
760cd02ce00f13d3,12
7614e7fb161cfd10,12
7623252ee16590d1,7
7635fddc57de993d,3
763674eb0370f111,3
763bf54293125988,10
76449026e1926e69,3
764868a21bbe5983,3
766332781b7abaaf,3
7665e0e98531a245,5
7695d9281e8d5392,6
769faaa746c8b0a0,12
76a6dfdcdc6d15c3,12
76af890acbf4507f,5
76b8c74e627f5db3,7
76bd710f724cae02,3
76bed9117a207d3e,12
76c04f83beac3e0e,11
76c618141db96b4d,4
76c7dd4443b89fce,12
76cf448f72a842b9,11
76f2557cb1270b1e,5
76fa35ee9140bf89,7
76fe9e1e0210f9ed,8
76ff55d34bb59cbe,12
771746a74b7cfd43,12
77195bba506ac0e0,3
7722244ba7f7667c,7
774150e0617cdcfb,4
7742d265bcda006a,5
774ccc3ba16bd210,4
776fbc551cb50156,6
77707b968c6e7c38,11
777a4638d7e87cf1,2
7780a07469357855,6
77827818b2b73ae0,12
7788cce2db5f23eb,3
778b9d1a58205a1e,12
77a563d49e949912,1
77a65cb7c1419762,6
77be1147802b773d,5
77ca2d52760d514c,12
77ca386aec0672ee,4
77d20718d571796b,4
77f431dbf5aa83da,12
77f835595b2ec029,3
7809ae1e5b1e785f,7
780ea296e3bb99b5,12
78151268297b433f,7
7816f787ed6be4f5,7
78266a3c809c578a,8
782e561ca56ac389,4
783c642bdca166a0,8
7847d39404275706,3
7860cfb312c6434b,12
7869145851a92b43,6
786c08e9287a5101,12
78838c77698bb186,4
788442af6777263f,4
7884edf69429cf2b,3
78a15ec0dd872dd3,3
78a4e274ce9bd5f9,9
78aaa91395be5980,3
78ad72d95ef6395e,6
78b5ce6a691d51d0,6
78b953ca23691f9b,3
78c13e4367ff11ef,5
78c4814ec2e3e784,4
78c9b312445040c0,4
78d786641a3abda0,4
78f8cedd9e80b18c,8
78fe961c606d7eb2,6
7903aa7ff8df8eb5,3
7915af3fc4941847,4
791659184ebc3667,12
792a4ed0d5beaeea,12
7938f8626aebfedb,3
793d832927a89f99,11
794577b6441e96b0,3
794a117b29e9f043,4
794ab018292913b9,11
7953f3f43cd0f20e,3
79714d94e67e8e83,12
79724d595c59005a,5
797dddee9d6a309c,6
798ac247ec30f344,12
798defc68c0b5637,4
799555d25fbd9d96,12
79af2dca71456159,4
79b0a5175032294d,3
79b3a2ef4f4f5972,11
79b56afbf1c7cb11,3
79bc599b1dbb7965,4
79c72554ab18690c,5
79cad99907145792,12
79d7872a9baed77b,10
79dc516e56789172,8
79e4774cd8962af2,3
79e785a96829718c,3
79eb7431c6b17494,3
79f8dd4b2c7649d8,11
79fd3bd83ad1005a,3
7a0c743a4c5a2478,5
7a0d509bbf65db44,12
7a126cdbc160f17d,5
7a23b1c5f00fe85f,7
7a2e8e98d7d4eab6,12
7a31ac3a0adcdfa9,6
7a707ef801e3b9eb,4
7a71fed30a3b5fec,3
7a88079c7126c853,12
7a9522a6599c1857,1
7a9c12661fd00b19,4
7ab3ca1cc8548077,10
7ac5920208568050,2
7ad08d42962c23ac,12
7ad2bbbaa7fbd946,8
7ad8384360651c92,12
7af4beb8b31158ab,3
7af604ebde5e79be,4
7b026e51dda03db1,5
7b0b8842ccd1461c,7
7b209b5f5f9d48a9,9
7b2b74a97cd0765a,12
7b3dcce515e5b817,5
7b42de66198cef39,7
7b456083e43eb610,7
7b509b1a1c9e332f,11
7b5bd1eae7e9fc57,12
7b5f505ed1d67584,3
7b61b3916c7a9bf7,12
7b6396a8829a7579,3
7b6a09950468e8a9,6
7b8e991ce89350ab,12
7b930177068020b0,11
7ba09bff85220879,5
7bb5beecf4d46cd5,4
7bd36dbb46b85795,3
7bd96bfbaba02c75,6
7be703f2d44f4f21,12
7bebdd8883f7effa,3
7bee3952484c23e0,8
7bf322ade50c11c8,3
7bf5ff09388941ee,11
7c0565e04e95cb60,1
7c1ff52252806a21,3
7c200d28da268496,12
7c4513bc5d1070b5,5
7c4599096043e6a2,6
7c464d770430aff1,4
7c528347cbfe620f,4
7c5bc49b341ff7e6,7
7c5edd010353d4b6,6
7c5fcd8d22250dc1,1
7c7270d1d436d93a,13
7c90abff410005e2,10
7c95740bc5ceaa68,3
7cad4dcf756bf816,8
7cc62270e770437e,12
7cc9d096bc8e6d02,4
7ccd3af68c7e67fe,4
7ce4972ab7b39dcd,7
7ceb48a91c133e92,12
7cee4589db9b572d,5
7cf9a0fa39293da1,3
7cfb54e588e49726,3
7d0283affe1315c9,5
7d05fcd442bc257a,5
7d1051e8d8f7568b,4
7d2cba14eeae906d,4
7d3b87c89447d174,11
7d4ae38b2607ed10,3
7d5768baf0e277ff,3
7d58d58cbf3c5654,4
7d5e26c2b96a1e8c,6
7d73b0fe8391da75,12
7d8f17b5231ffab6,6
7d909e3cc21e5936,5
7d90ad955451212e,12
7d915d9ac4533ca4,3
7da2012c32f70b81,8
7db14d1a54d85b42,11
7dd968574ce822af,7
7de3cf2c939ebccb,12
7df19dca50d9ae91,6
7dfc2788ce94b627,7
7e160c7a29d4ae13,12
7e186564a63786d2,12
7e2d6b4064a45008,7
7e2efab12bc75505,3
7e2f2dc6fcdba8d4,6
7e4320b63502aa50,6
7e50014abd974c9a,5
7e55a58703ad022b,6
7e640b1119f4f95b,12
7e6fa2eabdb36e0c,9
7e785ffa245656f0,4
7e86dd5707e3fde6,3
7e9320084a2c840b,3
7e95b0530bfbe885,7
7e9f91182f0e8e53,3
7ea97138e4fbffb4,11
7eb17b603e9e7f94,12
7ebd26551ab44102,12
7ee486a1e0c533c9,12
7ee65294322747e7,3
7ee9c6e9a8a4fa2d,6
7eed8a72325b2d17,3
7ef3730129f63cca,6
7ef4a45ec237bb60,12
7ef612d833c00ef7,14
7f11e00c1833e3da,6
7f1cf8f29df53231,9
7f22fdc7ef90e5ef,6
7f2441b96f12b1d2,5
7f28278b66652fcb,10
7f2ec05e9d9b0a9e,12
7f4ae36bda12cb4e,6
7f5589f0774f9742,12
7f67ceae04e81627,4
7f7edbe15f21e635,11
7f8807d63a808f86,5
7f8999d718ec328a,12
7f8a98b5916a1c71,3
7f92a15f850f0d7d,13
7fa40e000e3b0651,8
7fbfeb11b929abac,12
7fd902415458ab45,12
7fec105e1472727e,6
7ffc5a376bf12633,8
7ffe7cb4ef9a28be,10
80035c77bc0c22de,8
801fe8e22728e9e9,1
804649065d7ec2be,3
804af0d75a1b24c9,4
805ad6dc35ac66c7,12
806026292e85525e,14
806e3bad416356da,3
8091b015205d167f,3
80b0d2e5ebef333b,4
80b5c7385c04bcfe,0
80c01b42c58399f0,12
80c91b69e5d3b1d8,3
80ce30e83038bca2,11
80d1cf26ad659208,5
80d341aa779406ec,12
80dde8dede22c184,6
80e41f37aa11b5c1,8
80ee98b7c0cab173,4
8104cc6f53900946,12
810a9ff5fde2e8f9,6
811bb6cffb645b20,9
8125d8b887dcf255,7
8136a5eed652fb49,3
813929cf16347b39,3
81469b15bfd0247a,5
8160818bd3bf61eb,3
816b59c4b3da2082,3
8174477195c06153,4
817493d601f75fb8,3
8175e6d88fa7a477,3
817f1cf2f13b31ad,3
8188718d26671293,4
8193ea802969455e,6
81a4b3e4e81c17bd,7
81afbf01e3f83f13,12
81b2499c5d6fc364,1
81b6e31c353695fd,12
81bd7a5b7af888e5,5
81c2bd1c1011f1f6,6
81d37da3c824a2ba,12
81e3855f0d4c1c3c,8
81eacecab97f9230,4
8200fc8683f87a42,4
820ea848a9cbbd89,12
820f598777fb2de7,7
82163b1eb0b3bbf6,3
821814e7c6e39ec7,7
821f833861eabaf4,3
8224143c3c964741,7
823276ca90906dc7,5
8233a75e51d47430,4
823bd332ba206b3a,6
82432640782ff890,11
8243730da797af1d,6
824780d1fb1891a6,3
82686faa956bb356,4
8293f2439a6ad62b,12
829c9121c1cf4c03,8
82abd956529bdfb2,12
82c0c2e0af247f78,3
82cdf8839eb47cbe,3
82cdfd79a5fb32b2,5
82cec0d8d0d916c9,11
82e55cc20f970acb,1
82efbe083bb847c0,3
82f6e05f555f44bc,6
82fc85981ef146a8,4
8309159dd65608af,12
831cbea17abe56ad,12
831ec7c51a98abb7,4
8324a67b5534a650,12
832746b27fe6660d,5
8329733ec9e2684a,5
832d8cf927810537,12
8334f4389b5ef03b,6
8362dd6c8c3cb472,4
8380a19057b76a25,7
8381e3cdef35a72b,1
838a675d6b48558f,12
838a7778dcbd000e,4
838fedcd24575b3b,12
839241836f3f4417,5
83a2f0c3288742e3,3
83a8f09887a75daf,3
83a905d81ba82255,3
83afea5270075441,5
83c6d698eb4be8fa,3
83d55731102b208d,3
83db595fee55ad3d,12
83e6510ac76b84a9,8
83eefbafb7730391,3
83fbdff19f128587,12
83febcd4f1806ea3,3
840be47a486fa559,8
843cdcdbffaa543b,3
843e9396a54a4c8a,5
8441563066d8ec9d,12
8456f035be5bacbd,3
84598b2bae0da901,3
845fd3dd7ae1e826,3
84635fa2e9c85039,7
847483b75b365f64,5
847e476ea0e9e9a9,12
8482c24c0be3429b,3
848a6e2cbca7e216,6
84941a602bb112c9,12
84b2e8f3213c9319,4
84beff224b6c0ca2,5
84d35c47bec5b993,5
84db56546f948013,12
84e91fdfe2a9353e,7
84f627b2b1eb4639,3
8502e83a9ae2deed,4
851d902486c9ec76,12
852046d09c8fb8c0,6
8522d392c071d2fe,5
852e716db3f38656,4
8547df709de0a766,3
854e9ee35b48ddf3,12
85573a86cf3d4257,6
857f80cf9c880da4,3
8589c25c7ecd1415,5
858d9490ebbd52b0,6
85a890eb636ed6c2,7
85afb88ca8aae981,3
85c4df97852baddb,3
85c996f4d447b231,8
85cdccd544ef3ccf,8
85cfdf550a548d04,7
85d080b73f33defb,3
85d9de129dbb25a1,3
85e616e4466267f1,4
85ec07eb5cb7af36,10
85f47368e88d2e8e,11
85fdd38233659912,5
86025521133b846f,4
860710febad4f0c4,2
86183b13ccce5919,12
862248acb255f3f6,5
8633c940cf050ea8,12
8647105548185396,12
8653f3abfaac60e9,12
865947c0cd55f770,3
865fcbe28cfbb761,12
86613653b062f442,3
867360c340e43ac5,12
867469d4171e4d02,3
867f73b48a59e8d9,12
8681956f540a0ee7,12
869767c822f23de6,11
86cec0790e5943fb,6
86e38df5ef351f1a,12
86e939650ce32bf6,5
86ea834202bc059f,12
86f7e6885970dbc7,6
870008823ce8d5db,6
870535d3eb11571d,3
8716aa1db6822583,7
87215e1686b435c3,12
873877388e2d5515,12
873abc656381b7f3,12
8748e9f7cf3919af,3
875e023ceba73a2f,12
876bec35c555b56e,4
877123c6c647e3bd,1
8773e16511f46c16,6
87745262c4f82fd5,5
87807526f108b38e,12
87822fc56f06b3a9,11
878d9256cd7af319,5
878ecd8a6100b26a,4
879e3a3a9066fcd9,5
87a528b11d823da9,11
87ab91efee626ba5,5
87b2335f23215cf1,7
87b53a22cf96077d,12
87bc84296b5f617a,7
87bf119ac334d24e,4
87c886baa0813cf3,1
87d7555481f3ee1f,10
87e518cfe2c74b75,12
87e963a0be39aad9,3
87f609183be697f2,1
88137bbba6880898,4
8815d08c3d287add,10
881859d84b937b16,3
8821e23ead78e8a0,11
88279a9a4ba91d68,12
884076a1702e7923,4
884670095b6db3f4,3
884ef85d6cd7426b,4
88616ef1cc148bfc,3
8870e8dd3c87270b,3
8874a9bc794fd1d8,5
888ce9852e9b9a26,4
8895ff0cf67a1407,12
88a1654dbd349f6e,12
88b7595e40e21175,12
88b7ece846bc9609,11
88bba0e696f2d498,12
88ccd75485874082,3
88d185c8eb35de9b,4
88f095d8c6ac3ce0,8
88f4edd83ca78568,12
88f7878694c62c3d,3
88fa6834bcc9f204,12
88fd9e20c3307bc2,6
891e5e48cf4c8994,5
8920f812fa29fa18,3
8925027ce042b768,11
892bbcb4792b3bb8,8
8933ac8f947e4f6c,3
8946d48245a579c0,3
89492ddfa1f4fb13,3
894b6a96077be0c5,11
894c8e375367674f,11
8951e6ca08a529e8,12
8956aa276decdd9c,3
89714921b7cdbe7a,5
898c466d717c05dd,3
899656c358c3da52,1
8997ae2a13243c4b,6
8997f37dcb519835,12
89abf3e51e6bbf03,6
89abfb839dfc5221,1
89c3bdf3648c0d4b,4
89c7f131befbb51b,4
89cc6d96eb50a410,3
89d560243e9f2cca,12
89d9db8ff631cb95,3
89dc53cc628fc434,1
8a0af1442701240a,4
8a191c44f28afa5e,3
8a29cd97ba20fca1,7
8a30cc1fed0ea5a0,3
8a30dae2cd690bae,8
8a39cf964689296b,4
8a3c2dbee780e3ea,12
8a44680ee3bd85c6,3
8a5150c7d4e966f8,3
8a550e3ebe720536,7
8a59b5705d8cc74b,12
8a5c5a0a9621104f,3
8a60cf7f518444df,5
8a65680cb75959da,11
8a6b73e35c940c0d,3
8a7a890cc535f5b0,3
8a8a9859b5185dd3,7
8a8ffb29291c7c6e,7
8a9277943bb2bcd5,3
8a9c046a49242d84,4
8aa2fb2352621e56,12
8aa4db564d99abff,12
8aab0c9d99893643,8
8ab4a6584e9c56f0,3
8aba159184601f25,12
8ac252510057d283,3
8adb0edce7d34f94,3
8ae0139591336297,3
8ae04e2b47e4beee,6
8ae1e766a0db0e9d,5
8ae2ce8d6500040d,5
8aea8f7c9b1d0b12,7
8afb6ed95e8cc2cd,12
8afb7fecfbb9b9cf,3
8afc32857024feff,12
8aff83891f7723a3,12
8affe3f3b95cde9e,3
8afff0bc038532b1,6
8b0851722839b79a,4
8b0b688869a704d9,11
8b10033b3dd42a05,12
8b16c7eab197aa70,4
8b1e83012cb06637,4
8b20df9a684f1aa2,4
8b21139ef55fdc5b,3
8b27853bb658dbef,12
8b3ce4853cf54074,6
8b3dc06143200250,12
8b4112d46d78ffbe,5
8b45d498d0a696b9,7
8b4c1461a6dbf57f,3
8b50dac3fc819842,6
8b56996b938b22b3,5
8b739c08ef03f26f,5
8b7da90fe9d6062b,7
8b81a99d3f8e4912,4
8ba200922265ef92,3
8babf519f9688639,13
8bad673aad9bb1d4,6
8bb58914f8b8c1e4,12
8bb8913b752f4ee2,4
8bbf49fe074810c7,9
8bc0f9574dd6f7d5,12
8bc860e01b44926d,3
8bd8a1dc8ad4b182,3
8bdc3471b37002b8,12
8bdfe20541a2fde6,5
8be215e9309e445b,12
8be33aace11cee38,9
8bef5ad9991741ef,4
8bf9591ed8189620,12
8bf9b314c4c31e42,1
8bfdce041ae7b077,4
8c065745b14f90e1,12
8c0916371ebd32c6,8
8c142dd987f5c2a8,5
8c1539831c527588,3
8c2dd25247564332,12
8c399dd2749324b9,4
8c3d8400e188d198,4
8c3f24d31989ba1e,3
8c41a2ac51e2ca52,7
8c49eaac196add96,6
8c58fd2468cbf718,8
8c6d49b8ec42c2ed,1
8c8709cefc33cfd2,6
8c962c7bb04dda9c,8
8cb26039bae7257f,9
8cba897b93283da5,10
8cbe11dcfcaa12ed,9
8cc18b7e03fc60f8,4
8cc7687d855d8f0e,4
8cc914a2f9a47bea,11
8ccf62aaf4fe3889,3
8cd33b791e570ec5,3
8ce439da21c96037,12
8ce64b7449a79ca1,12
8cfb3a9a9f88d513,12
8cff5dd4ea7d8c48,12
8d0579f727eed3dc,12
8d12b4da84a5ce71,12
8d1e7646c7d0140c,7
8d22d75fbbd0f718,3
8d29afe3b2ff31ae,12
8d35a286a2e5aa29,3
8d382d9c3377214c,4
8d473b720821d66a,8
8d4c7764b04c24ce,12
8d4e72fc4daaec9e,12
8d66eec763930484,3
8d6fe1d2082a76d1,12
8d84150466f7477c,12
8d8bf223f69d29a1,8
8d90a53c3ce48e25,4
8d9f20f15c15ecb8,7
8dbe127e0e6198a6,4
8dc32cea2387c527,13
8dc685d5b9bfd7ce,3
8dd5a08f80e1a2e9,12
8ddd62ed13c7adb5,1
8de3fc9fb2b86668,4
8de6d2d38f122f95,3
8df6dadf8b0fe7ac,3
8e0ea62560ba8926,3
8e0f7aa5c69c3c4d,3
8e1e8dcf878577c1,7
8e25dac732d614c3,12
8e2fa0f14c54a78a,5
8e3195367c040eae,12
8e33dee37a402bf1,3
8e4b5f9cc19c2b93,6
8e4fbaf4920828b3,12
8e5b2f8915b88499,4
8e5f80a1193e05b3,1
8e6146cf38cfce8a,7
8e70c7149f990ba8,12
8e70f8537259cd7c,11
8e74a41857bf58a5,3
8e769d12f093a57c,12
8e9030e5fd5d078f,1
8e92ad9d3a58a65d,8
8e9f9a26b8b91109,1
8eb67f6daf468e8a,6
8eba2dc710eb3206,1
8ebfec58660af267,3
8ed0908f31fd2c7e,12
8ee01544e2ddebd9,7
8eea9fcdc52e83f0,3
8f24d5f10e3e2b63,6
8f432eb569339256,4
8f483e37a71fb9b5,9
8f4ecd72c1e1aed4,4
8f5a1923e6fc3e09,9
8f5cdfb79bf88248,7
8f6f261cce50e7c1,3
8f7b9b9b29890898,12
8f896399a3cc27a2,11
8f9b6a6203853e18,11
8fa2e3faa47fc16b,6
8fab094c43556e78,12
8fb7f26af04dcc3c,3
8fc19bbea154ef11,3
8fc1fe4eabbf10d1,6
8fc5e1a11a327d1b,7
8fcc2da5e8007dd5,5
8fccd287dac668c5,3
8fcf4eff03b1fc76,8
8fcff7805efbc9ba,4
8fd0ec6598bfc064,12
8fd530f71ca33e4f,8
8fd5365fcfe74578,4
8fdd1ebaaf534dca,1
8fe32a5b82212797,12
8fe3b3e403b4400d,13
8fe7e7d678c72474,4
8feb931abfae12cf,12
8ff453b0be774b20,3
9013005ce8817f6d,3
902871cc1d0b9102,5
90421a03aeadfb9e,5
904868046b7cf197,3
9050ee8dfc39aff5,6
9063f0d5d13c3bce,12
906a269bc3ed7581,12
9073270eee9039f7,12
908e0f9ea4a4cbe5,6
9098b9083ff49f14,11
909e6f35d1cb7eef,7
90a0635e93d742ff,7
90a27b581e859465,1
90a92eb491dffd55,12
90b69f1103623ef9,3
90c27e42bc35c7ba,4
90c8f43c955a8d99,8
90e2908d725deca9,3
90f0ea4761c21940,7
90fc8cd1aa6f5446,3
9101856a00277da0,6
91029aa8b1052463,4
910aa573d6bb01c3,3
911dce43d141a5bc,9
9127a714fef6b935,3
912cf9b1e6680460,3
912ec2ff1b23f286,3
913bc8a5647142ce,12
9156a6b65866ef1f,8
9177d5890136569c,12
9178dd6a642e84aa,8
917922efaee6d40e,3
9189fd469bfea122,11
91b73d9acebad957,12
91b9a2906b9873a7,4
91bd5d98b3fd2896,5
91c6314b5430dabd,4
91cbea4b63df25dd,4
91d09334666a4dc4,12
91e3bf0bead4ba96,3
91f820ba04ff9509,12
91fbf521065ea23a,7
91ff308d892e5ea6,12
9202cd9cef1bcd94,11
9213d4554f3b5d45,7
9213df20fe0963ab,12
921932bbf978b430,1
9225e90d478e494f,11
92465b38a2a57195,12
9249fe377907a0ab,6
9256a624ed212509,9
926aff8cab24e02e,11
927a97ea40b8ac49,3
9286d2ef29868d70,12
9288b56e0a64bb9a,4
928a5816f68ba389,5
928aa581f5b5ca04,11
928c7ad6ad4d730b,3
929041b78cd8f52c,3
9292cdfbcc3da70a,3
929ac81ed13dcd68,12
929d7a4afc0f97f0,4
929f7fb7d736b5fe,3
92a606e16c0b91fa,6
92a640fa8a17342b,4
92a73c2d13ac95c0,6
92adc8a868ba432e,12
92b3662a5d11ec24,8
92c1894a13764829,3
92d63554fc875acb,7
92e46a1d48b2bcbf,8
92ec4ba9cc005863,5
92eff68a09c4553f,12
92effe1dc5c16d45,3
92f609282a69d73d,6
92f9c435948c96c0,2
92fa812b13910b8e,7
930d2aa5edd53ffc,3
930f00c7608e4814,4
9315c10855b076aa,6
9328589b5962a252,7
93290922a6b3b5f5,12
93444f78b23b2a35,4
9348342219cc4298,3
934a39df86b3d2e6,7
9351156b66ed8a2c,1
9359c368992411c6,12
935ea732fb8e6a43,12
938095619477bb74,12
9384bd53a0ec8757,4
93856d8e78e27cf7,6
9393bbef91ccecca,3
93a3984a79485209,3
93a73a61baac1ea4,6
93abd901ec2a65d4,12
93b6231b00e70dba,3
93bae8efc98a88f9,4
93be423fc69c9927,11
93cbf38874137c3a,8
93d086b942b5f044,11
93e607fc4552a315,7
93e7ed74ec3ad6bc,4
93eb19c2a34a3c9a,3
93fe23ec80f19905,12
93fe7e03d8c309c7,12
940c08872fcb3685,3
940ce74428a91c74,9
942d85099088c415,12
943d60e2e27a319f,12
943dba64b2191b1c,3
9440cbb98d4ee583,12
9448edb68f6cfa6b,3
94496947f60f37d7,3
94554b5478f2896d,6
945fc593e8a023a5,3
9463b7b4dfa86113,12
946464a2a45f2f66,11
947409eb02059d63,4
94994444c2e8d920,7
94a2c6e92c7f1545,11
94a638a124d25d9a,3
94b2da8e7975c7c9,5
94cb5fbe6061649b,3
94d643e567400685,5
94dd2f5822a1fc60,12
94e0828bce55cd38,3
94f6d3871e3e1762,12
94fa041b174f6689,4
94fa64ed53b39a3c,6
94ff89c165ff4e41,11
950cd272debdf3ed,6
950e24cd6308bb7e,3
951ea67fe1e71a99,12
952d2601c4745b05,6
9532dacd4b06fe8a,7
953a16a0748db9d1,12
954c7f6f95424b7c,3
955362a03e0f3267,14
955be9077c830e3e,3
959797968db474fc,3
959afe56241c53f6,9
95a527299b5511a5,3
95b4e1d566dbe806,3
95b9622860bc9bd0,12
95c321eb47bfc7b1,4
95c87220e21b0a4e,12
95c8a874a291e135,12
95d0a4fd2991d880,7
95d49a553398da9d,5
95dbd498ffec189f,3
95dfa81df326b487,7
95e1133ed545511b,6
95e6c1e957adfe67,12
95f63967710850ca,12
960d803ab59b2e86,5
96183d04e9e08f8d,12
962b7d1e6e3ef8bf,12
962b8f79bf007e00,11
962db2a1dfa66b62,10
9631d40f28d91b13,12
9635571456e60c25,12
9635f6c70c6cac9e,5
9648a6d8eb796c91,12
964aff3a599dd487,5
965e99ac0097fc08,3
966287b17fcbdbcd,2
966d3082a5639b8a,4
966f08f79622e763,6
968968d6f98d7df3,11
96a0f5a223e852d8,11
96a1c38b30fedc9b,3
96bf81e21c384653,8
96c6f1c5d435bd24,6
96d4e93ab9634282,12
96dbd78ddf813233,4
96e46f98a8222eb0,12
96ee3a36aeebc4e5,12
96f90b86412fcc3e,5
97038671dd4b1ba8,11
9706232371ed4b76,8
97091d277376edb7,4
9713546284391205,6
971645ce71a3a02e,11
97241c4f3448328a,5
9724f1150737d319,3
97279ffa21a55744,3
972bfaacda2465f2,4
973a57eab77d7965,6
973dd20a8cc2bd3f,12
973e2d92d8c12221,8
9762893b7650fd0b,12
9765ea47f74d1775,12
977236d2c8ad4944,6
97846e12cbfb0b38,1
97909e455a3a5c21,3
97981e75268380c5,12
979c163f8d66165f,3
979cbb75842f767a,6
97a126ab74c76afb,12
97aa94a9d172fa90,5
97ac377caad38177,12
97b7863c3c4101d4,3
97bea11ff486d641,7
97bfdb4078f3951b,9
97dfcb53717c0db2,4
97e76792dd06215c,5
97ee3586dd1fbc9f,5
97f27035583d3234,4
97f7732379b74a7a,12
980201e037717a5e,12
980f2d1fd7d6bafc,4
981b8da68276b653,3
981f9b15686ec01a,4
98202f800dee846c,4
9820826892533451,3
9824cf47b93e68e4,4
982962dd5010b022,12
982ae237e7ebedee,5
98302cf609ba69e3,3
9830768e03d90cb1,3
9837acac0861d15f,5
983af84bd145115c,3
985391315fdf84f5,1
9859d9a4e256a1cb,10
985d318e80e2778f,12
985eadd8005521f1,12
986737c70e90cfbc,12
9876a640e7302b76,4
987f076eab149ab3,6
988aa29b2d13ac9c,3
988ddb0c93bd1263,7
98a3b08c327a4bb0,12
98b50928cb3c1f17,3
98be3d3f0724822c,8
98cf43a1968ffca7,6
98d00d415ce2cf58,13
98e41810df5575e8,3
98f5314e307dacdb,12
98fe3270af94f76d,8
990c85806db85302,12
990e603110fe6401,6
990e93979b44837f,3
99130480aff56161,5
9919a2d7ac8b21b7,11
991d432afb129a54,3
99236f2157a568c3,5
99258b87d0397e8c,7
993a2ff1883c1007,3
9941332cb30e9ce9,12
994267758985003b,8
99452dd74af634d1,4
9960fb937ebe031a,8
996202b144d1a2c0,12
996a8815eac19685,3
99896967112c1f64,7
99916416f79561b7,12
9997d3f02accb890,7
999ba93297492d0d,6
99b3a5b60960619c,12
99c3122c4d975fde,3
99c70e86d70675cb,7
99dceb05c3a7af48,3
99ef2e693aa8cade,5
99f10f5adb018632,3
99f9fa1f86a26dc4,5
9a173683bb21fab6,4
9a1cf5de5877b800,12
9a1d848bd774ce9e,14
9a1ec8e4f702d0c4,3
9a35c61914cec55c,12
9a3e86d21d970b15,10
9a45989001f7f917,6
9a4a006a72e9745e,3
9a4ce587cf26d25b,5
9a6ec8d130ec97d1,3
9a6fb5dadc2153a3,12
9a7316cff75a858a,2
9a76ac32fc62dc68,3
9a7873da53062a8d,3
9a814c8285194c32,3
9a867efa02e3e121,4
9a8cfd8542786504,6
9a99fa1ac2935167,7
9aa38206a60fa49e,10
9aabe91557b8e9aa,12
9ab483eed84faf6c,12
9ad98d3a1baabc4c,12
9ae098f57b86ddd1,12
9af0292c5071f916,3
9af552ecf25036e2,12
9afc422a96f4fc97,6
9b101c032f742d9c,6
9b1817db8ae4d7fa,12
9b1daa5ba9c4ffb7,11
9b2d419dfbbb4620,4
9b5e76dee69eb8e7,12
9b6493b2ce4f0489,5
9b6f997c01bea630,6
9b79bbc85fff9bdf,5
9b83ad10e0118dea,5
9b89638f66c6a2d6,5
9b9ef5ffb7ce3ff1,11
9ba739ae138c47a4,11
9ba98c247d5d8e97,10
9bbbc74379ddbfe7,12
9bbfe0ceda068187,12
9bc491e389877b5e,12
9bc519b0c60779f9,3
9bcfb5f387082bbf,6
9bdf01497ce9983a,3
9be48800d5cc4f22,4
9be8b7b776326cae,12
9be8c4d81197b751,12
9bf8088efc3c3e54,5
9bfe190e400a19e1,12
9c053e3a90772424,11
9c092ac51e4d9289,3
9c11072323c0cc33,10
9c12af08866fcb7c,12
9c1dbfae0a228d24,3
9c2bc534485ead1e,11
9c68eec5a0a398ac,12
9c76c5f5db88315d,5
9c7c6502c8545dc0,7
9c7e6b319a6256f5,12
9c8939e84b1d4db8,7
9c91228f7e00cae6,5
9c9d3a162a6001eb,10
9cb57752498b24ea,7
9cc5a0f34ee660bc,4
9cddf5398cc64128,3
9cde75187aa1be34,5
9ce315d77e59352b,12
9ce7f7e983a9f17c,6
9ce91b2cd929e97e,5
9cf848cb1e419102,3
9cf94a62704ea345,12
9d01a07b71a8d312,3
9d0d37f38f5b3d25,3
9d0e119baa8ab874,5
9d1ae39cd95767e1,3
9d1d57027f32e215,11
9d21da3f47c0695d,3
9d45fef5bcff9043,4
9d5bffd3bd9a82ed,7
9d5de61484c4f485,3
9d6493303eb7285f,3
9d6a21e5e149f3b7,1
9d6b088700d70fbc,3
9d6c23ecde61ca2a,6
9d6fa4c5d59e606e,3
9d7024d0807c127d,4
9d744e2e76315838,5
9d8073fd9104b1bc,4
9d96b1ede6a5febd,4
9da91854c24e44b7,4
9dad1219ad40156e,12
9db2a2c26e835725,7
9dba7965a7a5028b,12
9dd6a169b12b67ac,4
9defd930efdeb433,1
9df2b0b0e227b91d,4
9df687f2a7392682,3
9dfe1cdd4361363e,3
9e043c1a81fda126,5
9e283182a71069f1,4
9e3a7e03c59ef5dd,1
9e3ba0c35f314e46,12
9e3f0af75ebb67b7,4
9e42dbd41ceaf139,12
9e45515bf81409fc,12
9e4c31b8e75b5e83,3
9e5f53cfbb878d95,6
9e685d63cfb9b8f7,1
9e8a122d3e10beb9,3
9e91e13a5d829805,7
9e94c6de7152f03d,12
9e9ca9f363261316,4
9eb51cfafbc17cf3,12
9ed01c5cb510f4c5,3
9edf2172e4d38281,9
9f09aa15dba949a7,4
9f0b813f188303b9,12
9f103641f6809a14,13
9f20db8fc8aebdd5,3
9f26e59c3ff9a104,6
9f29366a7b800e1e,4
9f2d196563be2084,8
9f3847cb82704653,7
9f3c4744fd51b4dc,12
9f4def4414dba6de,1
9f5fc37bc5a963fa,3
9f6a063cf3f4a57d,7
9f75173fb0250b7e,12
9f7e617f6dbbc659,3
9f8278108be4d57b,12
9f93334f334d607b,12
9f9a958a0520afd0,12
9f9cb7a00e4fcbec,10
9fc174c7238ced66,3
9fc304278f664af3,12
9fcc34aec6bdd7b7,12
9fce25e790cc0086,11
9fd90be615d3872e,4
9fee9ae7d7f4a0e5,4
9ff67390671f8886,7
9ffc14e1c040b35f,3
a011b251df83c8a4,12
a016dce8664e3daf,4
a01b2bbdb525b389,7
a01e0673802ba71b,3
a01eba52b6c723d3,12
a026f1ca20740b75,6
a03ededcb7d37147,6
a0410dab4f2a010f,10
a048e950e9574ed7,3
a05ccce234e6d202,11
a06053e39ccbcce0,4
a060b5e1ae1561a7,11
a0675743d9e65e4e,12
a067714a779f6beb,3
a067b35285cd5704,5
a07b323ee852f6f3,6
a07ca4dddf877441,4
a07f50549ae5b551,6
a0a3a0cab94b667e,8
a0a78f231c29a051,7
a0b8bcd01f18137e,12
a0c67ca4e41a9141,11
a0cb0d9dd91003f7,12
a0cdc5093a160658,7
a0e4d350c3cbc7bd,12
a0efb9703fbb122d,11
a0ff86ed875f7b90,6
a103bdbc3a188433,1
a1062bea670a6fb9,9
a119e0c5ed4ea831,3
a12be107b56cd163,12
a15a4fa32d870483,7
a163b14ca36da5ad,12
a1660b0d9d2e59c6,6
a185c675e3c25c3f,12
a1de32c945aa4c68,12
a1e3c7d61a62b25f,3
a1e41f5316129071,4
a1f290c3f7e9fb50,5
a1f748f7841b7200,3
a2031816164e9c46,12
a2273e12b8be58eb,3
a22962d90aa5f456,5
a229ae22e498a17d,10
a22aaae48d4ea7d7,5
a23b6ebc679b40d3,5
a23d58948f67d6ae,0
a23de287601b9f5a,6
a24e52e43bf3bcee,5
a25655f8c274b299,3
a25ad7865965323b,12
a263696439717be0,12
a2649f10a2ef0bf4,12
a266267184b2f6f9,5
a26b3f4af1d073d6,12
a2732631e98346a8,5
a27e48707dd68498,12
a280728a19d94a0a,11
a282b2e685a69db3,5
a2917620cbf72a50,3
a29387ce97f9e84c,4
a29caab1999a7c83,12
a2a446deca49b39f,12
a2b1e7d6ec546d02,7
a2b886f8989f8483,9
a2c04a9d9788e17b,7
a2f6eb1ccdcba58e,5
a3011210357e0568,4
a30535689a58bb65,4
a30561cf1f2bcc7c,7
a31766fae3938cd4,13
a32275dae7f82803,12
a32ea4d5026d4020,12
a33467d1cbe04882,4
a3352c50e86c74d6,5
a3382e3e929094f9,12
a3471250b83f5959,3
a360ebaaa543ba4f,4
a364d0351bd39513,6
a367ed36b35f901d,8
a36809b0b99acd73,4
a370179e0c466709,3
a3991542a8e0ecc2,4
a399f94d26a90a07,12
a39e0a91f81d96c5,3
a3a9836e32ca2523,12
a3a9f8d2d491f8bf,4
a3c4bb5d76d3859f,5
a3c7540cbb9d37b5,4
a3ead20262678c28,2
a3ecf994c89e0fbc,11
a3fd2cd76682b55f,7
a4140d6748b0406d,11
a41c826e52b4b85b,12
a42211ad45562a94,4
a42c2a38f12a1420,7
a4367aebbcb3b07b,4
a4398180eecb4ee2,12
a4409177a512e737,3
a454f94278bb9141,3
a4642caf94d47922,11
a477226be3efcd95,12
a47e2f8a2690ad39,13
a48c85ac19a18085,5
a48eeec2ce38f382,3
a4a5b077d1daa243,6
a4ac90f2dba1b88c,3
a4afa0460a0d0557,12
a4c12e44bebfc801,7
a4d2922e0d677843,3
a4e7b0fb8e0c47c1,8
a4ecf3511aabff66,12
a4f4bd804bd01fa2,3
a4f6ff8b93684290,1
a4f77cd5b00dfac1,12
a4fb0be415b7754b,11
a4ff9d64677f5e4c,12
a501f8217d349590,3
a503a4fc38ae03be,6
a50f6f80cf25403a,12
a51a1150092aa754,6
a52c286f2a98e08c,12
a542f718294fe154,12
a559097a20bbf924,12
a55fef6e6a04c438,12
a56383080e845e61,9
a5679cc9649c73ea,1
a569dcb5cc5a5e79,7
a56ba629d8f598e0,12
a5795f506fda559b,12
a590dbeab160afd6,4
a59b2c1281ed87ca,12
a59e997d9541b408,9
a5aa6c25c8d3791f,3
a5b6def8d67696bb,11
a5c325aca669f1be,4
a5d33e15dbab7d87,4
a5d7690f996b03e1,3
a5d9a46ad9b84c62,4
a5df4d5287653f74,4
a5ef6d510d597981,8
a6034cdc670e87d6,4
a60519a2e1cc5b50,3
a606aad2772f7386,12
a60a817e28584221,7
a629a12ee67b74bb,12
a62d29f7ab50e70b,3
a63ce01e939fb163,12
a6439acf8ed76f1d,3
a64bbd778424f5ea,3
a652c7e17c100409,6
a65726d6888d5054,12
a65d1fe08f29bbbb,8
a66c24867fb9c027,12
a66d5054d49fc57e,10
a67adab7f4de6197,3
a6836d5baf48cb29,13
a68631bbaeb9acba,11
a68d88d97399960a,3
a693abcf7ede66a4,5
a69b74863d603a05,6
a69ff37460680579,11
a6a5e98dc6ddc9db,4
a6a8721887c34449,11
a6b1e8548d117fcc,3
a6c8a70016215980,12
a6cb17c328016875,7
a6d5d798d43ff553,4
a6f4a731d09c00ab,12
a6f68606423fc819,3
a6fa7104904a89c5,9
a70c38e332b16ca4,11
a725d7630ed303d7,5
a729b11c51c26ca2,4
a734375b9adc9b99,12
a735bd4b0db8ea64,4
a735fb103fb323aa,3
a7406f90996b0093,7
a740c920ddd4cb9e,12
a74a93b920bacbde,8
a74f460f92e5c223,3
a753373b75d88046,11
a755472054328a2d,13
a75b2572c52e123c,11
a761c80a726e554d,7
a762b7e99847ee21,6
a764316e314c1fad,3
a78ac6ddf3e4ee6e,3
a798403faf92d3ae,9
a7ad1ad920f95b2f,4
a7b286fc2ddd9748,4
a7bf581d59989250,12
a7cf74d6e80753d0,3
a7d1745a40b9300d,3
a7e2804c5aa8e105,11
a7e4a094450f6595,12
a7f255aaf9f04ebd,1
a7fb45262a964aef,4
a81101f30b9e1a2b,5
a81301f8bdc5ccb5,5
a814154524d858b6,8
a8180dc0f52e7c6f,8
a81dd8644913afd1,3
a82321d1bddeb8e2,4
a82ca6db2e7aff10,3
a835199af193f63a,4
a83a35454438ef81,3
a8457f8a56f4f663,6
a861e24d6eeeddeb,4
a8628dc7270ee02e,4
a88b3713b44a5fc5,12
a892ab39887b9922,10
a893173d3e24c7fd,4
a894a687007417db,3
a89538b27ef4991b,4
a89d1bc622333ce2,6
a89dcf5452d232f4,3
a8aabbe1935bc7db,4
a8bff2b87f590fcd,3
a8c419e20e4f1aa2,3
a8d7aca43cfe5b49,3
a8d85c42f89bfd61,8
a8def0e6ae9391fb,6
a8f37a57d0429ee1,3
a8faaad192c9689b,6
a8fdd3745ad5693b,3
a90082dee08e0783,7
a9080ddd39c64e36,10
a90c8b2f692c5019,6
a90dcc6b3b001dc0,8
a92ce715529a1b72,14
a96b8dba8494d14b,4
a972f75062970c6b,5
a97fcae070746908,4
a9832398e289e6d8,7
a989469f834a13cb,8
a98de0ecec6519de,7
a99771b44cf7a904,10
a99f88dfd07c05c1,12
a9a8b0b04f47d3fb,8
a9b2bb2700e55c93,7
a9b6f2029ee8346e,6
a9bf2226eed035ab,6
a9d766c02b23c2fb,4
a9ef5c9ef2ba2cff,6
aa05760f4b8ff752,6
aa0c4cffbfae5f6f,3
aa0e2298620026dc,10
aa1d4ded0680c20f,3
aa2f525949a4528c,3
aa3959f37f00627e,3
aa493a3fd6bdfe87,8
aa53c54ad5a63956,12
aa55fd968f9286d7,3
aa596309ed378bd0,3
aa5a7419e31f1a45,12
aa750cf70ff4a257,3
aa802f30b7529133,4
aa81480dfd144ae0,6
aa81fc6fcc8cd75e,6
aa97f63ee041b5f3,7
aa9e96e6a1850b17,3
aaa1633928334298,5
aaaa6d1f6a381579,12
aab06253171d89e6,7
aab7113e706ee739,5
aabee4dc84b85be5,10
aac09aec9187926f,12
aac0a49795884a8a,7
aac10ede4f45152b,3
aac5bc8eafb832ca,3
aac9e266b0f3e9e4,12
aadb6f531121249c,10
aadf70cd3f814f4e,7
aae0619129d7da8a,12
aae94bed300d1df8,6
aaf8ee42512983a8,11
aaf975972e9740c0,8
ab109e73058e7e97,4
ab13f4092cb138c1,3
ab17fc02b8e7364e,11
ab1c7cb0019ec2e1,4
ab26e498c6b5cb0a,4
ab275598f5970920,4
ab36b133b4d2bc4c,11
ab372c37d6f0babc,4
ab3c6da93fbc15e2,4
ab4709dd0b3e8d3d,12
ab4c27d983e7348d,8
ab518d21df242c32,3
ab584bd7d0c55a72,8
ab621e879dafef4d,12
ab66666bfa2ca9fb,5
ab6c632617fa3ddc,1
ab82245e20b19bac,12
ab8e68f58cf27a20,11
ab96d7d85394e7f7,8
ab9825c2ab845b22,10
ababd1e4c4d872e9,4
abad680b82a7aa83,12
abc55b64163eeb65,12
abd24c28071a62df,4
abefe5cedef9570c,6
abf6614e4349f0bd,4
abf9674e4f0dc63b,12
ac034151034106f9,12
ac0ff2ef03e518e0,7
ac106906e0529437,12
ac21ac626ecd805a,12
ac5194b5e86c7a74,12
ac58491342080a8a,11
ac6046ed4686bcb5,8
ac78c6de44433b42,3
ac8553e1f1199e39,14
ac8946b055460e81,12
ac8be5377c85ea79,5
ac91168130612101,5
ac97be0771ccf2bb,3
ac99c0f7665da19e,4
aca3931c69d08d3b,3
acce9ee0befce60c,12
acd1685847a17439,5
acd4408123e95876,3
acd956e3d2970125,7
ace3ecc59f7e2d99,3
ace69738019d295b,1
acea8ef68f7b8cd8,3
acf218db4e64c6da,7
acfa14aa2e3deb7a,10
acfe464e8409c40c,12
acff8ff24bf7cf85,11
ad00241713bd4908,11
ad0a297b6eec05c2,12
ad11a76f37c6d9e3,5
ad15befdb4a89b72,12
ad1915efb1feb5f5,4
ad1ae858d98c5adf,3
ad35d7dbad4ed08d,4
ad581a3ba64ea554,4
ad64d02fd29e34d3,6
ad8065bc766245fb,6
ad84af2d8f97c734,6
ad8b1d2ebc93df82,3
adaacb750bf313ac,5
adba0fa26e857634,3
adc1895f5f008259,12
adc4cdfec52fac10,12
adcf8775736be0ed,6
adeaa6f6216484cd,6
adf52fd2d124eab5,12
ae0a4c1e2742ddcd,12
ae14976d537423e6,3
ae2d2f022a3054ad,12
ae308ca392b9b341,3
ae325a52dbce4534,4
ae34a15fa9143751,7
ae3e606dcf289803,4
ae6d5861ac730e2a,4
ae78466495929df1,12
ae7897db984f15f9,12
ae7a19b0fd502771,3
ae7b9c4bbdd7bb80,4
ae88173e81101ba7,5
ae95f19aaba4926f,3
ae9d8421e23306fb,4
aea5ab6320559df7,6
aea5b5841efa1298,11
aeb5543d422117b9,12
aeb9600d35c66404,9
aebe199c41425aff,3
aec3e0d41a785859,3
aed874201ff93775,3
aedd960966eb8486,11
af1bd444bf27bf64,8
af1dd358b588b6de,4
af1e8c2f770617a6,3
af32c2681539bcd1,3
af39a3920b6c31d8,12
af3ecc908ec62ce8,12
af460bda046f9fe4,4
af5b0c2cd80ef20a,3
af5b6e5e6c26adff,6
af63a83746b291bc,12
af64201b972fdea7,4
af672a2b009b53e7,4
af6e831cb3b7014a,4
af77f54027f25a04,7
af7dc8ed6a60f55c,4
af91cc8cc86b7e9f,4
afa251e1b9f768d4,12
afb05cd4a89e2867,1
afb4c2c62cd65d46,4
afb88788f47458d6,12
afbff0b1002ecdf8,3
afc398a293473add,12
afcb75c86b5ba2b6,3
afd70da8d6e67d7e,3
afdff6679c259e7d,9
afe596632941ae99,4
aff093d825b44575,5
aff80642b24dcc53,3
b0011227c551f0bc,3
b00898ebe28de768,6
b00e30fa8fbcfeaf,4
b01bab432ea9d335,12
b01c4bfbe3ca7b88,1
b0304ae7d12414ab,3
b037812a64e0d78a,13
b038a98f39d17768,3
b0399f3820e2abfb,6
b0438af587119e03,12
b04a49a6c95d6612,3
b0681c760c3866f1,13
b084bdf96fb5fc4b,5
b0923ed24b4ccca5,12
b0983916d74a1150,5
b098e0e853afdf9f,11
b0aa511116acaf3d,12
b0b304d3542e8448,3
b0b3dda117e31fc6,3
b0c3af21a580d30f,3
b0c485ed43948a93,12
b0c64eaa2d6c995e,6
b0d66038ee0ab13a,3
b0da5bd7bd841573,6
b0dfb47936ad3cce,7
b0f001c6727110d9,12
b0f3b0bdb92881d7,12
b0f7ffb8d457e6bf,12
b111eac7897a1c91,12
b118ad0f176b353a,6
b1267b4efb3be837,12
b13aeac443775875,3
b13fed00ec39d43a,3
b141aa1aaaa477f0,8
b147c4ad72407f36,12
b176f7875a222585,10
b18a6767250196cd,3
b18de6b541f13b61,14
b19587cb7d2905c8,7
b19e595bec98030c,12
b19fa48c70b24ba8,12
b1a67117f91acb3c,4
b1a8b423d6a51760,3
b1ba7ee9310a0144,6
b1c22ddd0668c26c,11
b1e0a1f4efa6c893,6
b1fd3c968adf4669,5
b1fd5bc2dbe163eb,7
b20614000701219a,4
b206fab8331c62fd,6
b2214c891e224a11,7
b2308464ffe79c1b,3
b23499adb92da0c8,12
b23e7c691bdfef56,6
b2479d5413caae22,6
b2495d0f7f6edf48,12
b24eba32b60fd425,4
b260084602106713,3
b2639b0aa0afaa75,12
b2675c1d9c92f209,11
b27340f8e2e9d74f,12
b27be41be5a4867b,3
b282d8107517bff5,12
b282ea9dc01631c5,4
b28990f390174323,2
b28e8454736a8791,12
b298867137d77edb,5
b29d8e3b22b4c316,6
b29e63c3e992157e,4
b29e6ff84092214b,5
b2b66f4cc6ec8dcc,6
b2b868fa8a9fb6d1,3
b2b8b9ad406253a4,3
b2cd3999ad25de8f,4
b2e4d7a2e2877f31,12
b2eab30e2d669060,2
b2f7a1426c011b4b,10
b2fb4972ca8128e6,12
b306e9c7bc18e535,13
b30780e5ca61c0ed,5
b31293ff3969847e,4
b31acd47e896cc64,12
b32633feaf3b1d68,3
b3355fe4341d671e,14
b33f8c239a431d46,4
b346c07e412649aa,3
b3552bbecf475ff1,6
b359be80e331bcf8,4
b361889fa1660cb1,12
b38ed7e25b67992e,1
b391d56840fcc6a2,3
b3b165936a2f46f2,9
b3c30984ea63505e,12
b3c933afcea38267,6
b3df51230811083f,4
b3e75b299893b45b,3
b3f028494ebcf28d,7
b3fd804c7b096b96,12
b40182792f41c50f,4
b4077bec2c9096f5,6
b40f004f295e500e,5
b41db43336b7153b,6
b420a40f32687df1,8
b42ef6cd2c5c826e,4
b4341016b84d948f,11
b44a5783dde14bd9,14
b458cef3fa3c383a,3
b45cad5ba92ce596,4
b4626bbf34cdd067,5
b470c6e318c8b0d3,12
b47b0b8f61ca2fdf,6
b4821933b9b85df8,4
b48554a368922b8a,11
b497cef2beac1a8f,5
b49c69d52069df3e,3
b4cbf048b4c8a064,1
b4cf47a0697692a7,6
b4da87628c7b698e,11
b4e4fc3efda048d0,12
b4eb617e61071369,3
b4f1819171bbe8ab,12
b52a272e08c4343e,7
b52f9cd126545f3d,6
b541c063377d02a1,12
b546b44645884d62,5
b549b20808aab7c9,11
b55c77edf063b004,12
b563d77c855b9620,12
b56ef1a62b507cc8,3
b575aef99d1828f1,3
b588eb94f6d72b11,3
b5a24b27dbdd77d6,9
b5a26be0d0b213cf,3
b5b58ce87ba92a6b,11
b5b5a45862a8677d,4
b5bef65358a64fa0,11
b5c14c9468c54395,3
b5c6afba68533482,3
b5c7c32d1d6403ec,7
b5ce81b6c7865223,5
b5d7d98370d47ab4,4
b5d95e0482c325ed,8
b5dfbaa8a311f680,11
b5e657c3ea3ddd35,3
b5e66efc64f59166,5
b5f888daa2a324f2,6
b600a37c6df4fc62,6
b6051becb9555396,12
b609bd10d07eef8e,4
b60a7cefc0b3aa89,12
b60b8bc3cc468989,12
b6177bbd9d798f6a,12
b6177da430b9e927,3
b63fa6f4902414bc,12
b66f69df5efec9f5,4
b676e74c771d9715,12
b67c407406092bbe,3
b683abfa7ee27d9d,8
b68648b0781f6bf7,8
b69e3daa2e9c5014,6
b6a0579738774523,3
b6a86293e87a254b,3
b6aff87668bc278c,1
b6b152448e76ac3c,6
b6b3a49f15c61df8,7
b6b92e58aa76f88d,3
b6c40184d78d6b2a,7
b6c9d37e7eaf6b16,3
b6d483f2a7edd2e0,7
b6ddef56386bf21b,4
b6e6ff20206b4caa,6
b6e9a6cf4ca73aeb,3
b701dad43d523dec,4
b701ef8a6b8f01ce,5
b703cc3010b62df0,3
b705ece87b004c73,3
b72de0306b5d1332,8
b73b42c0d0ec6ba0,7
b76312bc9baab43e,12
b772b148d38a8d16,4
b77d90103f02ea36,4
b7a664fac69fd611,4
b7b5d11781e6b377,3
b7b6ab68889a34c8,6
b7be7a4335f69a76,5
b7c342c8dc493ac4,8
b7c77642643452bb,12
b7cd8b91a4b378cf,3
b7d2b442322bc3da,12
b7d572b902b7b6d9,12
b7d723304ef24953,7
b7de28daf9f7b1ee,5
b7e049f370ac2c51,6
b7e6a90699304c8e,4
b7f4edacd886516f,8
b7f95c8f80eb182f,3
b7fb9c71657669f6,12
b8068a83a061875a,12
b80932578d952305,6
b8100d7880bc8265,9
b811f2357de6138f,7
b81a6b155d004773,3
b81a73232a651480,7
b825d0e9f5a95cbe,4
b8273775bf8987d3,12
b83d82e9aa0beb93,7
b83e3b1d4b9e2f81,12
b862fe67711b5f54,4
b864c14f403bbcd5,12
b8761db2068665b8,3
b8828578ad770cab,5
b885e0d810f53dc9,4
b89751c3bd36cfac,10
b8a3e05c656d1f73,12
b8b40ff4fcc76335,4
b8bbb9e643b9e8f2,12
b8cc21b117311a21,9
b8eef8c19aa09023,12
b8f32bdc603875fa,9
b8f6a18b1da86e8b,3
b91bfd0936ecc5d0,3
b9225633e013c1a0,8
b923ba37333b8ac8,4
b93e95eb0a73dffc,5
b959266237e1cee7,5
b96338e17b694e7b,12
b968b5a68970f471,12
b9770cfb32095dff,4
b978f1589d01b616,4
b98ace18ab0c50b1,12
b990542474656f00,12
b990d4329eed6800,12
b99c858dca71b45c,3
b9a72eb6fd62e250,4
b9b3ae9ea6f4b352,12
b9b58d37d1bf90e5,4
b9b8e962d1ed8b64,7
b9ba45eed16fa981,12
b9bf6ac96ac7639a,6
b9c2d6de095bc86e,3
b9d91f48445b615b,6
b9dee07706f199aa,6
b9eae2fa41f82d14,12
b9f0ea4e65bd59fd,12
b9ff4d2e414c6137,12
ba05b37ca9e2164a,3
ba192473ec740b81,5
ba20cde3d62258ce,4
ba2313f6be35bf47,5
ba2c83c7acc3a70e,12
ba32930171dc8a19,3
ba3a4ee9816ed40b,8
ba4a5eb10f48d45b,7
ba4d6a1a557c59e0,6
ba5c7fbbae64c75f,11
ba6ec9add48af187,5
ba6ee91f42bf7ce3,3
ba71b74522e1a80e,5
ba79b7233562ac25,4
ba8323301ab22b73,12
ba8423c25b7a3cec,6
baa758e835a13db2,2
baad5d3043569c89,5
babb6957314454bf,6
bac2d3af784bf24c,6
bac55122ccf90baf,6
bac5c44b7f5fee8b,3
bac5c7f058697739,4
baca56152187ea23,3
bada09da57371fef,12
bada6b89780692f4,12
bade17e24c2c1165,4
baf18550abb81c4e,8
bb01441317b04b1a,4
bb047d6ab188e729,12
bb1ab64c2e3893f9,8
bb1f642de9544907,4
bb208a15661645e0,13
bb216ef55904d4ad,4
bb2c5ffe7a491082,12
bb2f7ebac088e349,11
bb3d8308eab15cbd,6
bb52235c485642bf,4
bb6e830bd15f5b73,10
bb7f9d554a35c710,8
bbaafb9132861d45,3
bbaf041d3d521d38,6
bbb4c8fbd2805275,8
bbb662c9b080edfb,14
bbb8149734fb655d,12
bbb927f526204fa8,8
bbbcd15728c7386d,4
bbbd4dadaf27bff8,6
bbbf36e650dc35ef,12
bbc5e2e24da0abbb,6
bbcd8c6d91dce002,10
bbce1fb51a9f78e3,3
bbf0a2c235d9956a,4
bc0a7012ee6fc80c,12
bc0a7cbebb0a46fa,11
bc1c9c4ac7d20d90,6
bc25acaa170a887d,3
bc25fd4f70a9d52d,12
bc47b625b3597db1,4
bc5c6e849215ef00,11
bc7e4b97e59fc109,4
bc811eb3d91496b8,3
bc8877c01f5af70d,7
bc9272e279a1859b,3
bc956daa47fd5240,4
bc98d51647c287cb,12
bc9ddb01edc95439,4
bcb210661cec4f68,12
bcb2decf8894d697,3
bcb9deda5cf6d94e,11
bcbb3b05c03943a3,12
bcc32a54343ada62,4
bcd3571a457d616c,3
bcdb840c90134a63,1
bce55d3c5222a9be,11
bcefd668600858be,1
bcf134ba7a8812ea,11
bcf1d2153b2e64e3,7
bcfb37f1e6346b49,6
bcfd5f72a820f46a,8
bcfdd7e5ad43b714,4
bd0804967ab053a6,4
bd16d22ee880a6d7,6
bd1d4deb31589abc,4
bd26c715d1edd5a5,8
bd36e9991e3d7598,7
bd3e5c22b836de37,12
bd573c6555653d01,4
bd62ef1299122e45,3
bd632e1bb4be708c,3
bd7cd39ed1be7b01,12
bd83621cd45208f9,6
bd895f95983179cb,9
bd92cdb1d0d50823,3
bda2a9640e9fd922,7
bdaffc674a105922,6
bdb028716b596d92,4
bdb822624b7a6648,5
bdbb79e2153c9b6b,1
bdbc6d9f03795ee2,8
bdbee4f52c4a0262,3
bdc921f02fff2ea6,6
bdcea90d8eee02de,3
bde20dae1cf94e96,7
bdf567733460049c,5
bdfa412016c5cb8a,3
be0dbd0f31787e9c,7
be18b367ee513598,1
be41d3ebbbb1d546,11
be478d6c3e565bc2,12
be812132886cc82a,5
be8aeb73a1d83498,4
be8e6b445c4cd463,4
be9225315dbf6aa0,8
be96920c1465d4e3,7
bea9543b1b2e8717,7
beac9859a17ab5ac,4
beb89cf821ca9230,12
beb8d091da3110f6,11
bec65dea4d9ac976,12
bed0fa2dff856f80,8
bee25631b284b1e9,7
bef23ff12c75b5d9,3
bf012947e215c37a,12
bf23486630b60ec9,7
bf2bf71b39b93301,9
bf2cc4eca4969da0,8
bf4b912f0a086c4a,5
bf657ca3a7b5a9c0,8
bf714c6c5151d86d,3
bf72daebc4ef9cca,11
bf77d6a82df873af,5
bf883ae5e8e7b5e9,3
bf9c30418a02508c,5
bf9f5d73c777f6b0,3
bfa241175f9d95e8,4
bfb031411ed1a1f5,7
bfb1175d6ea71dd9,3
bfb3f4ff2eb1f270,12
bfba4328a7f599a7,5
bfbf65ecc945cf28,7
bfd1496908dfebab,12
bfdf4d625709f1e6,1
bfe2fce5b70ccae9,4
c0241d665dde7bfa,6
c02657b8e3768bbb,12
c0435bc2d3823949,12
c04aee5dd89e2c2c,12
c04b76d9b3ecc597,12
c04ca48d3406a880,7
c0589d635cff0f57,5
c068e3ad0afa32c1,7
c0703c4fb81cdd24,2
c07d346f21702d9c,3
c080d83dd588abd8,7
c0810c00180e20ca,7
c09964eaf1e7907d,12
c09b288475e233b1,6
c09e941dd0684c9c,6
c0a17adcaf944dba,5
c0b8be590c6fb68f,4
c0b8d16a22dc6d60,1
c0b99152d5a16536,4
c0bc5f81e60b571e,6
c0c803cab673a951,3
c0d30c56d80298a5,4
c0f86769a0a9d273,12
c0f9a97caf1a337a,6
c1050ec3d6246bc1,6
c10b1e81a69cbc7a,3
c10c04fed6f4dec7,6
c114198e1b2f18f2,7
c11bc58608808496,6
c11f28b8ca819ffc,3
c13d9bc289188f83,4
c145fe2351df9838,3
c14e535eeb2b0371,8
c15459151a5969a1,3
c158fd2fa5792cbf,12
c1633928b39efeea,4
c1702392d9d9fe76,12
c1718b18e46d2b2c,2
c17989894b706ddd,12
c17b31eb2dce5944,9
c190e3749f70f4fb,11
c19d1ca7283d72dd,3
c19daacc4513f9ca,11
c1a3e1a10d498acc,4
c1ad022790aee2bb,12
c1ad54ff4f1cc154,7
c1b705ac7bed3915,12
c1c066d015ed4974,12
c1cc374160eedb23,12
c1d00c643d62801b,5
c1d3a1e1b3d50260,4
c1edf9468f357221,1
c1f5e659ff0eeaf8,12
c1f74f26fe7562cb,4
c1f9f0a8042c192b,4
c1fb082a3deaddff,1
c1fcd09a13ad3f75,3
c205bba7d76d34b3,4
c216a8487fbfda21,13
c21ca8331b396baa,3
c22b702fd2437fee,3
c22c639964fc99c2,3
c2382dff6e0227d5,9
c23cd3993fe323a8,3
c2409e27758b5ca9,5
c2448998c7ed6823,3
c245d41c59f5acc1,12
c25156943c0ec0a8,11
c25cfaa7aaeef7e1,4
c268a1d65b47c73f,12
c2805b8412502cee,12
c285b0f0d7afc544,4
c293ef44fc2b296e,4
c29aeb116f793040,11
c2aa983cc1bbe68d,4
c2c56a2ac9d2daf7,11
c2da74a3db6d46b2,11
c2f42c56241e4098,11
c2f7f0ba797ea4ed,8
c30625d3c46ed918,6
c30bef2e5aa1b854,3
c3100d6748d25d12,1
c31b6e0beab619a5,12
c326a1e9ea3e5fb6,5
c32b02e8aec256ce,12
c340c14e1b9d53fa,4
c3691cf3d7247b21,8
c36c0818e34ac036,0
c3723bdc62a874a9,10
c373b9100025ed18,12
c37b809be240075a,6
c3962b55c1b8fcf2,12
c39e91aa8a330908,12
c3a3bd2a59f6cf14,4
c3bdf3506a658366,12
c3c66c4394e11ce5,4
c3cc49c2d9b46c02,12
c3dbec42281a72d6,12
c3dc42c02ecefdc0,3
c3e448956c789cfd,4
c3e5969c8b30659c,3
c3fc2dd897ffc338,3
c401b060e9d00561,3
c41cd5b624a8a4a5,12
c422d321fb997d9b,3
c4273281390f4e93,8
c43317e7bdb5ac03,5
c43c5568447e42a0,4
c454977f42f57aff,7
c4598eae93a283d9,12
c463312614db05c9,6
c464c58f93eba356,10
c46766a8be8e24d4,12
c46d8c1f094ab0ad,12
c473d6acae1ab0fb,5
c484335501c73a44,10
c49a49d52f38c7a5,12
c4a0dff5713b55cd,11
c4a517bcab5d1a05,3
c4b128db19a16519,12
c4c0054ce10768d7,7
c4c513330138bef1,4
c4d2ef5965a3d89e,8
c4d9ee867cd6b856,7
c4e2daf14e687495,3
c4e36924747b70f3,3
c4e501cf190fbb0b,7
c4e786d4a6afdefc,7
c4eaa29bd0956656,4
c4ebc0938e7cd81a,12
c511afba8adf0a94,3
c521466f65fa39c7,11
c52beba986ea4893,11
c53e047e4f10a381,4
c54dc7699a70c473,5
c561f274c13eec14,12
c5635f7c397cd7c6,4
c57938301caeea9b,12
c58a9392eeb0af15,4
c5939c8b06e6212f,3
c5964b081f472af6,10
c5972733354d6e27,12
c5a90978aadff970,3
c5acbd6a539eec19,5
c5b1be488cd0e1e1,12
c5b9adade00b4952,3
c5bb13559226c317,3
c5cabfe4b3e84d28,12
c5ce4836d55e3ed0,12
c5e0d2cf2aff9683,12
c5f7fa228eb01f3f,6
c5f8e4bc899997e2,11
c60b783843f14f61,4
c61446b638210bba,5
c6385083cf3713ed,4
c644c76a7a405055,6
c64647701e8fb72c,3
c647fd13a994a964,11
c64f4d82e51d6b80,12
c66821b5fd174678,3
c67f445bf8732f4d,4
c687ac1d41fdf754,7
c689df3994afef6f,3
c68e8240f043316d,3
c69dca89a42105b6,3
c69ef6cd2d81d787,6
c6a78fa9d140efce,3
c6b0f48663a3ec69,11
c6bcf9b911d89d34,8
c6c5532c0f61b120,1
c6dcc45baed01dc4,6
c6df76d9f234e3a6,12
c6e74c2b632a4a6b,3
c6f12d2cfab4887d,3
c6fb037a3033d873,3
c706289e1ce09758,12
c7089a94bc9438eb,11
c714260bac2b7703,13
c72617d3bea3fd0f,12
c72caae51b8dd11b,7
c73692c85ba63811,12
c73e60f48c84a853,12
c742b5d24e073b2b,12
c7527b3e1cb43338,12
c759e2a4c7c70571,7
c75d4e97f6f2936d,8
c75d5b15a5e51ea2,12
c779cacbf5cec7e9,1
c785bece1613f035,12
c78a3912a8d6712d,3
c78e9980eca4ef77,4
c7a5b69109fa0f37,12
c7ab165087d20c78,12
c7b18b4abb5f395d,3
c7ba6cb42efa645e,3
c7c75f859cac62a8,2
c7d3e300abfeb258,3
c7d73288d3845c18,12
c7e5097749c257db,5
c7e6a2def851bdd3,3
c7eee2f1820e5cab,8
c7fc911559303d40,12
c803263aabdf6767,5
c80c7c6aafbd9c5b,3
c80dbcea129b5721,9
c811bf1be821c02b,8
c82331043644bd7a,3
c824bfb9745bffe6,13
c837daf86608e784,11
c84baf093f38831d,7
c84c47c782de1ad1,6
c84dcbeb8666c20f,6
c851e48b167ddc51,12
c86957c284d6423b,12
c86de49234df83c9,4
c87184bee169243a,12
c873c20980d90312,3
c8803b69e5793fed,5
c882cba6edb2a9d7,7
c88f9f1b625c2ff3,12
c8919ea6f292dbbe,4
c8a8be1542050c8b,6
c8ac6df97b247df3,8
c8b3672214dc3b85,4
c8bd24314a183459,6
c8e7322a40b081b3,12
c8f822a7f89cc7a5,12
c8fc51929a13165c,7
c91f087d82873724,3
c930b35bd46be569,12
c932955b9920d56a,10
c933819584b2cdd4,5
c944ec56178f2528,8
c9450b28dfedc171,4
c947bda268d08bc7,12
c947dce3215907fd,3
c94b8d28cec97cd0,7
c94e2b5f77462d36,3
c96ad9010cef9f73,1
c97992f4e1358a23,3
c97afb75bc6f7019,6
c99906d3a09e149b,12
c9a410fdaa6879d7,7
c9a6ee7a463b6eda,4
c9b540d8aeec84e8,3
c9c4aa1fce334d5a,3
c9c796c2f405e6a0,12
c9d1de665ca160e1,10
c9da0a4aca00fbb3,4
c9e2280baf5287bb,3
c9ea8a2f978f5ce8,5
c9f0ea69c83c1a70,4
c9fc591bcf0361a3,7
c9ff2016e4c84415,6
ca0690a93a3e3dd1,9
ca0c3a5760d7c53c,8
ca105082d4a10e24,12
ca18d6caad26a1b8,3
ca23e8016bc2088f,4
ca300c0656a31252,12
ca3e087b14561698,5
ca48005ae89e2f6a,9
ca4831be3a58135a,3
ca4da85c2622fe15,3
ca50efd4065c4940,7
ca598888420db380,12
ca5c2f697801c381,12
ca63f2cec34f589d,4
ca6488f5774b1de1,6
ca7297f6e677375a,11
ca86845f9fd0af6d,11
ca9fac50b4adba05,10
cac5de7d2a595ca8,12
cac7291edaaae01e,6
cac735e94490a817,5
cac9a57390df7532,11
cacd1a4898ca8aa6,12
cad71f905c07ddfc,11
cafbf8c2fc3fdb25,4
cb05356828477c3b,3
cb15244a13994ffe,7
cb27d16abfec415e,6
cb310022a6e66dbe,11
cb3189b63d942e3b,6
cb47166debca3eb6,5
cb501f7971b1977c,12
cb5468a5837b628a,4
cb6e7ed7e4ea0afc,3
cb776f100020f688,11
cb7ce506dcc289c0,4
cb7e8b2fd704b69a,12
cb802a9780e5b0e3,5
cb9ff8eea551bf9e,6
cba903eb54f0f98c,4
cbbc99ffcfa0f287,4
cbdf66958cf03de0,1
cbe97748a5671c8b,3
cc02aaca1504dbe9,3
cc0a379f09feada4,11
cc0d0f4011994661,12
cc32b19aa06064cf,11
cc4073156f6f93bd,12
cc40b90fa331646d,3
cc4a78e2074eea49,3
cc609cb5c87abcbb,12
cc67c28093acfc6b,12
cc6d617671dbbe8b,12
cc7acd789259bf84,2
cc8978d257a108ee,0
cc8f18462c805278,3
cc948503eedbbae6,1
cc991dbee63f7420,4
cca76ca086b8c632,1
ccb5fc6c034d6463,3
ccbc5659021b37ca,5
ccc746d94a5d2752,6
ccc8263251e79d01,12
cccd099c1dc9fc08,5
ccd824f2cc84c596,8
cce07136acc55bc7,12
cce0ab43a556e2ad,4
ccece5718cc937b1,5
ccef79c59f2f0bb5,5
ccf54743770120af,6
cd071e006db38e52,5
cd25770846703c60,12
cd28b442863d2124,12
cd33802aedc913e1,8
cd47f685e93a0779,12
cd5266783bd165f8,3
cd5ea1baea41c59c,3
cd60a4afeb58cd47,6
cd63c9f4a0336310,4
cd6a04eff6cfc115,12
cd6df790d02f8271,1
cd790cca81594c9b,6
cd97116fc6a0eae1,6
cda44d7b4780620f,4
cdada6f6f0c7ca01,12
cdaef3e77d9f2ff6,11
cdb87b318a1e7313,3
cdb9b3e20a1f74a2,7
cdba8606cab3d7be,4
cdc5f454101c7a11,12
cdc7cd48ad1587d2,3
cdcc2c2824b18a4e,7
cddc82ab90fe2e8f,4
cdfc48e9b0266059,4
ce013b85ac798a2c,10
ce0ff28c1b71bb4d,12
ce26c58cf517bf31,9
ce31785617d81bc8,12
ce322533f0d8d222,1
ce327953e33ac2a3,4
ce33f74523684686,3
ce42064826e6b8da,12
ce437ba2953e1e12,12
ce597d299ce9d974,4
ce77a15fb5817996,7
ce790e60a33c2be5,3
ce80291da7b54038,7
ce82722d64092b73,4
ce8cebc515a4738d,6
ce8ea81c92aef0f7,5
ce9bb5729c853ce1,8
cea1f53d857e98c0,6
cea4dd9bb5aec66f,11
cee32c4ccf3698b3,11
ceeec1e07b4905c5,6
cf120b70d4b4feef,5
cf128deafa63d8e2,12
cf1bfdacd25ce2dd,5
cf1d3a65ed0f2a7d,12
cf1e739bf2b11795,12
cf25ea4bf4f28d45,9
cf26d73059ccce83,12
cf394b9853ab0488,12
cf432a5926fbb622,12
cf4cc4653d4f9a64,6
cf833293eacc2bb3,6
cf9e56154bdaff69,4
cfa260d7082b6ad5,3
cfc1192812eef230,12
cfce76d4c7ee1b2c,3
cfd95838868dfad1,8
cfdedd4aac8ba98f,7
d006a42bf92c36ea,5
d0162f0b348e5cdd,12
d016556af4d6243e,5
d02993bd4985158e,12
d02dc91d66e57618,4
d02ed30445e44bda,10
d03cf28fcd6ebe94,9
d04cb11efa52138b,6
d0509a5cf94154d0,11
d051d3c17d86d031,6
d0783160015b4a04,12
d07eb3ff80b7d336,7
d09034e40965ac43,3
d090610f884afaf1,11
d09411f698abe955,12
d09c83b8075b18bb,3
d09dde55bf22bcc2,3
d0a2270476c1cdde,2
d0b3c540f9bf208c,3
d0c7b85882d36bfc,3
d0ccc700303a27ac,3
d0cef035958791c8,11
d0df72da11cf89f3,3
d0e24b20475de28e,4
d0e347b4d6b4090e,3
d0fcfb30b0b1c7e5,1
d10561dfcfe05eae,11
d1208b3ead246c39,12
d12ab9de01df7489,4
d13fc251af326b13,5
d149a7492008454c,5
d15030a032f93acc,5
d16f963214b5146c,11
d1702034e69d40f1,12
d17cb11ca14ad293,3
d17db3985fd65ae5,6
d181409f6c4f4c35,3
d19f4ea94bc99e7e,3
d1bd4a168fd57c9c,4
d1c3e6edc623027a,12
d1c514e0273281a1,12
d1d0d82305f2b671,4
d1e208e936095db9,12
d1fde4d90d3ea075,7
d20feb432d171342,3
d2152d559c39777b,10
d221f7178615d559,12
d22427a117345bc3,12
d22702d71cce6760,9
d22c78dbfe30775a,4
d24551136164242c,1
d24ce2e1e801c319,12
d2603d4343bb0e91,6
d26c0de28d3269a3,12
d26cfb18a1b193c6,6
d2729c3842932730,12
d283328ab5800f6b,9
d28fafd1f5e1e1fe,3
d29a883b5977c801,7
d29d941a5d3ecd59,6
d2a3cf602afd75e4,5
d2abcac6ed7288f9,11
d2b502f08bda6736,7
d2cbd4c15dd1aad1,12
d2d63f479cb7f88a,3
d2e6ef0f3694bd55,5
d2ed411889a5f27b,7
d31a5eff0d4f35a0,8
d31e0be952472e1a,12
d3203008ae0eadd6,3
d33ada0234cc612a,7
d3518c705881dddb,6
d35efa1dd082137d,3
d36f16fff4464ba5,12
d377ecf7e41e9790,8
d38dfef59b039953,4
d398ddf0e8e01541,12
d39b6f3db2831c95,6
d3a6181e4b16aa4e,6
d3bce93bdb63dab3,1
d3c5b15b13e52f72,7
d3cc7dfa8f3258aa,12
d3d0c5ba72984069,3
d3e7d704cd4dd8f3,12
d3f31123933c3de5,7
d3f669c5d10f3a87,12
d3f9ada0404a6a0b,12
d40173656fbc4845,1
d407e06d9894e6a1,12
d41a3475822ee9b2,12
d41e957033289255,11
d420540733eb1480,4
d4292212882ce82a,12
d429b75a41f58d68,12
d43150f3017d7e4b,4
d43a8fd3ec715b28,9
d44ae1c3eb77c147,4
d45925cccc55f21b,6
d459b85c9dba44ee,12
d4720d77124428f3,11
d475f46f9f0f7ab8,5
d47a373834816392,13
d47b5f0a3be4449d,3
d47d7d7890efdf22,12
d48e5d4736f033a7,12
d493bf552e9f253b,3
d49bd8d4e8e15452,7
d4a2ded1f5b6a9d0,3
d4a5e575d4ed097f,8
d4b3cac675df3eca,11
d4e7bc0b14e2e7df,3
d4e7d6549970fb93,5
d4f2c54490d53d63,12
d4f866c120a4e398,5
d4fc08fd0f96e7c4,7
d50c72eb66ef407c,12
d50e687e99b77b0a,3
d51b75aac1802ab1,4
d51e351a8139a37f,3
d526cf0d929d9e4d,3
d53b26b84055f9be,12
d543813d461c6768,4
d5460d4859823830,3
d55679406fe55b71,3
d56457809ebff70e,12
d5666fa66fe0e1a5,3
d57872a8c835ea5d,4
d59233a3d24efcf6,8
d593b094c21709e4,3
d5994f022f4ff2de,5
d5a6c840ac12420c,4
d5b0ae828b2e46de,12
d5b46fd21fb41e31,11
d5d2bc841869d36f,6
d5db9e60c61a12ea,7
d5e45a0f22cbd060,12
d5edaf9897f37507,12
d5ee52f2a7b18ada,13
d5ef3c7323c16e9d,12
d5f2b977320e5678,12
d5f557fa3a2d66c8,12
d603f76f91ed917a,4
d60c9a78ef23475b,12
d60fe768ca0b651c,12
d61e9d1678a2df7c,4
d6276b8dcafb9320,11
d635e7ed81751782,12
d63d3a5673fcfc10,3
d65800e0c021473a,12
d66785e3c09a2582,3
d66991913a5138dc,12
d68e5ca464519bab,7
d691277055e4cc0b,3
d696a190f3e118ae,10
d6b4ac5dff0095e5,4
d6c463f96232e4b4,6
d6c6a2b5945ec0c1,7
d6d5b1715210a0a9,5
d6e3e9c74fa7eed2,7
d6e444de4c26ad6c,12
d6ecb5eed8f03141,5
d6f1c564441417d8,4
d6fdd93b6f2a5676,7
d70849b8ef5a2e4d,12
d70a0cb7c3fd7280,7
d71003497f106a49,3
d7171af429b97126,12
d730c2bd7397ee0d,3
d73ad3b6ef2e0e78,5
d74490b7c5efb6e1,12
d75a2bf1f8b1f06d,6
d75a62c5c4ae023f,12
d75ea47ed74aaad4,3
d77be898ace66572,12
d780f283d6baf038,8
d79b33ca66f6713c,3
d7adf5b1a3cd4235,3
d7b31cb85f903b25,12
d7b50cc919e9efa1,6
d7bdc07939512057,4
d7c1fecf374be7a5,4
d7cd3875829bc7e0,3
d7dc961151853e04,6
d7f6bed5d3e60fb5,3
d8167e8c82088fcb,10
d81e285d11627933,1
d83183083f27b5c4,12
d83bf6b58b5efb11,1
d84a77e3e5ebdbec,3
d85f0ea3d0aadf68,5
d88124265ffb87ae,12
d88df2121bb79f76,6
d89564c28704bd66,7
d8999f14c870f0c2,6
d8a147565dde6e5b,10
d8a7ebb6c51ec216,6
d8b53f483653bd18,12
d8bf5625a61cf518,3
d8ccbaa16c694384,4
d8d44e953d87198e,7
d8d624e641e3541b,7
d8db5b4ccc897279,12
d8db5dc2a7f28f15,12
d8dc2cc21ea9c16a,3
d8ee7d466ec76db9,3
d8efdb04241b0d85,3
d8f2a0ea204effec,3
d8f97b9ba6d9ccb7,5
d92066f6cc5c2d50,4
d921ca4dd3c99809,8
d9290bf14b1f0fb5,4
d93cd740b9811498,6
d946c6d08104d736,11
d949455a9978d63c,12
d94f75bd2e3512c1,3
d958fb9a5d7f0f97,7
d95e074680eacf48,4
d96a160abb7117e1,3
d96a764290568769,11
d977c988c9b8d99c,6
d97f34b32c97f6f5,4
d991fbccbd7b568d,5
d9a876329c173842,11
d9a9dc3bce90c4fd,2
d9ab7cf4e1a929b0,3
d9b6473107b43304,12
d9c08637f8ee3d86,4
d9ede1ab6076fb94,5
d9fd15d7e6ecff46,3
da0165260a5fe6dd,4
da138f3aab41c025,12
da154f13d282e062,5
da1a84dccdabe979,4
da1d7f417ea3ff17,3
da2227a4b3393067,5
da25d81fa56b1ea1,11
da2fe3b79a80093f,6
da359ad94e364edb,3
da35a64f8c41074d,3
da39210ad40bdb23,10
da5e7e16d377e6fd,5
da63e39c87a2b993,5
da68e345f7c7e685,4
da7996f2bd7bec09,6
da89a8eaa866846c,4
da956619a355ba7e,12
da9d5c9032e340cc,3
daa78152c549d183,12
daa7fcdeb0ba2307,6
daa8a08289ba6c54,7
dab4a5e25792c217,4
dab6cea2d61ce167,4
dabc0ec2b8725704,12
dac7535cd94b6640,12
dacfd322dfed981b,11
daff89ceedbfcadc,12
db014eaf4e90f654,4
db015c945964662c,5
db1706abb26eb9eb,7
db1b3deecf30826e,11
db1bda44369e6742,3
db24e9fe3fe73254,10
db45fa59e92c5eb5,3
db48584c1215bfdb,12
db568370bc3132cb,5
db6590f98c0f8d60,8
db705531c67896b4,10
db765e8284fdacbc,12
db84bf3935b4770a,12
db8971270397e9a1,5
db91081c2e4ea616,12
db9790be455cac4b,7
db9cfd22821c60a8,3
dbaa9342171fbd09,3
dbae3e1061d6b8ad,7
dbba4c76f4a48949,1
dbc19bffb1b90ef2,13
dbc387e821108ba7,12
dbdfdf563a830fa8,12
dbe3ce83ce1e36d9,3
dbe531231f45f4f0,4
dbe912872501ad40,1
dc034ae2d0c19c29,8
dc05abbfb042cb78,10
dc12a27d543974b0,3
dc19e6111a9667a0,8
dc21142a22c27bc0,3
dc234d40fe5fd5a8,3
dc3711f1b5056cdc,3
dc3c324f634e1f58,4
dc3d634b69aa5655,6
dc4a0f4012a5f310,4
dc4badb8e2583840,6
dc8027cc3e1396b8,4
dc90aefd4456da9f,3
dc92b9c9ff325533,4
dca03131dfc2b8db,4
dca132d962cb1a79,11
dca66079688dee39,9
dca770fd140130d6,11
dcb254b963f1813d,8
dcb2d050a736220b,12
dcc2bd2672123194,4
dcd014ceee82053a,12
dcd0f32ea5ad2449,7
dcea18d470e35014,4
dcf5bc809b004d9c,5
dcfd0dbc6e140032,3
dd084b150cfea3a6,6
dd223b33d88b619f,11
dd2c932a2f8f6c7c,12
dd2ef56d8b896bec,12
dd31abd1512133f4,4
dd3397aff2edf645,4
dd33de6c6b274964,6
dd4f14accd466a68,8
dd524a60d14686da,6
dd5b28b46cd56530,3
dd5b7997d337397b,6
dd65b6915bd29b7b,12
dd72ce0a4871f8e0,11
dd77f495f15b0123,5
dd7ff6c161644fc5,8
dd82301e1ce51e62,12
dd89a6660d376fa8,3
dd921ba6da801f54,4
ddd4dbe32316205d,3
dde9606335a3f587,3
ddeb05e80daef240,11
ddee7fc754c69488,8
ddf17907bb98e8fe,6
ddf4bfd29fddd9af,4
de016a4db7c9cc8a,1
de041032b3ee1c0e,4
de0facbb7d007151,4
de31e65291b4a76b,4
de3aef9f2f410177,1
de3d0f66afcc2522,4
de406b90e3808521,12
de41189fc0080df3,12
de41cec8cd69538c,5
de424371d29ef675,12
de4283f244609cd0,12
de456dfb369055c3,12
de53fb2fa6fa28ed,12
de5c2103d9073212,12
de6d75bd0dda1ace,7
de7f60477adacaca,4
de854f346483b47a,4
de9055ce91e547c5,6
de99a7ccadb713a7,4
de9e7f512824d5b8,12
dea29db386b2084d,11
deab56fe04c2ab64,12
deb82186caf0c23c,12
dec7eabdbe8a3fae,12
deccd0b5ed98e203,10
ded7d85fbdb3a1d1,4
dedb356a815f7487,12
dee6833c8d1b49ab,6
dee80ed2f8ec263f,12
def0391e215ceb1b,6
df0102dda3a7a72a,4
df2793ad17a699a2,1
df449d3459b353c6,3
df57304f0ef2fa52,5
df5ce73f11ab101f,8
df5d364a148b8c47,12
df5f49c3a491da0b,6
df63c621a4958b6f,7
df87c6d91aa98f98,4
df950479d4735f0f,11
df96fcf0c6115880,3
dfa5a30cea14a02b,3
dfbe98dba87dad3d,6
dfc2ea460963af79,4
dfc48637a639fd57,10
dfd58d5e94ee5798,12
dfdd7a65df527796,12
dfe094a819557189,4
dfe1f5551e32e2be,10
e00d30ca78af8f47,3
e022a37ced08fa37,11
e024f637cc39c2ac,12
e03272a4db14761e,5
e03336261e247dcb,5
e041225323bd6483,12
e0471a7d84e3ee21,3
e04ba47c020cd7a0,12
e04f3f1ce34f23c3,4
e0522c58845417a0,3
e058220426a3a4e7,12
e065498b07f9444c,12
e06669a032f0685e,7
e07807e7c697a7a9,5
e08625f9aeb1bba7,5
e0883a9314e5b5ea,5
e09fe36618c4db31,4
e0a25a9aa34f8ec6,9
e0c422aac89e76a7,12
e0c475a9d7a4e226,5
e0e5504140c1a771,3
e0e5a43945c45d71,12
e0ef61e7cc5d8fa0,12
e0fb1e81c305218c,3
e0fb89c0ef536b70,10
e101286f7d4bf872,6
e114eaee30cb0ca2,7
e11bbe10ccb268fa,4
e11dd143a814154c,12
e121565e17479612,5
e12f47db40a51366,10
e12fb826c066110b,7
e1308e08d7be4e27,8
e13c52504e4210c2,8
e13d3b8703bb3403,11
e13f182880ec4c5d,4
e15d147a4406f6f9,3
e16807aa0378046b,3
e1859a9c69788900,12
e18772cad4d7df89,11
e18913ea5b0be624,4
e18db852a4e97e65,12
e1a7e57637add889,6
e1aa937c61a43879,12
e1acecb0ad8d729c,12
e1ad0c2126ab0591,6
e1ae7cf4dd08298e,12
e1afb1d0c474ddcc,7
e1b19ac3c04f64a0,3
e1c706032ef4c6ea,6
e1caf2a1a96b9b58,6
e1f3e0f78d90232e,3
e1f754004671041d,4
e1fd0ab337c04c6b,3
e205d938c99de600,6
e20bad124684bdc2,12
e212da1041c3fa4a,3
e212e7e44825fe30,5
e21bca8b27037de6,5
e22f415e0c4aca7d,3
e23168af03e2a770,12
e2333d8767cee620,7
e255c714a2af773c,4
e266ee3f59ffc345,12
e26743280b16c452,1
e2679ce1d33daf9b,7
e269ca77cfca1841,12
e2732d41ee30f49d,11
e275e0a88c2287ca,6
e27e305a6aafc55f,3
e27fe759114ba6c5,7
e2809b6da90a7e21,4
e2889e0793007e7d,12
e29402f278b55cdd,12
e2942267cdab982f,12
e2a0ec8527f5434b,4
e2a2202f96181214,12
e2a4b34f28e62b98,12
e2a67fd08cd371bb,4
e2abab82d742973f,6
e2ae2c9c4add78ac,6
e2b6c050753699c0,3
e2b729adcabca3ec,3
e2b77197d2ff0ca1,3
e2bdefe4ddc18d16,11
e2be71d22c304841,12
e2c4050133d5447b,5
e2c554dbfb650a3b,11
e2eb209b85960d43,3
e2fa355fae6e3386,3
e30a0083edfa7ade,3
e30eda5d35a08530,7
e311c168b32f7087,4
e318e05817937a21,12
e326d2c4424c0390,5
e32a7d14380729e6,8
e32bfc979e8a6479,4
e32f10e2e47a2c18,7
e336f9d1e7b619eb,7
e33defa9589c7af8,4
e34beb92fac9ba9f,4
e35a41737bd3a6ad,14
e35b0d65b661c0c2,12
e392e1ca345ca116,6
e393f0c406746383,6
e39ca1add815d765,4
e3a6bee8c75e2a5f,7
e3af01d028379db3,4
e3b68608ae40818d,1
e3ba934d23707186,3
e3c332b5215b6df6,8
e3ee44566edc6982,8
e3fb0190fbfde468,9
e403a16711900acf,3
e406734baf108c7a,12
e41658d21061e0c0,12
e4185c402abd4869,7
e424008cbd2aca59,3
e4276a911f671e20,3
e43e7c1fc8d94fcc,12
e445595b06acfe71,12
e447147aedde0d41,12
e458ade527a682e8,3
e45aee3ce1568f9e,4
e465fef6968e5202,3
e4698bbd7c48149a,12
e4801a0b6c0eb482,5
e4a058be84c0f1b9,7
e4a4e029107d1ce5,5
e4ad50f3c50e4abe,12
e4b19ab58dcc4d66,3
e4c2db03bcdfdc7d,3
e4c6c560c13ad018,4
e4d9100330c10b1c,4
e4e9bb317a5a59ec,4
e4eb3301ce30fd15,6
e4edaccdd8b8aa55,7
e5075c904b37806e,8
e50b9e20c135e95a,12
e50cbf7fd050620a,12
e50cd44a03594dc1,4
e518848e19ff8ad6,3
e5210be20e5b1a67,6
e527577b1e509cff,3
e5298a79a5485995,12
e53a24b33d52cfe5,12
e53ddf442fc42071,6
e546e5ffdd5d1598,12
e556e70d4d2dd272,5
e56d5e9fa5465677,14
e5756bb350fba17f,4
e58925d64e43c16b,12
e58cee1460ffe64c,4
e5a4ef98c8e04334,12
e5a763ae417f0a12,6
e5a8682341051e4c,3
e5af61f000a0aadd,11
e5b7067f0679c3f0,4
e5bc370a87dc26e2,3
e5d40c5730dac43b,12
e5d5e7dcc0997a0a,12
e5d8d2b4030ab50a,4
e5e7dc9b76261334,5
e5ec9ae2b5d9c06f,4
e5fb7c326da31bc5,4
e608efb86e0f0098,3
e60f0f98d90fd370,3
e619f5e06c9b5638,3
e623e3915aa6da58,1
e62ed291258a35bf,4
e633cc6f6556411e,4
e6401892809b9c8f,12
e665f5b44a2fee55,6
e668cff580c3e0c5,4
e68ea5970783ed10,8
e69ad8e67c2897bd,5
e6a525d2c9a6ca6a,7
e6a59e7266284c4f,3
e6ad672a3ac05005,8
e6c905c85f5664fe,4
e6cf281f6abca5ee,5
e6d07484239966fd,4
e6dce74dc8b1aec8,12
e6ea31aed32a6b34,12
e6f4af4bde85e9b4,5
e6fc77b047b4dffc,5
e71a7c9fb0dd2f14,5
e71b34a125a8aefa,6
e720470d925aff53,6
e7253ce881d6b5e0,6
e728852fe46e1bb8,7
e72d1b8078b660bc,8
e731ae6eaf68da05,6
e743fcf28cde4551,12
e74ff62de638ae53,3
e758c9947f5cceee,3
e758fb15a26f4092,5
e761f42af37c93ff,7
e772aaffc5e70780,12
e77464b92d186175,7
e7968d924a88e5aa,1
e7afd59ff09b46a2,9
e7bfc689410e8aa7,11
e7c5b106c14eaf92,5
e7c747e579e05be1,10
e7cef4fba185963c,5
e7d52172888318a9,12
e7ddee560662112a,6
e7df2fdccccf7b16,4
e7f30f83bbd1b405,12
e7f452964a86f7c4,4
e7f90d6c9fdf83ba,7
e7fac300036fd693,3
e7fecb50bec126c3,10
e805e3ccec440145,6
e80e2200c4bdedd1,8
e80ebd30ed1f3f0f,3
e8204c542a7936a6,7
e8243e8f3e1bf943,11
e83ad2f18f41d128,8
e83d1f2a4a3358db,10
e83d282d694b4e3f,4
e862506883266265,7
e8711b9255737922,9
e881c1652a75f301,5
e88648ffde15d5a7,10
e88713f4fa604a9d,11
e88f3fd7110f9a60,12
e890fc01d72cb20f,3
e89e17e4816f8a0f,6
e8a01b7295978096,12
e8ace56d01def061,3
e8b8c62d29e9ef27,12
e8d0f8342a3c26a0,12
e8d4ef86f8627e91,12
e8ef19e81294b97c,3
e8f95fcbfabb3e23,7
e90a602b6cc57e92,8
e90f74ef4ee7f0b0,3
e91454028d60bb92,7
e91c82e9b3bccbd3,4
e9256fe50934b584,3
e925c64beef9eca4,9
e9263f0ad0b3f2e6,4
e9276d62c0a97877,8
e92deb54ea3a53b0,7
e93d4fb87e5fe237,5
e9433f4fda149aee,9
e94d5254de3d75f9,1
e9659d57717ab3d6,3
e96e69b76ade933c,5
e9791bc1a940e9de,11
e992719629c360ff,3
e99bb8a3d8ca68be,3
e9a0fce8c8dbd829,4
e9aeb3068268e268,5
e9d1b7c7d5eeaf07,5
e9d268935d64d8da,3
e9d9347043c93623,3
e9db00b99d07d489,9
e9e3424a5cff463d,12
e9e5cae06b1c6d1c,10
e9f31f1e5b3b5a9d,12
e9f66a4b18982b91,12
ea0055cc05c25a18,12
ea04b6cd5172c3c7,3
ea05552091538d60,8
ea138e2b958ddf0f,6
ea1636ae76982f13,4
ea1d07bf9ad585ff,4
ea22fa3986dd5cff,3
ea362bd71bcde284,3
ea37319f637a059a,4
ea3d16dc722abae4,3
ea456d495953ce12,5
ea52ee814f4fa047,12
ea68b66f08f199a8,7
ea6cd0ed04c65104,6
ea70ef5f7a15f567,4
ea960e02f6e15caf,12
eaa1715b806a6385,11
eaa50b852b81915f,11
eaaa8fef7ed89401,4
eaae24cf70e9c4e3,11
eadb636cbdcc25dc,3
eade1e412231f1a1,4
eae00bf4dcc7a943,4
eaf3d549463435c6,6
eafaa459895844b7,7
eb004bab1fc371d2,12
eb0d7ccdc7659ca4,8
eb2a6bc746987810,4
eb3c0917e3e6b681,6
eb432f109ee6ef42,7
eb4b3bb35311ee11,3
eb4ba95893be43dc,9
eb5ad5826deeefd5,12
eb5fe2ce31102c70,12
eb67941394aefad0,6
eb682f23b7272b58,12
eb6f2dfe5a8b7283,7
eb6fafa791996dc4,12
eb6fe8be030cce27,7
eb72640de9b8c215,12
eb7410edf18d97ed,11
eb8bf1c4a4378433,12
ebb0d9cefaeb2b18,12
ebb766941ee2b17c,3
ebc40e34ee088de2,12
ebe086f866762ec2,5
ebe7aab5512f17cc,11
ec0c7c9ea170e7eb,3
ec0fc1fe890f9b0f,4
ec2101c98a95576e,6
ec2224a9201eb7c2,3
ec23733cd93e654a,11
ec2dcdf3f67848ad,10
ec34e3742740ea55,3
ec4146e68b831e52,12
ec4178ad33fafcb8,12
ec46659e92698fce,11
ec5aabc648a3d5df,3
ec647e31c635b062,3
ec752cbbf8fd3d70,4
ec880a172972a3ad,12
ec8bc4d77813f23e,3
ec8f64c8541aca44,4
ecba4bd848c3cb42,4
ecc0470a3599c716,3
eccf30be92b77d32,11
ece4731f65dd98f7,12
ece5ea46675a5923,12
ecf9a3da41da6188,6
ecfac9b2a90bb9cb,12
ecfd6166ef5e6852,3
ed0227ebf7bc0f4b,6
ed13ea446cd73bc6,12
ed1c887ae72f34c0,8
ed2220880369081b,5
ed29e2792f2544f5,11
ed31202190214ea4,12
ed3c288a5d3b948e,6
ed41caa9ec109604,7
ed492effbc9f8e0e,5
ed494ea41cb0a41c,3
ed52ac2737ba1cfd,6
ed5bc9ed3ac7d4c4,3
ed623f654cc89907,9
ed63704ea60fb7dd,7
ed78ed1933df5f33,9
ed7b027d53238819,8
ed889f1131511634,6
ed8daf669d04c88e,5
eda91da82421d704,8
eda92cadfbf70bbb,5
eddaafccc6dc715a,12
edf1bd136eb05a53,8
edf6a2ba031d535d,3
ee0d51652c3ee11e,4
ee1a3d7b1f6e2750,11
ee26634e799a826f,8
ee28f7912670c552,11
ee2edc6ea224b0ac,12
ee34dd35acf78c73,3
ee3e64cdbc1047fd,3
ee400956fe7527ab,11
ee614cebd3b6f65c,6
ee648203f8d9ade7,8
ee745065ecd606d0,4
ee74c98b6069e602,12
ee768406901ff921,12
ee8f4f40fd973ced,6
ee976ef746f8fed2,11
ee99927a706afe07,6
ee9fcf2aa1e8caa3,12
eeb035a613b4b4f4,5
eecaca1b347cadb4,6
eecec77592f40598,9
eed1e59945c1cd36,4
eed3e115952ec22f,12
eedf5957ab288b17,3
eeed33336aa65dff,12
eef580fa2f8392a8,3
eefdba807edc4fc5,7
ef026e73fb306100,6
ef0bd8a886d9e69f,4
ef23f7e4cb3d4007,6
ef2ded30c97fce94,3
ef36e332221d8f6a,3
ef42c81bf72c949e,6
ef4cb9674528c17a,10
ef5ce6d5339e8dda,1
ef63896e50507c60,4
ef69dff32ef314a6,12
ef861c180dd1073a,6
ef8803f88f9cf48a,11
ef9b9835ef514c2a,1
ef9bbd9f403f4d73,12
efbae6cdb034cf79,12
efcbbcd1ea8a1709,3
efceb90d1f392c6f,10
efe38b566c97a741,11
efe6ed3e570dcfe5,5
efee6d384598bd68,12
eff3ba621da28bc5,3
f0189368dacc9e42,13
f01fa694ef5d6098,4
f02f7b4ebb3f62b7,7
f0456c9cecb84be4,11
f0480ee7fe22035b,4
f04f81cb78ceacc7,7
f05d7f6a4e3c905a,7
f07579a9d401bfe9,12
f07955aa02770537,3
f0a3086b2e702cd4,4
f0abc0ca36a40ee8,4
f0d13e16864a7b89,4
f0d5349c216fbadd,11
f0e0230d5d1fec46,7
f0f0c318fa7c13f6,12
f0f9c4ecef3a194d,3
f10788299a83bb42,3
f10cb262ada9a66d,3
f114013b311f896b,5
f1222d2bdad5d6f5,8
f122a346fdc895fb,3
f135028a329cbb35,5
f1502eed9a379606,7
f1534afdda3c1bc0,12
f1542e04d4697578,6
f16cad7a4b9c2236,12
f16e77240de021f7,6
f185ed8c21a674f6,4
f1c3f4fa9ff41dc8,3
f1c7d962e12b8395,12
f1df217d30f0b754,12
f1e113b07941fce9,10
f1e65adc5af452da,4
f1ebc3b00f363294,3
f212eed015a21e4f,4
f21f374ed1f97083,3
f221b6d257a298e3,4
f2256850efdfb473,8
f22967aabcaf075b,6
f23c25770b76c539,3
f23ffa14c58d7565,5
f2541ef94aa3852f,6
f25c1013b469d550,12
f25e77b6f9b760eb,6
f26059d50cdfd33c,8
f2669c529ab45253,5
f28ab55222dc3744,7
f291051dc68263ec,3
f2b4423bf21d905e,7
f2bbfba8c2bd3f02,4
f2c30c066267f735,4
f2cde0274761e950,4
f2e23c94778eebe4,12
f2e65e852a4c691d,3
f2e7cd278019c48a,8
f2eed58fe6351c25,3
f30962d209607643,3
f30a0fde6cb528c5,9
f31c9d64c6bc58db,6
f320ef1055c8d860,12
f327e678b2772459,11
f3290515a06362aa,5
f32bff27d730ac8a,3
f32c57d4b09a9031,5
f33bc4e208e2f011,7
f347850a2635cc1f,8
f34a0a7c608880f5,6
f358c397366f4ea2,12
f36dbb2d5277e690,1
f36e8bd871da1647,7
f3711bb588154bee,8
f37e7ac6b5b1ce08,4
f38840129b4db85c,5
f3a1fa15eba35d3b,7
f3be44f71858fad7,7
f3e9a7fb9d47af4f,11
f3ee75cc69f4c1d4,4
f3f4d7bb5d1cfdbb,12
f400da319c5524c3,11
f40165280fae9b61,12
f40b8b566cfd23f2,9
f417d5877ae3544b,12
f4194baf1b1e64f5,5
f41a5984dc6f14e0,12
f424ca77c562cc5c,11
f42660fa11c4c2c7,1
f428a3527bf815bb,8
f45bb0a88c88d144,7
f46a38a7deb0a912,5
f48d1ca8ece94fc4,12
f490114f033bd1f6,12
f4a5737dfad9a8d3,1
f4a5b19dfa3a88ce,12
f4b72cf7c80fc014,12
f4bfa6097592b27b,3
f4cadaf6bbf05c23,11
f4cde0d3acffae9b,11
f4eec7f15affb17d,12
f4f972d106c1d9d6,5
f5031655020f9132,12
f5090330d3ced55c,8
f50a3a06df024381,3
f50ea4608cadd100,12
f523c13d6e1a8818,11
f5240bd787cfe481,6
f52ebf4fe6b1b381,3
f5419585d2414e0f,3
f54231028caf088c,3
f54b9f1b9ea60b85,3
f5503cf04a5b8e0a,5
f559c826a32b719b,4
f57a09f73f749a6b,8
f57a766d6c58f7f7,11
f57e0f6463b5b756,10
f5828c3ffc768dfb,1
f58497facbf8d2fb,7
f584b0e930836071,6
f58ac6fddcff0b73,8
f592250912a7c4a1,12
f5a9c2553885cb1d,12
f5af2ecf5d0ce3a7,4
f5b5b0c6a39704fd,8
f5bc4ba4fb7340b0,8
f5bc92b0c4157bdd,3
f5c18a76d5c23517,3
f5c69f4b5efc6fcc,6
f5c873d516d28e44,4
f5c9f17a0455b252,5
f5d3c45c1fe0f147,8
f5e1b866ff89a10c,3
f5fa95415eccf22d,3
f5ff2ed64ed12701,3
f613456c1ba0a951,12
f6135360acc59f89,12
f618c0dba71e80bc,6
f61978d5074fac4b,4
f6278a4114e93c54,3
f635f76ef24965ad,3
f63a4e1d4193f38e,5
f64066fc1ec734a7,5
f64b6aa447ea7e43,3
f65e3731ea2cbe55,3
f663df85baca9164,4
f66f4e5c4de39971,4
f679fca3ab2cb940,12
f694e1fb461aa891,12
f69b74dc2a70afcf,9
f6a1f7ba34e84967,12
f6af3fa2129506a4,7
f6b6921429e9729b,8
f6c158be54645d8c,4
f6c24500fdff7b3e,12
f6c7e09f36b6e4c2,12
f6cc9ba3d0dec8a1,3
f6d38d74b6d93f61,12
f6d9e71139508283,10
f6dad538197f5b5f,11
f6efd9006c552d35,7
f6f596ec7c6018a6,7
f6fae11856f6c3b2,12
f700cbfa02e0117d,12
f70ea8a8e1b7a635,12
f711900ddc8d3ae3,11
f71478dadce5ff9a,12
f718a0a847d16c73,10
f719e5ad23194150,6
f71d582f18a80e5d,3
f738f602a8ac215e,6
f7425623518c9ea5,4
f745af1cf26d24e5,12
f746dbc92110badb,3
f7501265ed7d41f4,12
f75c53cafcf06926,3
f7705280b72a7085,5
f7825a951fbe6426,4
f78ac3bced0a1053,12
f78e9f574ae3a163,3
f795712c7aface38,12
f7a0a21e3e3e2c1a,3
f7cf3091b7ee6c77,11
f7d4fcd69960fe48,7
f7dbf64828e56731,5
f7f1b0aa3f3105bb,14
f7f2331112aa7ca3,12
f7f326a860b7d957,12
f7f3b1975e847bf8,5
f7fba05d9888cd0c,5
f808c5f28a9d9dae,6
f815e7a93b291700,5
f82033417c8da00a,12
f830f90ae676e038,12
f86e41bb784cc048,3
f87d02a5c5903fd2,12
f88dff3d7c9dc071,3
f89e7498b56371bb,5
f8a642fe919a72ee,4
f8aa1510161ab15a,4
f8b07214cc0574ea,12
f8c3bdf69479a6f0,5
f8c6ffb253ef2085,12
f8cbe4eb8a58efee,6
f8cc951d9ee23f53,12
f8cf9e58a714c355,12
f8d312cfca9b4d5b,7
f8da22fa352c3d5f,6
f8e2be45d7d132e0,4
f8fa29f0a3d9c932,12
f8faca48d7a5c11c,3
f8fcc9d7a6b77178,3
f907ddfc235cdebb,1
f90a7a2907c8dfe4,4
f90ac87f6f4d45e6,11
f9299e7a5800e368,12
f92d9485b07c5e41,3
f94ea5993b7d9a0b,12
f9545ef05a2f277a,5
f964a0f2df005bdb,5
f96da74ab98f5eee,6
f971faa77bc6a104,12
f97530a5b920abc9,12
f97e81952cd1a570,3
f98228ca37e2adcd,6
f992beaf10b7b6d7,12
f9994974459ddbb9,4
f99c487bfadc3740,3
f99c5684c6df6663,4
f9abf69e09fe3ab7,11
f9ac2edb6b17c704,12
f9b0d11b39ab247a,4
f9bc771fcf4dd5aa,11
f9d3855062f7c02e,1
f9dcad2f10cb4689,7
f9e47e98ebce68c5,6
f9e6e0d13484a3a2,3
f9ea8457427bd3fc,11
f9eaa746360c258f,4
fa0acb950f5af15e,12
fa16b1e2f5cd8709,3
fa183c411a5a65ea,12
fa3c399580943917,8
fa473aa3ac19cef2,12
fa52f699f3923a0f,6
fa5a13fe46ee6888,8
fa5bbcfec3f2d395,3
fa70cf25b1100d95,12
fa74d833f7c27745,5
fabead5c26174f77,4
fac8b165e8fc37fe,6
fad13b7c88a6ff51,12
fad985e0e9a06a36,3
fadc3a012ef98130,12
fadd681045a0a98d,3
fae1aa664be518af,4
faf41ea94dc43317,5
fb07b3e60c8258b8,12
fb19c656f32dfc70,12
fb1fe92808736350,12
fb25b44140849e21,12
fb25e90d5df41cc4,4
fb2b89609366594c,1
fb3d4b474a2f9186,3
fb4099ecb1f023d1,7
fb65e452aa0b7aa9,4
fb75065fbf617690,8
fb9f297385ce811f,5
fb9f65ec96ba5bf4,12
fba37e6dcea3ab5a,4
fba672ba33ec912a,4
fbc728c82303e705,4
fbd0257f33f442ce,12
fbd61703720503ef,8
fc03be6de061057f,2
fc04c9279ea62b8f,13
fc1cd4ff4e9bf1db,4
fc2096b33c1ebbc3,4
fc2243012865b746,1
fc265c8339ecc2a3,13
fc275ddf9aa20453,3
fc34db12febb791f,4
fc38fa61a4264ab7,5
fc4725a99cea7606,12
fc48e4ea02595a2d,3
fc4f55e03f0a2447,12
fc530073e3f3a48c,3
fc56943cf2cc332e,8
fc57f47fedf0772b,8
fc6e1007633035e1,12
fc7a753f30d032c1,4
fc89fe034a403320,12
fc9fbec6408c86b8,5
fca21bdf526a5d49,6
fcaa40912ae27939,5
fcab92bed00214bd,14
fcba19f13074dda6,4
fcc614601cb96ee1,12
fcfcd957a3e978ff,7
fd02df1d7ca5001e,12
fd0edb6164358ae3,2
fd1b5d963e2bea17,3
fd3006b7489bb064,7
fd300d9d1cf9e6e2,3
fd3f1235d31ec077,12
fd591d4e39c55c22,5
fd625318ad8c7581,4
fd6fed2d1d137387,3
fd75a143e3368d9d,3
fd860b328fc3ad39,6
fd96760941ac614b,12
fd9b547cb928e59d,5
fd9d15d783217e3c,11
fdaff8539e293043,3
fdbeb9a08e4e399d,9
fdcc0bb69afd1ed4,5
fdd26d77b3fae56b,7
fdd4acd5be941425,11
fdd9233b12b9b00b,4
fddeddde25448b91,4
fde0020bb5e0626a,6
fde8618093c047f0,6
fde8ca32ea91d8a5,3
fdeb4d30edb6ac10,6
fdeeec39ae48007b,4
fdf2a92c02c209ab,4
fdf3be7102038586,6
fdfe6d1496d31180,12
fe0cb7c6215f06d7,1
fe1df72d986e514a,12
fe3162fc2261b309,6
fe33be3e8ce486be,3
fe36c4f857cc390c,12
fe4c94e066cbea20,5
fe4fe936b39267e0,12
fe50c7efd108c2b9,12
fe575e978a52afd3,12
fe5f6eca018479f6,12
fe62993a546365ff,4
fe65127568f75d27,6
fe7876c37198a0f9,12
fe7a46854362fef0,4
fe89e87a423f63e2,12
fe9c13c213c894cd,3
feb59c35459f8615,8
feb985f8534e4830,3
febdb79af4c66d81,12
fec4ee5da7fed492,3
fec621dae29f3e9a,12
fed51593eae7ad3f,5
fee4d5043e2691a4,5
fee86b2dcbdc4979,11
feea1868f4a5cceb,3
ff03c19130634523,5
ff0c965ed5a66914,3
ff0eb6091c67380f,6
ff136745e8642911,4
ff1f77b1d7eba01f,1
ff22d264af2b2d66,4
ff34ee8acabeb6ba,3
ff3737617f413cd4,3
ff3e4c237f9789de,10
ff5263681fb114ba,6
ff5411e022b4f1d9,7
ff691943098c58af,3
ff6f245beea6864d,12
ff77fa90cf2c17b3,7
ff882324474b64ec,4
ff97cdb9305e810f,4
ffa50638372a4f30,3
ffa55178ed6bcc8f,12
ffb338963145a1a6,12
ffc2a841ab979897,3
ffd446a319bad305,3
ffd722705f2eb96c,12
ffd9d89314e5c02d,7
ffe6fe01313dfde8,12
ffefa91d6854f3e2,12
fff00062503ca750,11
fff6eed9ba433efb,4
