Id,Target
ecz23fie7142gebsj3ga_11,12
ecz23fie7142gebsj3ga_17,284
ecz23fie7142gebsj3ga_18,284
ecz23fie7142gebsj3ga_19,336
ecz23fie7142gebsj3ga_20,336
ecz23fie7142gebsj3ga_26,332
ecz23fie7142gebsj3ga_28,718
ecz23fie7142gebsj3ga_32,120
ecz23fie7142gebsj3ga_33,684
ecz23fie7142gebsj3ga_34,541
ecz23fie7142gebsj3ga_35,476
ecz23fie7142gebsj3ga_42,284
ecz23fie7142gebsj3ga_43,718
ecz23fie7142gebsj3ga_44,285
ecz23fie7142gebsj3ga_48,1014
ecz23fie7142gebsj3ga_58,723
jb5nm7a79phf29zjzm3q_30,450
jb5nm7a79phf29zjzm3q_36,219
jb5nm7a79phf29zjzm3q_42,546
jb5nm7a79phf29zjzm3q_45,840
jb5nm7a79phf29zjzm3q_46,14
jb5nm7a79phf29zjzm3q_50,660
jb5nm7a79phf29zjzm3q_52,660
jb5nm7a79phf29zjzm3q_55,29
jb5nm7a79phf29zjzm3q_59,955
wa099dyuztut271yo1xf_29,500
wa099dyuztut271yo1xf_37,798
wa099dyuztut271yo1xf_40,756
wa099dyuztut271yo1xf_42,456
wa099dyuztut271yo1xf_51,867
wa099dyuztut271yo1xf_53,504
wa099dyuztut271yo1xf_55,212
wa099dyuztut271yo1xf_56,971
wa099dyuztut271yo1xf_57,289
ex909cetcxguuwmgid1s_11,219
ex909cetcxguuwmgid1s_19,219
ex909cetcxguuwmgid1s_24,917
ex909cetcxguuwmgid1s_25,749
ex909cetcxguuwmgid1s_33,724
ex909cetcxguuwmgid1s_36,157
ex909cetcxguuwmgid1s_41,724
ex909cetcxguuwmgid1s_47,450
ex909cetcxguuwmgid1s_48,284
ex909cetcxguuwmgid1s_49,724
ex909cetcxguuwmgid1s_50,979
ex909cetcxguuwmgid1s_52,505
ex909cetcxguuwmgid1s_54,880
ex909cetcxguuwmgid1s_55,450
ex909cetcxguuwmgid1s_57,418
ex909cetcxguuwmgid1s_58,979
ex909cetcxguuwmgid1s_59,979
ex909cetcxguuwmgid1s_62,289
e3x59b3sti4f5jykqyg2_4,743
e3x59b3sti4f5jykqyg2_5,389
e3x59b3sti4f5jykqyg2_16,164
e3x59b3sti4f5jykqyg2_18,219
e3x59b3sti4f5jykqyg2_27,228
e3x59b3sti4f5jykqyg2_31,212
e3x59b3sti4f5jykqyg2_36,14
e3x59b3sti4f5jykqyg2_37,14
e3x59b3sti4f5jykqyg2_38,867
e3x59b3sti4f5jykqyg2_40,62
e3x59b3sti4f5jykqyg2_42,504
e3x59b3sti4f5jykqyg2_48,647
e3x59b3sti4f5jykqyg2_50,437
e3x59b3sti4f5jykqyg2_55,730
e3x59b3sti4f5jykqyg2_58,126
eyjssh3vrt6xg9oy0yog_1,94
eyjssh3vrt6xg9oy0yog_4,293
eyjssh3vrt6xg9oy0yog_12,403
eyjssh3vrt6xg9oy0yog_18,456
eyjssh3vrt6xg9oy0yog_20,488
eyjssh3vrt6xg9oy0yog_27,488
eyjssh3vrt6xg9oy0yog_34,488
eyjssh3vrt6xg9oy0yog_40,542
eyjssh3vrt6xg9oy0yog_41,488
eyjssh3vrt6xg9oy0yog_51,456
x6a9y3b1m3hvkpblybvm_13,219
x6a9y3b1m3hvkpblybvm_14,601
x6a9y3b1m3hvkpblybvm_29,219
x6a9y3b1m3hvkpblybvm_31,247
x6a9y3b1m3hvkpblybvm_36,219
x6a9y3b1m3hvkpblybvm_41,932
x6a9y3b1m3hvkpblybvm_42,91
x6a9y3b1m3hvkpblybvm_44,688
x6a9y3b1m3hvkpblybvm_50,301
x6a9y3b1m3hvkpblybvm_58,973
x6a9y3b1m3hvkpblybvm_62,688
d1ryhn7cclmwpo82e7wm_1,119
d1ryhn7cclmwpo82e7wm_23,1017
d1ryhn7cclmwpo82e7wm_25,905
d1ryhn7cclmwpo82e7wm_29,812
d1ryhn7cclmwpo82e7wm_31,574
d1ryhn7cclmwpo82e7wm_33,688
d1ryhn7cclmwpo82e7wm_34,14
d1ryhn7cclmwpo82e7wm_38,169
d1ryhn7cclmwpo82e7wm_42,450
d1ryhn7cclmwpo82e7wm_45,332
d1ryhn7cclmwpo82e7wm_47,574
d1ryhn7cclmwpo82e7wm_48,601
d1ryhn7cclmwpo82e7wm_52,562
d1ryhn7cclmwpo82e7wm_55,112
d1ryhn7cclmwpo82e7wm_58,313
d1ryhn7cclmwpo82e7wm_60,289
j6lf7tyqnooms86v4mnx_18,920
j6lf7tyqnooms86v4mnx_20,992
j6lf7tyqnooms86v4mnx_22,372
j6lf7tyqnooms86v4mnx_36,867
j6lf7tyqnooms86v4mnx_38,386
j6lf7tyqnooms86v4mnx_39,1013
j6lf7tyqnooms86v4mnx_48,756
j6lf7tyqnooms86v4mnx_55,562
j6lf7tyqnooms86v4mnx_59,289
j6lf7tyqnooms86v4mnx_61,570
gu1jeula43un192w1r8d_3,389
gu1jeula43un192w1r8d_6,389
gu1jeula43un192w1r8d_13,164
gu1jeula43un192w1r8d_19,164
gu1jeula43un192w1r8d_37,219
gu1jeula43un192w1r8d_40,763
gu1jeula43un192w1r8d_46,688
gu1jeula43un192w1r8d_48,227
gu1jeula43un192w1r8d_53,688
gu1jeula43un192w1r8d_62,688
f4wglihw96q8wpkg00qk_0,743
f4wglihw96q8wpkg00qk_1,389
f4wglihw96q8wpkg00qk_4,389
f4wglihw96q8wpkg00qk_9,682
f4wglihw96q8wpkg00qk_10,682
f4wglihw96q8wpkg00qk_19,993
f4wglihw96q8wpkg00qk_25,549
f4wglihw96q8wpkg00qk_26,549
f4wglihw96q8wpkg00qk_32,137
f4wglihw96q8wpkg00qk_33,843
f4wglihw96q8wpkg00qk_34,483
f4wglihw96q8wpkg00qk_44,488
f4wglihw96q8wpkg00qk_47,675
f4wglihw96q8wpkg00qk_49,488
f4wglihw96q8wpkg00qk_54,151
f4wglihw96q8wpkg00qk_58,196
f4wglihw96q8wpkg00qk_62,745
f4wglihw96q8wpkg00qk_63,667
jz4go7jfe9tiicrtupz6_6,640
jz4go7jfe9tiicrtupz6_20,964
jz4go7jfe9tiicrtupz6_22,372
jz4go7jfe9tiicrtupz6_23,456
jz4go7jfe9tiicrtupz6_25,643
jz4go7jfe9tiicrtupz6_26,989
jz4go7jfe9tiicrtupz6_28,456
jz4go7jfe9tiicrtupz6_35,696
jz4go7jfe9tiicrtupz6_36,456
jz4go7jfe9tiicrtupz6_39,456
jz4go7jfe9tiicrtupz6_42,489
jz4go7jfe9tiicrtupz6_43,489
jz4go7jfe9tiicrtupz6_45,50
jz4go7jfe9tiicrtupz6_47,591
jz4go7jfe9tiicrtupz6_48,1003
jz4go7jfe9tiicrtupz6_52,50
jz4go7jfe9tiicrtupz6_54,593
jz4go7jfe9tiicrtupz6_57,418
jz4go7jfe9tiicrtupz6_58,973
jz4go7jfe9tiicrtupz6_59,380
lw9h3nhrtl0vx4yb6ykl_0,194
lw9h3nhrtl0vx4yb6ykl_1,371
lw9h3nhrtl0vx4yb6ykl_2,681
lw9h3nhrtl0vx4yb6ykl_5,857
lw9h3nhrtl0vx4yb6ykl_7,861
lw9h3nhrtl0vx4yb6ykl_9,372
lw9h3nhrtl0vx4yb6ykl_11,25
lw9h3nhrtl0vx4yb6ykl_15,508
lw9h3nhrtl0vx4yb6ykl_22,987
lw9h3nhrtl0vx4yb6ykl_23,857
lw9h3nhrtl0vx4yb6ykl_38,718
lw9h3nhrtl0vx4yb6ykl_46,502
lw9h3nhrtl0vx4yb6ykl_50,154
lw9h3nhrtl0vx4yb6ykl_51,154
lw9h3nhrtl0vx4yb6ykl_52,962
lw9h3nhrtl0vx4yb6ykl_53,502
lw9h3nhrtl0vx4yb6ykl_60,562
lw9h3nhrtl0vx4yb6ykl_61,502
dr4mtvus8yl2l7pfzmum_2,94
dr4mtvus8yl2l7pfzmum_7,981
dr4mtvus8yl2l7pfzmum_11,541
dr4mtvus8yl2l7pfzmum_13,989
dr4mtvus8yl2l7pfzmum_14,94
dr4mtvus8yl2l7pfzmum_24,884
dr4mtvus8yl2l7pfzmum_26,50
dr4mtvus8yl2l7pfzmum_29,991
dr4mtvus8yl2l7pfzmum_30,2
dr4mtvus8yl2l7pfzmum_34,25
dr4mtvus8yl2l7pfzmum_36,2
dr4mtvus8yl2l7pfzmum_49,127
dr4mtvus8yl2l7pfzmum_56,1003
dr4mtvus8yl2l7pfzmum_57,909
dr4mtvus8yl2l7pfzmum_58,2
tfejpzjbcecgi27mk0xz_2,17
tfejpzjbcecgi27mk0xz_5,857
tfejpzjbcecgi27mk0xz_6,17
tfejpzjbcecgi27mk0xz_7,877
tfejpzjbcecgi27mk0xz_9,17
tfejpzjbcecgi27mk0xz_12,298
tfejpzjbcecgi27mk0xz_35,52
tfejpzjbcecgi27mk0xz_41,505
tfejpzjbcecgi27mk0xz_42,505
tfejpzjbcecgi27mk0xz_43,295
tfejpzjbcecgi27mk0xz_44,603
tfejpzjbcecgi27mk0xz_49,517
tfejpzjbcecgi27mk0xz_51,505
tfejpzjbcecgi27mk0xz_53,400
tfejpzjbcecgi27mk0xz_55,981
tfejpzjbcecgi27mk0xz_57,973
tfejpzjbcecgi27mk0xz_58,380
tfejpzjbcecgi27mk0xz_61,502
rkt53ctyenaebyjpe370_2,17
rkt53ctyenaebyjpe370_10,17
rkt53ctyenaebyjpe370_28,812
rkt53ctyenaebyjpe370_29,590
rkt53ctyenaebyjpe370_31,298
rkt53ctyenaebyjpe370_37,209
rkt53ctyenaebyjpe370_39,308
rkt53ctyenaebyjpe370_43,2
rkt53ctyenaebyjpe370_44,962
rkt53ctyenaebyjpe370_45,52
rkt53ctyenaebyjpe370_52,308
rkt53ctyenaebyjpe370_53,50
rkt53ctyenaebyjpe370_58,689
rkt53ctyenaebyjpe370_59,628
rkt53ctyenaebyjpe370_63,981
e19p14miy71vi09w49ow_0,194
e19p14miy71vi09w49ow_1,371
e19p14miy71vi09w49ow_2,681
e19p14miy71vi09w49ow_3,681
e19p14miy71vi09w49ow_8,369
e19p14miy71vi09w49ow_9,371
e19p14miy71vi09w49ow_10,489
e19p14miy71vi09w49ow_12,314
e19p14miy71vi09w49ow_17,124
e19p14miy71vi09w49ow_18,2
e19p14miy71vi09w49ow_25,489
e19p14miy71vi09w49ow_40,311
e19p14miy71vi09w49ow_46,34
e19p14miy71vi09w49ow_60,431
40xf2qjrwpt0gw5nmsg7_3,369
40xf2qjrwpt0gw5nmsg7_12,693
40xf2qjrwpt0gw5nmsg7_18,489
40xf2qjrwpt0gw5nmsg7_26,489
40xf2qjrwpt0gw5nmsg7_28,693
40xf2qjrwpt0gw5nmsg7_29,277
40xf2qjrwpt0gw5nmsg7_35,52
40xf2qjrwpt0gw5nmsg7_36,838
40xf2qjrwpt0gw5nmsg7_37,386
40xf2qjrwpt0gw5nmsg7_50,703
40xf2qjrwpt0gw5nmsg7_51,703
40xf2qjrwpt0gw5nmsg7_54,771
40xf2qjrwpt0gw5nmsg7_59,703
40xf2qjrwpt0gw5nmsg7_62,43
itidnv2jwwoyxo2s30dm_3,949
itidnv2jwwoyxo2s30dm_5,94
itidnv2jwwoyxo2s30dm_16,322
itidnv2jwwoyxo2s30dm_18,489
itidnv2jwwoyxo2s30dm_19,1007
itidnv2jwwoyxo2s30dm_22,869
itidnv2jwwoyxo2s30dm_24,98
itidnv2jwwoyxo2s30dm_27,138
itidnv2jwwoyxo2s30dm_28,992
itidnv2jwwoyxo2s30dm_29,991
itidnv2jwwoyxo2s30dm_31,991
itidnv2jwwoyxo2s30dm_34,209
itidnv2jwwoyxo2s30dm_42,914
itidnv2jwwoyxo2s30dm_43,815
itidnv2jwwoyxo2s30dm_48,1003
itidnv2jwwoyxo2s30dm_56,175
itidnv2jwwoyxo2s30dm_58,907
92yv5cg1rd9i78jmpv4c_0,2
92yv5cg1rd9i78jmpv4c_1,2
92yv5cg1rd9i78jmpv4c_7,119
92yv5cg1rd9i78jmpv4c_8,2
92yv5cg1rd9i78jmpv4c_25,2
92yv5cg1rd9i78jmpv4c_31,606
92yv5cg1rd9i78jmpv4c_33,2
92yv5cg1rd9i78jmpv4c_37,117
92yv5cg1rd9i78jmpv4c_38,332
92yv5cg1rd9i78jmpv4c_39,149
92yv5cg1rd9i78jmpv4c_40,1003
92yv5cg1rd9i78jmpv4c_45,273
92yv5cg1rd9i78jmpv4c_48,1003
92yv5cg1rd9i78jmpv4c_52,505
92yv5cg1rd9i78jmpv4c_55,505
92yv5cg1rd9i78jmpv4c_59,313
92yv5cg1rd9i78jmpv4c_60,621
tqa9jrm6d5u358i8d0tp_3,17
tqa9jrm6d5u358i8d0tp_4,17
tqa9jrm6d5u358i8d0tp_8,17
tqa9jrm6d5u358i8d0tp_9,17
tqa9jrm6d5u358i8d0tp_10,314
tqa9jrm6d5u358i8d0tp_11,375
tqa9jrm6d5u358i8d0tp_17,124
tqa9jrm6d5u358i8d0tp_21,314
tqa9jrm6d5u358i8d0tp_23,532
tqa9jrm6d5u358i8d0tp_24,801
tqa9jrm6d5u358i8d0tp_25,693
tqa9jrm6d5u358i8d0tp_29,2
tqa9jrm6d5u358i8d0tp_39,532
tqa9jrm6d5u358i8d0tp_47,382
tqa9jrm6d5u358i8d0tp_54,215
tqa9jrm6d5u358i8d0tp_55,215
tqa9jrm6d5u358i8d0tp_60,586
tqa9jrm6d5u358i8d0tp_61,448
tqa9jrm6d5u358i8d0tp_62,215
hfd5i3at2t8b6b4l50oa_0,949
hfd5i3at2t8b6b4l50oa_9,17
hfd5i3at2t8b6b4l50oa_11,454
hfd5i3at2t8b6b4l50oa_18,643
hfd5i3at2t8b6b4l50oa_19,60
hfd5i3at2t8b6b4l50oa_34,586
hfd5i3at2t8b6b4l50oa_38,962
hfd5i3at2t8b6b4l50oa_56,838
hfd5i3at2t8b6b4l50oa_58,767
srcs16m7mhij0nmyhril_0,681
srcs16m7mhij0nmyhril_12,590
srcs16m7mhij0nmyhril_18,320
srcs16m7mhij0nmyhril_20,1007
srcs16m7mhij0nmyhril_21,372
srcs16m7mhij0nmyhril_25,138
srcs16m7mhij0nmyhril_35,696
srcs16m7mhij0nmyhril_44,60
srcs16m7mhij0nmyhril_59,586
srcs16m7mhij0nmyhril_60,415
og0efmve7fw3w0klxv1e_0,98
og0efmve7fw3w0klxv1e_1,4
og0efmve7fw3w0klxv1e_8,991
og0efmve7fw3w0klxv1e_21,372
og0efmve7fw3w0klxv1e_22,834
og0efmve7fw3w0klxv1e_23,581
og0efmve7fw3w0klxv1e_27,209
og0efmve7fw3w0klxv1e_29,596
og0efmve7fw3w0klxv1e_30,834
og0efmve7fw3w0klxv1e_35,492
og0efmve7fw3w0klxv1e_42,2
og0efmve7fw3w0klxv1e_43,666
og0efmve7fw3w0klxv1e_52,505
og0efmve7fw3w0klxv1e_54,745
og0efmve7fw3w0klxv1e_58,836
4hwvlbthbzgoqely1n77_6,449
4hwvlbthbzgoqely1n77_25,377
4hwvlbthbzgoqely1n77_36,727
4hwvlbthbzgoqely1n77_37,215
4hwvlbthbzgoqely1n77_39,574
4hwvlbthbzgoqely1n77_41,133
4hwvlbthbzgoqely1n77_42,14
4hwvlbthbzgoqely1n77_50,505
4hwvlbthbzgoqely1n77_51,505
4hwvlbthbzgoqely1n77_54,151
4hwvlbthbzgoqely1n77_56,647
jxxeph3ui5urd5npeipi_4,586
jxxeph3ui5urd5npeipi_9,914
jxxeph3ui5urd5npeipi_12,492
jxxeph3ui5urd5npeipi_22,134
jxxeph3ui5urd5npeipi_26,336
jxxeph3ui5urd5npeipi_27,990
jxxeph3ui5urd5npeipi_34,50
jxxeph3ui5urd5npeipi_36,990
jxxeph3ui5urd5npeipi_40,647
jxxeph3ui5urd5npeipi_44,990
jxxeph3ui5urd5npeipi_50,50
jxxeph3ui5urd5npeipi_51,639
jxxeph3ui5urd5npeipi_52,414
jxxeph3ui5urd5npeipi_53,990
jxxeph3ui5urd5npeipi_54,639
jxxeph3ui5urd5npeipi_58,688
jxxeph3ui5urd5npeipi_60,289
jxxeph3ui5urd5npeipi_62,836
jxxeph3ui5urd5npeipi_63,29
rbr4qsg386myer2ud16c_14,449
rbr4qsg386myer2ud16c_27,157
rbr4qsg386myer2ud16c_38,109
rbr4qsg386myer2ud16c_39,633
rbr4qsg386myer2ud16c_45,676
rbr4qsg386myer2ud16c_47,433
rbr4qsg386myer2ud16c_48,639
rbr4qsg386myer2ud16c_49,52
rbr4qsg386myer2ud16c_54,832
rbr4qsg386myer2ud16c_61,540
ytwu5lfd162f7oh38wyp_0,389
ytwu5lfd162f7oh38wyp_6,901
ytwu5lfd162f7oh38wyp_22,195
ytwu5lfd162f7oh38wyp_24,562
ytwu5lfd162f7oh38wyp_33,456
ytwu5lfd162f7oh38wyp_37,613
ytwu5lfd162f7oh38wyp_39,938
ytwu5lfd162f7oh38wyp_44,50
ytwu5lfd162f7oh38wyp_47,361
ytwu5lfd162f7oh38wyp_50,505
ytwu5lfd162f7oh38wyp_54,361
ytwu5lfd162f7oh38wyp_55,361
ytwu5lfd162f7oh38wyp_57,505
ytwu5lfd162f7oh38wyp_58,583
ytwu5lfd162f7oh38wyp_59,313
0fnu6wajf1t7l72b9w0x_1,784
0fnu6wajf1t7l72b9w0x_9,664
0fnu6wajf1t7l72b9w0x_10,886
0fnu6wajf1t7l72b9w0x_17,483
0fnu6wajf1t7l72b9w0x_19,590
0fnu6wajf1t7l72b9w0x_23,149
0fnu6wajf1t7l72b9w0x_37,270
0fnu6wajf1t7l72b9w0x_39,398
0fnu6wajf1t7l72b9w0x_42,990
0fnu6wajf1t7l72b9w0x_44,990
0fnu6wajf1t7l72b9w0x_45,50
0fnu6wajf1t7l72b9w0x_47,981
0fnu6wajf1t7l72b9w0x_50,990
0fnu6wajf1t7l72b9w0x_52,639
0fnu6wajf1t7l72b9w0x_58,285
0fnu6wajf1t7l72b9w0x_60,159
0fnu6wajf1t7l72b9w0x_62,639
0fnu6wajf1t7l72b9w0x_63,674
lo5nssznd7fv04s8klrz_4,389
lo5nssznd7fv04s8klrz_17,544
lo5nssznd7fv04s8klrz_21,27
lo5nssznd7fv04s8klrz_29,839
lo5nssznd7fv04s8klrz_36,964
lo5nssznd7fv04s8klrz_38,57
lo5nssznd7fv04s8klrz_48,149
lo5nssznd7fv04s8klrz_56,722
lo5nssznd7fv04s8klrz_61,313
lo5nssznd7fv04s8klrz_63,137
uigy022vrc38l0e7dt6u_21,992
uigy022vrc38l0e7dt6u_22,690
uigy022vrc38l0e7dt6u_28,561
uigy022vrc38l0e7dt6u_34,118
uigy022vrc38l0e7dt6u_44,290
uigy022vrc38l0e7dt6u_50,118
uigy022vrc38l0e7dt6u_58,723
uigy022vrc38l0e7dt6u_61,973
x6mwtrj2gxz9e1jn5w34_24,525
x6mwtrj2gxz9e1jn5w34_34,446
x6mwtrj2gxz9e1jn5w34_36,839
x6mwtrj2gxz9e1jn5w34_40,894
x6mwtrj2gxz9e1jn5w34_43,894
x6mwtrj2gxz9e1jn5w34_45,229
x6mwtrj2gxz9e1jn5w34_52,894
x6mwtrj2gxz9e1jn5w34_61,633
x6mwtrj2gxz9e1jn5w34_62,955
bx0gyppwb8ninyt3xrzd_25,489
bx0gyppwb8ninyt3xrzd_33,320
bx0gyppwb8ninyt3xrzd_37,14
bx0gyppwb8ninyt3xrzd_38,504
bx0gyppwb8ninyt3xrzd_41,127
bx0gyppwb8ninyt3xrzd_44,272
bx0gyppwb8ninyt3xrzd_47,964
bx0gyppwb8ninyt3xrzd_50,127
bx0gyppwb8ninyt3xrzd_53,12
o60moo8069s5erqmnlow_26,133
o60moo8069s5erqmnlow_27,142
o60moo8069s5erqmnlow_31,137
o60moo8069s5erqmnlow_36,12
o60moo8069s5erqmnlow_41,541
o60moo8069s5erqmnlow_42,146
o60moo8069s5erqmnlow_57,189
o60moo8069s5erqmnlow_60,380
8yut32m8o5ff7fa25u8a_27,124
8yut32m8o5ff7fa25u8a_36,880
8yut32m8o5ff7fa25u8a_38,985
8yut32m8o5ff7fa25u8a_42,989
8yut32m8o5ff7fa25u8a_45,819
8yut32m8o5ff7fa25u8a_52,290
8yut32m8o5ff7fa25u8a_57,1010
8yut32m8o5ff7fa25u8a_59,82
8yut32m8o5ff7fa25u8a_62,732
by5ho5impve6b27byoxa_25,438
by5ho5impve6b27byoxa_33,438
by5ho5impve6b27byoxa_38,310
by5ho5impve6b27byoxa_40,537
by5ho5impve6b27byoxa_41,886
by5ho5impve6b27byoxa_49,321
by5ho5impve6b27byoxa_57,27
by5ho5impve6b27byoxa_63,112
9lo11k3zsd4up08sdrbp_16,229
9lo11k3zsd4up08sdrbp_26,660
9lo11k3zsd4up08sdrbp_32,660
9lo11k3zsd4up08sdrbp_34,660
9lo11k3zsd4up08sdrbp_37,660
9lo11k3zsd4up08sdrbp_39,229
9lo11k3zsd4up08sdrbp_42,229
9lo11k3zsd4up08sdrbp_45,660
9lo11k3zsd4up08sdrbp_47,229
9lo11k3zsd4up08sdrbp_49,839
9lo11k3zsd4up08sdrbp_50,27
9lo11k3zsd4up08sdrbp_55,722
9lo11k3zsd4up08sdrbp_59,894
9lo11k3zsd4up08sdrbp_60,839
9lo11k3zsd4up08sdrbp_61,476
6iazsw4p35lofy0jku3k_10,124
6iazsw4p35lofy0jku3k_15,369
6iazsw4p35lofy0jku3k_18,216
6iazsw4p35lofy0jku3k_21,650
6iazsw4p35lofy0jku3k_32,255
6iazsw4p35lofy0jku3k_33,991
6iazsw4p35lofy0jku3k_41,448
6iazsw4p35lofy0jku3k_49,448
6iazsw4p35lofy0jku3k_50,448
6iazsw4p35lofy0jku3k_59,448
6iazsw4p35lofy0jku3k_61,448
6iazsw4p35lofy0jku3k_63,443
k0x2xvh6omc4v8m51fbf_30,734
k0x2xvh6omc4v8m51fbf_33,643
k0x2xvh6omc4v8m51fbf_42,718
k0x2xvh6omc4v8m51fbf_44,396
k0x2xvh6omc4v8m51fbf_45,295
k0x2xvh6omc4v8m51fbf_46,504
k0x2xvh6omc4v8m51fbf_54,504
k0x2xvh6omc4v8m51fbf_55,347
k0x2xvh6omc4v8m51fbf_56,884
k0x2xvh6omc4v8m51fbf_57,969
k0x2xvh6omc4v8m51fbf_58,674
k0x2xvh6omc4v8m51fbf_60,81
k0x2xvh6omc4v8m51fbf_61,156
k0x2xvh6omc4v8m51fbf_62,289
w2630wf5m95q2kxl0gyv_24,561
w2630wf5m95q2kxl0gyv_25,561
w2630wf5m95q2kxl0gyv_28,561
w2630wf5m95q2kxl0gyv_32,924
w2630wf5m95q2kxl0gyv_33,489
w2630wf5m95q2kxl0gyv_37,676
w2630wf5m95q2kxl0gyv_39,866
w2630wf5m95q2kxl0gyv_40,376
w2630wf5m95q2kxl0gyv_41,505
w2630wf5m95q2kxl0gyv_42,211
w2630wf5m95q2kxl0gyv_44,52
w2630wf5m95q2kxl0gyv_45,448
w2630wf5m95q2kxl0gyv_47,437
w2630wf5m95q2kxl0gyv_48,12
w2630wf5m95q2kxl0gyv_51,1
w2630wf5m95q2kxl0gyv_58,380
w2630wf5m95q2kxl0gyv_59,570
w2630wf5m95q2kxl0gyv_60,289
lxijvcj24962kt7u44ol_21,554
lxijvcj24962kt7u44ol_22,990
lxijvcj24962kt7u44ol_34,229
lxijvcj24962kt7u44ol_44,446
lxijvcj24962kt7u44ol_47,981
lxijvcj24962kt7u44ol_55,981
lxijvcj24962kt7u44ol_58,795
lxijvcj24962kt7u44ol_60,502
kqa0bnf4l6uomaxh3zv1_8,256
kqa0bnf4l6uomaxh3zv1_25,920
kqa0bnf4l6uomaxh3zv1_30,101
kqa0bnf4l6uomaxh3zv1_32,554
kqa0bnf4l6uomaxh3zv1_33,489
kqa0bnf4l6uomaxh3zv1_35,991
kqa0bnf4l6uomaxh3zv1_39,532
kqa0bnf4l6uomaxh3zv1_49,489
kqa0bnf4l6uomaxh3zv1_51,900
kqa0bnf4l6uomaxh3zv1_53,321
kqa0bnf4l6uomaxh3zv1_57,380
kqa0bnf4l6uomaxh3zv1_58,227
kqa0bnf4l6uomaxh3zv1_61,593
kqa0bnf4l6uomaxh3zv1_62,313
ic73lepb37meedrk5unt_16,404
ic73lepb37meedrk5unt_17,388
ic73lepb37meedrk5unt_19,336
ic73lepb37meedrk5unt_22,228
ic73lepb37meedrk5unt_23,149
ic73lepb37meedrk5unt_26,720
ic73lepb37meedrk5unt_28,843
ic73lepb37meedrk5unt_31,137
ic73lepb37meedrk5unt_33,886
ic73lepb37meedrk5unt_34,886
ic73lepb37meedrk5unt_35,877
ic73lepb37meedrk5unt_37,601
ic73lepb37meedrk5unt_38,450
ic73lepb37meedrk5unt_39,149
ic73lepb37meedrk5unt_40,724
ic73lepb37meedrk5unt_46,456
ic73lepb37meedrk5unt_50,570
y1atkokpqkyt9q7ca9i2_3,449
y1atkokpqkyt9q7ca9i2_5,449
y1atkokpqkyt9q7ca9i2_6,730
y1atkokpqkyt9q7ca9i2_12,950
y1atkokpqkyt9q7ca9i2_17,424
y1atkokpqkyt9q7ca9i2_25,145
y1atkokpqkyt9q7ca9i2_33,27
y1atkokpqkyt9q7ca9i2_34,424
y1atkokpqkyt9q7ca9i2_37,955
y1atkokpqkyt9q7ca9i2_43,27
y1atkokpqkyt9q7ca9i2_44,955
y1atkokpqkyt9q7ca9i2_49,699
y1atkokpqkyt9q7ca9i2_54,945
y1atkokpqkyt9q7ca9i2_56,397
hist78nl0xng0ahclc30_0,633
hist78nl0xng0ahclc30_1,1010
hist78nl0xng0ahclc30_3,137
hist78nl0xng0ahclc30_7,249
hist78nl0xng0ahclc30_8,229
hist78nl0xng0ahclc30_14,664
hist78nl0xng0ahclc30_16,450
hist78nl0xng0ahclc30_18,228
hist78nl0xng0ahclc30_20,336
hist78nl0xng0ahclc30_26,157
hist78nl0xng0ahclc30_28,867
hist78nl0xng0ahclc30_29,354
hist78nl0xng0ahclc30_32,724
hist78nl0xng0ahclc30_34,732
hist78nl0xng0ahclc30_40,157
hist78nl0xng0ahclc30_42,14
hist78nl0xng0ahclc30_45,900
g5nbve3gsh5zdd577e8x_0,229
g5nbve3gsh5zdd577e8x_3,229
g5nbve3gsh5zdd577e8x_9,886
g5nbve3gsh5zdd577e8x_15,843
g5nbve3gsh5zdd577e8x_19,660
g5nbve3gsh5zdd577e8x_23,358
g5nbve3gsh5zdd577e8x_28,843
g5nbve3gsh5zdd577e8x_31,981
g5nbve3gsh5zdd577e8x_35,414
g5nbve3gsh5zdd577e8x_38,372
wz0q2epoq15ebqxej994_12,332
wz0q2epoq15ebqxej994_13,284
wz0q2epoq15ebqxej994_21,414
wz0q2epoq15ebqxej994_25,664
wz0q2epoq15ebqxej994_28,696
wz0q2epoq15ebqxej994_32,149
wz0q2epoq15ebqxej994_33,118
wz0q2epoq15ebqxej994_41,479
wz0q2epoq15ebqxej994_46,66
wz0q2epoq15ebqxej994_48,838
wz0q2epoq15ebqxej994_51,583
wz0q2epoq15ebqxej994_55,505
wz0q2epoq15ebqxej994_59,727
xqruqatajrpza5jwf86q_1,446
xqruqatajrpza5jwf86q_5,446
xqruqatajrpza5jwf86q_6,446
xqruqatajrpza5jwf86q_9,27
xqruqatajrpza5jwf86q_16,478
xqruqatajrpza5jwf86q_17,894
xqruqatajrpza5jwf86q_20,894
xqruqatajrpza5jwf86q_36,894
xqruqatajrpza5jwf86q_45,285
xqruqatajrpza5jwf86q_52,755
xqruqatajrpza5jwf86q_53,799
xqruqatajrpza5jwf86q_56,969
xqruqatajrpza5jwf86q_60,189
xqruqatajrpza5jwf86q_61,289
xqruqatajrpza5jwf86q_62,836
a5ehr23h34m568d1f7m4_1,869
a5ehr23h34m568d1f7m4_3,446
a5ehr23h34m568d1f7m4_6,1000
a5ehr23h34m568d1f7m4_11,446
a5ehr23h34m568d1f7m4_16,783
a5ehr23h34m568d1f7m4_17,541
a5ehr23h34m568d1f7m4_18,27
a5ehr23h34m568d1f7m4_21,397
a5ehr23h34m568d1f7m4_25,487
a5ehr23h34m568d1f7m4_29,182
a5ehr23h34m568d1f7m4_31,397
a5ehr23h34m568d1f7m4_33,81
a5ehr23h34m568d1f7m4_44,483
a5ehr23h34m568d1f7m4_46,586
a5ehr23h34m568d1f7m4_47,722
a5ehr23h34m568d1f7m4_60,720
98gq88iiqc9hwpvecfrn_0,664
98gq88iiqc9hwpvecfrn_3,560
98gq88iiqc9hwpvecfrn_14,366
98gq88iiqc9hwpvecfrn_17,320
98gq88iiqc9hwpvecfrn_27,666
98gq88iiqc9hwpvecfrn_33,295
98gq88iiqc9hwpvecfrn_42,25
98gq88iiqc9hwpvecfrn_43,298
rda3pah074friupy735r_10,643
rda3pah074friupy735r_13,705
rda3pah074friupy735r_18,838
rda3pah074friupy735r_33,134
rda3pah074friupy735r_36,693
rda3pah074friupy735r_44,994
rda3pah074friupy735r_50,211
rda3pah074friupy735r_53,869
rda3pah074friupy735r_56,994
rda3pah074friupy735r_58,767
rda3pah074friupy735r_59,628
rda3pah074friupy735r_62,979
rda3pah074friupy735r_63,358
fgsur23b5uxobgqbz1fz_3,49
fgsur23b5uxobgqbz1fz_16,884
fgsur23b5uxobgqbz1fz_17,499
fgsur23b5uxobgqbz1fz_20,372
fgsur23b5uxobgqbz1fz_24,538
fgsur23b5uxobgqbz1fz_28,992
fgsur23b5uxobgqbz1fz_33,628
fgsur23b5uxobgqbz1fz_34,886
fgsur23b5uxobgqbz1fz_43,57
fgsur23b5uxobgqbz1fz_47,471
fgsur23b5uxobgqbz1fz_50,880
fgsur23b5uxobgqbz1fz_57,109
fgsur23b5uxobgqbz1fz_59,471
nk840up1qn573euzmsfl_3,446
nk840up1qn573euzmsfl_11,446
nk840up1qn573euzmsfl_12,483
nk840up1qn573euzmsfl_22,483
nk840up1qn573euzmsfl_23,397
nk840up1qn573euzmsfl_27,471
nk840up1qn573euzmsfl_48,471
nk840up1qn573euzmsfl_60,196
nk840up1qn573euzmsfl_61,196
n3k0ey4mj5ov8rucz3nw_1,449
n3k0ey4mj5ov8rucz3nw_2,434
n3k0ey4mj5ov8rucz3nw_12,590
n3k0ey4mj5ov8rucz3nw_28,483
n3k0ey4mj5ov8rucz3nw_32,756
n3k0ey4mj5ov8rucz3nw_37,182
n3k0ey4mj5ov8rucz3nw_38,81
n3k0ey4mj5ov8rucz3nw_39,722
n3k0ey4mj5ov8rucz3nw_43,483
n3k0ey4mj5ov8rucz3nw_48,538
n3k0ey4mj5ov8rucz3nw_50,839
n3k0ey4mj5ov8rucz3nw_53,137
n3k0ey4mj5ov8rucz3nw_55,843
n3k0ey4mj5ov8rucz3nw_59,253
n3k0ey4mj5ov8rucz3nw_60,502
n3k0ey4mj5ov8rucz3nw_61,404
n3k0ey4mj5ov8rucz3nw_62,182
zhg1hpnled8h8o2xgfhp_0,722
zhg1hpnled8h8o2xgfhp_7,664
zhg1hpnled8h8o2xgfhp_15,664
zhg1hpnled8h8o2xgfhp_23,664
zhg1hpnled8h8o2xgfhp_26,134
zhg1hpnled8h8o2xgfhp_42,479
zhg1hpnled8h8o2xgfhp_44,551
zhg1hpnled8h8o2xgfhp_53,758
34b7eakpc8w59vi71jr3_0,961
34b7eakpc8w59vi71jr3_2,959
34b7eakpc8w59vi71jr3_3,293
34b7eakpc8w59vi71jr3_5,293
34b7eakpc8w59vi71jr3_12,450
34b7eakpc8w59vi71jr3_13,590
34b7eakpc8w59vi71jr3_15,383
34b7eakpc8w59vi71jr3_17,155
34b7eakpc8w59vi71jr3_22,456
34b7eakpc8w59vi71jr3_25,228
34b7eakpc8w59vi71jr3_29,991
34b7eakpc8w59vi71jr3_31,771
34b7eakpc8w59vi71jr3_32,98
34b7eakpc8w59vi71jr3_33,1019
34b7eakpc8w59vi71jr3_35,693
34b7eakpc8w59vi71jr3_43,50
34b7eakpc8w59vi71jr3_44,693
tvfsjbuc1e3di22waqv1_0,249
tvfsjbuc1e3di22waqv1_10,273
tvfsjbuc1e3di22waqv1_13,681
tvfsjbuc1e3di22waqv1_17,332
tvfsjbuc1e3di22waqv1_19,1007
tvfsjbuc1e3di22waqv1_20,962
tvfsjbuc1e3di22waqv1_21,590
tvfsjbuc1e3di22waqv1_22,812
tvfsjbuc1e3di22waqv1_24,372
tvfsjbuc1e3di22waqv1_30,834
tvfsjbuc1e3di22waqv1_33,732
tvfsjbuc1e3di22waqv1_35,732
tvfsjbuc1e3di22waqv1_44,974
tvfsjbuc1e3di22waqv1_45,872
tvfsjbuc1e3di22waqv1_48,505
tvfsjbuc1e3di22waqv1_49,713
d3latqsdw462shvtd4l7_0,722
d3latqsdw462shvtd4l7_4,911
d3latqsdw462shvtd4l7_7,244
d3latqsdw462shvtd4l7_8,633
d3latqsdw462shvtd4l7_10,424
d3latqsdw462shvtd4l7_15,664
d3latqsdw462shvtd4l7_18,424
d3latqsdw462shvtd4l7_20,290
d3latqsdw462shvtd4l7_22,560
d3latqsdw462shvtd4l7_23,806
d3latqsdw462shvtd4l7_28,332
d3latqsdw462shvtd4l7_42,979
d3latqsdw462shvtd4l7_45,398
w8dv64et43afn5avvvxm_0,446
w8dv64et43afn5avvvxm_9,27
w8dv64et43afn5avvvxm_11,424
w8dv64et43afn5avvvxm_20,446
w8dv64et43afn5avvvxm_23,168
w8dv64et43afn5avvvxm_27,263
w8dv64et43afn5avvvxm_28,894
w8dv64et43afn5avvvxm_41,487
w8dv64et43afn5avvvxm_42,97
w8dv64et43afn5avvvxm_43,27
w8dv64et43afn5avvvxm_46,848
w8dv64et43afn5avvvxm_47,358
w8dv64et43afn5avvvxm_51,894
w8dv64et43afn5avvvxm_54,27
w8dv64et43afn5avvvxm_59,723
w8dv64et43afn5avvvxm_61,196
w8dv64et43afn5avvvxm_62,886
j43d33jihd873jdfx1xw_0,137
j43d33jihd873jdfx1xw_1,137
j43d33jihd873jdfx1xw_10,157
j43d33jihd873jdfx1xw_11,664
j43d33jihd873jdfx1xw_13,979
j43d33jihd873jdfx1xw_14,472
j43d33jihd873jdfx1xw_16,450
j43d33jihd873jdfx1xw_19,590
j43d33jihd873jdfx1xw_26,298
j43d33jihd873jdfx1xw_27,298
j43d33jihd873jdfx1xw_28,298
j43d33jihd873jdfx1xw_29,753
j43d33jihd873jdfx1xw_40,838
j43d33jihd873jdfx1xw_45,962
j43d33jihd873jdfx1xw_46,209
j43d33jihd873jdfx1xw_48,1003
j43d33jihd873jdfx1xw_49,727
j43d33jihd873jdfx1xw_56,573
j43d33jihd873jdfx1xw_57,570
j43d33jihd873jdfx1xw_58,308
2z2unz7dswa8n5byx1yo_7,835
2z2unz7dswa8n5byx1yo_8,720
2z2unz7dswa8n5byx1yo_14,561
2z2unz7dswa8n5byx1yo_18,424
2z2unz7dswa8n5byx1yo_28,894
2z2unz7dswa8n5byx1yo_30,57
2z2unz7dswa8n5byx1yo_35,424
2z2unz7dswa8n5byx1yo_38,57
2z2unz7dswa8n5byx1yo_40,424
2z2unz7dswa8n5byx1yo_45,815
2z2unz7dswa8n5byx1yo_46,211
2z2unz7dswa8n5byx1yo_56,722
2z2unz7dswa8n5byx1yo_57,424
2z2unz7dswa8n5byx1yo_61,815
f2tdgort5xffjmdqg4iq_0,965
f2tdgort5xffjmdqg4iq_24,965
f2tdgort5xffjmdqg4iq_25,127
f2tdgort5xffjmdqg4iq_32,1003
f2tdgort5xffjmdqg4iq_33,489
f2tdgort5xffjmdqg4iq_35,138
f2tdgort5xffjmdqg4iq_45,943
f2tdgort5xffjmdqg4iq_47,839
f2tdgort5xffjmdqg4iq_48,321
f2tdgort5xffjmdqg4iq_55,263
f2tdgort5xffjmdqg4iq_58,660
f2tdgort5xffjmdqg4iq_61,614
f2tdgort5xffjmdqg4iq_62,300
f2tdgort5xffjmdqg4iq_63,358
mib3mo8zu6qz9ilpaszq_15,997
mib3mo8zu6qz9ilpaszq_19,138
mib3mo8zu6qz9ilpaszq_23,877
mib3mo8zu6qz9ilpaszq_35,142
mib3mo8zu6qz9ilpaszq_36,639
mib3mo8zu6qz9ilpaszq_39,722
mib3mo8zu6qz9ilpaszq_41,703
mib3mo8zu6qz9ilpaszq_42,906
mib3mo8zu6qz9ilpaszq_43,680
mib3mo8zu6qz9ilpaszq_44,142
mib3mo8zu6qz9ilpaszq_45,639
mib3mo8zu6qz9ilpaszq_47,722
mib3mo8zu6qz9ilpaszq_48,418
mib3mo8zu6qz9ilpaszq_50,990
mib3mo8zu6qz9ilpaszq_53,476
mib3mo8zu6qz9ilpaszq_57,674
mib3mo8zu6qz9ilpaszq_59,674
mib3mo8zu6qz9ilpaszq_63,722
kfbiczup28w3shxd0tbn_2,113
kfbiczup28w3shxd0tbn_7,539
kfbiczup28w3shxd0tbn_13,187
kfbiczup28w3shxd0tbn_16,633
kfbiczup28w3shxd0tbn_17,216
kfbiczup28w3shxd0tbn_24,544
kfbiczup28w3shxd0tbn_29,894
kfbiczup28w3shxd0tbn_30,725
kfbiczup28w3shxd0tbn_41,732
kfbiczup28w3shxd0tbn_43,961
kfbiczup28w3shxd0tbn_46,554
kfbiczup28w3shxd0tbn_49,727
kfbiczup28w3shxd0tbn_50,660
kfbiczup28w3shxd0tbn_53,27
kfbiczup28w3shxd0tbn_54,969
kfbiczup28w3shxd0tbn_56,542
kfbiczup28w3shxd0tbn_57,347
kfbiczup28w3shxd0tbn_58,753
kfbiczup28w3shxd0tbn_59,633
uhpcss45qy82efnz6uu2_0,358
uhpcss45qy82efnz6uu2_17,321
uhpcss45qy82efnz6uu2_21,353
uhpcss45qy82efnz6uu2_24,869
uhpcss45qy82efnz6uu2_25,869
uhpcss45qy82efnz6uu2_28,234
uhpcss45qy82efnz6uu2_44,211
uhpcss45qy82efnz6uu2_52,27
ut5iw5hu1gov8qnha2pb_14,446
ut5iw5hu1gov8qnha2pb_21,290
ut5iw5hu1gov8qnha2pb_22,122
ut5iw5hu1gov8qnha2pb_23,122
ut5iw5hu1gov8qnha2pb_31,246
ut5iw5hu1gov8qnha2pb_32,424
ut5iw5hu1gov8qnha2pb_34,424
ut5iw5hu1gov8qnha2pb_35,424
ut5iw5hu1gov8qnha2pb_37,175
ut5iw5hu1gov8qnha2pb_41,543
ut5iw5hu1gov8qnha2pb_44,424
ut5iw5hu1gov8qnha2pb_49,543
ut5iw5hu1gov8qnha2pb_51,929
ut5iw5hu1gov8qnha2pb_52,424
ut5iw5hu1gov8qnha2pb_55,958
ut5iw5hu1gov8qnha2pb_57,19
ut5iw5hu1gov8qnha2pb_61,424
ut5iw5hu1gov8qnha2pb_62,767
a3bt2q32ekarhn5ag4xi_5,490
a3bt2q32ekarhn5ag4xi_12,814
a3bt2q32ekarhn5ag4xi_13,530
a3bt2q32ekarhn5ag4xi_35,20
a3bt2q32ekarhn5ag4xi_36,20
a3bt2q32ekarhn5ag4xi_41,993
a3bt2q32ekarhn5ag4xi_49,464
a3bt2q32ekarhn5ag4xi_53,904
a3bt2q32ekarhn5ag4xi_57,497
a3bt2q32ekarhn5ag4xi_58,866
a3bt2q32ekarhn5ag4xi_61,837
kzggswsphyota43q1xac_8,20
kzggswsphyota43q1xac_14,490
kzggswsphyota43q1xac_16,904
kzggswsphyota43q1xac_18,172
kzggswsphyota43q1xac_22,310
kzggswsphyota43q1xac_24,507
kzggswsphyota43q1xac_26,101
kzggswsphyota43q1xac_50,586
kzggswsphyota43q1xac_56,101
3dk4mijt56z2h8bs603c_10,1020
3dk4mijt56z2h8bs603c_19,496
3dk4mijt56z2h8bs603c_20,1020
3dk4mijt56z2h8bs603c_24,346
3dk4mijt56z2h8bs603c_27,659
3dk4mijt56z2h8bs603c_28,580
3dk4mijt56z2h8bs603c_34,55
3dk4mijt56z2h8bs603c_35,691
3dk4mijt56z2h8bs603c_37,957
3dk4mijt56z2h8bs603c_42,346
3dk4mijt56z2h8bs603c_46,1013
3dk4mijt56z2h8bs603c_48,780
3dk4mijt56z2h8bs603c_51,1013
3dk4mijt56z2h8bs603c_56,850
3dk4mijt56z2h8bs603c_57,251
3dk4mijt56z2h8bs603c_58,285
3dk4mijt56z2h8bs603c_60,570
e6go6of8von1rha3awv4_9,17
e6go6of8von1rha3awv4_10,372
e6go6of8von1rha3awv4_11,579
e6go6of8von1rha3awv4_16,822
e6go6of8von1rha3awv4_18,463
e6go6of8von1rha3awv4_20,597
e6go6of8von1rha3awv4_24,991
e6go6of8von1rha3awv4_29,597
e6go6of8von1rha3awv4_35,957
e6go6of8von1rha3awv4_40,172
e6go6of8von1rha3awv4_43,940
2hjiqc9qupl7mbgjq5h9_3,95
2hjiqc9qupl7mbgjq5h9_29,957
2hjiqc9qupl7mbgjq5h9_37,691
2hjiqc9qupl7mbgjq5h9_38,940
2hjiqc9qupl7mbgjq5h9_49,1013
2hjiqc9qupl7mbgjq5h9_51,588
2hjiqc9qupl7mbgjq5h9_53,413
2hjiqc9qupl7mbgjq5h9_55,101
2hjiqc9qupl7mbgjq5h9_57,497
2hjiqc9qupl7mbgjq5h9_59,588
2hjiqc9qupl7mbgjq5h9_60,588
2hjiqc9qupl7mbgjq5h9_63,101
nefsdbfz60eh0p30vix8_4,656
nefsdbfz60eh0p30vix8_10,177
nefsdbfz60eh0p30vix8_11,55
nefsdbfz60eh0p30vix8_14,180
nefsdbfz60eh0p30vix8_15,180
nefsdbfz60eh0p30vix8_17,464
nefsdbfz60eh0p30vix8_23,180
nefsdbfz60eh0p30vix8_29,328
nefsdbfz60eh0p30vix8_31,228
nefsdbfz60eh0p30vix8_36,855
nefsdbfz60eh0p30vix8_37,893
nefsdbfz60eh0p30vix8_39,691
nefsdbfz60eh0p30vix8_46,691
nefsdbfz60eh0p30vix8_47,880
nefsdbfz60eh0p30vix8_55,877
nefsdbfz60eh0p30vix8_56,497
nefsdbfz60eh0p30vix8_58,240
nefsdbfz60eh0p30vix8_62,240
adltwnss49x3yfp0fmzu_5,40
adltwnss49x3yfp0fmzu_6,180
adltwnss49x3yfp0fmzu_11,580
adltwnss49x3yfp0fmzu_14,87
adltwnss49x3yfp0fmzu_15,866
adltwnss49x3yfp0fmzu_18,484
adltwnss49x3yfp0fmzu_19,892
adltwnss49x3yfp0fmzu_26,116
adltwnss49x3yfp0fmzu_35,485
adltwnss49x3yfp0fmzu_38,1013
adltwnss49x3yfp0fmzu_41,993
adltwnss49x3yfp0fmzu_42,993
adltwnss49x3yfp0fmzu_44,240
adltwnss49x3yfp0fmzu_45,876
adltwnss49x3yfp0fmzu_52,3
adltwnss49x3yfp0fmzu_54,259
adltwnss49x3yfp0fmzu_58,866
adltwnss49x3yfp0fmzu_61,691
adltwnss49x3yfp0fmzu_62,490
dhim2bjc40q699ku0r9p_9,331
dhim2bjc40q699ku0r9p_18,324
dhim2bjc40q699ku0r9p_20,314
dhim2bjc40q699ku0r9p_25,780
dhim2bjc40q699ku0r9p_32,328
dhim2bjc40q699ku0r9p_34,780
dhim2bjc40q699ku0r9p_35,957
dhim2bjc40q699ku0r9p_43,957
dhim2bjc40q699ku0r9p_58,891
1ieqn0omor6gi72iow0b_4,656
1ieqn0omor6gi72iow0b_12,571
1ieqn0omor6gi72iow0b_13,314
1ieqn0omor6gi72iow0b_14,353
1ieqn0omor6gi72iow0b_15,101
1ieqn0omor6gi72iow0b_19,705
1ieqn0omor6gi72iow0b_20,560
1ieqn0omor6gi72iow0b_27,464
1ieqn0omor6gi72iow0b_29,180
1ieqn0omor6gi72iow0b_31,180
1ieqn0omor6gi72iow0b_37,599
1ieqn0omor6gi72iow0b_38,957
1ieqn0omor6gi72iow0b_43,240
1ieqn0omor6gi72iow0b_45,636
1ieqn0omor6gi72iow0b_46,866
1ieqn0omor6gi72iow0b_53,240
1ieqn0omor6gi72iow0b_54,84
1ieqn0omor6gi72iow0b_55,866
077axgmfzssa4l1flfpk_5,530
077axgmfzssa4l1flfpk_6,331
077axgmfzssa4l1flfpk_9,530
077axgmfzssa4l1flfpk_10,331
077axgmfzssa4l1flfpk_14,71
077axgmfzssa4l1flfpk_15,428
077axgmfzssa4l1flfpk_17,116
077axgmfzssa4l1flfpk_18,116
077axgmfzssa4l1flfpk_19,780
077axgmfzssa4l1flfpk_23,428
077axgmfzssa4l1flfpk_28,941
077axgmfzssa4l1flfpk_29,31
077axgmfzssa4l1flfpk_32,878
077axgmfzssa4l1flfpk_34,240
077axgmfzssa4l1flfpk_36,42
077axgmfzssa4l1flfpk_42,240
077axgmfzssa4l1flfpk_52,150
077axgmfzssa4l1flfpk_58,328
077axgmfzssa4l1flfpk_59,691
v8x6m5biq5t68uqf7zju_6,790
v8x6m5biq5t68uqf7zju_20,328
v8x6m5biq5t68uqf7zju_21,55
v8x6m5biq5t68uqf7zju_22,845
v8x6m5biq5t68uqf7zju_35,507
v8x6m5biq5t68uqf7zju_37,328
v8x6m5biq5t68uqf7zju_41,390
v8x6m5biq5t68uqf7zju_43,464
v8x6m5biq5t68uqf7zju_44,133
v8x6m5biq5t68uqf7zju_45,328
v8x6m5biq5t68uqf7zju_46,101
v8x6m5biq5t68uqf7zju_60,395
v8x6m5biq5t68uqf7zju_61,55
v8x6m5biq5t68uqf7zju_62,101
v8x6m5biq5t68uqf7zju_63,101
rsavfhckioyrc1mno9il_1,389
rsavfhckioyrc1mno9il_2,389
rsavfhckioyrc1mno9il_3,95
rsavfhckioyrc1mno9il_11,1020
rsavfhckioyrc1mno9il_25,192
rsavfhckioyrc1mno9il_26,192
rsavfhckioyrc1mno9il_28,25
rsavfhckioyrc1mno9il_41,463
rsavfhckioyrc1mno9il_42,464
rsavfhckioyrc1mno9il_49,464
rsavfhckioyrc1mno9il_51,240
jejnino31bg9xerwckp8_0,172
jejnino31bg9xerwckp8_3,490
jejnino31bg9xerwckp8_8,116
jejnino31bg9xerwckp8_16,172
jejnino31bg9xerwckp8_21,143
jejnino31bg9xerwckp8_24,807
jejnino31bg9xerwckp8_32,109
jejnino31bg9xerwckp8_34,203
jejnino31bg9xerwckp8_41,365
jejnino31bg9xerwckp8_56,850
jejnino31bg9xerwckp8_63,361
dvlgri8sutvr02ri8nlj_22,101
dvlgri8sutvr02ri8nlj_23,957
dvlgri8sutvr02ri8nlj_30,957
dvlgri8sutvr02ri8nlj_34,133
dvlgri8sutvr02ri8nlj_35,507
dvlgri8sutvr02ri8nlj_37,192
dvlgri8sutvr02ri8nlj_38,957
dvlgri8sutvr02ri8nlj_40,649
dvlgri8sutvr02ri8nlj_43,1013
dvlgri8sutvr02ri8nlj_45,346
dvlgri8sutvr02ri8nlj_52,850
dvlgri8sutvr02ri8nlj_53,485
dvlgri8sutvr02ri8nlj_56,850
dvlgri8sutvr02ri8nlj_58,850
dvlgri8sutvr02ri8nlj_63,180
hldgxreeyqs81p9c0u5p_16,484
hldgxreeyqs81p9c0u5p_24,464
hldgxreeyqs81p9c0u5p_28,500
hldgxreeyqs81p9c0u5p_35,395
hldgxreeyqs81p9c0u5p_40,850
hldgxreeyqs81p9c0u5p_41,395
hldgxreeyqs81p9c0u5p_46,819
hldgxreeyqs81p9c0u5p_51,324
hldgxreeyqs81p9c0u5p_59,881
hldgxreeyqs81p9c0u5p_63,873
sd66n8dkgtohn84n9h6j_11,1020
sd66n8dkgtohn84n9h6j_25,464
sd66n8dkgtohn84n9h6j_26,324
sd66n8dkgtohn84n9h6j_36,503
sd66n8dkgtohn84n9h6j_37,101
sd66n8dkgtohn84n9h6j_38,490
sd66n8dkgtohn84n9h6j_42,429
sd66n8dkgtohn84n9h6j_44,101
sd66n8dkgtohn84n9h6j_46,317
sd66n8dkgtohn84n9h6j_51,174
sd66n8dkgtohn84n9h6j_61,101
g7wzzho8vgcxqp9h84v8_3,359
g7wzzho8vgcxqp9h84v8_5,359
g7wzzho8vgcxqp9h84v8_9,731
g7wzzho8vgcxqp9h84v8_16,219
g7wzzho8vgcxqp9h84v8_24,933
g7wzzho8vgcxqp9h84v8_32,346
g7wzzho8vgcxqp9h84v8_34,101
g7wzzho8vgcxqp9h84v8_44,666
g7wzzho8vgcxqp9h84v8_50,586
g7wzzho8vgcxqp9h84v8_52,77
g7wzzho8vgcxqp9h84v8_63,873
4wsjy6n02ltmiu1sakej_5,389
4wsjy6n02ltmiu1sakej_6,389
4wsjy6n02ltmiu1sakej_13,164
4wsjy6n02ltmiu1sakej_23,329
4wsjy6n02ltmiu1sakej_28,219
4wsjy6n02ltmiu1sakej_29,219
4wsjy6n02ltmiu1sakej_30,219
4wsjy6n02ltmiu1sakej_36,219
4wsjy6n02ltmiu1sakej_38,219
4wsjy6n02ltmiu1sakej_40,917
4wsjy6n02ltmiu1sakej_41,367
4wsjy6n02ltmiu1sakej_53,7
4wsjy6n02ltmiu1sakej_59,536
4wsjy6n02ltmiu1sakej_61,850
4wsjy6n02ltmiu1sakej_62,289
c1gldphywraaw7f8rpg0_1,49
c1gldphywraaw7f8rpg0_2,225
c1gldphywraaw7f8rpg0_5,449
c1gldphywraaw7f8rpg0_6,449
c1gldphywraaw7f8rpg0_10,27
c1gldphywraaw7f8rpg0_12,449
c1gldphywraaw7f8rpg0_15,955
c1gldphywraaw7f8rpg0_29,424
c1gldphywraaw7f8rpg0_34,961
c1gldphywraaw7f8rpg0_44,583
c1gldphywraaw7f8rpg0_57,182
c1gldphywraaw7f8rpg0_58,583
c1gldphywraaw7f8rpg0_59,313
c1gldphywraaw7f8rpg0_60,505
c1gldphywraaw7f8rpg0_62,27
31eas8sk6c0mrrbpvd9y_1,606
31eas8sk6c0mrrbpvd9y_9,173
31eas8sk6c0mrrbpvd9y_21,366
31eas8sk6c0mrrbpvd9y_23,212
31eas8sk6c0mrrbpvd9y_29,783
31eas8sk6c0mrrbpvd9y_37,974
31eas8sk6c0mrrbpvd9y_39,788
31eas8sk6c0mrrbpvd9y_59,308
31eas8sk6c0mrrbpvd9y_60,537
44gi2zmgl5k8d05m03i7_0,17
44gi2zmgl5k8d05m03i7_1,17
44gi2zmgl5k8d05m03i7_3,17
44gi2zmgl5k8d05m03i7_6,949
44gi2zmgl5k8d05m03i7_9,382
44gi2zmgl5k8d05m03i7_10,17
44gi2zmgl5k8d05m03i7_11,382
44gi2zmgl5k8d05m03i7_23,409
44gi2zmgl5k8d05m03i7_38,487
44gi2zmgl5k8d05m03i7_39,448
44gi2zmgl5k8d05m03i7_43,448
44gi2zmgl5k8d05m03i7_46,448
44gi2zmgl5k8d05m03i7_49,421
44gi2zmgl5k8d05m03i7_51,767
44gi2zmgl5k8d05m03i7_55,448
44gi2zmgl5k8d05m03i7_59,448
loyk5msvvuhfqj14id3l_6,950
loyk5msvvuhfqj14id3l_14,958
loyk5msvvuhfqj14id3l_19,448
loyk5msvvuhfqj14id3l_21,145
loyk5msvvuhfqj14id3l_26,771
loyk5msvvuhfqj14id3l_27,332
loyk5msvvuhfqj14id3l_30,448
loyk5msvvuhfqj14id3l_31,424
loyk5msvvuhfqj14id3l_36,843
loyk5msvvuhfqj14id3l_51,767
loyk5msvvuhfqj14id3l_52,145
loyk5msvvuhfqj14id3l_56,448
loyk5msvvuhfqj14id3l_58,215
loyk5msvvuhfqj14id3l_61,145
loyk5msvvuhfqj14id3l_62,380
loyk5msvvuhfqj14id3l_63,424
yzd6cp98ly56oirmirjf_2,113
yzd6cp98ly56oirmirjf_3,244
yzd6cp98ly56oirmirjf_4,565
yzd6cp98ly56oirmirjf_12,590
yzd6cp98ly56oirmirjf_14,725
yzd6cp98ly56oirmirjf_19,382
yzd6cp98ly56oirmirjf_21,590
yzd6cp98ly56oirmirjf_22,561
yzd6cp98ly56oirmirjf_29,50
yzd6cp98ly56oirmirjf_38,727
yzd6cp98ly56oirmirjf_43,448
yzd6cp98ly56oirmirjf_44,448
yzd6cp98ly56oirmirjf_45,157
yzd6cp98ly56oirmirjf_49,421
yzd6cp98ly56oirmirjf_50,448
yzd6cp98ly56oirmirjf_52,448
yzd6cp98ly56oirmirjf_53,145
yzd6cp98ly56oirmirjf_55,257
yzd6cp98ly56oirmirjf_61,448
yzd6cp98ly56oirmirjf_62,674
556npvv3nu488q4ssr42_0,965
556npvv3nu488q4ssr42_5,308
556npvv3nu488q4ssr42_6,60
556npvv3nu488q4ssr42_7,857
556npvv3nu488q4ssr42_9,295
556npvv3nu488q4ssr42_10,491
556npvv3nu488q4ssr42_11,781
556npvv3nu488q4ssr42_12,991
556npvv3nu488q4ssr42_25,987
556npvv3nu488q4ssr42_41,802
556npvv3nu488q4ssr42_50,448
556npvv3nu488q4ssr42_51,448
556npvv3nu488q4ssr42_53,2
556npvv3nu488q4ssr42_55,532
556npvv3nu488q4ssr42_56,448
556npvv3nu488q4ssr42_60,836
556npvv3nu488q4ssr42_61,853
x77x0noimm0zakso327c_1,446
x77x0noimm0zakso327c_2,290
x77x0noimm0zakso327c_15,30
x77x0noimm0zakso327c_21,725
x77x0noimm0zakso327c_27,843
x77x0noimm0zakso327c_28,483
x77x0noimm0zakso327c_32,771
x77x0noimm0zakso327c_33,182
x77x0noimm0zakso327c_37,6
x77x0noimm0zakso327c_40,955
x77x0noimm0zakso327c_41,955
x77x0noimm0zakso327c_43,803
x77x0noimm0zakso327c_48,433
x77x0noimm0zakso327c_50,955
x77x0noimm0zakso327c_54,621
x77x0noimm0zakso327c_59,885
r0ek1tbckfx6a7iewnso_2,717
r0ek1tbckfx6a7iewnso_3,119
r0ek1tbckfx6a7iewnso_5,119
r0ek1tbckfx6a7iewnso_9,60
r0ek1tbckfx6a7iewnso_10,97
r0ek1tbckfx6a7iewnso_11,397
r0ek1tbckfx6a7iewnso_13,502
r0ek1tbckfx6a7iewnso_18,476
r0ek1tbckfx6a7iewnso_19,397
r0ek1tbckfx6a7iewnso_32,109
r0ek1tbckfx6a7iewnso_33,932
r0ek1tbckfx6a7iewnso_41,502
r0ek1tbckfx6a7iewnso_44,336
r0ek1tbckfx6a7iewnso_52,483
r0ek1tbckfx6a7iewnso_56,722
r0ek1tbckfx6a7iewnso_57,182
r0ek1tbckfx6a7iewnso_59,502
r0ek1tbckfx6a7iewnso_60,551
uiq0eehtcjg5ezymbcvj_5,358
uiq0eehtcjg5ezymbcvj_7,404
uiq0eehtcjg5ezymbcvj_22,914
uiq0eehtcjg5ezymbcvj_30,2
uiq0eehtcjg5ezymbcvj_35,27
uiq0eehtcjg5ezymbcvj_43,448
uiq0eehtcjg5ezymbcvj_44,448
uiq0eehtcjg5ezymbcvj_45,448
uiq0eehtcjg5ezymbcvj_49,448
uiq0eehtcjg5ezymbcvj_55,448
uiq0eehtcjg5ezymbcvj_61,448
ai0vnp7o1kkmmaxsxu6m_3,994
ai0vnp7o1kkmmaxsxu6m_11,886
ai0vnp7o1kkmmaxsxu6m_12,886
ai0vnp7o1kkmmaxsxu6m_17,358
ai0vnp7o1kkmmaxsxu6m_18,182
ai0vnp7o1kkmmaxsxu6m_19,696
ai0vnp7o1kkmmaxsxu6m_20,544
ai0vnp7o1kkmmaxsxu6m_21,869
ai0vnp7o1kkmmaxsxu6m_22,6
ai0vnp7o1kkmmaxsxu6m_29,499
ai0vnp7o1kkmmaxsxu6m_32,542
ai0vnp7o1kkmmaxsxu6m_37,182
ai0vnp7o1kkmmaxsxu6m_38,725
ai0vnp7o1kkmmaxsxu6m_41,448
ai0vnp7o1kkmmaxsxu6m_43,900
ai0vnp7o1kkmmaxsxu6m_49,448
ai0vnp7o1kkmmaxsxu6m_50,448
ai0vnp7o1kkmmaxsxu6m_52,448
ai0vnp7o1kkmmaxsxu6m_54,145
ai0vnp7o1kkmmaxsxu6m_61,145
74fp12d2psxakm85vpoi_0,1000
74fp12d2psxakm85vpoi_1,949
74fp12d2psxakm85vpoi_2,949
74fp12d2psxakm85vpoi_7,539
74fp12d2psxakm85vpoi_8,857
74fp12d2psxakm85vpoi_9,489
74fp12d2psxakm85vpoi_12,1007
74fp12d2psxakm85vpoi_15,539
74fp12d2psxakm85vpoi_20,487
74fp12d2psxakm85vpoi_26,397
74fp12d2psxakm85vpoi_43,397
74fp12d2psxakm85vpoi_51,732
74fp12d2psxakm85vpoi_52,182
74fp12d2psxakm85vpoi_59,137
74fp12d2psxakm85vpoi_61,81
10b2i23c8h2sdk1bmtuz_9,97
10b2i23c8h2sdk1bmtuz_23,574
10b2i23c8h2sdk1bmtuz_25,753
10b2i23c8h2sdk1bmtuz_26,869
10b2i23c8h2sdk1bmtuz_31,168
10b2i23c8h2sdk1bmtuz_46,448
10b2i23c8h2sdk1bmtuz_50,726
10b2i23c8h2sdk1bmtuz_60,448
3kl26bonmbqigx2hxm72_2,293
3kl26bonmbqigx2hxm72_3,1000
3kl26bonmbqigx2hxm72_10,332
3kl26bonmbqigx2hxm72_12,1007
3kl26bonmbqigx2hxm72_13,388
3kl26bonmbqigx2hxm72_23,397
3kl26bonmbqigx2hxm72_24,120
3kl26bonmbqigx2hxm72_29,270
3kl26bonmbqigx2hxm72_33,932
3kl26bonmbqigx2hxm72_38,134
3kl26bonmbqigx2hxm72_39,753
3kl26bonmbqigx2hxm72_40,924
3kl26bonmbqigx2hxm72_44,332
3kl26bonmbqigx2hxm72_46,562
3kl26bonmbqigx2hxm72_61,149
x951d5o06vahy3gojo4a_0,260
x951d5o06vahy3gojo4a_8,917
x951d5o06vahy3gojo4a_9,917
x951d5o06vahy3gojo4a_10,456
x951d5o06vahy3gojo4a_16,120
x951d5o06vahy3gojo4a_17,862
x951d5o06vahy3gojo4a_18,398
x951d5o06vahy3gojo4a_19,880
x951d5o06vahy3gojo4a_20,450
x951d5o06vahy3gojo4a_27,507
x951d5o06vahy3gojo4a_35,450
x951d5o06vahy3gojo4a_36,450
x951d5o06vahy3gojo4a_38,450
x951d5o06vahy3gojo4a_40,917
x951d5o06vahy3gojo4a_46,284
x951d5o06vahy3gojo4a_52,727
x951d5o06vahy3gojo4a_59,126
x951d5o06vahy3gojo4a_60,126
sbw2jngqbhvqplhbxe1u_1,404
sbw2jngqbhvqplhbxe1u_2,664
sbw2jngqbhvqplhbxe1u_9,332
sbw2jngqbhvqplhbxe1u_10,910
sbw2jngqbhvqplhbxe1u_11,664
sbw2jngqbhvqplhbxe1u_18,456
sbw2jngqbhvqplhbxe1u_19,720
sbw2jngqbhvqplhbxe1u_29,33
sbw2jngqbhvqplhbxe1u_30,33
sbw2jngqbhvqplhbxe1u_32,98
sbw2jngqbhvqplhbxe1u_35,81
sbw2jngqbhvqplhbxe1u_36,284
sbw2jngqbhvqplhbxe1u_43,14
sbw2jngqbhvqplhbxe1u_45,798
sbw2jngqbhvqplhbxe1u_53,601
sbw2jngqbhvqplhbxe1u_55,1017
lrg863ouirl7ixyf67us_8,98
lrg863ouirl7ixyf67us_16,98
lrg863ouirl7ixyf67us_25,450
lrg863ouirl7ixyf67us_38,798
lrg863ouirl7ixyf67us_40,137
lrg863ouirl7ixyf67us_46,479
lrg863ouirl7ixyf67us_49,593
lrg863ouirl7ixyf67us_52,823
lrg863ouirl7ixyf67us_54,14
teiqln5c84yup0tbqz1j_9,284
teiqln5c84yup0tbqz1j_18,284
teiqln5c84yup0tbqz1j_19,332
teiqln5c84yup0tbqz1j_20,284
teiqln5c84yup0tbqz1j_25,284
teiqln5c84yup0tbqz1j_36,72
teiqln5c84yup0tbqz1j_39,397
teiqln5c84yup0tbqz1j_51,774
teiqln5c84yup0tbqz1j_52,774
teiqln5c84yup0tbqz1j_54,228
teiqln5c84yup0tbqz1j_57,915
teiqln5c84yup0tbqz1j_63,149
nf0lg8wlzd60pn2lyx75_10,450
nf0lg8wlzd60pn2lyx75_11,284
nf0lg8wlzd60pn2lyx75_17,691
nf0lg8wlzd60pn2lyx75_19,157
nf0lg8wlzd60pn2lyx75_24,538
nf0lg8wlzd60pn2lyx75_32,538
nf0lg8wlzd60pn2lyx75_33,562
nf0lg8wlzd60pn2lyx75_38,219
nf0lg8wlzd60pn2lyx75_42,14
nf0lg8wlzd60pn2lyx75_45,979
nf0lg8wlzd60pn2lyx75_46,979
nf0lg8wlzd60pn2lyx75_47,450
nf0lg8wlzd60pn2lyx75_50,227
nf0lg8wlzd60pn2lyx75_53,450
nf0lg8wlzd60pn2lyx75_54,562
kzqu6ywc3rar5ua4rxv6_18,19
kzqu6ywc3rar5ua4rxv6_24,662
kzqu6ywc3rar5ua4rxv6_25,19
kzqu6ywc3rar5ua4rxv6_29,662
kzqu6ywc3rar5ua4rxv6_30,662
kzqu6ywc3rar5ua4rxv6_32,662
kzqu6ywc3rar5ua4rxv6_37,662
kzqu6ywc3rar5ua4rxv6_39,662
kzqu6ywc3rar5ua4rxv6_40,662
kzqu6ywc3rar5ua4rxv6_41,19
kzqu6ywc3rar5ua4rxv6_42,19
kzqu6ywc3rar5ua4rxv6_46,19
kzqu6ywc3rar5ua4rxv6_47,662
kzqu6ywc3rar5ua4rxv6_48,929
kzqu6ywc3rar5ua4rxv6_52,19
kzqu6ywc3rar5ua4rxv6_55,662
kzqu6ywc3rar5ua4rxv6_56,662
kzqu6ywc3rar5ua4rxv6_57,929
s37z3gvtgxvnihtu0ba9_0,972
s37z3gvtgxvnihtu0ba9_7,708
s37z3gvtgxvnihtu0ba9_32,1002
s37z3gvtgxvnihtu0ba9_34,19
s37z3gvtgxvnihtu0ba9_35,19
s37z3gvtgxvnihtu0ba9_41,929
s37z3gvtgxvnihtu0ba9_42,662
s37z3gvtgxvnihtu0ba9_48,494
s37z3gvtgxvnihtu0ba9_51,19
s37z3gvtgxvnihtu0ba9_54,964
s37z3gvtgxvnihtu0ba9_55,880
s37z3gvtgxvnihtu0ba9_58,185
s37z3gvtgxvnihtu0ba9_59,185
s37z3gvtgxvnihtu0ba9_63,29
mqcp07ng0uwww0k2lbbz_0,972
mqcp07ng0uwww0k2lbbz_6,472
mqcp07ng0uwww0k2lbbz_12,708
mqcp07ng0uwww0k2lbbz_27,597
mqcp07ng0uwww0k2lbbz_29,328
mqcp07ng0uwww0k2lbbz_31,1017
mqcp07ng0uwww0k2lbbz_39,508
mqcp07ng0uwww0k2lbbz_45,1017
mqcp07ng0uwww0k2lbbz_47,254
mqcp07ng0uwww0k2lbbz_48,321
mqcp07ng0uwww0k2lbbz_50,146
mqcp07ng0uwww0k2lbbz_53,1017
mqcp07ng0uwww0k2lbbz_56,730
mqcp07ng0uwww0k2lbbz_57,525
mqcp07ng0uwww0k2lbbz_60,502
mqcp07ng0uwww0k2lbbz_61,30
mqcp07ng0uwww0k2lbbz_62,309
mqcp07ng0uwww0k2lbbz_63,257
hjqiev3x84lqtxxam8kt_1,708
hjqiev3x84lqtxxam8kt_24,1002
hjqiev3x84lqtxxam8kt_25,993
hjqiev3x84lqtxxam8kt_32,1002
hjqiev3x84lqtxxam8kt_36,130
hjqiev3x84lqtxxam8kt_37,877
hjqiev3x84lqtxxam8kt_43,698
hjqiev3x84lqtxxam8kt_45,157
hjqiev3x84lqtxxam8kt_48,120
hjqiev3x84lqtxxam8kt_54,456
hjqiev3x84lqtxxam8kt_55,29
hjqiev3x84lqtxxam8kt_58,662
hjqiev3x84lqtxxam8kt_59,662
hjqiev3x84lqtxxam8kt_60,698
hjqiev3x84lqtxxam8kt_63,29
bfx98jhfhcmx3z2pcbq3_26,697
bfx98jhfhcmx3z2pcbq3_27,1010
bfx98jhfhcmx3z2pcbq3_31,544
bfx98jhfhcmx3z2pcbq3_32,526
bfx98jhfhcmx3z2pcbq3_34,19
bfx98jhfhcmx3z2pcbq3_46,502
bfx98jhfhcmx3z2pcbq3_48,662
bfx98jhfhcmx3z2pcbq3_52,19
bfx98jhfhcmx3z2pcbq3_56,929
bfx98jhfhcmx3z2pcbq3_58,929
zm0te1l427kjhsawpnjs_17,263
zm0te1l427kjhsawpnjs_21,168
zm0te1l427kjhsawpnjs_24,27
zm0te1l427kjhsawpnjs_29,508
zm0te1l427kjhsawpnjs_32,27
zm0te1l427kjhsawpnjs_36,793
zm0te1l427kjhsawpnjs_37,168
zm0te1l427kjhsawpnjs_41,446
zm0te1l427kjhsawpnjs_42,839
zm0te1l427kjhsawpnjs_43,839
zm0te1l427kjhsawpnjs_44,309
zm0te1l427kjhsawpnjs_48,19
zm0te1l427kjhsawpnjs_57,19
zm0te1l427kjhsawpnjs_59,19
zm0te1l427kjhsawpnjs_63,795
ds7xodns5jb6nibulibn_6,331
ds7xodns5jb6nibulibn_11,597
ds7xodns5jb6nibulibn_14,203
ds7xodns5jb6nibulibn_20,780
ds7xodns5jb6nibulibn_22,993
ds7xodns5jb6nibulibn_31,71
ds7xodns5jb6nibulibn_35,636
ds7xodns5jb6nibulibn_45,205
ds7xodns5jb6nibulibn_49,233
ds7xodns5jb6nibulibn_50,588
ds7xodns5jb6nibulibn_55,940
1owojt7r1loka1jwjiw1_24,421
1owojt7r1loka1jwjiw1_29,728
1owojt7r1loka1jwjiw1_33,655
1owojt7r1loka1jwjiw1_41,655
1owojt7r1loka1jwjiw1_43,636
1owojt7r1loka1jwjiw1_49,275
1owojt7r1loka1jwjiw1_51,229
1owojt7r1loka1jwjiw1_55,361
joad5m5buisshf854rcw_13,7
joad5m5buisshf854rcw_14,164
joad5m5buisshf854rcw_15,636
joad5m5buisshf854rcw_21,197
joad5m5buisshf854rcw_29,51
joad5m5buisshf854rcw_30,51
joad5m5buisshf854rcw_35,588
joad5m5buisshf854rcw_36,395
joad5m5buisshf854rcw_40,917
joad5m5buisshf854rcw_45,84
joad5m5buisshf854rcw_47,351
joad5m5buisshf854rcw_49,536
joad5m5buisshf854rcw_51,546
joad5m5buisshf854rcw_56,763
joad5m5buisshf854rcw_60,536
76nmrh9nxonrfylyc0h2_3,360
76nmrh9nxonrfylyc0h2_16,893
76nmrh9nxonrfylyc0h2_18,51
76nmrh9nxonrfylyc0h2_20,51
76nmrh9nxonrfylyc0h2_21,150
76nmrh9nxonrfylyc0h2_24,129
76nmrh9nxonrfylyc0h2_25,51
76nmrh9nxonrfylyc0h2_26,636
76nmrh9nxonrfylyc0h2_27,636
76nmrh9nxonrfylyc0h2_29,967
76nmrh9nxonrfylyc0h2_33,160
76nmrh9nxonrfylyc0h2_35,275
76nmrh9nxonrfylyc0h2_36,160
76nmrh9nxonrfylyc0h2_37,456
76nmrh9nxonrfylyc0h2_53,811
76nmrh9nxonrfylyc0h2_55,581
76nmrh9nxonrfylyc0h2_56,494
76nmrh9nxonrfylyc0h2_57,443
76nmrh9nxonrfylyc0h2_62,151
fn7hz2n872jueq18i94o_8,782
fn7hz2n872jueq18i94o_26,867
fn7hz2n872jueq18i94o_35,811
fn7hz2n872jueq18i94o_37,798
fn7hz2n872jueq18i94o_40,811
fn7hz2n872jueq18i94o_42,150
fn7hz2n872jueq18i94o_43,811
fn7hz2n872jueq18i94o_45,798
fn7hz2n872jueq18i94o_51,190
fn7hz2n872jueq18i94o_52,14
fn7hz2n872jueq18i94o_56,758
fn7hz2n872jueq18i94o_59,536
fn7hz2n872jueq18i94o_63,112
2jggm4wr9c0aool6tzyl_7,247
2jggm4wr9c0aool6tzyl_23,410
2jggm4wr9c0aool6tzyl_30,96
2jggm4wr9c0aool6tzyl_31,410
2jggm4wr9c0aool6tzyl_43,992
2jggm4wr9c0aool6tzyl_48,763
2jggm4wr9c0aool6tzyl_51,562
2jggm4wr9c0aool6tzyl_52,562
2jggm4wr9c0aool6tzyl_53,867
2jggm4wr9c0aool6tzyl_54,370
2jggm4wr9c0aool6tzyl_59,289
673vf8lhp3n0ikwdz0fb_3,55
673vf8lhp3n0ikwdz0fb_9,55
673vf8lhp3n0ikwdz0fb_10,55
673vf8lhp3n0ikwdz0fb_11,55
673vf8lhp3n0ikwdz0fb_14,705
673vf8lhp3n0ikwdz0fb_19,55
673vf8lhp3n0ikwdz0fb_25,55
673vf8lhp3n0ikwdz0fb_26,436
673vf8lhp3n0ikwdz0fb_30,691
673vf8lhp3n0ikwdz0fb_33,811
673vf8lhp3n0ikwdz0fb_34,55
673vf8lhp3n0ikwdz0fb_39,877
673vf8lhp3n0ikwdz0fb_41,780
673vf8lhp3n0ikwdz0fb_46,190
673vf8lhp3n0ikwdz0fb_48,270
673vf8lhp3n0ikwdz0fb_49,802
673vf8lhp3n0ikwdz0fb_51,485
673vf8lhp3n0ikwdz0fb_52,645
673vf8lhp3n0ikwdz0fb_58,881
aerjsaowhyky6vqtee6x_20,327
aerjsaowhyky6vqtee6x_24,228
aerjsaowhyky6vqtee6x_28,827
aerjsaowhyky6vqtee6x_32,827
aerjsaowhyky6vqtee6x_43,935
aerjsaowhyky6vqtee6x_46,819
aerjsaowhyky6vqtee6x_48,450
aerjsaowhyky6vqtee6x_53,979
aerjsaowhyky6vqtee6x_54,1013
aerjsaowhyky6vqtee6x_55,581
aerjsaowhyky6vqtee6x_62,885
vhgxobgnqh6avh6ccay9_4,918
vhgxobgnqh6avh6ccay9_19,164
vhgxobgnqh6avh6ccay9_23,691
vhgxobgnqh6avh6ccay9_28,941
vhgxobgnqh6avh6ccay9_29,71
vhgxobgnqh6avh6ccay9_31,691
vhgxobgnqh6avh6ccay9_38,160
vhgxobgnqh6avh6ccay9_43,645
vhgxobgnqh6avh6ccay9_46,42
vhgxobgnqh6avh6ccay9_52,450
vhgxobgnqh6avh6ccay9_53,562
vhgxobgnqh6avh6ccay9_57,915
vhgxobgnqh6avh6ccay9_58,826
lik8vc47i0yxmn6dmksn_5,23
lik8vc47i0yxmn6dmksn_20,219
lik8vc47i0yxmn6dmksn_25,219
lik8vc47i0yxmn6dmksn_26,177
lik8vc47i0yxmn6dmksn_28,174
lik8vc47i0yxmn6dmksn_29,71
lik8vc47i0yxmn6dmksn_34,941
lik8vc47i0yxmn6dmksn_36,116
lik8vc47i0yxmn6dmksn_39,664
lik8vc47i0yxmn6dmksn_43,370
lik8vc47i0yxmn6dmksn_45,203
lik8vc47i0yxmn6dmksn_50,811
lik8vc47i0yxmn6dmksn_51,811
lik8vc47i0yxmn6dmksn_53,16
lik8vc47i0yxmn6dmksn_57,370
lik8vc47i0yxmn6dmksn_62,410
lik8vc47i0yxmn6dmksn_63,112
mgupr1mdzvi9y7dzacx0_1,55
mgupr1mdzvi9y7dzacx0_5,55
mgupr1mdzvi9y7dzacx0_10,55
mgupr1mdzvi9y7dzacx0_13,55
mgupr1mdzvi9y7dzacx0_18,691
mgupr1mdzvi9y7dzacx0_19,1019
mgupr1mdzvi9y7dzacx0_26,1019
mgupr1mdzvi9y7dzacx0_28,1019
mgupr1mdzvi9y7dzacx0_29,328
mgupr1mdzvi9y7dzacx0_34,691
mgupr1mdzvi9y7dzacx0_35,7
mgupr1mdzvi9y7dzacx0_43,507
mgupr1mdzvi9y7dzacx0_45,441
mgupr1mdzvi9y7dzacx0_49,14
mgupr1mdzvi9y7dzacx0_50,758
mgupr1mdzvi9y7dzacx0_52,588
mgupr1mdzvi9y7dzacx0_54,1011
mgupr1mdzvi9y7dzacx0_56,358
mgupr1mdzvi9y7dzacx0_59,758
mgupr1mdzvi9y7dzacx0_60,525
fji3jdv93h9mjskqf9em_4,656
fji3jdv93h9mjskqf9em_5,55
fji3jdv93h9mjskqf9em_6,918
fji3jdv93h9mjskqf9em_7,640
fji3jdv93h9mjskqf9em_11,55
fji3jdv93h9mjskqf9em_15,640
fji3jdv93h9mjskqf9em_18,164
fji3jdv93h9mjskqf9em_21,645
fji3jdv93h9mjskqf9em_31,180
fji3jdv93h9mjskqf9em_39,1019
fji3jdv93h9mjskqf9em_46,14
fji3jdv93h9mjskqf9em_51,562
fji3jdv93h9mjskqf9em_55,313
fji3jdv93h9mjskqf9em_60,289
fji3jdv93h9mjskqf9em_62,289
t3zkh1epx1e2bzkfzwu5_8,51
t3zkh1epx1e2bzkfzwu5_12,190
t3zkh1epx1e2bzkfzwu5_24,636
t3zkh1epx1e2bzkfzwu5_45,290
t3zkh1epx1e2bzkfzwu5_46,537
t3zkh1epx1e2bzkfzwu5_48,511
t3zkh1epx1e2bzkfzwu5_52,97
t3zkh1epx1e2bzkfzwu5_59,189
t3zkh1epx1e2bzkfzwu5_62,433
fs5asrsuq1hza2j8dh8m_2,40
fs5asrsuq1hza2j8dh8m_4,656
fs5asrsuq1hza2j8dh8m_17,645
fs5asrsuq1hza2j8dh8m_19,55
fs5asrsuq1hza2j8dh8m_27,141
fs5asrsuq1hza2j8dh8m_30,691
fs5asrsuq1hza2j8dh8m_34,893
fs5asrsuq1hza2j8dh8m_36,636
fs5asrsuq1hza2j8dh8m_39,877
fs5asrsuq1hza2j8dh8m_44,160
fs5asrsuq1hza2j8dh8m_46,190
fs5asrsuq1hza2j8dh8m_54,55
fs5asrsuq1hza2j8dh8m_55,621
fs5asrsuq1hza2j8dh8m_57,836
fs5asrsuq1hza2j8dh8m_58,626
fs5asrsuq1hza2j8dh8m_59,758
fs5asrsuq1hza2j8dh8m_61,443
fs5asrsuq1hza2j8dh8m_63,722
zpz9wgljs177kz2ewcd5_0,918
zpz9wgljs177kz2ewcd5_1,918
zpz9wgljs177kz2ewcd5_16,655
zpz9wgljs177kz2ewcd5_17,51
zpz9wgljs177kz2ewcd5_19,867
zpz9wgljs177kz2ewcd5_25,51
zpz9wgljs177kz2ewcd5_43,450
zpz9wgljs177kz2ewcd5_49,660
zpz9wgljs177kz2ewcd5_56,296
zpz9wgljs177kz2ewcd5_61,562
87663yr8lox0si7wve3t_12,1020
87663yr8lox0si7wve3t_20,55
87663yr8lox0si7wve3t_21,55
87663yr8lox0si7wve3t_25,827
87663yr8lox0si7wve3t_28,55
87663yr8lox0si7wve3t_35,55
87663yr8lox0si7wve3t_49,794
87663yr8lox0si7wve3t_58,846
87663yr8lox0si7wve3t_59,839
87663yr8lox0si7wve3t_62,433
5h61qquj7ketzfuz8j7l_0,656
5h61qquj7ketzfuz8j7l_2,25
5h61qquj7ketzfuz8j7l_5,55
5h61qquj7ketzfuz8j7l_21,55
5h61qquj7ketzfuz8j7l_28,203
5h61qquj7ketzfuz8j7l_35,55
5h61qquj7ketzfuz8j7l_50,636
5h61qquj7ketzfuz8j7l_52,891
5h61qquj7ketzfuz8j7l_61,222
vqejj4xgrjk5qzes2g2t_12,164
vqejj4xgrjk5qzes2g2t_14,55
vqejj4xgrjk5qzes2g2t_19,327
vqejj4xgrjk5qzes2g2t_23,55
vqejj4xgrjk5qzes2g2t_30,691
vqejj4xgrjk5qzes2g2t_37,55
vqejj4xgrjk5qzes2g2t_39,180
vqejj4xgrjk5qzes2g2t_47,180
vqejj4xgrjk5qzes2g2t_52,50
vqejj4xgrjk5qzes2g2t_63,149
za8ihs0gurp8xvdtj2kx_5,449
za8ihs0gurp8xvdtj2kx_9,27
za8ihs0gurp8xvdtj2kx_13,449
za8ihs0gurp8xvdtj2kx_15,424
za8ihs0gurp8xvdtj2kx_21,397
za8ihs0gurp8xvdtj2kx_27,27
za8ihs0gurp8xvdtj2kx_30,894
za8ihs0gurp8xvdtj2kx_31,292
za8ihs0gurp8xvdtj2kx_36,424
za8ihs0gurp8xvdtj2kx_37,375
za8ihs0gurp8xvdtj2kx_43,424
za8ihs0gurp8xvdtj2kx_48,633
za8ihs0gurp8xvdtj2kx_49,955
za8ihs0gurp8xvdtj2kx_56,969
5opbrwafbgny0bpwsw6o_5,743
5opbrwafbgny0bpwsw6o_6,499
5opbrwafbgny0bpwsw6o_11,493
5opbrwafbgny0bpwsw6o_16,608
5opbrwafbgny0bpwsw6o_17,617
5opbrwafbgny0bpwsw6o_19,493
5opbrwafbgny0bpwsw6o_21,493
5opbrwafbgny0bpwsw6o_22,471
5opbrwafbgny0bpwsw6o_24,499
5opbrwafbgny0bpwsw6o_25,493
5opbrwafbgny0bpwsw6o_30,488
5opbrwafbgny0bpwsw6o_39,532
5opbrwafbgny0bpwsw6o_54,341
5opbrwafbgny0bpwsw6o_59,443
5opbrwafbgny0bpwsw6o_60,289
5opbrwafbgny0bpwsw6o_61,846
5opbrwafbgny0bpwsw6o_62,846
5opbrwafbgny0bpwsw6o_63,939
7vixklo33vll7v8pvj7n_2,354
7vixklo33vll7v8pvj7n_4,681
7vixklo33vll7v8pvj7n_10,493
7vixklo33vll7v8pvj7n_11,372
7vixklo33vll7v8pvj7n_12,104
7vixklo33vll7v8pvj7n_13,590
7vixklo33vll7v8pvj7n_18,354
7vixklo33vll7v8pvj7n_19,298
7vixklo33vll7v8pvj7n_23,366
7vixklo33vll7v8pvj7n_25,421
7vixklo33vll7v8pvj7n_30,104
7vixklo33vll7v8pvj7n_31,532
7vixklo33vll7v8pvj7n_35,414
7vixklo33vll7v8pvj7n_42,365
7vixklo33vll7v8pvj7n_46,169
7vixklo33vll7v8pvj7n_53,676
7vixklo33vll7v8pvj7n_59,570
7vixklo33vll7v8pvj7n_61,639
7vixklo33vll7v8pvj7n_62,570
iqd7t5tosqfldbzjjr4a_4,565
iqd7t5tosqfldbzjjr4a_5,743
iqd7t5tosqfldbzjjr4a_9,994
iqd7t5tosqfldbzjjr4a_10,471
iqd7t5tosqfldbzjjr4a_16,994
iqd7t5tosqfldbzjjr4a_22,143
iqd7t5tosqfldbzjjr4a_23,329
iqd7t5tosqfldbzjjr4a_24,994
iqd7t5tosqfldbzjjr4a_26,493
iqd7t5tosqfldbzjjr4a_33,57
iqd7t5tosqfldbzjjr4a_45,386
iqd7t5tosqfldbzjjr4a_46,532
iqd7t5tosqfldbzjjr4a_53,437
iqd7t5tosqfldbzjjr4a_54,536
iqd7t5tosqfldbzjjr4a_58,7
iqd7t5tosqfldbzjjr4a_59,443
iqd7t5tosqfldbzjjr4a_61,443
iqd7t5tosqfldbzjjr4a_62,289
iqd7t5tosqfldbzjjr4a_63,112
bo30s4e8pdej4xjvbjt1_1,449
bo30s4e8pdej4xjvbjt1_11,424
bo30s4e8pdej4xjvbjt1_14,446
bo30s4e8pdej4xjvbjt1_22,145
bo30s4e8pdej4xjvbjt1_27,27
bo30s4e8pdej4xjvbjt1_28,424
bo30s4e8pdej4xjvbjt1_33,27
bo30s4e8pdej4xjvbjt1_37,145
rbvn138og7t2o7vt6jd8_2,142
rbvn138og7t2o7vt6jd8_4,366
rbvn138og7t2o7vt6jd8_12,414
rbvn138og7t2o7vt6jd8_15,590
rbvn138og7t2o7vt6jd8_18,955
rbvn138og7t2o7vt6jd8_19,145
rbvn138og7t2o7vt6jd8_20,366
rbvn138og7t2o7vt6jd8_21,414
rbvn138og7t2o7vt6jd8_27,685
rbvn138og7t2o7vt6jd8_28,366
rbvn138og7t2o7vt6jd8_29,104
rbvn138og7t2o7vt6jd8_31,414
rbvn138og7t2o7vt6jd8_37,414
rbvn138og7t2o7vt6jd8_43,298
rbvn138og7t2o7vt6jd8_47,675
rbvn138og7t2o7vt6jd8_51,2
rbvn138og7t2o7vt6jd8_54,104
rbvn138og7t2o7vt6jd8_60,2
rbvn138og7t2o7vt6jd8_61,313
rbvn138og7t2o7vt6jd8_63,29
zpebxf10cg3iham8tg1k_1,790
zpebxf10cg3iham8tg1k_2,366
zpebxf10cg3iham8tg1k_3,366
zpebxf10cg3iham8tg1k_8,7
zpebxf10cg3iham8tg1k_12,414
zpebxf10cg3iham8tg1k_30,182
zpebxf10cg3iham8tg1k_31,675
zpebxf10cg3iham8tg1k_35,50
zpebxf10cg3iham8tg1k_39,398
zpebxf10cg3iham8tg1k_42,52
zpebxf10cg3iham8tg1k_43,962
zpebxf10cg3iham8tg1k_63,29
m1dcgry7pn2ccu2ye08f_0,272
m1dcgry7pn2ccu2ye08f_3,608
m1dcgry7pn2ccu2ye08f_6,857
m1dcgry7pn2ccu2ye08f_9,821
m1dcgry7pn2ccu2ye08f_11,561
m1dcgry7pn2ccu2ye08f_12,379
m1dcgry7pn2ccu2ye08f_14,596
m1dcgry7pn2ccu2ye08f_16,994
m1dcgry7pn2ccu2ye08f_18,946
m1dcgry7pn2ccu2ye08f_20,537
m1dcgry7pn2ccu2ye08f_21,664
m1dcgry7pn2ccu2ye08f_22,812
m1dcgry7pn2ccu2ye08f_23,581
m1dcgry7pn2ccu2ye08f_25,346
m1dcgry7pn2ccu2ye08f_39,812
m1dcgry7pn2ccu2ye08f_45,583
m1dcgry7pn2ccu2ye08f_47,29
m1dcgry7pn2ccu2ye08f_55,505
m1dcgry7pn2ccu2ye08f_61,289
m1dcgry7pn2ccu2ye08f_62,43
jlxqojy4llv70qvshdyl_0,194
jlxqojy4llv70qvshdyl_4,471
jlxqojy4llv70qvshdyl_7,994
jlxqojy4llv70qvshdyl_20,471
jlxqojy4llv70qvshdyl_25,471
jlxqojy4llv70qvshdyl_48,608
jlxqojy4llv70qvshdyl_49,471
jlxqojy4llv70qvshdyl_56,471
jlxqojy4llv70qvshdyl_58,211
le2oqbqlftvmvokumw31_0,446
le2oqbqlftvmvokumw31_1,446
le2oqbqlftvmvokumw31_4,471
le2oqbqlftvmvokumw31_10,869
le2oqbqlftvmvokumw31_18,493
le2oqbqlftvmvokumw31_25,57
le2oqbqlftvmvokumw31_26,493
le2oqbqlftvmvokumw31_29,354
le2oqbqlftvmvokumw31_37,493
le2oqbqlftvmvokumw31_44,471
fmm2xb26qdzxjvq36ha6_0,786
fmm2xb26qdzxjvq36ha6_2,911
fmm2xb26qdzxjvq36ha6_4,911
fmm2xb26qdzxjvq36ha6_8,717
fmm2xb26qdzxjvq36ha6_11,629
fmm2xb26qdzxjvq36ha6_13,859
fmm2xb26qdzxjvq36ha6_16,579
fmm2xb26qdzxjvq36ha6_22,771
fmm2xb26qdzxjvq36ha6_23,532
fmm2xb26qdzxjvq36ha6_24,293
fmm2xb26qdzxjvq36ha6_25,352
fmm2xb26qdzxjvq36ha6_30,590
fmm2xb26qdzxjvq36ha6_32,991
fmm2xb26qdzxjvq36ha6_55,409
fmm2xb26qdzxjvq36ha6_60,502
fmm2xb26qdzxjvq36ha6_63,939
c4bsljkdypmqe3o14n3f_8,492
c4bsljkdypmqe3o14n3f_9,372
c4bsljkdypmqe3o14n3f_10,372
c4bsljkdypmqe3o14n3f_19,696
c4bsljkdypmqe3o14n3f_22,195
c4bsljkdypmqe3o14n3f_26,483
c4bsljkdypmqe3o14n3f_38,906
c4bsljkdypmqe3o14n3f_43,488
c4bsljkdypmqe3o14n3f_56,542
c4bsljkdypmqe3o14n3f_58,196
45xohsd2lck2z87ipcwl_0,730
45xohsd2lck2z87ipcwl_14,449
45xohsd2lck2z87ipcwl_15,321
45xohsd2lck2z87ipcwl_18,955
45xohsd2lck2z87ipcwl_19,145
45xohsd2lck2z87ipcwl_24,538
45xohsd2lck2z87ipcwl_27,894
45xohsd2lck2z87ipcwl_28,955
45xohsd2lck2z87ipcwl_32,783
45xohsd2lck2z87ipcwl_36,839
45xohsd2lck2z87ipcwl_42,755
45xohsd2lck2z87ipcwl_43,215
45xohsd2lck2z87ipcwl_44,27
45xohsd2lck2z87ipcwl_47,254
45xohsd2lck2z87ipcwl_50,554
45xohsd2lck2z87ipcwl_53,433
45xohsd2lck2z87ipcwl_60,182
45xohsd2lck2z87ipcwl_61,215
y5o0eiisv44jfa61tlfu_0,949
y5o0eiisv44jfa61tlfu_12,145
y5o0eiisv44jfa61tlfu_18,932
y5o0eiisv44jfa61tlfu_21,449
y5o0eiisv44jfa61tlfu_30,448
y5o0eiisv44jfa61tlfu_36,448
y5o0eiisv44jfa61tlfu_37,448
y5o0eiisv44jfa61tlfu_39,877
y5o0eiisv44jfa61tlfu_45,448
y5o0eiisv44jfa61tlfu_58,973
7f22ch42o24v8nocfdeo_11,82
7f22ch42o24v8nocfdeo_16,179
7f22ch42o24v8nocfdeo_18,755
7f22ch42o24v8nocfdeo_29,82
7f22ch42o24v8nocfdeo_34,82
7f22ch42o24v8nocfdeo_38,57
7f22ch42o24v8nocfdeo_45,296
7f22ch42o24v8nocfdeo_51,753
7f22ch42o24v8nocfdeo_56,179
7f22ch42o24v8nocfdeo_60,974
i2wjvy0z7uj0rxlwuonu_11,473
i2wjvy0z7uj0rxlwuonu_18,932
i2wjvy0z7uj0rxlwuonu_19,489
i2wjvy0z7uj0rxlwuonu_27,145
i2wjvy0z7uj0rxlwuonu_28,82
i2wjvy0z7uj0rxlwuonu_30,587
i2wjvy0z7uj0rxlwuonu_32,179
i2wjvy0z7uj0rxlwuonu_50,82
i2wjvy0z7uj0rxlwuonu_52,446
i2wjvy0z7uj0rxlwuonu_58,189
i2wjvy0z7uj0rxlwuonu_63,633
o7kn1t7yeisvhos8cp08_0,730
o7kn1t7yeisvhos8cp08_10,660
o7kn1t7yeisvhos8cp08_16,438
o7kn1t7yeisvhos8cp08_17,438
o7kn1t7yeisvhos8cp08_27,438
o7kn1t7yeisvhos8cp08_32,270
o7kn1t7yeisvhos8cp08_33,270
o7kn1t7yeisvhos8cp08_35,535
o7kn1t7yeisvhos8cp08_36,961
o7kn1t7yeisvhos8cp08_42,499
o7kn1t7yeisvhos8cp08_43,871
o7kn1t7yeisvhos8cp08_48,27
o7kn1t7yeisvhos8cp08_53,525
o7kn1t7yeisvhos8cp08_57,894
o7kn1t7yeisvhos8cp08_58,296
o7kn1t7yeisvhos8cp08_59,525
o7kn1t7yeisvhos8cp08_62,525
15g25g8hyze89cmd1mer_0,389
15g25g8hyze89cmd1mer_24,321
15g25g8hyze89cmd1mer_33,228
15g25g8hyze89cmd1mer_46,862
15g25g8hyze89cmd1mer_48,81
15g25g8hyze89cmd1mer_51,868
15g25g8hyze89cmd1mer_52,626
15g25g8hyze89cmd1mer_55,308
15g25g8hyze89cmd1mer_63,379
b1j293yetcea750xc3q8_1,633
b1j293yetcea750xc3q8_12,449
b1j293yetcea750xc3q8_13,449
b1j293yetcea750xc3q8_22,382
b1j293yetcea750xc3q8_23,382
b1j293yetcea750xc3q8_28,2
b1j293yetcea750xc3q8_36,276
b1j293yetcea750xc3q8_37,448
b1j293yetcea750xc3q8_44,276
b1j293yetcea750xc3q8_54,448
b1j293yetcea750xc3q8_57,418
b1j293yetcea750xc3q8_60,134
hc3nybqxewf4zy45lrgj_2,449
hc3nybqxewf4zy45lrgj_3,347
hc3nybqxewf4zy45lrgj_4,446
hc3nybqxewf4zy45lrgj_5,799
hc3nybqxewf4zy45lrgj_6,446
hc3nybqxewf4zy45lrgj_22,382
hc3nybqxewf4zy45lrgj_23,448
hc3nybqxewf4zy45lrgj_25,617
hc3nybqxewf4zy45lrgj_34,962
hc3nybqxewf4zy45lrgj_35,448
hc3nybqxewf4zy45lrgj_39,145
hc3nybqxewf4zy45lrgj_42,448
hc3nybqxewf4zy45lrgj_47,424
hc3nybqxewf4zy45lrgj_54,448
hc3nybqxewf4zy45lrgj_55,448
s36mo4bc2esyrwl73pen_1,449
s36mo4bc2esyrwl73pen_2,142
s36mo4bc2esyrwl73pen_3,449
s36mo4bc2esyrwl73pen_17,894
s36mo4bc2esyrwl73pen_19,449
s36mo4bc2esyrwl73pen_20,962
s36mo4bc2esyrwl73pen_24,27
s36mo4bc2esyrwl73pen_26,290
s36mo4bc2esyrwl73pen_27,145
s36mo4bc2esyrwl73pen_28,427
s36mo4bc2esyrwl73pen_34,145
s36mo4bc2esyrwl73pen_35,145
s36mo4bc2esyrwl73pen_37,145
s36mo4bc2esyrwl73pen_41,955
s36mo4bc2esyrwl73pen_42,955
s36mo4bc2esyrwl73pen_57,795
hy41uvvgtjsem5cs5k7q_2,39
hy41uvvgtjsem5cs5k7q_3,288
hy41uvvgtjsem5cs5k7q_19,614
hy41uvvgtjsem5cs5k7q_20,506
hy41uvvgtjsem5cs5k7q_25,239
hy41uvvgtjsem5cs5k7q_29,699
hy41uvvgtjsem5cs5k7q_37,236
hy41uvvgtjsem5cs5k7q_38,175
hy41uvvgtjsem5cs5k7q_39,722
hy41uvvgtjsem5cs5k7q_41,145
hy41uvvgtjsem5cs5k7q_47,981
hy41uvvgtjsem5cs5k7q_50,482
hy41uvvgtjsem5cs5k7q_55,27
hy41uvvgtjsem5cs5k7q_61,955
drptfi4g8bqel9amc9j9_4,911
drptfi4g8bqel9amc9j9_12,321
drptfi4g8bqel9amc9j9_14,894
drptfi4g8bqel9amc9j9_15,446
drptfi4g8bqel9amc9j9_20,958
drptfi4g8bqel9amc9j9_25,935
drptfi4g8bqel9amc9j9_27,382
drptfi4g8bqel9amc9j9_34,448
drptfi4g8bqel9amc9j9_35,448
drptfi4g8bqel9amc9j9_37,448
drptfi4g8bqel9amc9j9_39,145
drptfi4g8bqel9amc9j9_47,955
drptfi4g8bqel9amc9j9_50,448
drptfi4g8bqel9amc9j9_53,955
drptfi4g8bqel9amc9j9_55,955
drptfi4g8bqel9amc9j9_59,955
drptfi4g8bqel9amc9j9_60,955
drptfi4g8bqel9amc9j9_61,955
vd588f1qg7uf5um7bj00_3,449
vd588f1qg7uf5um7bj00_9,388
vd588f1qg7uf5um7bj00_17,488
vd588f1qg7uf5um7bj00_27,488
vd588f1qg7uf5um7bj00_28,145
vd588f1qg7uf5um7bj00_33,414
vd588f1qg7uf5um7bj00_40,542
vd588f1qg7uf5um7bj00_41,81
vd588f1qg7uf5um7bj00_56,542
vd588f1qg7uf5um7bj00_60,196
kyex76uz5j5zqgth3uhn_1,446
kyex76uz5j5zqgth3uhn_2,446
kyex76uz5j5zqgth3uhn_5,446
kyex76uz5j5zqgth3uhn_12,446
kyex76uz5j5zqgth3uhn_13,894
kyex76uz5j5zqgth3uhn_15,633
kyex76uz5j5zqgth3uhn_16,847
kyex76uz5j5zqgth3uhn_20,894
kyex76uz5j5zqgth3uhn_22,633
kyex76uz5j5zqgth3uhn_23,414
kyex76uz5j5zqgth3uhn_26,27
kyex76uz5j5zqgth3uhn_28,229
kyex76uz5j5zqgth3uhn_34,321
kyex76uz5j5zqgth3uhn_43,583
kyex76uz5j5zqgth3uhn_44,583
kyex76uz5j5zqgth3uhn_52,505
kyex76uz5j5zqgth3uhn_53,50
kyex76uz5j5zqgth3uhn_54,502
kyex76uz5j5zqgth3uhn_61,583
gmqp3o3c79g7jkek3koy_2,843
gmqp3o3c79g7jkek3koy_4,718
gmqp3o3c79g7jkek3koy_10,97
gmqp3o3c79g7jkek3koy_12,397
gmqp3o3c79g7jkek3koy_15,397
gmqp3o3c79g7jkek3koy_20,886
gmqp3o3c79g7jkek3koy_24,473
gmqp3o3c79g7jkek3koy_25,473
gmqp3o3c79g7jkek3koy_27,397
gmqp3o3c79g7jkek3koy_29,70
gmqp3o3c79g7jkek3koy_31,753
gmqp3o3c79g7jkek3koy_40,7
gmqp3o3c79g7jkek3koy_41,284
gmqp3o3c79g7jkek3koy_42,127
gmqp3o3c79g7jkek3koy_46,1010
gmqp3o3c79g7jkek3koy_47,66
gmqp3o3c79g7jkek3koy_51,1010
gmqp3o3c79g7jkek3koy_55,397
0yzbldr5ex0n9wt471ph_3,434
0yzbldr5ex0n9wt471ph_7,810
0yzbldr5ex0n9wt471ph_8,446
0yzbldr5ex0n9wt471ph_14,94
0yzbldr5ex0n9wt471ph_25,60
0yzbldr5ex0n9wt471ph_28,483
0yzbldr5ex0n9wt471ph_29,336
0yzbldr5ex0n9wt471ph_30,332
0yzbldr5ex0n9wt471ph_47,783
0yzbldr5ex0n9wt471ph_55,628
0yzbldr5ex0n9wt471ph_61,621
tbqosjut95go4w67xs4f_0,249
tbqosjut95go4w67xs4f_11,894
tbqosjut95go4w67xs4f_13,541
tbqosjut95go4w67xs4f_16,847
tbqosjut95go4w67xs4f_17,894
tbqosjut95go4w67xs4f_26,894
tbqosjut95go4w67xs4f_29,487
tbqosjut95go4w67xs4f_33,894
tbqosjut95go4w67xs4f_36,894
tbqosjut95go4w67xs4f_41,869
tbqosjut95go4w67xs4f_44,301
j4zel97k9e1xr4gtyfo9_0,383
j4zel97k9e1xr4gtyfo9_4,633
j4zel97k9e1xr4gtyfo9_8,383
j4zel97k9e1xr4gtyfo9_14,894
j4zel97k9e1xr4gtyfo9_19,66
j4zel97k9e1xr4gtyfo9_32,383
j4zel97k9e1xr4gtyfo9_40,7
j4zel97k9e1xr4gtyfo9_43,145
j4zel97k9e1xr4gtyfo9_55,29
6q50f7airtyt307gs2d0_11,295
6q50f7airtyt307gs2d0_22,397
6q50f7airtyt307gs2d0_25,1003
6q50f7airtyt307gs2d0_32,905
6q50f7airtyt307gs2d0_33,489
6q50f7airtyt307gs2d0_34,489
6q50f7airtyt307gs2d0_35,732
6q50f7airtyt307gs2d0_42,286
6q50f7airtyt307gs2d0_44,544
6q50f7airtyt307gs2d0_52,664
6q50f7airtyt307gs2d0_59,433
6q50f7airtyt307gs2d0_60,836
5sblrqzuh3qr2h3r7wcg_9,489
5sblrqzuh3qr2h3r7wcg_12,994
5sblrqzuh3qr2h3r7wcg_25,537
5sblrqzuh3qr2h3r7wcg_26,295
5sblrqzuh3qr2h3r7wcg_46,909
5sblrqzuh3qr2h3r7wcg_49,295
5sblrqzuh3qr2h3r7wcg_55,909
5sblrqzuh3qr2h3r7wcg_63,735
akalqqjjju2ldd1eg7ur_7,540
akalqqjjju2ldd1eg7ur_13,449
akalqqjjju2ldd1eg7ur_15,321
akalqqjjju2ldd1eg7ur_17,729
akalqqjjju2ldd1eg7ur_26,25
akalqqjjju2ldd1eg7ur_28,448
akalqqjjju2ldd1eg7ur_30,448
akalqqjjju2ldd1eg7ur_34,962
akalqqjjju2ldd1eg7ur_37,448
akalqqjjju2ldd1eg7ur_39,254
akalqqjjju2ldd1eg7ur_42,448
akalqqjjju2ldd1eg7ur_44,448
akalqqjjju2ldd1eg7ur_46,487
akalqqjjju2ldd1eg7ur_50,448
akalqqjjju2ldd1eg7ur_52,448
akalqqjjju2ldd1eg7ur_53,145
akalqqjjju2ldd1eg7ur_63,735
5hj4n2zuxoipivyz36ef_6,889
5hj4n2zuxoipivyz36ef_22,284
5hj4n2zuxoipivyz36ef_27,664
5hj4n2zuxoipivyz36ef_37,448
5hj4n2zuxoipivyz36ef_52,448
5hj4n2zuxoipivyz36ef_55,675
5hj4n2zuxoipivyz36ef_60,448
5hj4n2zuxoipivyz36ef_62,151
qlgxhra9frgxjvi5wloo_3,113
qlgxhra9frgxjvi5wloo_11,369
qlgxhra9frgxjvi5wloo_12,372
qlgxhra9frgxjvi5wloo_18,372
qlgxhra9frgxjvi5wloo_32,995
qlgxhra9frgxjvi5wloo_38,285
qlgxhra9frgxjvi5wloo_39,301
qlgxhra9frgxjvi5wloo_40,295
qlgxhra9frgxjvi5wloo_41,838
qlgxhra9frgxjvi5wloo_42,693
qlgxhra9frgxjvi5wloo_45,617
qlgxhra9frgxjvi5wloo_46,505
qlgxhra9frgxjvi5wloo_47,448
qlgxhra9frgxjvi5wloo_54,448
qlgxhra9frgxjvi5wloo_62,366
via412thoo8mimkm3cyg_2,113
via412thoo8mimkm3cyg_11,69
via412thoo8mimkm3cyg_28,448
via412thoo8mimkm3cyg_29,382
via412thoo8mimkm3cyg_35,448
via412thoo8mimkm3cyg_41,617
via412thoo8mimkm3cyg_44,448
via412thoo8mimkm3cyg_50,448
via412thoo8mimkm3cyg_53,448
via412thoo8mimkm3cyg_58,27
via412thoo8mimkm3cyg_59,448
via412thoo8mimkm3cyg_60,448
r2dfqliwlhco8j43yf24_4,293
r2dfqliwlhco8j43yf24_5,877
r2dfqliwlhco8j43yf24_6,563
r2dfqliwlhco8j43yf24_8,358
r2dfqliwlhco8j43yf24_29,546
r2dfqliwlhco8j43yf24_33,138
r2dfqliwlhco8j43yf24_34,489
r2dfqliwlhco8j43yf24_35,693
r2dfqliwlhco8j43yf24_36,660
r2dfqliwlhco8j43yf24_37,955
r2dfqliwlhco8j43yf24_41,135
r2dfqliwlhco8j43yf24_45,955
r2dfqliwlhco8j43yf24_46,955
r2dfqliwlhco8j43yf24_52,955
r2dfqliwlhco8j43yf24_53,955
r2dfqliwlhco8j43yf24_54,955
r2dfqliwlhco8j43yf24_55,955
r2dfqliwlhco8j43yf24_58,279
ougo01hxdthtandpn8ux_9,182
ougo01hxdthtandpn8ux_15,163
ougo01hxdthtandpn8ux_18,301
ougo01hxdthtandpn8ux_20,958
ougo01hxdthtandpn8ux_29,448
ougo01hxdthtandpn8ux_30,382
ougo01hxdthtandpn8ux_31,783
ougo01hxdthtandpn8ux_36,448
ougo01hxdthtandpn8ux_37,958
ougo01hxdthtandpn8ux_38,187
ougo01hxdthtandpn8ux_43,448
ougo01hxdthtandpn8ux_49,462
ougo01hxdthtandpn8ux_50,135
ougo01hxdthtandpn8ux_52,448
ougo01hxdthtandpn8ux_54,424
ougo01hxdthtandpn8ux_57,294
ougo01hxdthtandpn8ux_59,660
ougo01hxdthtandpn8ux_61,660
hs7xdfbu7zcqkcq47fjz_4,379
hs7xdfbu7zcqkcq47fjz_10,471
hs7xdfbu7zcqkcq47fjz_12,379
hs7xdfbu7zcqkcq47fjz_22,109
hs7xdfbu7zcqkcq47fjz_30,447
hs7xdfbu7zcqkcq47fjz_35,320
hs7xdfbu7zcqkcq47fjz_37,398
hs7xdfbu7zcqkcq47fjz_41,69
hs7xdfbu7zcqkcq47fjz_43,157
hs7xdfbu7zcqkcq47fjz_44,991
hs7xdfbu7zcqkcq47fjz_45,273
hs7xdfbu7zcqkcq47fjz_48,443
hs7xdfbu7zcqkcq47fjz_49,905
hs7xdfbu7zcqkcq47fjz_50,365
hs7xdfbu7zcqkcq47fjz_53,308
tjzyujc0qqdb1zre4hz0_7,30
tjzyujc0qqdb1zre4hz0_11,60
tjzyujc0qqdb1zre4hz0_14,476
tjzyujc0qqdb1zre4hz0_19,483
tjzyujc0qqdb1zre4hz0_23,30
tjzyujc0qqdb1zre4hz0_27,613
tjzyujc0qqdb1zre4hz0_28,27
tjzyujc0qqdb1zre4hz0_29,134
tjzyujc0qqdb1zre4hz0_36,660
tjzyujc0qqdb1zre4hz0_38,660
tjzyujc0qqdb1zre4hz0_39,660
tjzyujc0qqdb1zre4hz0_50,279
tjzyujc0qqdb1zre4hz0_52,955
tjzyujc0qqdb1zre4hz0_53,955
tjzyujc0qqdb1zre4hz0_54,955
tjzyujc0qqdb1zre4hz0_55,955
tjzyujc0qqdb1zre4hz0_58,960
tjzyujc0qqdb1zre4hz0_59,469
tjzyujc0qqdb1zre4hz0_62,955
tjzyujc0qqdb1zre4hz0_63,995
y0lyuky4epjpdadsrdqz_8,889
y0lyuky4epjpdadsrdqz_10,994
y0lyuky4epjpdadsrdqz_15,539
y0lyuky4epjpdadsrdqz_27,513
y0lyuky4epjpdadsrdqz_36,72
y0lyuky4epjpdadsrdqz_39,399
y0lyuky4epjpdadsrdqz_44,292
y0lyuky4epjpdadsrdqz_46,151
y0lyuky4epjpdadsrdqz_49,933
y0lyuky4epjpdadsrdqz_53,891
y0lyuky4epjpdadsrdqz_55,62
y0lyuky4epjpdadsrdqz_58,347
y0lyuky4epjpdadsrdqz_63,347
ea9k6a13yf8xwjq8s3tj_5,953
ea9k6a13yf8xwjq8s3tj_6,434
ea9k6a13yf8xwjq8s3tj_7,383
ea9k6a13yf8xwjq8s3tj_11,60
ea9k6a13yf8xwjq8s3tj_12,60
ea9k6a13yf8xwjq8s3tj_15,574
ea9k6a13yf8xwjq8s3tj_18,859
ea9k6a13yf8xwjq8s3tj_19,60
ea9k6a13yf8xwjq8s3tj_28,209
ea9k6a13yf8xwjq8s3tj_30,660
ea9k6a13yf8xwjq8s3tj_35,52
ea9k6a13yf8xwjq8s3tj_44,989
ea9k6a13yf8xwjq8s3tj_51,104
ea9k6a13yf8xwjq8s3tj_53,14
ea9k6a13yf8xwjq8s3tj_54,593
ea9k6a13yf8xwjq8s3tj_55,185
ea9k6a13yf8xwjq8s3tj_63,795
pgkdylxct013iobocrgz_0,449
pgkdylxct013iobocrgz_3,397
pgkdylxct013iobocrgz_4,446
pgkdylxct013iobocrgz_5,783
pgkdylxct013iobocrgz_7,586
pgkdylxct013iobocrgz_10,27
pgkdylxct013iobocrgz_12,886
pgkdylxct013iobocrgz_27,134
pgkdylxct013iobocrgz_41,69
pgkdylxct013iobocrgz_44,182
pgkdylxct013iobocrgz_45,279
pgkdylxct013iobocrgz_46,135
pgkdylxct013iobocrgz_48,1014
pgkdylxct013iobocrgz_49,826
pgkdylxct013iobocrgz_52,593
pgkdylxct013iobocrgz_54,505
pgkdylxct013iobocrgz_60,674
pgkdylxct013iobocrgz_61,313
pgkdylxct013iobocrgz_63,939
w6f92vd9l8sgsdmma5m4_6,449
w6f92vd9l8sgsdmma5m4_7,358
w6f92vd9l8sgsdmma5m4_10,284
w6f92vd9l8sgsdmma5m4_11,82
w6f92vd9l8sgsdmma5m4_16,332
w6f92vd9l8sgsdmma5m4_18,560
w6f92vd9l8sgsdmma5m4_25,799
w6f92vd9l8sgsdmma5m4_34,1010
w6f92vd9l8sgsdmma5m4_39,57
w6f92vd9l8sgsdmma5m4_46,82
w6f92vd9l8sgsdmma5m4_54,189
w6f92vd9l8sgsdmma5m4_55,254
w6f92vd9l8sgsdmma5m4_56,358
6g5gs2k6vnh4vrrx2tu0_1,449
6g5gs2k6vnh4vrrx2tu0_11,955
6g5gs2k6vnh4vrrx2tu0_34,502
6g5gs2k6vnh4vrrx2tu0_41,894
6g5gs2k6vnh4vrrx2tu0_50,551
6g5gs2k6vnh4vrrx2tu0_54,718
6g5gs2k6vnh4vrrx2tu0_58,969
6g5gs2k6vnh4vrrx2tu0_60,189
3zhw6ihshy9c0y7vvy0b_5,446
3zhw6ihshy9c0y7vvy0b_14,894
3zhw6ihshy9c0y7vvy0b_17,118
3zhw6ihshy9c0y7vvy0b_18,541
3zhw6ihshy9c0y7vvy0b_19,541
3zhw6ihshy9c0y7vvy0b_20,446
3zhw6ihshy9c0y7vvy0b_21,446
3zhw6ihshy9c0y7vvy0b_22,525
3zhw6ihshy9c0y7vvy0b_26,263
3zhw6ihshy9c0y7vvy0b_28,263
3zhw6ihshy9c0y7vvy0b_30,290
3zhw6ihshy9c0y7vvy0b_33,894
3zhw6ihshy9c0y7vvy0b_38,894
3zhw6ihshy9c0y7vvy0b_44,525
3zhw6ihshy9c0y7vvy0b_46,894
3zhw6ihshy9c0y7vvy0b_58,525
3zhw6ihshy9c0y7vvy0b_59,525
3zhw6ihshy9c0y7vvy0b_63,633
e4crlupzkv5t3wd2rdob_1,49
e4crlupzkv5t3wd2rdob_3,949
e4crlupzkv5t3wd2rdob_4,571
e4crlupzkv5t3wd2rdob_7,857
e4crlupzkv5t3wd2rdob_10,372
e4crlupzkv5t3wd2rdob_16,120
e4crlupzkv5t3wd2rdob_24,120
e4crlupzkv5t3wd2rdob_25,27
e4crlupzkv5t3wd2rdob_26,142
e4crlupzkv5t3wd2rdob_27,894
e4crlupzkv5t3wd2rdob_35,27
e4crlupzkv5t3wd2rdob_36,379
e4crlupzkv5t3wd2rdob_43,27
e4crlupzkv5t3wd2rdob_48,633
e4crlupzkv5t3wd2rdob_49,839
e4crlupzkv5t3wd2rdob_52,109
e4crlupzkv5t3wd2rdob_53,308
e4crlupzkv5t3wd2rdob_54,839
e4crlupzkv5t3wd2rdob_55,799
e4crlupzkv5t3wd2rdob_60,7
d10ew1fq06ccgej026gs_0,449
d10ew1fq06ccgej026gs_3,57
d10ew1fq06ccgej026gs_9,449
d10ew1fq06ccgej026gs_17,537
d10ew1fq06ccgej026gs_18,537
d10ew1fq06ccgej026gs_21,885
d10ew1fq06ccgej026gs_22,886
d10ew1fq06ccgej026gs_23,886
d10ew1fq06ccgej026gs_26,894
d10ew1fq06ccgej026gs_27,450
d10ew1fq06ccgej026gs_35,839
d10ew1fq06ccgej026gs_37,751
d10ew1fq06ccgej026gs_39,383
d10ew1fq06ccgej026gs_44,537
d10ew1fq06ccgej026gs_45,783
d10ew1fq06ccgej026gs_49,755
d10ew1fq06ccgej026gs_52,109
d10ew1fq06ccgej026gs_54,720
d10ew1fq06ccgej026gs_56,839
d10ew1fq06ccgej026gs_60,894
11zr3cxjdal1nfot3gck_11,894
11zr3cxjdal1nfot3gck_17,991
11zr3cxjdal1nfot3gck_18,263
11zr3cxjdal1nfot3gck_20,720
11zr3cxjdal1nfot3gck_21,290
11zr3cxjdal1nfot3gck_28,27
11zr3cxjdal1nfot3gck_30,424
11zr3cxjdal1nfot3gck_33,263
11zr3cxjdal1nfot3gck_42,27
11zr3cxjdal1nfot3gck_49,502
11zr3cxjdal1nfot3gck_50,81
11zr3cxjdal1nfot3gck_51,27
11zr3cxjdal1nfot3gck_56,722
11zr3cxjdal1nfot3gck_58,502
11zr3cxjdal1nfot3gck_61,81
11zr3cxjdal1nfot3gck_63,175
6j06ocbhwv6jxto5rlej_3,449
6j06ocbhwv6jxto5rlej_5,273
6j06ocbhwv6jxto5rlej_7,383
6j06ocbhwv6jxto5rlej_9,27
6j06ocbhwv6jxto5rlej_14,388
6j06ocbhwv6jxto5rlej_20,799
6j06ocbhwv6jxto5rlej_22,799
6j06ocbhwv6jxto5rlej_31,592
6j06ocbhwv6jxto5rlej_33,799
6j06ocbhwv6jxto5rlej_34,799
6j06ocbhwv6jxto5rlej_36,799
6j06ocbhwv6jxto5rlej_37,290
6j06ocbhwv6jxto5rlej_38,290
6j06ocbhwv6jxto5rlej_41,799
6j06ocbhwv6jxto5rlej_43,894
6j06ocbhwv6jxto5rlej_46,155
6j06ocbhwv6jxto5rlej_54,424
6j06ocbhwv6jxto5rlej_55,424
6j06ocbhwv6jxto5rlej_56,969
6j06ocbhwv6jxto5rlej_58,969
aq8r4xsxfrpb3p4v8o1f_0,722
aq8r4xsxfrpb3p4v8o1f_2,996
aq8r4xsxfrpb3p4v8o1f_4,94
aq8r4xsxfrpb3p4v8o1f_6,990
aq8r4xsxfrpb3p4v8o1f_7,506
aq8r4xsxfrpb3p4v8o1f_8,446
aq8r4xsxfrpb3p4v8o1f_12,388
aq8r4xsxfrpb3p4v8o1f_15,732
aq8r4xsxfrpb3p4v8o1f_17,541
aq8r4xsxfrpb3p4v8o1f_18,894
aq8r4xsxfrpb3p4v8o1f_23,869
aq8r4xsxfrpb3p4v8o1f_26,483
aq8r4xsxfrpb3p4v8o1f_29,848
aq8r4xsxfrpb3p4v8o1f_32,617
aq8r4xsxfrpb3p4v8o1f_35,483
aq8r4xsxfrpb3p4v8o1f_38,164
aq8r4xsxfrpb3p4v8o1f_39,506
2dwpuumv78jos2sqg7fe_2,142
2dwpuumv78jos2sqg7fe_9,449
2dwpuumv78jos2sqg7fe_11,6
2dwpuumv78jos2sqg7fe_23,397
2dwpuumv78jos2sqg7fe_36,298
2dwpuumv78jos2sqg7fe_39,633
2dwpuumv78jos2sqg7fe_53,27
2dwpuumv78jos2sqg7fe_58,379
lcd7xrjp9hizegefxpx0_11,6
lcd7xrjp9hizegefxpx0_12,449
lcd7xrjp9hizegefxpx0_13,449
lcd7xrjp9hizegefxpx0_19,799
lcd7xrjp9hizegefxpx0_24,799
lcd7xrjp9hizegefxpx0_27,799
lcd7xrjp9hizegefxpx0_35,799
lcd7xrjp9hizegefxpx0_36,799
lcd7xrjp9hizegefxpx0_39,722
lcd7xrjp9hizegefxpx0_41,799
lcd7xrjp9hizegefxpx0_42,799
lcd7xrjp9hizegefxpx0_45,799
lcd7xrjp9hizegefxpx0_48,877
lcd7xrjp9hizegefxpx0_49,436
lcd7xrjp9hizegefxpx0_52,799
lcd7xrjp9hizegefxpx0_53,290
lcd7xrjp9hizegefxpx0_54,483
lcd7xrjp9hizegefxpx0_55,502
lcd7xrjp9hizegefxpx0_62,722
lcd7xrjp9hizegefxpx0_63,137
6kfjge4wf2lv1zunek1u_3,449
6kfjge4wf2lv1zunek1u_4,499
6kfjge4wf2lv1zunek1u_5,717
6kfjge4wf2lv1zunek1u_14,60
6kfjge4wf2lv1zunek1u_22,155
6kfjge4wf2lv1zunek1u_23,446
6kfjge4wf2lv1zunek1u_28,473
6kfjge4wf2lv1zunek1u_29,499
6kfjge4wf2lv1zunek1u_35,489
6kfjge4wf2lv1zunek1u_36,298
6kfjge4wf2lv1zunek1u_37,27
6kfjge4wf2lv1zunek1u_38,321
6kfjge4wf2lv1zunek1u_45,905
6kfjge4wf2lv1zunek1u_47,722
6kfjge4wf2lv1zunek1u_50,541
6kfjge4wf2lv1zunek1u_59,499
6kfjge4wf2lv1zunek1u_60,973
6kfjge4wf2lv1zunek1u_62,871
h5m7ok4beu7f1yei9hqw_6,449
h5m7ok4beu7f1yei9hqw_11,6
h5m7ok4beu7f1yei9hqw_17,608
h5m7ok4beu7f1yei9hqw_32,211
h5m7ok4beu7f1yei9hqw_33,693
h5m7ok4beu7f1yei9hqw_49,995
h5m7ok4beu7f1yei9hqw_51,27
h5m7ok4beu7f1yei9hqw_53,101
h5m7ok4beu7f1yei9hqw_60,290
n2avls3ylx63ihvmcvw6_3,74
n2avls3ylx63ihvmcvw6_4,691
n2avls3ylx63ihvmcvw6_5,75
n2avls3ylx63ihvmcvw6_6,232
n2avls3ylx63ihvmcvw6_7,358
n2avls3ylx63ihvmcvw6_9,948
n2avls3ylx63ihvmcvw6_11,804
n2avls3ylx63ihvmcvw6_27,22
n2avls3ylx63ihvmcvw6_32,837
n2avls3ylx63ihvmcvw6_37,232
n2avls3ylx63ihvmcvw6_40,837
n2avls3ylx63ihvmcvw6_44,506
n2avls3ylx63ihvmcvw6_47,161
n2avls3ylx63ihvmcvw6_48,506
n2avls3ylx63ihvmcvw6_49,506
n2avls3ylx63ihvmcvw6_50,506
n2avls3ylx63ihvmcvw6_56,633
n2avls3ylx63ihvmcvw6_57,424
n2avls3ylx63ihvmcvw6_58,145
n2avls3ylx63ihvmcvw6_60,424
ae9lihmu569ofiar9jrx_14,187
ae9lihmu569ofiar9jrx_15,972
ae9lihmu569ofiar9jrx_20,699
ae9lihmu569ofiar9jrx_24,868
ae9lihmu569ofiar9jrx_25,164
ae9lihmu569ofiar9jrx_27,375
ae9lihmu569ofiar9jrx_29,786
ae9lihmu569ofiar9jrx_42,357
ae9lihmu569ofiar9jrx_45,419
ae9lihmu569ofiar9jrx_49,730
ae9lihmu569ofiar9jrx_52,354
ae9lihmu569ofiar9jrx_54,660
ae9lihmu569ofiar9jrx_56,397
ae9lihmu569ofiar9jrx_62,471
qh83rju6lchg0cdobh5u_1,687
qh83rju6lchg0cdobh5u_3,612
qh83rju6lchg0cdobh5u_9,362
qh83rju6lchg0cdobh5u_16,874
qh83rju6lchg0cdobh5u_18,22
qh83rju6lchg0cdobh5u_27,519
qh83rju6lchg0cdobh5u_28,519
qh83rju6lchg0cdobh5u_31,929
qh83rju6lchg0cdobh5u_34,325
qh83rju6lchg0cdobh5u_40,874
qh83rju6lchg0cdobh5u_48,507
qh83rju6lchg0cdobh5u_52,19
qh83rju6lchg0cdobh5u_63,969
lb9nbl6fk7a0g12fsmu3_3,74
lb9nbl6fk7a0g12fsmu3_4,235
lb9nbl6fk7a0g12fsmu3_18,986
lb9nbl6fk7a0g12fsmu3_26,235
lb9nbl6fk7a0g12fsmu3_32,786
lb9nbl6fk7a0g12fsmu3_33,531
lb9nbl6fk7a0g12fsmu3_35,161
lb9nbl6fk7a0g12fsmu3_39,228
lb9nbl6fk7a0g12fsmu3_49,535
lb9nbl6fk7a0g12fsmu3_50,977
lb9nbl6fk7a0g12fsmu3_52,412
kusfxb779rze4qm463qf_4,901
kusfxb779rze4qm463qf_12,699
kusfxb779rze4qm463qf_13,786
kusfxb779rze4qm463qf_17,270
kusfxb779rze4qm463qf_21,755
kusfxb779rze4qm463qf_45,253
kusfxb779rze4qm463qf_47,271
kusfxb779rze4qm463qf_54,57
kusfxb779rze4qm463qf_55,96
kusfxb779rze4qm463qf_56,753
kusfxb779rze4qm463qf_57,502
kusfxb779rze4qm463qf_60,994
kusfxb779rze4qm463qf_62,994
kusfxb779rze4qm463qf_63,379
eomr5xsnr1iihjkm0lxn_20,708
eomr5xsnr1iihjkm0lxn_40,700
eomr5xsnr1iihjkm0lxn_45,786
eomr5xsnr1iihjkm0lxn_47,880
eomr5xsnr1iihjkm0lxn_49,394
eomr5xsnr1iihjkm0lxn_54,964
eomr5xsnr1iihjkm0lxn_55,786
eomr5xsnr1iihjkm0lxn_60,506
gldwzy7yf5xmuk8ru67c_18,164
gldwzy7yf5xmuk8ru67c_21,786
gldwzy7yf5xmuk8ru67c_26,1019
gldwzy7yf5xmuk8ru67c_31,721
gldwzy7yf5xmuk8ru67c_33,321
gldwzy7yf5xmuk8ru67c_38,798
gldwzy7yf5xmuk8ru67c_39,383
gldwzy7yf5xmuk8ru67c_40,321
gldwzy7yf5xmuk8ru67c_44,506
gldwzy7yf5xmuk8ru67c_46,146
gldwzy7yf5xmuk8ru67c_49,525
gldwzy7yf5xmuk8ru67c_53,506
gldwzy7yf5xmuk8ru67c_54,886
gldwzy7yf5xmuk8ru67c_55,468
gldwzy7yf5xmuk8ru67c_56,633
gldwzy7yf5xmuk8ru67c_58,973
gldwzy7yf5xmuk8ru67c_60,683
wajecrl0zosz6mf5clak_16,397
wajecrl0zosz6mf5clak_22,558
wajecrl0zosz6mf5clak_37,255
wajecrl0zosz6mf5clak_43,483
wajecrl0zosz6mf5clak_44,386
wajecrl0zosz6mf5clak_48,379
wajecrl0zosz6mf5clak_61,955
wajecrl0zosz6mf5clak_63,995
7k54n1twgu0o5rvnaoai_12,507
7k54n1twgu0o5rvnaoai_20,33
7k54n1twgu0o5rvnaoai_23,540
7k54n1twgu0o5rvnaoai_43,660
7k54n1twgu0o5rvnaoai_44,660
7k54n1twgu0o5rvnaoai_50,955
7k54n1twgu0o5rvnaoai_53,660
7k54n1twgu0o5rvnaoai_54,399
7k54n1twgu0o5rvnaoai_60,955
c1fkztskj8uyczlkc6y9_15,539
c1fkztskj8uyczlkc6y9_22,885
c1fkztskj8uyczlkc6y9_30,157
c1fkztskj8uyczlkc6y9_33,321
c1fkztskj8uyczlkc6y9_37,332
c1fkztskj8uyczlkc6y9_38,229
c1fkztskj8uyczlkc6y9_41,66
c1fkztskj8uyczlkc6y9_43,885
c1fkztskj8uyczlkc6y9_46,554
c1fkztskj8uyczlkc6y9_50,633
c1fkztskj8uyczlkc6y9_52,886
c1fkztskj8uyczlkc6y9_55,229
c1fkztskj8uyczlkc6y9_56,753
c1fkztskj8uyczlkc6y9_59,211
3zupd1p0y7tsih42evu9_0,272
3zupd1p0y7tsih42evu9_8,272
3zupd1p0y7tsih42evu9_15,388
3zupd1p0y7tsih42evu9_16,378
3zupd1p0y7tsih42evu9_21,872
3zupd1p0y7tsih42evu9_23,720
3zupd1p0y7tsih42evu9_36,592
3zupd1p0y7tsih42evu9_37,53
3zupd1p0y7tsih42evu9_38,163
3zupd1p0y7tsih42evu9_39,383
3zupd1p0y7tsih42evu9_41,376
3zupd1p0y7tsih42evu9_46,448
3zupd1p0y7tsih42evu9_50,448
3zupd1p0y7tsih42evu9_51,448
3zupd1p0y7tsih42evu9_53,448
3zupd1p0y7tsih42evu9_54,448
3zupd1p0y7tsih42evu9_55,448
3zupd1p0y7tsih42evu9_56,448
3zupd1p0y7tsih42evu9_59,448
3zupd1p0y7tsih42evu9_63,969
d4iyaakd1bha2nm7d4x0_5,708
d4iyaakd1bha2nm7d4x0_6,708
d4iyaakd1bha2nm7d4x0_7,708
d4iyaakd1bha2nm7d4x0_9,708
d4iyaakd1bha2nm7d4x0_18,379
d4iyaakd1bha2nm7d4x0_26,379
d4iyaakd1bha2nm7d4x0_38,450
d4iyaakd1bha2nm7d4x0_40,120
d4iyaakd1bha2nm7d4x0_41,698
d4iyaakd1bha2nm7d4x0_42,608
d4iyaakd1bha2nm7d4x0_45,157
d4iyaakd1bha2nm7d4x0_46,228
d4iyaakd1bha2nm7d4x0_47,722
d4iyaakd1bha2nm7d4x0_50,525
d4iyaakd1bha2nm7d4x0_52,676
d4iyaakd1bha2nm7d4x0_54,955
d4iyaakd1bha2nm7d4x0_55,27
d4iyaakd1bha2nm7d4x0_59,973
d4iyaakd1bha2nm7d4x0_60,915
oa4915qmrnwkri05inkb_16,354
oa4915qmrnwkri05inkb_24,683
oa4915qmrnwkri05inkb_25,228
oa4915qmrnwkri05inkb_27,352
oa4915qmrnwkri05inkb_33,450
oa4915qmrnwkri05inkb_37,660
oa4915qmrnwkri05inkb_41,880
oa4915qmrnwkri05inkb_44,82
oa4915qmrnwkri05inkb_46,660
oa4915qmrnwkri05inkb_48,149
oa4915qmrnwkri05inkb_49,730
oa4915qmrnwkri05inkb_50,308
oa4915qmrnwkri05inkb_51,229
oa4915qmrnwkri05inkb_53,321
oa4915qmrnwkri05inkb_54,660
oa4915qmrnwkri05inkb_56,397
oa4915qmrnwkri05inkb_57,512
oa4915qmrnwkri05inkb_58,321
oa4915qmrnwkri05inkb_60,955
oa4915qmrnwkri05inkb_61,660
mcszri6a81pmi7rgn8ie_1,5
mcszri6a81pmi7rgn8ie_10,143
mcszri6a81pmi7rgn8ie_15,640
mcszri6a81pmi7rgn8ie_17,617
mcszri6a81pmi7rgn8ie_19,72
mcszri6a81pmi7rgn8ie_22,72
mcszri6a81pmi7rgn8ie_25,992
mcszri6a81pmi7rgn8ie_26,438
mcszri6a81pmi7rgn8ie_31,358
mcszri6a81pmi7rgn8ie_38,593
mcszri6a81pmi7rgn8ie_42,332
mcszri6a81pmi7rgn8ie_43,424
mcszri6a81pmi7rgn8ie_45,424
mcszri6a81pmi7rgn8ie_46,175
mcszri6a81pmi7rgn8ie_50,448
mcszri6a81pmi7rgn8ie_51,424
mcszri6a81pmi7rgn8ie_55,424
mcszri6a81pmi7rgn8ie_60,424
mcszri6a81pmi7rgn8ie_62,424
0g6iid7vi6sp9ul4ibbn_18,285
0g6iid7vi6sp9ul4ibbn_26,985
0g6iid7vi6sp9ul4ibbn_36,696
0g6iid7vi6sp9ul4ibbn_37,793
0g6iid7vi6sp9ul4ibbn_38,629
0g6iid7vi6sp9ul4ibbn_39,847
0g6iid7vi6sp9ul4ibbn_42,14
0g6iid7vi6sp9ul4ibbn_49,50
0g6iid7vi6sp9ul4ibbn_54,955
0g6iid7vi6sp9ul4ibbn_55,577
0g6iid7vi6sp9ul4ibbn_58,189
0g6iid7vi6sp9ul4ibbn_60,955
3w8ac3wx29i2g2x6ngbd_16,149
3w8ac3wx29i2g2x6ngbd_24,137
3w8ac3wx29i2g2x6ngbd_27,229
3w8ac3wx29i2g2x6ngbd_28,27
3w8ac3wx29i2g2x6ngbd_29,134
3w8ac3wx29i2g2x6ngbd_30,660
3w8ac3wx29i2g2x6ngbd_31,660
3w8ac3wx29i2g2x6ngbd_34,660
3w8ac3wx29i2g2x6ngbd_36,660
3w8ac3wx29i2g2x6ngbd_40,955
3w8ac3wx29i2g2x6ngbd_50,955
3w8ac3wx29i2g2x6ngbd_51,955
3w8ac3wx29i2g2x6ngbd_53,955
3w8ac3wx29i2g2x6ngbd_55,955
3w8ac3wx29i2g2x6ngbd_56,185
3w8ac3wx29i2g2x6ngbd_57,795
3w8ac3wx29i2g2x6ngbd_59,955
3w8ac3wx29i2g2x6ngbd_60,955
3w8ac3wx29i2g2x6ngbd_61,955
3w8ac3wx29i2g2x6ngbd_63,995
kkyewgqjy0frro4se7d9_1,901
kkyewgqjy0frro4se7d9_2,901
kkyewgqjy0frro4se7d9_25,450
kkyewgqjy0frro4se7d9_29,724
kkyewgqjy0frro4se7d9_32,84
kkyewgqjy0frro4se7d9_33,298
kkyewgqjy0frro4se7d9_36,153
kkyewgqjy0frro4se7d9_37,979
kkyewgqjy0frro4se7d9_38,979
kkyewgqjy0frro4se7d9_39,450
kkyewgqjy0frro4se7d9_43,224
kkyewgqjy0frro4se7d9_46,979
kkyewgqjy0frro4se7d9_50,229
kkyewgqjy0frro4se7d9_51,229
kkyewgqjy0frro4se7d9_54,732
kkyewgqjy0frro4se7d9_58,660
kkyewgqjy0frro4se7d9_61,633
13bb03iqkd7it9v0p7cr_5,656
13bb03iqkd7it9v0p7cr_6,359
13bb03iqkd7it9v0p7cr_7,901
13bb03iqkd7it9v0p7cr_12,379
13bb03iqkd7it9v0p7cr_16,7
13bb03iqkd7it9v0p7cr_17,561
13bb03iqkd7it9v0p7cr_25,869
13bb03iqkd7it9v0p7cr_26,608
13bb03iqkd7it9v0p7cr_30,724
13bb03iqkd7it9v0p7cr_35,608
13bb03iqkd7it9v0p7cr_39,149
13bb03iqkd7it9v0p7cr_40,499
13bb03iqkd7it9v0p7cr_43,169
13bb03iqkd7it9v0p7cr_47,149
13bb03iqkd7it9v0p7cr_54,62
13bb03iqkd7it9v0p7cr_56,494
13bb03iqkd7it9v0p7cr_58,915
13bb03iqkd7it9v0p7cr_60,272
13bb03iqkd7it9v0p7cr_62,254
6rnxl4d17i5h6w4ftui7_29,450
6rnxl4d17i5h6w4ftui7_30,867
6rnxl4d17i5h6w4ftui7_31,1017
6rnxl4d17i5h6w4ftui7_37,507
6rnxl4d17i5h6w4ftui7_44,979
6rnxl4d17i5h6w4ftui7_45,613
6rnxl4d17i5h6w4ftui7_46,979
6rnxl4d17i5h6w4ftui7_48,433
6rnxl4d17i5h6w4ftui7_56,525
6rnxl4d17i5h6w4ftui7_57,633
6rnxl4d17i5h6w4ftui7_59,146
6rnxl4d17i5h6w4ftui7_61,229
oguppicbqkk4bafaksrc_1,959
oguppicbqkk4bafaksrc_19,558
oguppicbqkk4bafaksrc_26,755
oguppicbqkk4bafaksrc_27,100
oguppicbqkk4bafaksrc_30,724
oguppicbqkk4bafaksrc_31,358
oguppicbqkk4bafaksrc_38,894
oguppicbqkk4bafaksrc_41,749
oguppicbqkk4bafaksrc_42,14
oguppicbqkk4bafaksrc_51,598
oguppicbqkk4bafaksrc_53,562
oguppicbqkk4bafaksrc_54,27
lqsbx3f0iwtbhuuqqg5f_9,958
lqsbx3f0iwtbhuuqqg5f_11,605
lqsbx3f0iwtbhuuqqg5f_13,806
lqsbx3f0iwtbhuuqqg5f_27,376
lqsbx3f0iwtbhuuqqg5f_30,827
lqsbx3f0iwtbhuuqqg5f_31,228
lqsbx3f0iwtbhuuqqg5f_37,182
lqsbx3f0iwtbhuuqqg5f_40,707
lqsbx3f0iwtbhuuqqg5f_42,541
lqsbx3f0iwtbhuuqqg5f_45,109
lqsbx3f0iwtbhuuqqg5f_46,843
lqsbx3f0iwtbhuuqqg5f_47,722
lqsbx3f0iwtbhuuqqg5f_51,583
lqsbx3f0iwtbhuuqqg5f_57,204
lqsbx3f0iwtbhuuqqg5f_58,628
lqsbx3f0iwtbhuuqqg5f_62,885
zh5g2dcmqi2aznj691pr_1,359
zh5g2dcmqi2aznj691pr_4,901
zh5g2dcmqi2aznj691pr_23,721
zh5g2dcmqi2aznj691pr_30,450
zh5g2dcmqi2aznj691pr_31,721
zh5g2dcmqi2aznj691pr_32,664
zh5g2dcmqi2aznj691pr_35,157
zh5g2dcmqi2aznj691pr_36,228
zh5g2dcmqi2aznj691pr_40,98
zh5g2dcmqi2aznj691pr_42,388
zh5g2dcmqi2aznj691pr_44,660
zh5g2dcmqi2aznj691pr_48,98
zh5g2dcmqi2aznj691pr_55,563
zh5g2dcmqi2aznj691pr_58,215
zh5g2dcmqi2aznj691pr_59,448
pf1hvjjxsyy09aefix7k_6,784
pf1hvjjxsyy09aefix7k_14,208
pf1hvjjxsyy09aefix7k_22,886
pf1hvjjxsyy09aefix7k_27,724
pf1hvjjxsyy09aefix7k_29,157
pf1hvjjxsyy09aefix7k_30,721
pf1hvjjxsyy09aefix7k_36,169
pf1hvjjxsyy09aefix7k_39,254
pf1hvjjxsyy09aefix7k_40,228
pf1hvjjxsyy09aefix7k_45,487
pf1hvjjxsyy09aefix7k_49,397
pf1hvjjxsyy09aefix7k_51,732
pf1hvjjxsyy09aefix7k_53,546
pf1hvjjxsyy09aefix7k_60,506
pf1hvjjxsyy09aefix7k_63,257
y2sp3tm0enk1tbkxpyu3_1,901
y2sp3tm0enk1tbkxpyu3_4,901
y2sp3tm0enk1tbkxpyu3_10,901
y2sp3tm0enk1tbkxpyu3_12,901
y2sp3tm0enk1tbkxpyu3_13,901
y2sp3tm0enk1tbkxpyu3_14,782
y2sp3tm0enk1tbkxpyu3_18,82
y2sp3tm0enk1tbkxpyu3_21,862
y2sp3tm0enk1tbkxpyu3_26,755
y2sp3tm0enk1tbkxpyu3_31,247
y2sp3tm0enk1tbkxpyu3_33,755
y2sp3tm0enk1tbkxpyu3_34,155
y2sp3tm0enk1tbkxpyu3_35,155
y2sp3tm0enk1tbkxpyu3_37,664
y2sp3tm0enk1tbkxpyu3_42,832
y2sp3tm0enk1tbkxpyu3_43,628
y2sp3tm0enk1tbkxpyu3_52,505
y2sp3tm0enk1tbkxpyu3_54,562
y2sp3tm0enk1tbkxpyu3_61,592
y2sp3tm0enk1tbkxpyu3_62,168
vgbrxr53u80wh56m8v3b_20,168
vgbrxr53u80wh56m8v3b_21,168
vgbrxr53u80wh56m8v3b_29,229
vgbrxr53u80wh56m8v3b_30,229
vgbrxr53u80wh56m8v3b_31,168
vgbrxr53u80wh56m8v3b_34,229
vgbrxr53u80wh56m8v3b_40,955
vgbrxr53u80wh56m8v3b_41,955
vgbrxr53u80wh56m8v3b_43,229
vgbrxr53u80wh56m8v3b_44,955
vgbrxr53u80wh56m8v3b_46,955
vgbrxr53u80wh56m8v3b_49,955
vgbrxr53u80wh56m8v3b_51,955
vgbrxr53u80wh56m8v3b_57,795
vgbrxr53u80wh56m8v3b_63,995
fht248tg97sas7c5yyq2_14,506
fht248tg97sas7c5yyq2_29,995
fht248tg97sas7c5yyq2_31,379
fht248tg97sas7c5yyq2_40,155
fht248tg97sas7c5yyq2_41,869
fht248tg97sas7c5yyq2_42,660
fht248tg97sas7c5yyq2_47,211
fht248tg97sas7c5yyq2_59,995
58x35dh8vpdi2pwxf2ux_18,392
58x35dh8vpdi2pwxf2ux_23,1005
58x35dh8vpdi2pwxf2ux_28,394
58x35dh8vpdi2pwxf2ux_31,448
58x35dh8vpdi2pwxf2ux_32,448
58x35dh8vpdi2pwxf2ux_35,27
58x35dh8vpdi2pwxf2ux_38,487
58x35dh8vpdi2pwxf2ux_40,448
58x35dh8vpdi2pwxf2ux_41,448
58x35dh8vpdi2pwxf2ux_42,448
58x35dh8vpdi2pwxf2ux_45,448
58x35dh8vpdi2pwxf2ux_46,487
58x35dh8vpdi2pwxf2ux_47,424
58x35dh8vpdi2pwxf2ux_50,448
58x35dh8vpdi2pwxf2ux_52,448
58x35dh8vpdi2pwxf2ux_57,134
58x35dh8vpdi2pwxf2ux_59,424
58x35dh8vpdi2pwxf2ux_61,424
58x35dh8vpdi2pwxf2ux_62,424
58x35dh8vpdi2pwxf2ux_63,254
11hhhhend9qy4ff7skpf_22,660
11hhhhend9qy4ff7skpf_25,994
11hhhhend9qy4ff7skpf_27,660
11hhhhend9qy4ff7skpf_29,321
11hhhhend9qy4ff7skpf_46,955
11hhhhend9qy4ff7skpf_49,1011
11hhhhend9qy4ff7skpf_51,660
11hhhhend9qy4ff7skpf_56,660
11hhhhend9qy4ff7skpf_58,660
dsb1yfspkqgdptacztor_2,389
dsb1yfspkqgdptacztor_3,49
dsb1yfspkqgdptacztor_4,113
dsb1yfspkqgdptacztor_6,708
dsb1yfspkqgdptacztor_25,377
dsb1yfspkqgdptacztor_28,70
dsb1yfspkqgdptacztor_31,316
dsb1yfspkqgdptacztor_32,57
dsb1yfspkqgdptacztor_35,724
dsb1yfspkqgdptacztor_37,506
dsb1yfspkqgdptacztor_39,316
dsb1yfspkqgdptacztor_43,66
dsb1yfspkqgdptacztor_45,955
dsb1yfspkqgdptacztor_46,955
dsb1yfspkqgdptacztor_47,955
dsb1yfspkqgdptacztor_55,955
dsb1yfspkqgdptacztor_57,175
dsb1yfspkqgdptacztor_59,955
dsb1yfspkqgdptacztor_60,955
dsb1yfspkqgdptacztor_61,955
wixtz6t1on6q6w4kjcgz_19,507
wixtz6t1on6q6w4kjcgz_24,379
wixtz6t1on6q6w4kjcgz_27,448
wixtz6t1on6q6w4kjcgz_35,962
wixtz6t1on6q6w4kjcgz_42,2
wixtz6t1on6q6w4kjcgz_45,145
wixtz6t1on6q6w4kjcgz_47,145
wixtz6t1on6q6w4kjcgz_52,448
wixtz6t1on6q6w4kjcgz_56,57
pi0aaucpbrvnybcv5tfr_4,404
pi0aaucpbrvnybcv5tfr_5,996
pi0aaucpbrvnybcv5tfr_7,664
pi0aaucpbrvnybcv5tfr_8,322
pi0aaucpbrvnybcv5tfr_10,886
pi0aaucpbrvnybcv5tfr_13,336
pi0aaucpbrvnybcv5tfr_14,996
pi0aaucpbrvnybcv5tfr_18,7
pi0aaucpbrvnybcv5tfr_20,352
pi0aaucpbrvnybcv5tfr_21,724
pi0aaucpbrvnybcv5tfr_22,456
pi0aaucpbrvnybcv5tfr_23,388
pi0aaucpbrvnybcv5tfr_24,917
pi0aaucpbrvnybcv5tfr_28,157
pi0aaucpbrvnybcv5tfr_30,771
pi0aaucpbrvnybcv5tfr_33,724
pi0aaucpbrvnybcv5tfr_52,880
pi0aaucpbrvnybcv5tfr_53,57
k1y6k9g5jzm7li6zu72r_1,640
k1y6k9g5jzm7li6zu72r_3,1000
k1y6k9g5jzm7li6zu72r_10,72
k1y6k9g5jzm7li6zu72r_17,489
k1y6k9g5jzm7li6zu72r_18,366
k1y6k9g5jzm7li6zu72r_26,488
k1y6k9g5jzm7li6zu72r_32,376
k1y6k9g5jzm7li6zu72r_38,834
k1y6k9g5jzm7li6zu72r_39,574
fcarmiml92vxr9lgi53t_2,961
fcarmiml92vxr9lgi53t_3,880
fcarmiml92vxr9lgi53t_5,871
fcarmiml92vxr9lgi53t_6,97
fcarmiml92vxr9lgi53t_11,487
fcarmiml92vxr9lgi53t_12,894
fcarmiml92vxr9lgi53t_14,843
fcarmiml92vxr9lgi53t_18,122
fcarmiml92vxr9lgi53t_20,72
fcarmiml92vxr9lgi53t_23,358
fcarmiml92vxr9lgi53t_29,961
fcarmiml92vxr9lgi53t_32,869
fcarmiml92vxr9lgi53t_34,118
fcarmiml92vxr9lgi53t_35,871
fcarmiml92vxr9lgi53t_37,424
fcarmiml92vxr9lgi53t_43,1010
fcarmiml92vxr9lgi53t_45,718
fcarmiml92vxr9lgi53t_52,718
fcarmiml92vxr9lgi53t_53,182
fcarmiml92vxr9lgi53t_61,469
kvjysxhu4j6611qd6h8o_6,49
kvjysxhu4j6611qd6h8o_10,175
kvjysxhu4j6611qd6h8o_17,97
kvjysxhu4j6611qd6h8o_19,12
kvjysxhu4j6611qd6h8o_20,175
kvjysxhu4j6611qd6h8o_24,311
kvjysxhu4j6611qd6h8o_25,664
kvjysxhu4j6611qd6h8o_29,724
kvjysxhu4j6611qd6h8o_31,675
kvjysxhu4j6611qd6h8o_33,321
kvjysxhu4j6611qd6h8o_42,286
kvjysxhu4j6611qd6h8o_46,724
xm4yw5w2p353gqh1s5kf_0,434
xm4yw5w2p353gqh1s5kf_1,49
xm4yw5w2p353gqh1s5kf_4,911
xm4yw5w2p353gqh1s5kf_6,565
xm4yw5w2p353gqh1s5kf_9,718
xm4yw5w2p353gqh1s5kf_12,72
xm4yw5w2p353gqh1s5kf_13,724
xm4yw5w2p353gqh1s5kf_16,542
xm4yw5w2p353gqh1s5kf_17,414
xm4yw5w2p353gqh1s5kf_21,664
xm4yw5w2p353gqh1s5kf_26,483
xm4yw5w2p353gqh1s5kf_30,554
xm4yw5w2p353gqh1s5kf_33,414
xm4yw5w2p353gqh1s5kf_37,724
xm4yw5w2p353gqh1s5kf_38,574
xm4yw5w2p353gqh1s5kf_40,137
xm4yw5w2p353gqh1s5kf_44,628
aocc3jec6sra17fiyh11_0,538
aocc3jec6sra17fiyh11_2,843
aocc3jec6sra17fiyh11_6,97
aocc3jec6sra17fiyh11_8,383
aocc3jec6sra17fiyh11_9,290
aocc3jec6sra17fiyh11_10,332
aocc3jec6sra17fiyh11_12,332
aocc3jec6sra17fiyh11_13,332
aocc3jec6sra17fiyh11_14,718
aocc3jec6sra17fiyh11_20,118
aocc3jec6sra17fiyh11_21,414
aocc3jec6sra17fiyh11_25,684
aocc3jec6sra17fiyh11_26,117
aocc3jec6sra17fiyh11_27,886
aocc3jec6sra17fiyh11_36,724
aocc3jec6sra17fiyh11_37,771
aocc3jec6sra17fiyh11_39,885
aocc3jec6sra17fiyh11_44,209
aocc3jec6sra17fiyh11_45,613
aocc3jec6sra17fiyh11_62,175
bby1intqrmvi5upexvem_2,17
bby1intqrmvi5upexvem_3,17
bby1intqrmvi5upexvem_7,861
bby1intqrmvi5upexvem_11,372
bby1intqrmvi5upexvem_33,262
bby1intqrmvi5upexvem_34,262
bby1intqrmvi5upexvem_36,217
bby1intqrmvi5upexvem_48,753
pb5ibw5akbb28i8ysn2j_2,97
pb5ibw5akbb28i8ysn2j_3,122
pb5ibw5akbb28i8ysn2j_4,571
pb5ibw5akbb28i8ysn2j_9,127
pb5ibw5akbb28i8ysn2j_12,122
pb5ibw5akbb28i8ysn2j_14,134
pb5ibw5akbb28i8ysn2j_15,857
pb5ibw5akbb28i8ysn2j_17,127
pb5ibw5akbb28i8ysn2j_22,736
pb5ibw5akbb28i8ysn2j_23,355
pb5ibw5akbb28i8ysn2j_24,473
pb5ibw5akbb28i8ysn2j_26,617
pb5ibw5akbb28i8ysn2j_39,250
pb5ibw5akbb28i8ysn2j_44,452
pb5ibw5akbb28i8ysn2j_47,231
3bke1jbcnrc9mvjcvg1k_0,972
3bke1jbcnrc9mvjcvg1k_4,561
3bke1jbcnrc9mvjcvg1k_11,352
3bke1jbcnrc9mvjcvg1k_12,493
3bke1jbcnrc9mvjcvg1k_17,272
3bke1jbcnrc9mvjcvg1k_22,414
3bke1jbcnrc9mvjcvg1k_23,414
3bke1jbcnrc9mvjcvg1k_25,753
3bke1jbcnrc9mvjcvg1k_34,400
3bke1jbcnrc9mvjcvg1k_48,608
3bke1jbcnrc9mvjcvg1k_61,1016
3bke1jbcnrc9mvjcvg1k_62,215
qt7ba9gs2o27vxe2j53f_11,134
qt7ba9gs2o27vxe2j53f_12,755
qt7ba9gs2o27vxe2j53f_13,560
qt7ba9gs2o27vxe2j53f_14,272
qt7ba9gs2o27vxe2j53f_15,544
qt7ba9gs2o27vxe2j53f_17,412
qt7ba9gs2o27vxe2j53f_20,914
qt7ba9gs2o27vxe2j53f_26,412
qt7ba9gs2o27vxe2j53f_27,415
qt7ba9gs2o27vxe2j53f_28,617
qt7ba9gs2o27vxe2j53f_33,269
qt7ba9gs2o27vxe2j53f_36,760
qt7ba9gs2o27vxe2j53f_41,448
qt7ba9gs2o27vxe2j53f_42,608
qt7ba9gs2o27vxe2j53f_57,1011
8stdnu58w7j8dyj194l5_6,664
8stdnu58w7j8dyj194l5_7,664
8stdnu58w7j8dyj194l5_9,60
8stdnu58w7j8dyj194l5_11,414
8stdnu58w7j8dyj194l5_12,434
8stdnu58w7j8dyj194l5_15,857
8stdnu58w7j8dyj194l5_16,722
8stdnu58w7j8dyj194l5_17,483
8stdnu58w7j8dyj194l5_18,696
8stdnu58w7j8dyj194l5_23,537
8stdnu58w7j8dyj194l5_26,6
8stdnu58w7j8dyj194l5_27,989
8stdnu58w7j8dyj194l5_32,542
8stdnu58w7j8dyj194l5_35,189
8stdnu58w7j8dyj194l5_37,336
8stdnu58w7j8dyj194l5_41,533
8stdnu58w7j8dyj194l5_43,894
8stdnu58w7j8dyj194l5_56,592
r3997k4sxorw2bzk509a_1,287
r3997k4sxorw2bzk509a_6,857
r3997k4sxorw2bzk509a_8,1003
r3997k4sxorw2bzk509a_20,124
r3997k4sxorw2bzk509a_31,532
r3997k4sxorw2bzk509a_32,1003
r3997k4sxorw2bzk509a_45,209
r3997k4sxorw2bzk509a_46,217
r3997k4sxorw2bzk509a_47,532
lr8y84du350jdwh8vpnu_0,37
lr8y84du350jdwh8vpnu_5,382
lr8y84du350jdwh8vpnu_9,473
lr8y84du350jdwh8vpnu_12,812
lr8y84du350jdwh8vpnu_13,369
lr8y84du350jdwh8vpnu_14,314
lr8y84du350jdwh8vpnu_17,489
lr8y84du350jdwh8vpnu_19,142
lr8y84du350jdwh8vpnu_24,473
lr8y84du350jdwh8vpnu_44,693
lr8y84du350jdwh8vpnu_45,2
lr8y84du350jdwh8vpnu_46,801
lr8y84du350jdwh8vpnu_49,680
lr8y84du350jdwh8vpnu_50,489
lr8y84du350jdwh8vpnu_51,720
8v6youph11oga3237jcj_1,571
8v6youph11oga3237jcj_6,1000
8v6youph11oga3237jcj_13,314
8v6youph11oga3237jcj_16,127
8v6youph11oga3237jcj_18,124
8v6youph11oga3237jcj_20,501
8v6youph11oga3237jcj_24,473
8v6youph11oga3237jcj_27,914
8v6youph11oga3237jcj_29,398
8v6youph11oga3237jcj_30,14
8v6youph11oga3237jcj_32,1003
8v6youph11oga3237jcj_33,127
8v6youph11oga3237jcj_39,532
8v6youph11oga3237jcj_49,776
8v6youph11oga3237jcj_54,794
8v6youph11oga3237jcj_57,776
8v6youph11oga3237jcj_61,386
3i67rlmdufxj24mxqdmg_0,119
3i67rlmdufxj24mxqdmg_3,17
3i67rlmdufxj24mxqdmg_8,24
3i67rlmdufxj24mxqdmg_9,24
3i67rlmdufxj24mxqdmg_14,725
3i67rlmdufxj24mxqdmg_21,187
3i67rlmdufxj24mxqdmg_27,639
3i67rlmdufxj24mxqdmg_28,320
3i67rlmdufxj24mxqdmg_29,834
3i67rlmdufxj24mxqdmg_43,421
3i67rlmdufxj24mxqdmg_46,474
3i67rlmdufxj24mxqdmg_51,366
3i67rlmdufxj24mxqdmg_53,52
3i67rlmdufxj24mxqdmg_55,1017
3i67rlmdufxj24mxqdmg_61,380
hp9ejaqlu8j1nfxn9gda_4,94
hp9ejaqlu8j1nfxn9gda_7,877
hp9ejaqlu8j1nfxn9gda_8,37
hp9ejaqlu8j1nfxn9gda_9,473
hp9ejaqlu8j1nfxn9gda_13,7
hp9ejaqlu8j1nfxn9gda_18,958
hp9ejaqlu8j1nfxn9gda_22,101
hp9ejaqlu8j1nfxn9gda_23,358
hp9ejaqlu8j1nfxn9gda_25,352
hp9ejaqlu8j1nfxn9gda_28,776
hp9ejaqlu8j1nfxn9gda_29,127
hp9ejaqlu8j1nfxn9gda_36,84
hp9ejaqlu8j1nfxn9gda_37,885
hp9ejaqlu8j1nfxn9gda_44,285
hp9ejaqlu8j1nfxn9gda_53,979
hp9ejaqlu8j1nfxn9gda_58,1016
hp9ejaqlu8j1nfxn9gda_60,979
hp9ejaqlu8j1nfxn9gda_61,885
hp9ejaqlu8j1nfxn9gda_62,502
x5e4d4hwho3xji8sfjoa_2,565
x5e4d4hwho3xji8sfjoa_7,861
x5e4d4hwho3xji8sfjoa_9,561
x5e4d4hwho3xji8sfjoa_12,862
x5e4d4hwho3xji8sfjoa_13,862
x5e4d4hwho3xji8sfjoa_17,127
x5e4d4hwho3xji8sfjoa_19,806
x5e4d4hwho3xji8sfjoa_23,361
x5e4d4hwho3xji8sfjoa_25,489
x5e4d4hwho3xji8sfjoa_28,216
x5e4d4hwho3xji8sfjoa_33,776
x5e4d4hwho3xji8sfjoa_40,215
x5e4d4hwho3xji8sfjoa_41,489
x5e4d4hwho3xji8sfjoa_43,452
x5e4d4hwho3xji8sfjoa_55,666
x5e4d4hwho3xji8sfjoa_59,900
x5e4d4hwho3xji8sfjoa_63,939
2t4jkzuuq2xjzkzwecw5_4,369
2t4jkzuuq2xjzkzwecw5_9,320
2t4jkzuuq2xjzkzwecw5_10,643
2t4jkzuuq2xjzkzwecw5_22,295
2t4jkzuuq2xjzkzwecw5_26,489
2t4jkzuuq2xjzkzwecw5_27,209
2t4jkzuuq2xjzkzwecw5_34,157
2t4jkzuuq2xjzkzwecw5_49,776
2t4jkzuuq2xjzkzwecw5_50,127
2t4jkzuuq2xjzkzwecw5_51,776
2t4jkzuuq2xjzkzwecw5_56,215
2t4jkzuuq2xjzkzwecw5_59,215
2t4jkzuuq2xjzkzwecw5_60,127
2jw8udwmrq4capdbx7ow_1,446
2jw8udwmrq4capdbx7ow_2,449
2jw8udwmrq4capdbx7ow_4,446
2jw8udwmrq4capdbx7ow_6,1000
2jw8udwmrq4capdbx7ow_7,996
2jw8udwmrq4capdbx7ow_10,449
2jw8udwmrq4capdbx7ow_12,483
2jw8udwmrq4capdbx7ow_14,483
2jw8udwmrq4capdbx7ow_19,118
2jw8udwmrq4capdbx7ow_21,483
2jw8udwmrq4capdbx7ow_22,483
2jw8udwmrq4capdbx7ow_35,27
2jw8udwmrq4capdbx7ow_45,215
2jw8udwmrq4capdbx7ow_49,448
2jw8udwmrq4capdbx7ow_50,448
2jw8udwmrq4capdbx7ow_54,767
2jw8udwmrq4capdbx7ow_57,134
jj9mfoaqaaezl19xztj6_2,142
jj9mfoaqaaezl19xztj6_5,449
jj9mfoaqaaezl19xztj6_6,449
jj9mfoaqaaezl19xztj6_16,1000
jj9mfoaqaaezl19xztj6_19,145
jj9mfoaqaaezl19xztj6_33,990
jj9mfoaqaaezl19xztj6_34,185
jj9mfoaqaaezl19xztj6_58,915
qki587h7pi7hssxgyore_3,810
qki587h7pi7hssxgyore_4,134
qki587h7pi7hssxgyore_14,955
qki587h7pi7hssxgyore_29,134
qki587h7pi7hssxgyore_31,660
qki587h7pi7hssxgyore_36,424
qki587h7pi7hssxgyore_39,660
qki587h7pi7hssxgyore_42,145
qki587h7pi7hssxgyore_53,955
e79qojfxf9ifk6g1nuzr_3,718
e79qojfxf9ifk6g1nuzr_10,718
e79qojfxf9ifk6g1nuzr_11,446
e79qojfxf9ifk6g1nuzr_15,290
e79qojfxf9ifk6g1nuzr_17,541
e79qojfxf9ifk6g1nuzr_18,81
e79qojfxf9ifk6g1nuzr_22,483
e79qojfxf9ifk6g1nuzr_28,541
e79qojfxf9ifk6g1nuzr_31,981
e79qojfxf9ifk6g1nuzr_36,476
e79qojfxf9ifk6g1nuzr_37,27
e79qojfxf9ifk6g1nuzr_39,981
e79qojfxf9ifk6g1nuzr_46,955
e79qojfxf9ifk6g1nuzr_47,544
e79qojfxf9ifk6g1nuzr_57,418
t36u0pflhnqzy3uijlj7_0,730
t36u0pflhnqzy3uijlj7_3,449
t36u0pflhnqzy3uijlj7_6,449
t36u0pflhnqzy3uijlj7_9,27
t36u0pflhnqzy3uijlj7_11,955
t36u0pflhnqzy3uijlj7_12,449
t36u0pflhnqzy3uijlj7_17,732
t36u0pflhnqzy3uijlj7_26,488
t36u0pflhnqzy3uijlj7_28,298
t36u0pflhnqzy3uijlj7_32,98
t36u0pflhnqzy3uijlj7_35,60
t36u0pflhnqzy3uijlj7_44,450
t36u0pflhnqzy3uijlj7_48,120
t36u0pflhnqzy3uijlj7_60,979
7em5229byvnvnc9bg9ow_0,449
7em5229byvnvnc9bg9ow_3,449
7em5229byvnvnc9bg9ow_4,321
7em5229byvnvnc9bg9ow_5,449
7em5229byvnvnc9bg9ow_7,565
7em5229byvnvnc9bg9ow_9,449
7em5229byvnvnc9bg9ow_11,660
7em5229byvnvnc9bg9ow_12,449
7em5229byvnvnc9bg9ow_17,385
7em5229byvnvnc9bg9ow_18,554
7em5229byvnvnc9bg9ow_19,145
7em5229byvnvnc9bg9ow_23,859
7em5229byvnvnc9bg9ow_25,932
7em5229byvnvnc9bg9ow_47,398
7em5229byvnvnc9bg9ow_56,573
l4t68acdyk4id94bxac5_4,446
l4t68acdyk4id94bxac5_6,1000
l4t68acdyk4id94bxac5_10,449
l4t68acdyk4id94bxac5_12,483
l4t68acdyk4id94bxac5_21,397
l4t68acdyk4id94bxac5_22,397
l4t68acdyk4id94bxac5_24,955
l4t68acdyk4id94bxac5_32,799
l4t68acdyk4id94bxac5_43,479
l4t68acdyk4id94bxac5_46,471
l4t68acdyk4id94bxac5_51,290
l4t68acdyk4id94bxac5_59,290
u92os2ekv1t9ls3cl7y2_5,799
u92os2ekv1t9ls3cl7y2_6,799
u92os2ekv1t9ls3cl7y2_8,446
u92os2ekv1t9ls3cl7y2_9,446
u92os2ekv1t9ls3cl7y2_11,446
u92os2ekv1t9ls3cl7y2_14,894
u92os2ekv1t9ls3cl7y2_18,60
u92os2ekv1t9ls3cl7y2_20,263
u92os2ekv1t9ls3cl7y2_22,263
u92os2ekv1t9ls3cl7y2_23,321
u92os2ekv1t9ls3cl7y2_28,182
u92os2ekv1t9ls3cl7y2_30,633
u92os2ekv1t9ls3cl7y2_36,81
u92os2ekv1t9ls3cl7y2_39,633
u92os2ekv1t9ls3cl7y2_47,633
u92os2ekv1t9ls3cl7y2_51,541
u92os2ekv1t9ls3cl7y2_54,894
u92os2ekv1t9ls3cl7y2_55,981
u92os2ekv1t9ls3cl7y2_61,196
u92os2ekv1t9ls3cl7y2_63,981
v615xualxo2r6y9uyjb1_0,640
v615xualxo2r6y9uyjb1_4,434
v615xualxo2r6y9uyjb1_6,434
v615xualxo2r6y9uyjb1_18,60
v615xualxo2r6y9uyjb1_26,60
v615xualxo2r6y9uyjb1_33,60
v615xualxo2r6y9uyjb1_35,693
v615xualxo2r6y9uyjb1_36,50
v615xualxo2r6y9uyjb1_41,869
v615xualxo2r6y9uyjb1_44,693
v615xualxo2r6y9uyjb1_48,98
v615xualxo2r6y9uyjb1_50,838
v615xualxo2r6y9uyjb1_57,674
xvigu5fw19vkmr3e0g9j_1,718
xvigu5fw19vkmr3e0g9j_7,383
xvigu5fw19vkmr3e0g9j_8,397
xvigu5fw19vkmr3e0g9j_13,894
xvigu5fw19vkmr3e0g9j_16,321
xvigu5fw19vkmr3e0g9j_23,358
xvigu5fw19vkmr3e0g9j_29,894
xvigu5fw19vkmr3e0g9j_36,424
xvigu5fw19vkmr3e0g9j_37,955
xvigu5fw19vkmr3e0g9j_39,660
xvigu5fw19vkmr3e0g9j_43,290
xvigu5fw19vkmr3e0g9j_45,955
xvigu5fw19vkmr3e0g9j_49,424
xvigu5fw19vkmr3e0g9j_60,81
jtsmwhg8ympovk98nll0_0,722
jtsmwhg8ympovk98nll0_2,446
jtsmwhg8ympovk98nll0_6,446
jtsmwhg8ympovk98nll0_12,483
jtsmwhg8ympovk98nll0_21,483
jtsmwhg8ympovk98nll0_28,483
jtsmwhg8ympovk98nll0_29,175
jtsmwhg8ympovk98nll0_36,81
jtsmwhg8ympovk98nll0_44,839
ztorrj52t3o1soit1wj0_0,449
ztorrj52t3o1soit1wj0_1,449
ztorrj52t3o1soit1wj0_5,434
ztorrj52t3o1soit1wj0_8,194
ztorrj52t3o1soit1wj0_10,449
ztorrj52t3o1soit1wj0_12,476
ztorrj52t3o1soit1wj0_13,848
ztorrj52t3o1soit1wj0_35,298
ztorrj52t3o1soit1wj0_48,955
ztorrj52t3o1soit1wj0_51,348
05phhfjfef2xwb0whru2_9,473
05phhfjfef2xwb0whru2_12,483
05phhfjfef2xwb0whru2_22,145
05phhfjfef2xwb0whru2_26,263
05phhfjfef2xwb0whru2_28,285
05phhfjfef2xwb0whru2_30,487
05phhfjfef2xwb0whru2_45,487
05phhfjfef2xwb0whru2_46,715
wkidz2mhp5jtq29ws7yu_0,449
wkidz2mhp5jtq29ws7yu_2,449
wkidz2mhp5jtq29ws7yu_4,55
wkidz2mhp5jtq29ws7yu_10,449
wkidz2mhp5jtq29ws7yu_16,1000
wkidz2mhp5jtq29ws7yu_18,554
wkidz2mhp5jtq29ws7yu_20,958
wkidz2mhp5jtq29ws7yu_26,476
wkidz2mhp5jtq29ws7yu_28,483
wkidz2mhp5jtq29ws7yu_29,483
wkidz2mhp5jtq29ws7yu_33,483
wkidz2mhp5jtq29ws7yu_36,894
wkidz2mhp5jtq29ws7yu_40,621
wkidz2mhp5jtq29ws7yu_41,396
wkidz2mhp5jtq29ws7yu_44,253
wkidz2mhp5jtq29ws7yu_46,27
wkidz2mhp5jtq29ws7yu_48,138
wkidz2mhp5jtq29ws7yu_54,253
vmhyut82wctca2v942xj_6,94
vmhyut82wctca2v942xj_18,483
vmhyut82wctca2v942xj_21,488
vmhyut82wctca2v942xj_24,98
vmhyut82wctca2v942xj_26,483
vmhyut82wctca2v942xj_27,253
vmhyut82wctca2v942xj_35,541
vmhyut82wctca2v942xj_48,388
vmhyut82wctca2v942xj_55,628
eibzq13xzzb1yj9b5583_2,434
eibzq13xzzb1yj9b5583_4,321
eibzq13xzzb1yj9b5583_15,321
eibzq13xzzb1yj9b5583_27,397
eibzq13xzzb1yj9b5583_31,591
eibzq13xzzb1yj9b5583_34,437
eibzq13xzzb1yj9b5583_35,476
eibzq13xzzb1yj9b5583_38,628
eibzq13xzzb1yj9b5583_39,639
eibzq13xzzb1yj9b5583_43,52
eibzq13xzzb1yj9b5583_46,838
eibzq13xzzb1yj9b5583_48,256
eibzq13xzzb1yj9b5583_51,196
eibzq13xzzb1yj9b5583_52,541
eibzq13xzzb1yj9b5583_59,196
c1ofjmx4cxpmp07wotks_3,247
c1ofjmx4cxpmp07wotks_18,499
c1ofjmx4cxpmp07wotks_26,473
c1ofjmx4cxpmp07wotks_29,27
c1ofjmx4cxpmp07wotks_51,145
c1ofjmx4cxpmp07wotks_55,1016
c1ofjmx4cxpmp07wotks_56,909
c1ofjmx4cxpmp07wotks_63,321
zzfgeb8w1ihmmrolb216_3,5
zzfgeb8w1ihmmrolb216_9,894
zzfgeb8w1ihmmrolb216_16,633
zzfgeb8w1ihmmrolb216_19,70
zzfgeb8w1ihmmrolb216_22,991
zzfgeb8w1ihmmrolb216_23,991
zzfgeb8w1ihmmrolb216_25,398
zzfgeb8w1ihmmrolb216_29,253
zzfgeb8w1ihmmrolb216_31,574
zzfgeb8w1ihmmrolb216_34,60
zzfgeb8w1ihmmrolb216_36,476
zzfgeb8w1ihmmrolb216_39,476
zzfgeb8w1ihmmrolb216_44,169
zzfgeb8w1ihmmrolb216_45,151
zzfgeb8w1ihmmrolb216_47,806
zzfgeb8w1ihmmrolb216_54,399
mq6idb0jzdy85s2j1kev_17,920
mq6idb0jzdy85s2j1kev_21,255
mq6idb0jzdy85s2j1kev_23,721
mq6idb0jzdy85s2j1kev_26,690
mq6idb0jzdy85s2j1kev_34,690
mq6idb0jzdy85s2j1kev_38,228
mq6idb0jzdy85s2j1kev_39,664
mq6idb0jzdy85s2j1kev_53,412
mq6idb0jzdy85s2j1kev_55,880
mq6idb0jzdy85s2j1kev_59,269
7m2ab8t8m2rf6wgm505p_20,268
7m2ab8t8m2rf6wgm505p_27,367
7m2ab8t8m2rf6wgm505p_30,25
7m2ab8t8m2rf6wgm505p_33,860
7m2ab8t8m2rf6wgm505p_34,268
7m2ab8t8m2rf6wgm505p_40,227
7m2ab8t8m2rf6wgm505p_51,749
7m2ab8t8m2rf6wgm505p_53,603
7m2ab8t8m2rf6wgm505p_56,494
7m2ab8t8m2rf6wgm505p_58,915
7m2ab8t8m2rf6wgm505p_63,723
aed200cdmvtw9hdpul28_20,164
aed200cdmvtw9hdpul28_24,1002
aed200cdmvtw9hdpul28_29,889
aed200cdmvtw9hdpul28_30,164
aed200cdmvtw9hdpul28_32,120
aed200cdmvtw9hdpul28_35,964
aed200cdmvtw9hdpul28_36,580
aed200cdmvtw9hdpul28_42,313
aed200cdmvtw9hdpul28_43,964
aed200cdmvtw9hdpul28_44,14
aed200cdmvtw9hdpul28_50,955
aed200cdmvtw9hdpul28_54,313
aed200cdmvtw9hdpul28_55,450
aed200cdmvtw9hdpul28_56,979
aed200cdmvtw9hdpul28_61,155
aed200cdmvtw9hdpul28_62,826
2oy9rsapzyrs1sed04h5_19,690
2oy9rsapzyrs1sed04h5_24,693
2oy9rsapzyrs1sed04h5_29,975
2oy9rsapzyrs1sed04h5_30,975
2oy9rsapzyrs1sed04h5_31,386
2oy9rsapzyrs1sed04h5_45,448
2oy9rsapzyrs1sed04h5_51,215
2oy9rsapzyrs1sed04h5_53,448
2oy9rsapzyrs1sed04h5_59,448
2oy9rsapzyrs1sed04h5_62,448
w64gas1acxtohqja7o9o_8,25
w64gas1acxtohqja7o9o_16,379
w64gas1acxtohqja7o9o_26,197
w64gas1acxtohqja7o9o_32,379
w64gas1acxtohqja7o9o_37,546
w64gas1acxtohqja7o9o_40,608
w64gas1acxtohqja7o9o_41,755
w64gas1acxtohqja7o9o_45,209
w64gas1acxtohqja7o9o_46,834
w64gas1acxtohqja7o9o_48,608
w64gas1acxtohqja7o9o_51,400
w64gas1acxtohqja7o9o_53,525
w64gas1acxtohqja7o9o_54,157
w64gas1acxtohqja7o9o_59,525
w64gas1acxtohqja7o9o_61,155
w64gas1acxtohqja7o9o_63,1011
wfxkp1lxqlxklw54hfly_26,367
wfxkp1lxqlxklw54hfly_29,219
wfxkp1lxqlxklw54hfly_33,367
wfxkp1lxqlxklw54hfly_35,327
wfxkp1lxqlxklw54hfly_40,120
wfxkp1lxqlxklw54hfly_43,992
wfxkp1lxqlxklw54hfly_44,14
wfxkp1lxqlxklw54hfly_45,14
wfxkp1lxqlxklw54hfly_51,255
wfxkp1lxqlxklw54hfly_52,255
wfxkp1lxqlxklw54hfly_54,664
wfxkp1lxqlxklw54hfly_57,774
wfxkp1lxqlxklw54hfly_58,525
wfxkp1lxqlxklw54hfly_60,525
9k8x0tp37gyuv7kug8j6_4,216
9k8x0tp37gyuv7kug8j6_10,889
9k8x0tp37gyuv7kug8j6_11,889
9k8x0tp37gyuv7kug8j6_13,765
9k8x0tp37gyuv7kug8j6_20,889
9k8x0tp37gyuv7kug8j6_31,404
9k8x0tp37gyuv7kug8j6_41,958
9k8x0tp37gyuv7kug8j6_42,749
9k8x0tp37gyuv7kug8j6_43,660
9k8x0tp37gyuv7kug8j6_44,228
9k8x0tp37gyuv7kug8j6_47,211
9k8x0tp37gyuv7kug8j6_49,12
9k8x0tp37gyuv7kug8j6_54,211
9k8x0tp37gyuv7kug8j6_57,189
9k8x0tp37gyuv7kug8j6_62,211
iwi6zbx2psbb71b8dg7z_16,827
iwi6zbx2psbb71b8dg7z_21,650
iwi6zbx2psbb71b8dg7z_24,827
iwi6zbx2psbb71b8dg7z_26,255
iwi6zbx2psbb71b8dg7z_32,98
iwi6zbx2psbb71b8dg7z_36,507
iwi6zbx2psbb71b8dg7z_52,410
iwi6zbx2psbb71b8dg7z_54,310
iwi6zbx2psbb71b8dg7z_56,767
iwi6zbx2psbb71b8dg7z_59,443
0i7t527wj5ppa1hbp1vu_16,164
0i7t527wj5ppa1hbp1vu_25,501
0i7t527wj5ppa1hbp1vu_28,690
0i7t527wj5ppa1hbp1vu_34,690
0i7t527wj5ppa1hbp1vu_35,501
0i7t527wj5ppa1hbp1vu_36,708
0i7t527wj5ppa1hbp1vu_37,690
0i7t527wj5ppa1hbp1vu_61,443
0i7t527wj5ppa1hbp1vu_62,7
0i7t527wj5ppa1hbp1vu_63,836
ou2py42i6qkzo5mrvrb3_2,479
ou2py42i6qkzo5mrvrb3_4,565
ou2py42i6qkzo5mrvrb3_5,216
ou2py42i6qkzo5mrvrb3_6,765
ou2py42i6qkzo5mrvrb3_19,485
ou2py42i6qkzo5mrvrb3_21,398
ou2py42i6qkzo5mrvrb3_41,749
ou2py42i6qkzo5mrvrb3_43,450
ou2py42i6qkzo5mrvrb3_44,979
ou2py42i6qkzo5mrvrb3_45,82
ou2py42i6qkzo5mrvrb3_48,953
ou2py42i6qkzo5mrvrb3_49,724
ou2py42i6qkzo5mrvrb3_51,57
ou2py42i6qkzo5mrvrb3_52,57
ou2py42i6qkzo5mrvrb3_55,98
ou2py42i6qkzo5mrvrb3_57,525
ou2py42i6qkzo5mrvrb3_59,525
j0ug41dxwv4ln9xnv0ln_20,96
j0ug41dxwv4ln9xnv0ln_24,450
j0ug41dxwv4ln9xnv0ln_25,328
j0ug41dxwv4ln9xnv0ln_27,975
j0ug41dxwv4ln9xnv0ln_30,691
j0ug41dxwv4ln9xnv0ln_33,321
j0ug41dxwv4ln9xnv0ln_34,979
j0ug41dxwv4ln9xnv0ln_35,270
j0ug41dxwv4ln9xnv0ln_36,395
j0ug41dxwv4ln9xnv0ln_47,581
j0ug41dxwv4ln9xnv0ln_49,698
j0ug41dxwv4ln9xnv0ln_50,379
j0ug41dxwv4ln9xnv0ln_51,562
j0ug41dxwv4ln9xnv0ln_53,546
j0ug41dxwv4ln9xnv0ln_54,474
j0ug41dxwv4ln9xnv0ln_56,767
j0ug41dxwv4ln9xnv0ln_61,493
j0ug41dxwv4ln9xnv0ln_62,500
j0ug41dxwv4ln9xnv0ln_63,112
cwqpvitlv2m0h86lj563_19,690
cwqpvitlv2m0h86lj563_21,769
cwqpvitlv2m0h86lj563_25,501
cwqpvitlv2m0h86lj563_28,690
cwqpvitlv2m0h86lj563_31,343
cwqpvitlv2m0h86lj563_38,690
cwqpvitlv2m0h86lj563_41,690
cwqpvitlv2m0h86lj563_43,398
cwqpvitlv2m0h86lj563_46,386
cwqpvitlv2m0h86lj563_47,386
cwqpvitlv2m0h86lj563_50,792
cwqpvitlv2m0h86lj563_55,450
cwqpvitlv2m0h86lj563_60,347
cwqpvitlv2m0h86lj563_61,443
cwqpvitlv2m0h86lj563_62,63
cwqpvitlv2m0h86lj563_63,112
g39y0rqluue7luo1m8iq_1,551
g39y0rqluue7luo1m8iq_2,961
g39y0rqluue7luo1m8iq_3,589
g39y0rqluue7luo1m8iq_4,799
g39y0rqluue7luo1m8iq_12,799
g39y0rqluue7luo1m8iq_19,799
g39y0rqluue7luo1m8iq_22,701
g39y0rqluue7luo1m8iq_26,799
g39y0rqluue7luo1m8iq_27,799
g39y0rqluue7luo1m8iq_32,799
g39y0rqluue7luo1m8iq_33,799
g39y0rqluue7luo1m8iq_41,799
g39y0rqluue7luo1m8iq_43,290
g39y0rqluue7luo1m8iq_53,839
g39y0rqluue7luo1m8iq_57,43
g39y0rqluue7luo1m8iq_58,290
g39y0rqluue7luo1m8iq_60,799
zfec09xpv18537dj4bzo_17,60
zfec09xpv18537dj4bzo_25,869
zfec09xpv18537dj4bzo_28,799
zfec09xpv18537dj4bzo_32,799
zfec09xpv18537dj4bzo_33,799
zfec09xpv18537dj4bzo_34,551
zfec09xpv18537dj4bzo_37,799
zfec09xpv18537dj4bzo_38,290
zfec09xpv18537dj4bzo_42,551
zfec09xpv18537dj4bzo_49,81
zfec09xpv18537dj4bzo_52,799
zfec09xpv18537dj4bzo_54,799
zfec09xpv18537dj4bzo_59,189
axyotq9ul3jl36lvl9h7_8,446
axyotq9ul3jl36lvl9h7_11,446
axyotq9ul3jl36lvl9h7_13,446
axyotq9ul3jl36lvl9h7_15,722
axyotq9ul3jl36lvl9h7_19,894
axyotq9ul3jl36lvl9h7_21,483
axyotq9ul3jl36lvl9h7_38,483
axyotq9ul3jl36lvl9h7_39,981
axyotq9ul3jl36lvl9h7_45,253
mh5zdhybgie83gpwocqj_11,961
mh5zdhybgie83gpwocqj_17,551
mh5zdhybgie83gpwocqj_25,799
mh5zdhybgie83gpwocqj_28,290
mh5zdhybgie83gpwocqj_36,799
mh5zdhybgie83gpwocqj_39,544
mh5zdhybgie83gpwocqj_52,155
mh5zdhybgie83gpwocqj_59,674
upuwbzt906wwdh4wdqc1_13,664
upuwbzt906wwdh4wdqc1_18,932
upuwbzt906wwdh4wdqc1_20,551
upuwbzt906wwdh4wdqc1_25,932
upuwbzt906wwdh4wdqc1_26,91
upuwbzt906wwdh4wdqc1_30,488
upuwbzt906wwdh4wdqc1_31,228
upuwbzt906wwdh4wdqc1_33,799
upuwbzt906wwdh4wdqc1_34,541
upuwbzt906wwdh4wdqc1_35,551
upuwbzt906wwdh4wdqc1_36,81
upuwbzt906wwdh4wdqc1_47,137
upuwbzt906wwdh4wdqc1_51,483
upuwbzt906wwdh4wdqc1_52,567
upuwbzt906wwdh4wdqc1_54,62
upuwbzt906wwdh4wdqc1_60,567
5cbcjhn006qsr9johm9i_19,541
5cbcjhn006qsr9johm9i_21,589
5cbcjhn006qsr9johm9i_23,456
5cbcjhn006qsr9johm9i_24,311
5cbcjhn006qsr9johm9i_27,541
5cbcjhn006qsr9johm9i_34,541
5cbcjhn006qsr9johm9i_42,541
5cbcjhn006qsr9johm9i_44,27
5cbcjhn006qsr9johm9i_46,483
5cbcjhn006qsr9johm9i_49,680
5cbcjhn006qsr9johm9i_53,290
5cbcjhn006qsr9johm9i_54,551
5cbcjhn006qsr9johm9i_55,981
5cbcjhn006qsr9johm9i_59,446
5cbcjhn006qsr9johm9i_62,502
5cbcjhn006qsr9johm9i_63,722
bxpqw001sw6yy7ogyh32_3,996
bxpqw001sw6yy7ogyh32_4,544
bxpqw001sw6yy7ogyh32_6,449
bxpqw001sw6yy7ogyh32_7,722
bxpqw001sw6yy7ogyh32_9,434
bxpqw001sw6yy7ogyh32_10,839
bxpqw001sw6yy7ogyh32_15,955
bxpqw001sw6yy7ogyh32_21,955
bxpqw001sw6yy7ogyh32_28,382
bxpqw001sw6yy7ogyh32_30,483
bxpqw001sw6yy7ogyh32_33,476
bxpqw001sw6yy7ogyh32_34,696
bxpqw001sw6yy7ogyh32_41,489
bxpqw001sw6yy7ogyh32_44,693
bxpqw001sw6yy7ogyh32_49,932
bxpqw001sw6yy7ogyh32_56,720
bxpqw001sw6yy7ogyh32_57,505
bxpqw001sw6yy7ogyh32_58,583
udmv8dowsede4aq7nqzg_4,449
udmv8dowsede4aq7nqzg_13,720
udmv8dowsede4aq7nqzg_24,311
udmv8dowsede4aq7nqzg_28,298
udmv8dowsede4aq7nqzg_34,476
udmv8dowsede4aq7nqzg_35,489
udmv8dowsede4aq7nqzg_42,320
udmv8dowsede4aq7nqzg_45,676
gynksxk2q09e0wctzpcu_12,483
gynksxk2q09e0wctzpcu_18,541
gynksxk2q09e0wctzpcu_20,990
gynksxk2q09e0wctzpcu_21,483
gynksxk2q09e0wctzpcu_27,6
gynksxk2q09e0wctzpcu_38,551
gynksxk2q09e0wctzpcu_40,227
gynksxk2q09e0wctzpcu_41,253
gynksxk2q09e0wctzpcu_45,253
gynksxk2q09e0wctzpcu_50,253
gynksxk2q09e0wctzpcu_52,253
gynksxk2q09e0wctzpcu_56,573
gynksxk2q09e0wctzpcu_59,175
nsen2x9sdpwntdkywbpp_19,60
nsen2x9sdpwntdkywbpp_21,60
nsen2x9sdpwntdkywbpp_25,375
nsen2x9sdpwntdkywbpp_27,60
nsen2x9sdpwntdkywbpp_30,532
nsen2x9sdpwntdkywbpp_34,60
nsen2x9sdpwntdkywbpp_40,227
nsen2x9sdpwntdkywbpp_42,52
nsen2x9sdpwntdkywbpp_48,322
nsen2x9sdpwntdkywbpp_56,573
nsen2x9sdpwntdkywbpp_58,380
nsen2x9sdpwntdkywbpp_60,224
k9uoml8fo8urlr85vdqt_0,911
k9uoml8fo8urlr85vdqt_4,565
k9uoml8fo8urlr85vdqt_6,113
k9uoml8fo8urlr85vdqt_7,244
k9uoml8fo8urlr85vdqt_12,60
k9uoml8fo8urlr85vdqt_13,219
k9uoml8fo8urlr85vdqt_15,434
k9uoml8fo8urlr85vdqt_18,60
k9uoml8fo8urlr85vdqt_21,298
k9uoml8fo8urlr85vdqt_23,62
k9uoml8fo8urlr85vdqt_26,838
k9uoml8fo8urlr85vdqt_29,308
k9uoml8fo8urlr85vdqt_31,400
k9uoml8fo8urlr85vdqt_32,120
k9uoml8fo8urlr85vdqt_34,320
k9uoml8fo8urlr85vdqt_35,14
k9uoml8fo8urlr85vdqt_36,727
k9uoml8fo8urlr85vdqt_40,1003
k9uoml8fo8urlr85vdqt_43,320
nxyvd4hv1f6o3wvpqmtu_5,308
nxyvd4hv1f6o3wvpqmtu_9,142
nxyvd4hv1f6o3wvpqmtu_10,476
nxyvd4hv1f6o3wvpqmtu_17,489
nxyvd4hv1f6o3wvpqmtu_18,476
nxyvd4hv1f6o3wvpqmtu_26,476
nxyvd4hv1f6o3wvpqmtu_31,544
nxyvd4hv1f6o3wvpqmtu_37,50
nxyvd4hv1f6o3wvpqmtu_38,50
nxyvd4hv1f6o3wvpqmtu_42,138
nxyvd4hv1f6o3wvpqmtu_46,639
nxyvd4hv1f6o3wvpqmtu_57,138
4omag7ba9ml4tkrl8or2_0,194
4omag7ba9ml4tkrl8or2_1,17
4omag7ba9ml4tkrl8or2_4,94
4omag7ba9ml4tkrl8or2_13,848
4omag7ba9ml4tkrl8or2_14,992
4omag7ba9ml4tkrl8or2_19,400
4omag7ba9ml4tkrl8or2_20,72
4omag7ba9ml4tkrl8or2_27,60
4omag7ba9ml4tkrl8or2_28,14
4omag7ba9ml4tkrl8or2_36,776
4omag7ba9ml4tkrl8or2_37,776
4omag7ba9ml4tkrl8or2_40,424
4omag7ba9ml4tkrl8or2_44,189
4omag7ba9ml4tkrl8or2_48,783
4omag7ba9ml4tkrl8or2_50,145
4omag7ba9ml4tkrl8or2_58,215
4omag7ba9ml4tkrl8or2_59,215
7ve3vp95pwz7y304ipao_7,857
7ve3vp95pwz7y304ipao_17,476
7ve3vp95pwz7y304ipao_29,6
7ve3vp95pwz7y304ipao_32,476
7ve3vp95pwz7y304ipao_44,696
7ve3vp95pwz7y304ipao_55,149
7ve3vp95pwz7y304ipao_56,939
7ve3vp95pwz7y304ipao_58,196
qf02z472y3c3oqj995t7_0,98
qf02z472y3c3oqj995t7_5,810
qf02z472y3c3oqj995t7_7,30
qf02z472y3c3oqj995t7_8,838
qf02z472y3c3oqj995t7_10,560
qf02z472y3c3oqj995t7_14,6
qf02z472y3c3oqj995t7_16,544
qf02z472y3c3oqj995t7_20,452
qf02z472y3c3oqj995t7_27,7
qf02z472y3c3oqj995t7_35,72
qf02z472y3c3oqj995t7_39,574
qf02z472y3c3oqj995t7_40,502
qf02z472y3c3oqj995t7_42,483
qf02z472y3c3oqj995t7_44,52
qf02z472y3c3oqj995t7_45,487
qf02z472y3c3oqj995t7_49,52
idg4dm6pwbbv5etn6nn6_2,449
idg4dm6pwbbv5etn6nn6_7,565
idg4dm6pwbbv5etn6nn6_12,476
idg4dm6pwbbv5etn6nn6_17,932
idg4dm6pwbbv5etn6nn6_20,476
idg4dm6pwbbv5etn6nn6_21,446
idg4dm6pwbbv5etn6nn6_24,1003
idg4dm6pwbbv5etn6nn6_25,489
idg4dm6pwbbv5etn6nn6_26,541
idg4dm6pwbbv5etn6nn6_29,234
idg4dm6pwbbv5etn6nn6_33,285
idg4dm6pwbbv5etn6nn6_49,621
wz87grjh1li13mtd37x8_6,244
wz87grjh1li13mtd37x8_8,884
wz87grjh1li13mtd37x8_9,454
wz87grjh1li13mtd37x8_10,119
wz87grjh1li13mtd37x8_11,992
wz87grjh1li13mtd37x8_13,372
wz87grjh1li13mtd37x8_14,859
wz87grjh1li13mtd37x8_24,1003
wz87grjh1li13mtd37x8_26,285
wz87grjh1li13mtd37x8_31,97
wz87grjh1li13mtd37x8_33,639
wz87grjh1li13mtd37x8_35,386
wz87grjh1li13mtd37x8_40,1003
wz87grjh1li13mtd37x8_46,224
wz87grjh1li13mtd37x8_49,476
wz87grjh1li13mtd37x8_52,52
wz87grjh1li13mtd37x8_60,196
wz87grjh1li13mtd37x8_61,973
wz87grjh1li13mtd37x8_62,43
q1q7sk4r5k8w62zf2cmv_0,783
q1q7sk4r5k8w62zf2cmv_4,446
q1q7sk4r5k8w62zf2cmv_8,446
q1q7sk4r5k8w62zf2cmv_9,446
q1q7sk4r5k8w62zf2cmv_16,179
q1q7sk4r5k8w62zf2cmv_26,175
q1q7sk4r5k8w62zf2cmv_28,839
q1q7sk4r5k8w62zf2cmv_33,118
q1q7sk4r5k8w62zf2cmv_37,118
q1q7sk4r5k8w62zf2cmv_42,894
q1q7sk4r5k8w62zf2cmv_44,839
q1q7sk4r5k8w62zf2cmv_49,894
q1q7sk4r5k8w62zf2cmv_50,175
q1q7sk4r5k8w62zf2cmv_54,81
q1q7sk4r5k8w62zf2cmv_56,542
q1q7sk4r5k8w62zf2cmv_57,196
q1q7sk4r5k8w62zf2cmv_58,621
q1q7sk4r5k8w62zf2cmv_59,175
q1q7sk4r5k8w62zf2cmv_60,196
up9rtbdqrovstubhoero_2,449
up9rtbdqrovstubhoero_4,449
up9rtbdqrovstubhoero_5,449
up9rtbdqrovstubhoero_7,857
up9rtbdqrovstubhoero_9,449
up9rtbdqrovstubhoero_10,694
up9rtbdqrovstubhoero_18,25
up9rtbdqrovstubhoero_22,964
up9rtbdqrovstubhoero_52,676
up9rtbdqrovstubhoero_55,29
up9rtbdqrovstubhoero_59,380
ewr8l1n86gu1vzw16o2c_5,434
ewr8l1n86gu1vzw16o2c_9,579
ewr8l1n86gu1vzw16o2c_10,991
ewr8l1n86gu1vzw16o2c_11,298
ewr8l1n86gu1vzw16o2c_13,60
ewr8l1n86gu1vzw16o2c_16,732
ewr8l1n86gu1vzw16o2c_20,693
ewr8l1n86gu1vzw16o2c_22,834
ewr8l1n86gu1vzw16o2c_39,532
ewr8l1n86gu1vzw16o2c_42,270
ewr8l1n86gu1vzw16o2c_43,438
ewr8l1n86gu1vzw16o2c_58,289
nqscx5voahe4owpwn3u1_1,857
nqscx5voahe4owpwn3u1_6,1000
nqscx5voahe4owpwn3u1_13,596
nqscx5voahe4owpwn3u1_16,100
nqscx5voahe4owpwn3u1_19,60
nqscx5voahe4owpwn3u1_27,209
nqscx5voahe4owpwn3u1_29,209
nqscx5voahe4owpwn3u1_60,126
04kdxq8ddhrbsu4rc320_2,119
04kdxq8ddhrbsu4rc320_5,449
04kdxq8ddhrbsu4rc320_12,449
04kdxq8ddhrbsu4rc320_14,869
04kdxq8ddhrbsu4rc320_16,454
04kdxq8ddhrbsu4rc320_17,375
04kdxq8ddhrbsu4rc320_19,375
04kdxq8ddhrbsu4rc320_23,452
04kdxq8ddhrbsu4rc320_26,375
04kdxq8ddhrbsu4rc320_27,97
04kdxq8ddhrbsu4rc320_35,127
04kdxq8ddhrbsu4rc320_53,676
04kdxq8ddhrbsu4rc320_54,224
04kdxq8ddhrbsu4rc320_56,573
04kdxq8ddhrbsu4rc320_57,418
04kdxq8ddhrbsu4rc320_61,836
2mcnp4aguz7pg54i2cou_2,138
2mcnp4aguz7pg54i2cou_5,23
2mcnp4aguz7pg54i2cou_11,94
2mcnp4aguz7pg54i2cou_12,959
2mcnp4aguz7pg54i2cou_13,694
2mcnp4aguz7pg54i2cou_14,694
2mcnp4aguz7pg54i2cou_17,6
2mcnp4aguz7pg54i2cou_19,81
2mcnp4aguz7pg54i2cou_20,499
2mcnp4aguz7pg54i2cou_23,694
2mcnp4aguz7pg54i2cou_24,884
2mcnp4aguz7pg54i2cou_26,124
2mcnp4aguz7pg54i2cou_27,124
2mcnp4aguz7pg54i2cou_40,881
2mcnp4aguz7pg54i2cou_52,628
2mcnp4aguz7pg54i2cou_53,273
2mcnp4aguz7pg54i2cou_54,792
2mcnp4aguz7pg54i2cou_55,722
2mcnp4aguz7pg54i2cou_56,756
j3dqita2zzjxju891a6b_0,1018
j3dqita2zzjxju891a6b_1,113
j3dqita2zzjxju891a6b_4,244
j3dqita2zzjxju891a6b_6,383
j3dqita2zzjxju891a6b_10,192
j3dqita2zzjxju891a6b_12,959
j3dqita2zzjxju891a6b_15,383
j3dqita2zzjxju891a6b_21,97
j3dqita2zzjxju891a6b_22,376
j3dqita2zzjxju891a6b_23,581
j3dqita2zzjxju891a6b_28,77
j3dqita2zzjxju891a6b_33,62
j3dqita2zzjxju891a6b_40,852
j3dqita2zzjxju891a6b_53,502
j3dqita2zzjxju891a6b_56,971
j3dqita2zzjxju891a6b_57,43
j3dqita2zzjxju891a6b_58,289
j3dqita2zzjxju891a6b_60,836
j3dqita2zzjxju891a6b_62,43
f3dtokrfg0sjp2vjg645_1,434
f3dtokrfg0sjp2vjg645_4,426
f3dtokrfg0sjp2vjg645_5,426
f3dtokrfg0sjp2vjg645_10,414
f3dtokrfg0sjp2vjg645_16,358
f3dtokrfg0sjp2vjg645_24,149
f3dtokrfg0sjp2vjg645_28,483
f3dtokrfg0sjp2vjg645_30,483
f3dtokrfg0sjp2vjg645_41,159
f3dtokrfg0sjp2vjg645_43,6
f3dtokrfg0sjp2vjg645_45,771
f3dtokrfg0sjp2vjg645_49,674
f3dtokrfg0sjp2vjg645_50,253
f3dtokrfg0sjp2vjg645_55,674
f3dtokrfg0sjp2vjg645_59,81
f3dtokrfg0sjp2vjg645_60,81
f3dtokrfg0sjp2vjg645_62,674
f3dtokrfg0sjp2vjg645_63,674
j6viw9prlpeefvm7ud9h_7,981
j6viw9prlpeefvm7ud9h_8,388
j6viw9prlpeefvm7ud9h_16,542
j6viw9prlpeefvm7ud9h_17,388
j6viw9prlpeefvm7ud9h_27,483
j6viw9prlpeefvm7ud9h_29,182
j6viw9prlpeefvm7ud9h_37,483
j6viw9prlpeefvm7ud9h_52,253
wf7864bx0f95chgaq42t_2,996
wf7864bx0f95chgaq42t_10,488
wf7864bx0f95chgaq42t_14,301
wf7864bx0f95chgaq42t_16,358
wf7864bx0f95chgaq42t_18,718
wf7864bx0f95chgaq42t_19,848
wf7864bx0f95chgaq42t_44,718
wf7864bx0f95chgaq42t_48,98
wf7864bx0f95chgaq42t_49,50
wf7864bx0f95chgaq42t_52,990
wf7864bx0f95chgaq42t_58,621
wf7864bx0f95chgaq42t_62,156
qg00qnideaivlv4aldab_5,449
qg00qnideaivlv4aldab_15,321
qg00qnideaivlv4aldab_21,955
qg00qnideaivlv4aldab_22,955
qg00qnideaivlv4aldab_25,483
qg00qnideaivlv4aldab_28,891
qg00qnideaivlv4aldab_32,12
qg00qnideaivlv4aldab_49,839
qg00qnideaivlv4aldab_50,541
qg00qnideaivlv4aldab_54,771
qg00qnideaivlv4aldab_58,196
190e0oiv7wbicky0o36n_0,175
190e0oiv7wbicky0o36n_5,446
190e0oiv7wbicky0o36n_8,446
190e0oiv7wbicky0o36n_16,542
190e0oiv7wbicky0o36n_18,696
190e0oiv7wbicky0o36n_40,149
190e0oiv7wbicky0o36n_42,381
190e0oiv7wbicky0o36n_43,554
190e0oiv7wbicky0o36n_45,118
190e0oiv7wbicky0o36n_46,718
190e0oiv7wbicky0o36n_50,430
190e0oiv7wbicky0o36n_51,448
190e0oiv7wbicky0o36n_52,118
190e0oiv7wbicky0o36n_53,894
190e0oiv7wbicky0o36n_54,414
190e0oiv7wbicky0o36n_56,852
190e0oiv7wbicky0o36n_57,380
190e0oiv7wbicky0o36n_58,448
190e0oiv7wbicky0o36n_62,505
190e0oiv7wbicky0o36n_63,29
u52aj3g09n79dqaufb4i_2,434
u52aj3g09n79dqaufb4i_5,722
u52aj3g09n79dqaufb4i_11,843
u52aj3g09n79dqaufb4i_20,81
u52aj3g09n79dqaufb4i_31,981
u52aj3g09n79dqaufb4i_35,696
u52aj3g09n79dqaufb4i_40,502
u52aj3g09n79dqaufb4i_43,60
u52aj3g09n79dqaufb4i_55,30
c9cid1kyuiol5kegg3df_6,119
c9cid1kyuiol5kegg3df_9,94
c9cid1kyuiol5kegg3df_17,60
c9cid1kyuiol5kegg3df_21,869
c9cid1kyuiol5kegg3df_22,596
c9cid1kyuiol5kegg3df_28,298
c9cid1kyuiol5kegg3df_37,60
c9cid1kyuiol5kegg3df_43,182
c9cid1kyuiol5kegg3df_50,298
c9cid1kyuiol5kegg3df_52,871
c9cid1kyuiol5kegg3df_54,156
c9cid1kyuiol5kegg3df_56,502
c9cid1kyuiol5kegg3df_58,502
c9cid1kyuiol5kegg3df_60,196
rxmr8rpq7jfnp5eag1yo_8,857
rxmr8rpq7jfnp5eag1yo_10,138
rxmr8rpq7jfnp5eag1yo_12,483
rxmr8rpq7jfnp5eag1yo_13,60
rxmr8rpq7jfnp5eag1yo_32,488
rxmr8rpq7jfnp5eag1yo_39,383
rxmr8rpq7jfnp5eag1yo_40,722
rxmr8rpq7jfnp5eag1yo_46,725
rxmr8rpq7jfnp5eag1yo_50,81
rxmr8rpq7jfnp5eag1yo_56,397
rxmr8rpq7jfnp5eag1yo_63,30
cc1f5jj5og5pldgjbxpq_3,949
cc1f5jj5og5pldgjbxpq_4,483
cc1f5jj5og5pldgjbxpq_5,869
cc1f5jj5og5pldgjbxpq_13,483
cc1f5jj5og5pldgjbxpq_22,885
cc1f5jj5og5pldgjbxpq_27,869
cc1f5jj5og5pldgjbxpq_31,182
cc1f5jj5og5pldgjbxpq_33,945
cc1f5jj5og5pldgjbxpq_34,52
cc1f5jj5og5pldgjbxpq_38,182
cc1f5jj5og5pldgjbxpq_41,52
cc1f5jj5og5pldgjbxpq_48,227
cc1f5jj5og5pldgjbxpq_49,718
cc1f5jj5og5pldgjbxpq_59,838
cc1f5jj5og5pldgjbxpq_63,939
4sa7zewp9o7wuollyqk9_4,449
4sa7zewp9o7wuollyqk9_5,449
4sa7zewp9o7wuollyqk9_6,449
4sa7zewp9o7wuollyqk9_7,449
4sa7zewp9o7wuollyqk9_10,27
4sa7zewp9o7wuollyqk9_12,449
4sa7zewp9o7wuollyqk9_13,449
4sa7zewp9o7wuollyqk9_14,449
4sa7zewp9o7wuollyqk9_15,321
4sa7zewp9o7wuollyqk9_16,783
4sa7zewp9o7wuollyqk9_19,660
4sa7zewp9o7wuollyqk9_21,27
4sa7zewp9o7wuollyqk9_25,218
4sa7zewp9o7wuollyqk9_32,884
4sa7zewp9o7wuollyqk9_33,142
4sa7zewp9o7wuollyqk9_35,321
4sa7zewp9o7wuollyqk9_38,502
4sa7zewp9o7wuollyqk9_47,981
4sa7zewp9o7wuollyqk9_53,182
4sa7zewp9o7wuollyqk9_54,292
xoc09ol99d6jvfra2uy0_0,388
xoc09ol99d6jvfra2uy0_3,718
xoc09ol99d6jvfra2uy0_4,434
xoc09ol99d6jvfra2uy0_6,1000
xoc09ol99d6jvfra2uy0_17,483
xoc09ol99d6jvfra2uy0_31,551
xoc09ol99d6jvfra2uy0_34,12
xoc09ol99d6jvfra2uy0_38,696
xoc09ol99d6jvfra2uy0_40,722
xoc09ol99d6jvfra2uy0_48,81
xoc09ol99d6jvfra2uy0_50,488
xoc09ol99d6jvfra2uy0_51,502
xoc09ol99d6jvfra2uy0_52,886
xoc09ol99d6jvfra2uy0_56,722
xoc09ol99d6jvfra2uy0_57,502
kxrspf469w61of4cg4aq_1,1000
kxrspf469w61of4cg4aq_3,434
kxrspf469w61of4cg4aq_7,857
kxrspf469w61of4cg4aq_13,848
kxrspf469w61of4cg4aq_14,885
kxrspf469w61of4cg4aq_30,502
kxrspf469w61of4cg4aq_31,182
kxrspf469w61of4cg4aq_35,27
kxrspf469w61of4cg4aq_36,182
kxrspf469w61of4cg4aq_40,718
kxrspf469w61of4cg4aq_42,839
kxrspf469w61of4cg4aq_43,135
kxrspf469w61of4cg4aq_47,981
105vr6zj3egrh6kxp6lv_5,338
105vr6zj3egrh6kxp6lv_12,34
105vr6zj3egrh6kxp6lv_22,394
105vr6zj3egrh6kxp6lv_27,712
105vr6zj3egrh6kxp6lv_30,607
105vr6zj3egrh6kxp6lv_32,384
105vr6zj3egrh6kxp6lv_41,458
105vr6zj3egrh6kxp6lv_44,462
105vr6zj3egrh6kxp6lv_48,712
105vr6zj3egrh6kxp6lv_58,977
pegfyxsqgak31fz4u1k0_9,1022
pegfyxsqgak31fz4u1k0_11,515
pegfyxsqgak31fz4u1k0_14,337
pegfyxsqgak31fz4u1k0_18,513
pegfyxsqgak31fz4u1k0_20,515
pegfyxsqgak31fz4u1k0_22,337
pegfyxsqgak31fz4u1k0_25,381
pegfyxsqgak31fz4u1k0_28,578
pegfyxsqgak31fz4u1k0_29,876
pegfyxsqgak31fz4u1k0_31,482
pegfyxsqgak31fz4u1k0_34,317
pegfyxsqgak31fz4u1k0_35,791
pegfyxsqgak31fz4u1k0_37,519
pegfyxsqgak31fz4u1k0_39,646
pegfyxsqgak31fz4u1k0_51,394
pegfyxsqgak31fz4u1k0_55,620
msd6fgngctcijmfzceko_4,278
msd6fgngctcijmfzceko_11,34
msd6fgngctcijmfzceko_12,34
msd6fgngctcijmfzceko_24,578
msd6fgngctcijmfzceko_36,34
msd6fgngctcijmfzceko_37,394
msd6fgngctcijmfzceko_39,34
msd6fgngctcijmfzceko_40,165
msd6fgngctcijmfzceko_45,161
msd6fgngctcijmfzceko_53,384
msd6fgngctcijmfzceko_62,35
msd6fgngctcijmfzceko_63,90
ztazj8ylgj8asfj06d25_4,278
ztazj8ylgj8asfj06d25_8,34
ztazj8ylgj8asfj06d25_9,34
ztazj8ylgj8asfj06d25_19,34
ztazj8ylgj8asfj06d25_25,394
ztazj8ylgj8asfj06d25_26,381
ztazj8ylgj8asfj06d25_30,977
ztazj8ylgj8asfj06d25_42,394
ztazj8ylgj8asfj06d25_43,637
muv4utnrfphfsnuq3ewz_3,726
muv4utnrfphfsnuq3ewz_4,726
muv4utnrfphfsnuq3ewz_6,933
muv4utnrfphfsnuq3ewz_7,956
muv4utnrfphfsnuq3ewz_8,747
muv4utnrfphfsnuq3ewz_11,726
muv4utnrfphfsnuq3ewz_12,726
muv4utnrfphfsnuq3ewz_15,75
muv4utnrfphfsnuq3ewz_18,619
muv4utnrfphfsnuq3ewz_22,1006
muv4utnrfphfsnuq3ewz_27,121
muv4utnrfphfsnuq3ewz_28,121
muv4utnrfphfsnuq3ewz_31,440
muv4utnrfphfsnuq3ewz_38,741
muv4utnrfphfsnuq3ewz_40,394
muv4utnrfphfsnuq3ewz_45,394
muv4utnrfphfsnuq3ewz_46,637
muv4utnrfphfsnuq3ewz_53,394
muv4utnrfphfsnuq3ewz_54,230
muv4utnrfphfsnuq3ewz_62,201
sinoxui4xee4lt19x82o_3,515
sinoxui4xee4lt19x82o_4,440
sinoxui4xee4lt19x82o_8,933
sinoxui4xee4lt19x82o_13,956
sinoxui4xee4lt19x82o_14,362
sinoxui4xee4lt19x82o_19,750
sinoxui4xee4lt19x82o_25,381
sinoxui4xee4lt19x82o_27,59
sinoxui4xee4lt19x82o_28,362
sinoxui4xee4lt19x82o_32,279
sinoxui4xee4lt19x82o_40,933
sinoxui4xee4lt19x82o_42,712
sinoxui4xee4lt19x82o_43,338
sinoxui4xee4lt19x82o_56,165
sinoxui4xee4lt19x82o_57,381
sinoxui4xee4lt19x82o_58,712
sinoxui4xee4lt19x82o_59,59
sinoxui4xee4lt19x82o_62,519
6ua4s7yamyhbdmpt3y2z_12,278
6ua4s7yamyhbdmpt3y2z_16,165
6ua4s7yamyhbdmpt3y2z_18,438
6ua4s7yamyhbdmpt3y2z_20,278
6ua4s7yamyhbdmpt3y2z_38,491
6ua4s7yamyhbdmpt3y2z_40,294
6ua4s7yamyhbdmpt3y2z_54,34
6ua4s7yamyhbdmpt3y2z_57,201
fdm9v4kou9bku99y8ph6_9,75
fdm9v4kou9bku99y8ph6_11,1006
fdm9v4kou9bku99y8ph6_12,882
fdm9v4kou9bku99y8ph6_17,75
fdm9v4kou9bku99y8ph6_26,882
fdm9v4kou9bku99y8ph6_27,882
fdm9v4kou9bku99y8ph6_43,35
fdm9v4kou9bku99y8ph6_48,294
fdm9v4kou9bku99y8ph6_49,106
fdm9v4kou9bku99y8ph6_52,712
fdm9v4kou9bku99y8ph6_59,106
ow1g124l2i1eyqrsyryz_0,882
ow1g124l2i1eyqrsyryz_1,384
ow1g124l2i1eyqrsyryz_2,384
ow1g124l2i1eyqrsyryz_3,384
ow1g124l2i1eyqrsyryz_12,34
ow1g124l2i1eyqrsyryz_17,34
ow1g124l2i1eyqrsyryz_19,34
ow1g124l2i1eyqrsyryz_25,977
ow1g124l2i1eyqrsyryz_28,161
ow1g124l2i1eyqrsyryz_33,165
ow1g124l2i1eyqrsyryz_34,342
ow1g124l2i1eyqrsyryz_35,338
ow1g124l2i1eyqrsyryz_36,1006
ow1g124l2i1eyqrsyryz_41,874
ow1g124l2i1eyqrsyryz_42,578
ow1g124l2i1eyqrsyryz_50,519
ow1g124l2i1eyqrsyryz_51,394
ow1g124l2i1eyqrsyryz_57,874
ow1g124l2i1eyqrsyryz_58,844
4xm4wcx7fh3dvoqst9pa_5,384
4xm4wcx7fh3dvoqst9pa_6,34
4xm4wcx7fh3dvoqst9pa_10,161
4xm4wcx7fh3dvoqst9pa_21,34
4xm4wcx7fh3dvoqst9pa_25,440
4xm4wcx7fh3dvoqst9pa_30,34
4xm4wcx7fh3dvoqst9pa_31,977
4xm4wcx7fh3dvoqst9pa_36,34
4xm4wcx7fh3dvoqst9pa_37,394
4xm4wcx7fh3dvoqst9pa_40,440
4xm4wcx7fh3dvoqst9pa_41,34
4xm4wcx7fh3dvoqst9pa_42,394
4xm4wcx7fh3dvoqst9pa_44,381
4xm4wcx7fh3dvoqst9pa_46,648
4xm4wcx7fh3dvoqst9pa_47,648
4xm4wcx7fh3dvoqst9pa_50,381
4xm4wcx7fh3dvoqst9pa_51,201
4xm4wcx7fh3dvoqst9pa_53,201
4xm4wcx7fh3dvoqst9pa_56,402
4xm4wcx7fh3dvoqst9pa_63,642
aqyn455s77n0bt09tmfy_34,34
aqyn455s77n0bt09tmfy_39,34
aqyn455s77n0bt09tmfy_42,394
aqyn455s77n0bt09tmfy_44,578
aqyn455s77n0bt09tmfy_46,161
aqyn455s77n0bt09tmfy_48,165
aqyn455s77n0bt09tmfy_50,384
aqyn455s77n0bt09tmfy_55,106
aqyn455s77n0bt09tmfy_57,648
aqyn455s77n0bt09tmfy_58,201
aqyn455s77n0bt09tmfy_59,637
u9gvlnjtocycqoe9x4th_1,384
u9gvlnjtocycqoe9x4th_11,392
u9gvlnjtocycqoe9x4th_16,34
u9gvlnjtocycqoe9x4th_20,816
u9gvlnjtocycqoe9x4th_29,1006
u9gvlnjtocycqoe9x4th_37,392
u9gvlnjtocycqoe9x4th_38,586
u9gvlnjtocycqoe9x4th_44,34
u9gvlnjtocycqoe9x4th_53,882
u9gvlnjtocycqoe9x4th_60,482
3cz189dtak7z8fnjype9_13,34
3cz189dtak7z8fnjype9_16,430
3cz189dtak7z8fnjype9_21,161
3cz189dtak7z8fnjype9_22,515
3cz189dtak7z8fnjype9_24,430
3cz189dtak7z8fnjype9_26,161
3cz189dtak7z8fnjype9_28,977
3cz189dtak7z8fnjype9_29,712
3cz189dtak7z8fnjype9_30,653
3cz189dtak7z8fnjype9_31,381
3cz189dtak7z8fnjype9_35,977
3cz189dtak7z8fnjype9_36,35
3cz189dtak7z8fnjype9_44,719
3cz189dtak7z8fnjype9_49,35
3cz189dtak7z8fnjype9_50,712
3cz189dtak7z8fnjype9_56,35
51ankbn600veouqz9zkb_1,384
51ankbn600veouqz9zkb_2,384
51ankbn600veouqz9zkb_3,384
51ankbn600veouqz9zkb_9,34
51ankbn600veouqz9zkb_10,161
51ankbn600veouqz9zkb_11,34
51ankbn600veouqz9zkb_12,325
51ankbn600veouqz9zkb_13,519
51ankbn600veouqz9zkb_26,161
51ankbn600veouqz9zkb_32,977
51ankbn600veouqz9zkb_35,977
51ankbn600veouqz9zkb_36,392
51ankbn600veouqz9zkb_38,106
51ankbn600veouqz9zkb_41,394
51ankbn600veouqz9zkb_44,161
51ankbn600veouqz9zkb_49,384
51ankbn600veouqz9zkb_51,648
51ankbn600veouqz9zkb_58,35
51ankbn600veouqz9zkb_59,578
51ankbn600veouqz9zkb_62,90
zk54im8avhy9cblo6qj5_1,384
zk54im8avhy9cblo6qj5_2,34
zk54im8avhy9cblo6qj5_4,491
zk54im8avhy9cblo6qj5_7,936
zk54im8avhy9cblo6qj5_15,440
zk54im8avhy9cblo6qj5_43,977
zk54im8avhy9cblo6qj5_47,384
zk54im8avhy9cblo6qj5_49,394
zk54im8avhy9cblo6qj5_51,394
zk54im8avhy9cblo6qj5_52,648
zk54im8avhy9cblo6qj5_62,637
zk54im8avhy9cblo6qj5_63,648
12cnmq7j99gtrlwtlnie_1,876
12cnmq7j99gtrlwtlnie_5,607
12cnmq7j99gtrlwtlnie_14,882
12cnmq7j99gtrlwtlnie_16,161
12cnmq7j99gtrlwtlnie_21,977
12cnmq7j99gtrlwtlnie_25,384
12cnmq7j99gtrlwtlnie_28,381
12cnmq7j99gtrlwtlnie_30,712
12cnmq7j99gtrlwtlnie_31,933
12cnmq7j99gtrlwtlnie_32,477
12cnmq7j99gtrlwtlnie_34,477
12cnmq7j99gtrlwtlnie_41,394
12cnmq7j99gtrlwtlnie_46,677
mqz4iv49lbpdg56tv1zy_10,34
mqz4iv49lbpdg56tv1zy_32,165
mqz4iv49lbpdg56tv1zy_34,381
mqz4iv49lbpdg56tv1zy_37,34
mqz4iv49lbpdg56tv1zy_43,394
mqz4iv49lbpdg56tv1zy_44,381
mqz4iv49lbpdg56tv1zy_45,34
mqz4iv49lbpdg56tv1zy_47,34
mqz4iv49lbpdg56tv1zy_48,440
mqz4iv49lbpdg56tv1zy_52,394
mqz4iv49lbpdg56tv1zy_58,637
mqz4iv49lbpdg56tv1zy_62,637
thhi1ldr2z4z0nkqdfin_16,165
thhi1ldr2z4z0nkqdfin_19,34
thhi1ldr2z4z0nkqdfin_32,712
thhi1ldr2z4z0nkqdfin_34,882
thhi1ldr2z4z0nkqdfin_41,35
thhi1ldr2z4z0nkqdfin_42,35
thhi1ldr2z4z0nkqdfin_47,384
thhi1ldr2z4z0nkqdfin_55,342
thhi1ldr2z4z0nkqdfin_56,90
thhi1ldr2z4z0nkqdfin_60,637
thhi1ldr2z4z0nkqdfin_61,106
thhi1ldr2z4z0nkqdfin_62,637
rn1nigwztvkpd01w37q6_6,135
rn1nigwztvkpd01w37q6_7,294
rn1nigwztvkpd01w37q6_9,135
rn1nigwztvkpd01w37q6_14,135
rn1nigwztvkpd01w37q6_30,135
rn1nigwztvkpd01w37q6_43,279
rn1nigwztvkpd01w37q6_44,135
rn1nigwztvkpd01w37q6_47,135
rn1nigwztvkpd01w37q6_54,135
rn1nigwztvkpd01w37q6_57,933
rn1nigwztvkpd01w37q6_61,440
e6xmrpjks9mbr6wb44g5_1,781
e6xmrpjks9mbr6wb44g5_3,135
e6xmrpjks9mbr6wb44g5_9,135
e6xmrpjks9mbr6wb44g5_11,135
e6xmrpjks9mbr6wb44g5_12,491
e6xmrpjks9mbr6wb44g5_21,491
e6xmrpjks9mbr6wb44g5_32,135
e6xmrpjks9mbr6wb44g5_36,135
e6xmrpjks9mbr6wb44g5_37,135
e6xmrpjks9mbr6wb44g5_41,933
e6xmrpjks9mbr6wb44g5_44,135
e6xmrpjks9mbr6wb44g5_48,279
e6xmrpjks9mbr6wb44g5_50,279
e6xmrpjks9mbr6wb44g5_53,135
e6xmrpjks9mbr6wb44g5_54,171
71wb0s8445ayoo99s5e1_2,960
71wb0s8445ayoo99s5e1_6,135
71wb0s8445ayoo99s5e1_9,960
71wb0s8445ayoo99s5e1_14,362
71wb0s8445ayoo99s5e1_15,135
71wb0s8445ayoo99s5e1_16,960
71wb0s8445ayoo99s5e1_21,781
71wb0s8445ayoo99s5e1_22,135
71wb0s8445ayoo99s5e1_27,135
71wb0s8445ayoo99s5e1_28,135
71wb0s8445ayoo99s5e1_35,279
71wb0s8445ayoo99s5e1_37,135
71wb0s8445ayoo99s5e1_38,135
71wb0s8445ayoo99s5e1_44,279
71wb0s8445ayoo99s5e1_51,943
71wb0s8445ayoo99s5e1_52,607
71wb0s8445ayoo99s5e1_53,135
71wb0s8445ayoo99s5e1_54,135
71wb0s8445ayoo99s5e1_55,135
71wb0s8445ayoo99s5e1_63,440
k55cqnjy54i24wttkhd2_9,607
k55cqnjy54i24wttkhd2_13,279
k55cqnjy54i24wttkhd2_17,135
k55cqnjy54i24wttkhd2_22,279
k55cqnjy54i24wttkhd2_30,279
k55cqnjy54i24wttkhd2_35,135
k55cqnjy54i24wttkhd2_37,135
k55cqnjy54i24wttkhd2_38,279
k55cqnjy54i24wttkhd2_42,279
k55cqnjy54i24wttkhd2_53,135
k55cqnjy54i24wttkhd2_55,135
pmmggcp8e05npsanrz7z_1,781
pmmggcp8e05npsanrz7z_2,956
pmmggcp8e05npsanrz7z_4,135
pmmggcp8e05npsanrz7z_5,135
pmmggcp8e05npsanrz7z_8,135
pmmggcp8e05npsanrz7z_9,135
pmmggcp8e05npsanrz7z_11,781
pmmggcp8e05npsanrz7z_18,607
pmmggcp8e05npsanrz7z_33,960
pmmggcp8e05npsanrz7z_36,943
pmmggcp8e05npsanrz7z_37,135
pmmggcp8e05npsanrz7z_38,135
pmmggcp8e05npsanrz7z_44,279
pmmggcp8e05npsanrz7z_45,135
pmmggcp8e05npsanrz7z_55,135
pmmggcp8e05npsanrz7z_56,933
0lsopi4mp68xpkfnjqfg_6,135
0lsopi4mp68xpkfnjqfg_10,658
0lsopi4mp68xpkfnjqfg_13,687
0lsopi4mp68xpkfnjqfg_23,135
0lsopi4mp68xpkfnjqfg_30,135
0lsopi4mp68xpkfnjqfg_43,279
0lsopi4mp68xpkfnjqfg_47,440
0lsopi4mp68xpkfnjqfg_52,39
0lsopi4mp68xpkfnjqfg_53,135
fqx2a8utep79hcvtw3u0_0,933
fqx2a8utep79hcvtw3u0_1,279
fqx2a8utep79hcvtw3u0_8,933
fqx2a8utep79hcvtw3u0_10,279
fqx2a8utep79hcvtw3u0_11,135
fqx2a8utep79hcvtw3u0_13,781
fqx2a8utep79hcvtw3u0_21,279
fqx2a8utep79hcvtw3u0_24,135
fqx2a8utep79hcvtw3u0_26,933
fqx2a8utep79hcvtw3u0_28,135
fqx2a8utep79hcvtw3u0_39,135
fqx2a8utep79hcvtw3u0_46,135
fqx2a8utep79hcvtw3u0_54,135
fqx2a8utep79hcvtw3u0_63,135
fvuewkfmk4cl10677c6k_1,279
fvuewkfmk4cl10677c6k_5,135
fvuewkfmk4cl10677c6k_13,135
fvuewkfmk4cl10677c6k_15,135
fvuewkfmk4cl10677c6k_17,279
fvuewkfmk4cl10677c6k_27,135
fvuewkfmk4cl10677c6k_28,135
fvuewkfmk4cl10677c6k_36,135
fvuewkfmk4cl10677c6k_37,135
fvuewkfmk4cl10677c6k_45,279
fvuewkfmk4cl10677c6k_53,135
fvuewkfmk4cl10677c6k_61,394
lmhgqlhb9pbt4uj4wakh_3,135
lmhgqlhb9pbt4uj4wakh_10,607
lmhgqlhb9pbt4uj4wakh_24,279
lmhgqlhb9pbt4uj4wakh_28,135
lmhgqlhb9pbt4uj4wakh_29,135
lmhgqlhb9pbt4uj4wakh_37,135
lmhgqlhb9pbt4uj4wakh_40,513
lmhgqlhb9pbt4uj4wakh_42,135
lmhgqlhb9pbt4uj4wakh_45,135
lmhgqlhb9pbt4uj4wakh_46,135
lmhgqlhb9pbt4uj4wakh_53,279
lmhgqlhb9pbt4uj4wakh_57,39
lmhgqlhb9pbt4uj4wakh_58,39
lmhgqlhb9pbt4uj4wakh_61,607
lmhgqlhb9pbt4uj4wakh_62,135
b1pn3kgxm8s5b5f4koc9_3,135
b1pn3kgxm8s5b5f4koc9_4,135
b1pn3kgxm8s5b5f4koc9_5,933
b1pn3kgxm8s5b5f4koc9_16,135
b1pn3kgxm8s5b5f4koc9_22,279
b1pn3kgxm8s5b5f4koc9_23,279
b1pn3kgxm8s5b5f4koc9_24,135
b1pn3kgxm8s5b5f4koc9_25,135
b1pn3kgxm8s5b5f4koc9_26,279
b1pn3kgxm8s5b5f4koc9_27,135
b1pn3kgxm8s5b5f4koc9_30,135
b1pn3kgxm8s5b5f4koc9_31,135
b1pn3kgxm8s5b5f4koc9_35,135
b1pn3kgxm8s5b5f4koc9_38,933
b1pn3kgxm8s5b5f4koc9_43,135
b1pn3kgxm8s5b5f4koc9_46,135
b1pn3kgxm8s5b5f4koc9_47,135
b1pn3kgxm8s5b5f4koc9_54,135
7mzne6yrgkwqms6il8bu_3,135
7mzne6yrgkwqms6il8bu_7,294
7mzne6yrgkwqms6il8bu_13,135
7mzne6yrgkwqms6il8bu_14,135
7mzne6yrgkwqms6il8bu_15,135
7mzne6yrgkwqms6il8bu_23,135
7mzne6yrgkwqms6il8bu_25,135
7mzne6yrgkwqms6il8bu_31,135
7mzne6yrgkwqms6il8bu_37,135
7mzne6yrgkwqms6il8bu_39,135
7mzne6yrgkwqms6il8bu_42,135
7mzne6yrgkwqms6il8bu_43,135
7mzne6yrgkwqms6il8bu_46,135
7mzne6yrgkwqms6il8bu_49,135
7mzne6yrgkwqms6il8bu_52,394
7mzne6yrgkwqms6il8bu_53,440
nh30ukomzrcfu4eia2z8_4,135
nh30ukomzrcfu4eia2z8_5,135
nh30ukomzrcfu4eia2z8_6,135
nh30ukomzrcfu4eia2z8_13,135
nh30ukomzrcfu4eia2z8_21,279
nh30ukomzrcfu4eia2z8_26,933
nh30ukomzrcfu4eia2z8_27,135
nh30ukomzrcfu4eia2z8_30,135
nh30ukomzrcfu4eia2z8_31,135
nh30ukomzrcfu4eia2z8_36,943
nh30ukomzrcfu4eia2z8_41,135
nh30ukomzrcfu4eia2z8_42,279
nh30ukomzrcfu4eia2z8_43,279
nh30ukomzrcfu4eia2z8_44,279
nh30ukomzrcfu4eia2z8_49,279
nh30ukomzrcfu4eia2z8_50,279
nh30ukomzrcfu4eia2z8_51,279
nh30ukomzrcfu4eia2z8_54,135
nh30ukomzrcfu4eia2z8_56,950
k7zhvayjwohrhmu1n5yd_1,817
k7zhvayjwohrhmu1n5yd_3,440
k7zhvayjwohrhmu1n5yd_4,933
k7zhvayjwohrhmu1n5yd_6,933
k7zhvayjwohrhmu1n5yd_10,820
k7zhvayjwohrhmu1n5yd_18,817
k7zhvayjwohrhmu1n5yd_20,515
k7zhvayjwohrhmu1n5yd_21,238
k7zhvayjwohrhmu1n5yd_23,817
k7zhvayjwohrhmu1n5yd_29,337
k7zhvayjwohrhmu1n5yd_31,121
k7zhvayjwohrhmu1n5yd_36,337
k7zhvayjwohrhmu1n5yd_37,337
k7zhvayjwohrhmu1n5yd_44,135
k7zhvayjwohrhmu1n5yd_45,515
k7zhvayjwohrhmu1n5yd_46,515
k7zhvayjwohrhmu1n5yd_51,381
k7zhvayjwohrhmu1n5yd_54,135
k7zhvayjwohrhmu1n5yd_61,135
07qii7yg6cj8g6hv3wms_8,279
07qii7yg6cj8g6hv3wms_13,135
07qii7yg6cj8g6hv3wms_32,933
07qii7yg6cj8g6hv3wms_34,135
07qii7yg6cj8g6hv3wms_35,39
07qii7yg6cj8g6hv3wms_37,960
07qii7yg6cj8g6hv3wms_38,135
07qii7yg6cj8g6hv3wms_39,135
07qii7yg6cj8g6hv3wms_42,279
07qii7yg6cj8g6hv3wms_43,279
07qii7yg6cj8g6hv3wms_48,960
07qii7yg6cj8g6hv3wms_49,279
07qii7yg6cj8g6hv3wms_50,279
07qii7yg6cj8g6hv3wms_52,279
07qii7yg6cj8g6hv3wms_53,279
07qii7yg6cj8g6hv3wms_54,135
07qii7yg6cj8g6hv3wms_60,135
b5oc00pvz4wfcg8hw9is_2,279
b5oc00pvz4wfcg8hw9is_5,135
b5oc00pvz4wfcg8hw9is_15,135
b5oc00pvz4wfcg8hw9is_23,135
b5oc00pvz4wfcg8hw9is_24,135
b5oc00pvz4wfcg8hw9is_30,135
b5oc00pvz4wfcg8hw9is_36,135
b5oc00pvz4wfcg8hw9is_39,135
b5oc00pvz4wfcg8hw9is_47,135
b5oc00pvz4wfcg8hw9is_52,135
b5oc00pvz4wfcg8hw9is_62,135
jwgt5p4wuzhofh599cqu_1,933
jwgt5p4wuzhofh599cqu_17,279
jwgt5p4wuzhofh599cqu_18,960
jwgt5p4wuzhofh599cqu_25,279
jwgt5p4wuzhofh599cqu_31,279
jwgt5p4wuzhofh599cqu_34,135
jwgt5p4wuzhofh599cqu_35,279
jwgt5p4wuzhofh599cqu_43,135
jwgt5p4wuzhofh599cqu_49,294
jwgt5p4wuzhofh599cqu_51,430
jwgt5p4wuzhofh599cqu_53,607
jwgt5p4wuzhofh599cqu_59,430
jwgt5p4wuzhofh599cqu_60,135
6mu69wubh5hosjs7ohvt_10,279
6mu69wubh5hosjs7ohvt_34,279
6mu69wubh5hosjs7ohvt_38,933
6mu69wubh5hosjs7ohvt_41,381
6mu69wubh5hosjs7ohvt_47,135
6mu69wubh5hosjs7ohvt_49,294
6mu69wubh5hosjs7ohvt_50,1006
6mu69wubh5hosjs7ohvt_53,440
6mu69wubh5hosjs7ohvt_60,135
6mu69wubh5hosjs7ohvt_63,440
w9co9hgsy4nulojpuvfn_2,933
w9co9hgsy4nulojpuvfn_8,147
w9co9hgsy4nulojpuvfn_9,607
w9co9hgsy4nulojpuvfn_10,513
w9co9hgsy4nulojpuvfn_16,933
w9co9hgsy4nulojpuvfn_18,147
w9co9hgsy4nulojpuvfn_20,462
w9co9hgsy4nulojpuvfn_21,740
w9co9hgsy4nulojpuvfn_25,39
w9co9hgsy4nulojpuvfn_26,147
w9co9hgsy4nulojpuvfn_27,405
w9co9hgsy4nulojpuvfn_33,462
w9co9hgsy4nulojpuvfn_43,513
w9co9hgsy4nulojpuvfn_44,135
w9co9hgsy4nulojpuvfn_53,135
j6045yxuodvmdripee2d_3,607
j6045yxuodvmdripee2d_13,960
j6045yxuodvmdripee2d_15,135
j6045yxuodvmdripee2d_22,135
j6045yxuodvmdripee2d_25,135
j6045yxuodvmdripee2d_27,960
j6045yxuodvmdripee2d_31,135
j6045yxuodvmdripee2d_33,135
j6045yxuodvmdripee2d_36,513
j6045yxuodvmdripee2d_38,135
j6045yxuodvmdripee2d_43,513
j6045yxuodvmdripee2d_44,279
j6045yxuodvmdripee2d_46,135
j6045yxuodvmdripee2d_47,440
j6045yxuodvmdripee2d_50,1006
j6045yxuodvmdripee2d_52,279
j6045yxuodvmdripee2d_59,381
j6045yxuodvmdripee2d_61,135
exd8n3yykyw4ueghk3qc_15,943
exd8n3yykyw4ueghk3qc_17,135
exd8n3yykyw4ueghk3qc_20,279
exd8n3yykyw4ueghk3qc_24,135
exd8n3yykyw4ueghk3qc_29,135
exd8n3yykyw4ueghk3qc_32,135
exd8n3yykyw4ueghk3qc_34,279
exd8n3yykyw4ueghk3qc_42,135
exd8n3yykyw4ueghk3qc_44,135
exd8n3yykyw4ueghk3qc_45,135
exd8n3yykyw4ueghk3qc_47,135
exd8n3yykyw4ueghk3qc_55,135
exd8n3yykyw4ueghk3qc_59,381
m548048kqqgslx6qh5y4_0,135
m548048kqqgslx6qh5y4_2,279
m548048kqqgslx6qh5y4_12,279
m548048kqqgslx6qh5y4_17,135
m548048kqqgslx6qh5y4_20,279
m548048kqqgslx6qh5y4_22,279
m548048kqqgslx6qh5y4_24,135
m548048kqqgslx6qh5y4_28,135
m548048kqqgslx6qh5y4_29,135
m548048kqqgslx6qh5y4_33,135
m548048kqqgslx6qh5y4_34,279
m548048kqqgslx6qh5y4_38,279
m548048kqqgslx6qh5y4_47,135
m548048kqqgslx6qh5y4_51,135
m548048kqqgslx6qh5y4_54,135
p2chds3t17ua2cmyobe8_0,933
p2chds3t17ua2cmyobe8_1,279
p2chds3t17ua2cmyobe8_4,781
p2chds3t17ua2cmyobe8_6,607
p2chds3t17ua2cmyobe8_10,279
p2chds3t17ua2cmyobe8_12,491
p2chds3t17ua2cmyobe8_18,279
p2chds3t17ua2cmyobe8_23,943
p2chds3t17ua2cmyobe8_30,279
p2chds3t17ua2cmyobe8_44,135
p2chds3t17ua2cmyobe8_45,135
p2chds3t17ua2cmyobe8_51,135
p2chds3t17ua2cmyobe8_61,135
p2chds3t17ua2cmyobe8_63,135
bwaqj0ii3kwvcwr9lgld_2,135
bwaqj0ii3kwvcwr9lgld_7,294
bwaqj0ii3kwvcwr9lgld_11,135
bwaqj0ii3kwvcwr9lgld_23,294
bwaqj0ii3kwvcwr9lgld_31,781
bwaqj0ii3kwvcwr9lgld_44,135
bwaqj0ii3kwvcwr9lgld_47,135
bwaqj0ii3kwvcwr9lgld_49,135
bwaqj0ii3kwvcwr9lgld_52,279
fx6fnp13nr5twbmo2f2y_10,658
fx6fnp13nr5twbmo2f2y_12,491
fx6fnp13nr5twbmo2f2y_15,943
fx6fnp13nr5twbmo2f2y_17,135
fx6fnp13nr5twbmo2f2y_18,135
fx6fnp13nr5twbmo2f2y_19,135
fx6fnp13nr5twbmo2f2y_23,279
fx6fnp13nr5twbmo2f2y_25,279
fx6fnp13nr5twbmo2f2y_26,279
fx6fnp13nr5twbmo2f2y_27,135
fx6fnp13nr5twbmo2f2y_30,135
fx6fnp13nr5twbmo2f2y_33,933
fx6fnp13nr5twbmo2f2y_35,279
fx6fnp13nr5twbmo2f2y_36,279
fx6fnp13nr5twbmo2f2y_42,279
fx6fnp13nr5twbmo2f2y_43,39
fx6fnp13nr5twbmo2f2y_44,279
fx6fnp13nr5twbmo2f2y_46,135
fx6fnp13nr5twbmo2f2y_52,279
fx6fnp13nr5twbmo2f2y_59,135
xo1xkea3j6nw5l3rm0z3_11,135
xo1xkea3j6nw5l3rm0z3_13,279
xo1xkea3j6nw5l3rm0z3_14,279
xo1xkea3j6nw5l3rm0z3_15,279
xo1xkea3j6nw5l3rm0z3_16,933
xo1xkea3j6nw5l3rm0z3_19,482
xo1xkea3j6nw5l3rm0z3_22,279
xo1xkea3j6nw5l3rm0z3_24,933
xo1xkea3j6nw5l3rm0z3_28,135
xo1xkea3j6nw5l3rm0z3_29,607
xo1xkea3j6nw5l3rm0z3_34,279
xo1xkea3j6nw5l3rm0z3_37,135
xo1xkea3j6nw5l3rm0z3_38,135
xo1xkea3j6nw5l3rm0z3_40,356
xo1xkea3j6nw5l3rm0z3_41,279
xo1xkea3j6nw5l3rm0z3_45,279
xo1xkea3j6nw5l3rm0z3_46,135
xo1xkea3j6nw5l3rm0z3_47,440
xo1xkea3j6nw5l3rm0z3_53,279
xo1xkea3j6nw5l3rm0z3_54,135
w4xs05sn7xdc2i9v9a9z_3,781
w4xs05sn7xdc2i9v9a9z_4,135
w4xs05sn7xdc2i9v9a9z_6,135
w4xs05sn7xdc2i9v9a9z_7,294
w4xs05sn7xdc2i9v9a9z_11,279
w4xs05sn7xdc2i9v9a9z_14,135
w4xs05sn7xdc2i9v9a9z_15,943
w4xs05sn7xdc2i9v9a9z_16,330
w4xs05sn7xdc2i9v9a9z_22,135
w4xs05sn7xdc2i9v9a9z_24,641
w4xs05sn7xdc2i9v9a9z_28,960
w4xs05sn7xdc2i9v9a9z_30,135
w4xs05sn7xdc2i9v9a9z_37,960
w4xs05sn7xdc2i9v9a9z_39,279
w4xs05sn7xdc2i9v9a9z_40,611
w4xs05sn7xdc2i9v9a9z_46,135
w4xs05sn7xdc2i9v9a9z_53,279
w4xs05sn7xdc2i9v9a9z_59,279
w4xs05sn7xdc2i9v9a9z_61,135
gnbecm5w6g4o56d68luo_0,279
gnbecm5w6g4o56d68luo_3,936
gnbecm5w6g4o56d68luo_8,960
gnbecm5w6g4o56d68luo_10,135
gnbecm5w6g4o56d68luo_11,781
gnbecm5w6g4o56d68luo_12,135
gnbecm5w6g4o56d68luo_16,279
gnbecm5w6g4o56d68luo_21,279
gnbecm5w6g4o56d68luo_24,279
gnbecm5w6g4o56d68luo_26,279
gnbecm5w6g4o56d68luo_31,279
gnbecm5w6g4o56d68luo_34,960
gnbecm5w6g4o56d68luo_45,513
gnbecm5w6g4o56d68luo_50,960
gnbecm5w6g4o56d68luo_55,135
gnbecm5w6g4o56d68luo_59,960
gnbecm5w6g4o56d68luo_60,279
gnbecm5w6g4o56d68luo_62,430
evwe6s7rc42wc9879ko6_7,294
evwe6s7rc42wc9879ko6_15,135
evwe6s7rc42wc9879ko6_21,279
evwe6s7rc42wc9879ko6_22,135
evwe6s7rc42wc9879ko6_23,135
evwe6s7rc42wc9879ko6_27,279
evwe6s7rc42wc9879ko6_29,279
evwe6s7rc42wc9879ko6_30,135
evwe6s7rc42wc9879ko6_33,876
evwe6s7rc42wc9879ko6_34,135
evwe6s7rc42wc9879ko6_35,279
evwe6s7rc42wc9879ko6_43,781
evwe6s7rc42wc9879ko6_45,933
evwe6s7rc42wc9879ko6_48,135
evwe6s7rc42wc9879ko6_49,279
evwe6s7rc42wc9879ko6_50,279
evwe6s7rc42wc9879ko6_52,279
evwe6s7rc42wc9879ko6_53,279
evwe6s7rc42wc9879ko6_58,513
evwe6s7rc42wc9879ko6_60,135
pmjt79foyupocqa8dfj6_9,933
pmjt79foyupocqa8dfj6_13,135
pmjt79foyupocqa8dfj6_15,135
pmjt79foyupocqa8dfj6_31,279
pmjt79foyupocqa8dfj6_42,279
pmjt79foyupocqa8dfj6_49,279
pmjt79foyupocqa8dfj6_55,279
pmjt79foyupocqa8dfj6_61,933
yzqkpi7hdunqa3yo1lw1_1,956
yzqkpi7hdunqa3yo1lw1_3,943
yzqkpi7hdunqa3yo1lw1_4,294
yzqkpi7hdunqa3yo1lw1_6,607
yzqkpi7hdunqa3yo1lw1_11,943
yzqkpi7hdunqa3yo1lw1_14,491
yzqkpi7hdunqa3yo1lw1_16,279
yzqkpi7hdunqa3yo1lw1_17,781
yzqkpi7hdunqa3yo1lw1_19,943
yzqkpi7hdunqa3yo1lw1_44,279
yzqkpi7hdunqa3yo1lw1_45,279
yzqkpi7hdunqa3yo1lw1_47,135
yzqkpi7hdunqa3yo1lw1_51,279
yzqkpi7hdunqa3yo1lw1_52,39
yzqkpi7hdunqa3yo1lw1_54,135
yzqkpi7hdunqa3yo1lw1_55,950
yzqkpi7hdunqa3yo1lw1_60,135
yzqkpi7hdunqa3yo1lw1_62,135
yzqkpi7hdunqa3yo1lw1_63,294
kcunmcq8ghbhn9sobdyc_4,135
kcunmcq8ghbhn9sobdyc_7,933
kcunmcq8ghbhn9sobdyc_12,279
kcunmcq8ghbhn9sobdyc_18,279
kcunmcq8ghbhn9sobdyc_21,135
kcunmcq8ghbhn9sobdyc_35,279
kcunmcq8ghbhn9sobdyc_38,135
kcunmcq8ghbhn9sobdyc_41,294
kcunmcq8ghbhn9sobdyc_42,381
kcunmcq8ghbhn9sobdyc_46,513
kcunmcq8ghbhn9sobdyc_49,294
kcunmcq8ghbhn9sobdyc_51,607
kcunmcq8ghbhn9sobdyc_54,279
kcunmcq8ghbhn9sobdyc_55,135
kcunmcq8ghbhn9sobdyc_57,381
kcunmcq8ghbhn9sobdyc_62,135
axpaktoeln3jlw5l6y50_5,317
axpaktoeln3jlw5l6y50_6,607
axpaktoeln3jlw5l6y50_8,135
axpaktoeln3jlw5l6y50_11,135
axpaktoeln3jlw5l6y50_14,135
axpaktoeln3jlw5l6y50_15,135
axpaktoeln3jlw5l6y50_23,135
axpaktoeln3jlw5l6y50_24,279
axpaktoeln3jlw5l6y50_25,933
axpaktoeln3jlw5l6y50_34,135
axpaktoeln3jlw5l6y50_37,933
axpaktoeln3jlw5l6y50_43,39
axpaktoeln3jlw5l6y50_48,279
axpaktoeln3jlw5l6y50_49,135
axpaktoeln3jlw5l6y50_53,607
axpaktoeln3jlw5l6y50_56,135
axpaktoeln3jlw5l6y50_57,135
a45jag3itu39ymzhyvk9_1,279
a45jag3itu39ymzhyvk9_8,933
a45jag3itu39ymzhyvk9_14,135
a45jag3itu39ymzhyvk9_17,279
a45jag3itu39ymzhyvk9_25,135
a45jag3itu39ymzhyvk9_30,279
a45jag3itu39ymzhyvk9_41,381
a45jag3itu39ymzhyvk9_51,279
a45jag3itu39ymzhyvk9_58,279
a45jag3itu39ymzhyvk9_60,135
a45jag3itu39ymzhyvk9_61,430
yx5btm5ttler5iuurr1y_11,325
yx5btm5ttler5iuurr1y_16,165
yx5btm5ttler5iuurr1y_23,781
yx5btm5ttler5iuurr1y_24,106
yx5btm5ttler5iuurr1y_27,578
yx5btm5ttler5iuurr1y_35,34
yx5btm5ttler5iuurr1y_43,438
yx5btm5ttler5iuurr1y_47,34
yx5btm5ttler5iuurr1y_60,430
yx5btm5ttler5iuurr1y_61,578
vjcl6z2289e6anqlui53_8,726
vjcl6z2289e6anqlui53_9,491
vjcl6z2289e6anqlui53_13,230
vjcl6z2289e6anqlui53_14,106
vjcl6z2289e6anqlui53_16,165
vjcl6z2289e6anqlui53_17,384
vjcl6z2289e6anqlui53_20,440
vjcl6z2289e6anqlui53_24,781
vjcl6z2289e6anqlui53_26,578
vjcl6z2289e6anqlui53_28,876
vjcl6z2289e6anqlui53_35,933
vjcl6z2289e6anqlui53_36,445
vjcl6z2289e6anqlui53_40,34
vjcl6z2289e6anqlui53_43,34
vjcl6z2289e6anqlui53_51,719
hdo95n2da52ezutau6ky_4,278
hdo95n2da52ezutau6ky_11,34
hdo95n2da52ezutau6ky_13,491
hdo95n2da52ezutau6ky_16,342
hdo95n2da52ezutau6ky_27,34
hdo95n2da52ezutau6ky_37,34
hdo95n2da52ezutau6ky_42,394
hdo95n2da52ezutau6ky_49,394
hdo95n2da52ezutau6ky_54,637
zccoapamyyujv585j6l3_0,950
zccoapamyyujv585j6l3_8,526
zccoapamyyujv585j6l3_14,929
zccoapamyyujv585j6l3_15,662
zccoapamyyujv585j6l3_19,19
zccoapamyyujv585j6l3_22,662
zccoapamyyujv585j6l3_25,19
zccoapamyyujv585j6l3_37,519
zccoapamyyujv585j6l3_38,519
8hx8rrdjp9gnrpti3h44_0,330
8hx8rrdjp9gnrpti3h44_1,702
8hx8rrdjp9gnrpti3h44_3,702
8hx8rrdjp9gnrpti3h44_5,702
8hx8rrdjp9gnrpti3h44_7,956
8hx8rrdjp9gnrpti3h44_8,630
8hx8rrdjp9gnrpti3h44_11,641
8hx8rrdjp9gnrpti3h44_13,559
8hx8rrdjp9gnrpti3h44_15,294
8hx8rrdjp9gnrpti3h44_26,559
8hx8rrdjp9gnrpti3h44_30,820
8hx8rrdjp9gnrpti3h44_34,559
8hx8rrdjp9gnrpti3h44_38,719
8hx8rrdjp9gnrpti3h44_42,559
8hx8rrdjp9gnrpti3h44_49,102
8hx8rrdjp9gnrpti3h44_52,630
8hx8rrdjp9gnrpti3h44_58,305
8hx8rrdjp9gnrpti3h44_60,237
8hx8rrdjp9gnrpti3h44_62,485
8hx8rrdjp9gnrpti3h44_63,180
6knblu9j60n14vckoqne_1,34
6knblu9j60n14vckoqne_2,34
6knblu9j60n14vckoqne_9,34
6knblu9j60n14vckoqne_10,34
6knblu9j60n14vckoqne_11,34
6knblu9j60n14vckoqne_12,278
6knblu9j60n14vckoqne_27,34
6knblu9j60n14vckoqne_32,165
6knblu9j60n14vckoqne_33,578
6knblu9j60n14vckoqne_34,34
6knblu9j60n14vckoqne_37,462
6knblu9j60n14vckoqne_41,342
6knblu9j60n14vckoqne_44,34
6knblu9j60n14vckoqne_48,381
6knblu9j60n14vckoqne_49,566
6knblu9j60n14vckoqne_58,394
6knblu9j60n14vckoqne_59,338
6h12hq48am19kf00145k_3,687
6h12hq48am19kf00145k_18,712
6h12hq48am19kf00145k_20,325
6h12hq48am19kf00145k_22,325
6h12hq48am19kf00145k_24,874
6h12hq48am19kf00145k_37,712
6h12hq48am19kf00145k_46,712
6h12hq48am19kf00145k_53,392
6h12hq48am19kf00145k_59,1023
6h12hq48am19kf00145k_61,1005
6h12hq48am19kf00145k_62,161
yv5p7y13ern2gt0ybq2u_14,278
yv5p7y13ern2gt0ybq2u_18,34
yv5p7y13ern2gt0ybq2u_19,278
yv5p7y13ern2gt0ybq2u_20,491
yv5p7y13ern2gt0ybq2u_24,781
yv5p7y13ern2gt0ybq2u_37,34
yv5p7y13ern2gt0ybq2u_42,394
yv5p7y13ern2gt0ybq2u_43,977
yv5p7y13ern2gt0ybq2u_47,161
yv5p7y13ern2gt0ybq2u_48,34
yv5p7y13ern2gt0ybq2u_50,161
yv5p7y13ern2gt0ybq2u_55,977
yv5p7y13ern2gt0ybq2u_56,578
yv5p7y13ern2gt0ybq2u_57,578
yv5p7y13ern2gt0ybq2u_58,977
yv5p7y13ern2gt0ybq2u_59,977
rpf04qxws717arh0e782_5,384
rpf04qxws717arh0e782_15,34
rpf04qxws717arh0e782_27,381
rpf04qxws717arh0e782_32,933
rpf04qxws717arh0e782_34,381
rpf04qxws717arh0e782_35,394
rpf04qxws717arh0e782_38,515
rpf04qxws717arh0e782_41,135
rpf04qxws717arh0e782_45,637
rpf04qxws717arh0e782_46,515
rpf04qxws717arh0e782_48,919
rpf04qxws717arh0e782_59,381
rpf04qxws717arh0e782_60,135
eeei5h8v9mlfir3ywcxl_4,278
eeei5h8v9mlfir3ywcxl_10,34
eeei5h8v9mlfir3ywcxl_13,34
eeei5h8v9mlfir3ywcxl_18,34
eeei5h8v9mlfir3ywcxl_21,34
eeei5h8v9mlfir3ywcxl_27,381
eeei5h8v9mlfir3ywcxl_34,977
eeei5h8v9mlfir3ywcxl_35,977
eeei5h8v9mlfir3ywcxl_36,384
eeei5h8v9mlfir3ywcxl_37,384
dx8h73nzqvzgsbez3ojv_24,165
dx8h73nzqvzgsbez3ojv_28,384
dx8h73nzqvzgsbez3ojv_32,165
dx8h73nzqvzgsbez3ojv_43,394
dx8h73nzqvzgsbez3ojv_46,637
dx8h73nzqvzgsbez3ojv_52,637
dx8h73nzqvzgsbez3ojv_53,394
dx8h73nzqvzgsbez3ojv_56,402
dx8h73nzqvzgsbez3ojv_60,201
pmcib1ckd0htcy0340sj_12,325
pmcib1ckd0htcy0340sj_13,491
pmcib1ckd0htcy0340sj_19,325
pmcib1ckd0htcy0340sj_30,106
pmcib1ckd0htcy0340sj_37,278
pmcib1ckd0htcy0340sj_38,491
pmcib1ckd0htcy0340sj_39,491
pmcib1ckd0htcy0340sj_40,278
pmcib1ckd0htcy0340sj_47,34
pmcib1ckd0htcy0340sj_50,578
pmcib1ckd0htcy0340sj_55,34
pmcib1ckd0htcy0340sj_57,440
pmcib1ckd0htcy0340sj_58,430
pmcib1ckd0htcy0340sj_61,578
pmcib1ckd0htcy0340sj_62,161
ptn2pgc5fk6kl4l12nqa_0,956
ptn2pgc5fk6kl4l12nqa_2,687
ptn2pgc5fk6kl4l12nqa_10,325
ptn2pgc5fk6kl4l12nqa_23,620
ptn2pgc5fk6kl4l12nqa_27,519
ptn2pgc5fk6kl4l12nqa_34,362
ptn2pgc5fk6kl4l12nqa_42,394
ptn2pgc5fk6kl4l12nqa_46,519
ptn2pgc5fk6kl4l12nqa_49,34
ptn2pgc5fk6kl4l12nqa_54,519
ptn2pgc5fk6kl4l12nqa_62,519
6sh6p7hugj27fm4yj92j_8,741
6sh6p7hugj27fm4yj92j_9,578
6sh6p7hugj27fm4yj92j_24,34
6sh6p7hugj27fm4yj92j_29,491
6sh6p7hugj27fm4yj92j_31,620
6sh6p7hugj27fm4yj92j_32,578
6sh6p7hugj27fm4yj92j_38,491
6sh6p7hugj27fm4yj92j_40,440
6sh6p7hugj27fm4yj92j_44,34
6sh6p7hugj27fm4yj92j_61,578
so7k3fsp7rzewvrrpijy_5,519
so7k3fsp7rzewvrrpijy_16,750
so7k3fsp7rzewvrrpijy_19,362
so7k3fsp7rzewvrrpijy_20,519
so7k3fsp7rzewvrrpijy_25,34
so7k3fsp7rzewvrrpijy_27,519
so7k3fsp7rzewvrrpijy_30,19
so7k3fsp7rzewvrrpijy_32,933
so7k3fsp7rzewvrrpijy_33,578
so7k3fsp7rzewvrrpijy_41,34
so7k3fsp7rzewvrrpijy_43,342
so7k3fsp7rzewvrrpijy_45,719
so7k3fsp7rzewvrrpijy_47,620
so7k3fsp7rzewvrrpijy_49,515
so7k3fsp7rzewvrrpijy_50,1005
so7k3fsp7rzewvrrpijy_51,648
so7k3fsp7rzewvrrpijy_52,637
so7k3fsp7rzewvrrpijy_56,515
so7k3fsp7rzewvrrpijy_57,381
ey8gjt0vn0eegyz5m3v5_0,135
ey8gjt0vn0eegyz5m3v5_1,781
ey8gjt0vn0eegyz5m3v5_2,956
ey8gjt0vn0eegyz5m3v5_13,135
ey8gjt0vn0eegyz5m3v5_15,135
ey8gjt0vn0eegyz5m3v5_18,607
ey8gjt0vn0eegyz5m3v5_21,279
ey8gjt0vn0eegyz5m3v5_23,135
ey8gjt0vn0eegyz5m3v5_28,135
ey8gjt0vn0eegyz5m3v5_35,279
ey8gjt0vn0eegyz5m3v5_37,135
ey8gjt0vn0eegyz5m3v5_38,135
ey8gjt0vn0eegyz5m3v5_40,279
ey8gjt0vn0eegyz5m3v5_46,135
ey8gjt0vn0eegyz5m3v5_48,279
ey8gjt0vn0eegyz5m3v5_52,607
ey8gjt0vn0eegyz5m3v5_54,135
ey8gjt0vn0eegyz5m3v5_55,135
ey8gjt0vn0eegyz5m3v5_61,135
ey8gjt0vn0eegyz5m3v5_63,440
9hfph17q589f047cjg5u_8,933
9hfph17q589f047cjg5u_16,933
9hfph17q589f047cjg5u_22,135
9hfph17q589f047cjg5u_26,279
9hfph17q589f047cjg5u_28,875
9hfph17q589f047cjg5u_29,279
9hfph17q589f047cjg5u_34,135
9hfph17q589f047cjg5u_40,513
9hfph17q589f047cjg5u_42,135
9hfph17q589f047cjg5u_46,135
9hfph17q589f047cjg5u_51,39
9hfph17q589f047cjg5u_55,933
9hfph17q589f047cjg5u_56,294
9hfph17q589f047cjg5u_60,135
9hfph17q589f047cjg5u_61,933
i5injolm3m5ls0ctisqr_0,956
i5injolm3m5ls0ctisqr_5,950
i5injolm3m5ls0ctisqr_9,440
i5injolm3m5ls0ctisqr_15,279
i5injolm3m5ls0ctisqr_17,430
i5injolm3m5ls0ctisqr_26,279
i5injolm3m5ls0ctisqr_34,781
i5injolm3m5ls0ctisqr_43,943
bhwpmou543jpp6ffff05_17,279
bhwpmou543jpp6ffff05_28,135
bhwpmou543jpp6ffff05_33,933
bhwpmou543jpp6ffff05_36,135
bhwpmou543jpp6ffff05_45,135
bhwpmou543jpp6ffff05_46,394
bhwpmou543jpp6ffff05_54,90
bhwpmou543jpp6ffff05_61,135
uug8jk5t93g9j6zfxaca_0,933
uug8jk5t93g9j6zfxaca_4,135
uug8jk5t93g9j6zfxaca_8,933
uug8jk5t93g9j6zfxaca_12,279
uug8jk5t93g9j6zfxaca_14,135
uug8jk5t93g9j6zfxaca_16,933
uug8jk5t93g9j6zfxaca_28,135
uug8jk5t93g9j6zfxaca_35,279
uug8jk5t93g9j6zfxaca_43,39
uug8jk5t93g9j6zfxaca_44,135
uug8jk5t93g9j6zfxaca_47,135
uug8jk5t93g9j6zfxaca_55,135
w5j274cf4xa4gm47yhoq_2,279
w5j274cf4xa4gm47yhoq_3,135
w5j274cf4xa4gm47yhoq_6,462
w5j274cf4xa4gm47yhoq_9,300
w5j274cf4xa4gm47yhoq_10,607
w5j274cf4xa4gm47yhoq_18,279
w5j274cf4xa4gm47yhoq_26,381
w5j274cf4xa4gm47yhoq_35,135
w5j274cf4xa4gm47yhoq_45,933
w5j274cf4xa4gm47yhoq_53,135
w5j274cf4xa4gm47yhoq_60,135
w5j274cf4xa4gm47yhoq_61,135
1xvsd28ubxmlvi3u0hkl_12,279
1xvsd28ubxmlvi3u0hkl_18,933
1xvsd28ubxmlvi3u0hkl_23,279
1xvsd28ubxmlvi3u0hkl_27,337
1xvsd28ubxmlvi3u0hkl_37,135
1xvsd28ubxmlvi3u0hkl_42,135
1xvsd28ubxmlvi3u0hkl_43,279
1xvsd28ubxmlvi3u0hkl_49,135
1xvsd28ubxmlvi3u0hkl_53,135
1xvsd28ubxmlvi3u0hkl_59,135
kmgjy1ncfz6nd76e4l3b_3,950
kmgjy1ncfz6nd76e4l3b_10,165
kmgjy1ncfz6nd76e4l3b_11,135
kmgjy1ncfz6nd76e4l3b_19,135
kmgjy1ncfz6nd76e4l3b_22,238
kmgjy1ncfz6nd76e4l3b_27,943
kmgjy1ncfz6nd76e4l3b_37,279
kmgjy1ncfz6nd76e4l3b_44,279
kmgjy1ncfz6nd76e4l3b_45,279
kmgjy1ncfz6nd76e4l3b_46,279
kmgjy1ncfz6nd76e4l3b_59,381
09xbslmpdtfjtfw0ta51_0,279
09xbslmpdtfjtfw0ta51_1,279
09xbslmpdtfjtfw0ta51_2,279
09xbslmpdtfjtfw0ta51_8,279
09xbslmpdtfjtfw0ta51_9,279
09xbslmpdtfjtfw0ta51_10,135
09xbslmpdtfjtfw0ta51_19,279
09xbslmpdtfjtfw0ta51_32,135
09xbslmpdtfjtfw0ta51_33,135
09xbslmpdtfjtfw0ta51_40,135
09xbslmpdtfjtfw0ta51_42,279
09xbslmpdtfjtfw0ta51_43,135
09xbslmpdtfjtfw0ta51_51,381
bdnxl7tbeb3xd7o41yz5_2,135
bdnxl7tbeb3xd7o41yz5_3,135
bdnxl7tbeb3xd7o41yz5_9,933
bdnxl7tbeb3xd7o41yz5_10,607
bdnxl7tbeb3xd7o41yz5_11,279
bdnxl7tbeb3xd7o41yz5_12,482
bdnxl7tbeb3xd7o41yz5_16,933
bdnxl7tbeb3xd7o41yz5_17,279
bdnxl7tbeb3xd7o41yz5_19,135
bdnxl7tbeb3xd7o41yz5_24,933
bdnxl7tbeb3xd7o41yz5_34,135
bdnxl7tbeb3xd7o41yz5_38,933
bdnxl7tbeb3xd7o41yz5_41,933
bdnxl7tbeb3xd7o41yz5_45,135
a3w0hgr82x6a15hb3thw_1,933
a3w0hgr82x6a15hb3thw_6,135
a3w0hgr82x6a15hb3thw_18,279
a3w0hgr82x6a15hb3thw_20,135
a3w0hgr82x6a15hb3thw_21,279
a3w0hgr82x6a15hb3thw_22,135
a3w0hgr82x6a15hb3thw_24,135
a3w0hgr82x6a15hb3thw_26,933
a3w0hgr82x6a15hb3thw_31,135
a3w0hgr82x6a15hb3thw_35,135
a3w0hgr82x6a15hb3thw_46,135
a3w0hgr82x6a15hb3thw_47,440
a3w0hgr82x6a15hb3thw_52,394
a3w0hgr82x6a15hb3thw_55,135
a3w0hgr82x6a15hb3thw_61,402
2q421ltzizz1bjh0m3y3_5,373
2q421ltzizz1bjh0m3y3_7,1006
2q421ltzizz1bjh0m3y3_13,781
2q421ltzizz1bjh0m3y3_21,135
2q421ltzizz1bjh0m3y3_25,279
2q421ltzizz1bjh0m3y3_26,279
2q421ltzizz1bjh0m3y3_27,279
2q421ltzizz1bjh0m3y3_32,607
2q421ltzizz1bjh0m3y3_33,279
2q421ltzizz1bjh0m3y3_35,279
2q421ltzizz1bjh0m3y3_41,279
2q421ltzizz1bjh0m3y3_42,279
2q421ltzizz1bjh0m3y3_43,279
2q421ltzizz1bjh0m3y3_46,933
2q421ltzizz1bjh0m3y3_49,279
2q421ltzizz1bjh0m3y3_51,279
2q421ltzizz1bjh0m3y3_53,279
2q421ltzizz1bjh0m3y3_56,135
n6cvcu2ehx092gdrdder_6,239
n6cvcu2ehx092gdrdder_7,607
n6cvcu2ehx092gdrdder_12,239
n6cvcu2ehx092gdrdder_15,950
n6cvcu2ehx092gdrdder_20,147
n6cvcu2ehx092gdrdder_21,1022
n6cvcu2ehx092gdrdder_27,147
n6cvcu2ehx092gdrdder_30,135
n6cvcu2ehx092gdrdder_34,960
n6cvcu2ehx092gdrdder_36,279
n6cvcu2ehx092gdrdder_40,462
n6cvcu2ehx092gdrdder_44,381
n6cvcu2ehx092gdrdder_49,239
n6cvcu2ehx092gdrdder_51,960
n6cvcu2ehx092gdrdder_52,637
n6cvcu2ehx092gdrdder_53,844
n6cvcu2ehx092gdrdder_57,239
n6cvcu2ehx092gdrdder_59,381
o9u143b7n7ixk3no52sh_3,239
o9u143b7n7ixk3no52sh_4,943
o9u143b7n7ixk3no52sh_10,337
o9u143b7n7ixk3no52sh_11,462
o9u143b7n7ixk3no52sh_12,704
o9u143b7n7ixk3no52sh_13,936
o9u143b7n7ixk3no52sh_17,279
o9u143b7n7ixk3no52sh_20,816
o9u143b7n7ixk3no52sh_21,770
o9u143b7n7ixk3no52sh_28,876
o9u143b7n7ixk3no52sh_29,816
o9u143b7n7ixk3no52sh_31,833
o9u143b7n7ixk3no52sh_37,239
o9u143b7n7ixk3no52sh_41,747
o9u143b7n7ixk3no52sh_45,704
o9u143b7n7ixk3no52sh_52,844
o9u143b7n7ixk3no52sh_53,944
o9u143b7n7ixk3no52sh_54,875
o9u143b7n7ixk3no52sh_61,944
o9u143b7n7ixk3no52sh_63,294
vn5xnosixcfq7n7ayn6d_0,933
vn5xnosixcfq7n7ayn6d_16,933
vn5xnosixcfq7n7ayn6d_24,135
vn5xnosixcfq7n7ayn6d_32,135
vn5xnosixcfq7n7ayn6d_34,135
vn5xnosixcfq7n7ayn6d_44,135
vn5xnosixcfq7n7ayn6d_50,430
vn5xnosixcfq7n7ayn6d_54,135
vn5xnosixcfq7n7ayn6d_61,440
vn5xnosixcfq7n7ayn6d_63,135
ahmz5nsmjw8dn35kr59f_0,566
ahmz5nsmjw8dn35kr59f_1,279
ahmz5nsmjw8dn35kr59f_4,781
ahmz5nsmjw8dn35kr59f_9,607
ahmz5nsmjw8dn35kr59f_17,135
ahmz5nsmjw8dn35kr59f_18,960
ahmz5nsmjw8dn35kr59f_24,482
ahmz5nsmjw8dn35kr59f_39,875
ahmz5nsmjw8dn35kr59f_43,752
ahmz5nsmjw8dn35kr59f_44,515
ahmz5nsmjw8dn35kr59f_45,515
ahmz5nsmjw8dn35kr59f_46,704
ahmz5nsmjw8dn35kr59f_52,381
ahmz5nsmjw8dn35kr59f_53,817
ahmz5nsmjw8dn35kr59f_61,430
f0l4wxckr3bdgtjgyoof_1,1006
f0l4wxckr3bdgtjgyoof_3,726
f0l4wxckr3bdgtjgyoof_5,817
f0l4wxckr3bdgtjgyoof_17,817
f0l4wxckr3bdgtjgyoof_19,933
f0l4wxckr3bdgtjgyoof_23,781
f0l4wxckr3bdgtjgyoof_28,515
f0l4wxckr3bdgtjgyoof_29,515
f0l4wxckr3bdgtjgyoof_34,477
f0l4wxckr3bdgtjgyoof_38,300
f0l4wxckr3bdgtjgyoof_42,677
f0l4wxckr3bdgtjgyoof_45,933
f0l4wxckr3bdgtjgyoof_52,381
f0l4wxckr3bdgtjgyoof_53,653
f0l4wxckr3bdgtjgyoof_60,477
f0l4wxckr3bdgtjgyoof_63,933
5tf4j0uzo1h144zen21v_12,135
5tf4j0uzo1h144zen21v_25,39
5tf4j0uzo1h144zen21v_26,279
5tf4j0uzo1h144zen21v_29,279
5tf4j0uzo1h144zen21v_37,933
5tf4j0uzo1h144zen21v_38,279
5tf4j0uzo1h144zen21v_43,135
5tf4j0uzo1h144zen21v_51,135
5tf4j0uzo1h144zen21v_54,279
5tf4j0uzo1h144zen21v_58,90
5tf4j0uzo1h144zen21v_60,135
5tf4j0uzo1h144zen21v_62,135
5tf4j0uzo1h144zen21v_63,135
ewl3j2nu4jg31ws50tqf_1,875
ewl3j2nu4jg31ws50tqf_3,960
ewl3j2nu4jg31ws50tqf_7,279
ewl3j2nu4jg31ws50tqf_8,875
ewl3j2nu4jg31ws50tqf_9,704
ewl3j2nu4jg31ws50tqf_11,960
ewl3j2nu4jg31ws50tqf_19,960
ewl3j2nu4jg31ws50tqf_22,960
ewl3j2nu4jg31ws50tqf_25,704
ewl3j2nu4jg31ws50tqf_29,960
ewl3j2nu4jg31ws50tqf_36,919
ewl3j2nu4jg31ws50tqf_37,135
ewl3j2nu4jg31ws50tqf_39,135
ewl3j2nu4jg31ws50tqf_54,135
ewl3j2nu4jg31ws50tqf_55,135
ewl3j2nu4jg31ws50tqf_63,440
jo28jjgf1liv998kf10c_1,279
jo28jjgf1liv998kf10c_6,135
jo28jjgf1liv998kf10c_18,279
jo28jjgf1liv998kf10c_25,135
jo28jjgf1liv998kf10c_27,279
jo28jjgf1liv998kf10c_32,135
jo28jjgf1liv998kf10c_46,135
jo28jjgf1liv998kf10c_53,135
10cem2kokhpq5mntvxco_2,607
10cem2kokhpq5mntvxco_3,943
10cem2kokhpq5mntvxco_12,279
10cem2kokhpq5mntvxco_16,135
10cem2kokhpq5mntvxco_32,135
10cem2kokhpq5mntvxco_37,135
10cem2kokhpq5mntvxco_38,279
10cem2kokhpq5mntvxco_50,381
kpaioo152kg1v3ewb6xz_3,936
kpaioo152kg1v3ewb6xz_4,491
kpaioo152kg1v3ewb6xz_10,135
kpaioo152kg1v3ewb6xz_13,135
kpaioo152kg1v3ewb6xz_22,279
kpaioo152kg1v3ewb6xz_30,279
kpaioo152kg1v3ewb6xz_34,279
kpaioo152kg1v3ewb6xz_42,279
kpaioo152kg1v3ewb6xz_43,135
kpaioo152kg1v3ewb6xz_45,135
kpaioo152kg1v3ewb6xz_47,135
kpaioo152kg1v3ewb6xz_49,430
kpaioo152kg1v3ewb6xz_52,607
kpaioo152kg1v3ewb6xz_57,279
kpaioo152kg1v3ewb6xz_58,279
rbkaxf3wddwd11qwe5wx_3,943
rbkaxf3wddwd11qwe5wx_14,950
rbkaxf3wddwd11qwe5wx_18,248
rbkaxf3wddwd11qwe5wx_23,931
rbkaxf3wddwd11qwe5wx_24,165
rbkaxf3wddwd11qwe5wx_25,135
rbkaxf3wddwd11qwe5wx_27,248
rbkaxf3wddwd11qwe5wx_36,135
rbkaxf3wddwd11qwe5wx_45,135
rbkaxf3wddwd11qwe5wx_46,781
rbkaxf3wddwd11qwe5wx_49,139
rbkaxf3wddwd11qwe5wx_50,394
rbkaxf3wddwd11qwe5wx_51,279
rbkaxf3wddwd11qwe5wx_52,279
rbkaxf3wddwd11qwe5wx_57,305
rbkaxf3wddwd11qwe5wx_59,933
rbkaxf3wddwd11qwe5wx_60,279
tjqtgmeqwgradyk953po_2,279
tjqtgmeqwgradyk953po_5,300
tjqtgmeqwgradyk953po_8,933
tjqtgmeqwgradyk953po_10,607
tjqtgmeqwgradyk953po_11,135
tjqtgmeqwgradyk953po_12,279
tjqtgmeqwgradyk953po_13,300
tjqtgmeqwgradyk953po_14,279
tjqtgmeqwgradyk953po_16,933
tjqtgmeqwgradyk953po_17,279
tjqtgmeqwgradyk953po_21,876
tjqtgmeqwgradyk953po_24,135
tjqtgmeqwgradyk953po_37,279
tjqtgmeqwgradyk953po_43,135
tjqtgmeqwgradyk953po_45,279
tjqtgmeqwgradyk953po_48,933
tjqtgmeqwgradyk953po_49,135
tjqtgmeqwgradyk953po_50,135
tjqtgmeqwgradyk953po_57,381
tj62we6r6c01dgyh3qsn_6,135
tj62we6r6c01dgyh3qsn_12,279
tj62we6r6c01dgyh3qsn_14,135
tj62we6r6c01dgyh3qsn_18,279
tj62we6r6c01dgyh3qsn_19,279
tj62we6r6c01dgyh3qsn_23,607
tj62we6r6c01dgyh3qsn_27,135
tj62we6r6c01dgyh3qsn_28,135
tj62we6r6c01dgyh3qsn_31,135
tj62we6r6c01dgyh3qsn_35,816
tj62we6r6c01dgyh3qsn_38,513
tj62we6r6c01dgyh3qsn_43,279
tj62we6r6c01dgyh3qsn_45,279
tj62we6r6c01dgyh3qsn_52,39
tj62we6r6c01dgyh3qsn_61,279
ht38rtcrr9h200w10eut_2,781
ht38rtcrr9h200w10eut_8,933
ht38rtcrr9h200w10eut_10,658
ht38rtcrr9h200w10eut_12,135
ht38rtcrr9h200w10eut_28,279
ht38rtcrr9h200w10eut_29,607
ht38rtcrr9h200w10eut_40,279
ht38rtcrr9h200w10eut_42,279
ht38rtcrr9h200w10eut_45,279
ht38rtcrr9h200w10eut_48,607
ht38rtcrr9h200w10eut_49,135
ht38rtcrr9h200w10eut_52,279
ht38rtcrr9h200w10eut_61,135
ht38rtcrr9h200w10eut_62,135
5kn6347vv60nsem9iuxv_7,135
5kn6347vv60nsem9iuxv_10,515
5kn6347vv60nsem9iuxv_12,135
5kn6347vv60nsem9iuxv_15,440
5kn6347vv60nsem9iuxv_18,960
5kn6347vv60nsem9iuxv_20,960
5kn6347vv60nsem9iuxv_26,960
5kn6347vv60nsem9iuxv_29,960
5kn6347vv60nsem9iuxv_30,147
5kn6347vv60nsem9iuxv_31,988
5kn6347vv60nsem9iuxv_38,616
5kn6347vv60nsem9iuxv_45,543
5kn6347vv60nsem9iuxv_46,960
5kn6347vv60nsem9iuxv_51,248
5kn6347vv60nsem9iuxv_52,960
5kn6347vv60nsem9iuxv_54,543
5kn6347vv60nsem9iuxv_55,299
5kn6347vv60nsem9iuxv_60,999
5kn6347vv60nsem9iuxv_61,960
gfj3hwwesov7wntndzt7_2,279
gfj3hwwesov7wntndzt7_9,607
gfj3hwwesov7wntndzt7_20,607
gfj3hwwesov7wntndzt7_22,817
gfj3hwwesov7wntndzt7_47,279
gfj3hwwesov7wntndzt7_50,394
gfj3hwwesov7wntndzt7_55,135
gfj3hwwesov7wntndzt7_60,135
gfj3hwwesov7wntndzt7_62,135
8x6h6f5aavri9mjgcqcr_13,135
8x6h6f5aavri9mjgcqcr_14,135
8x6h6f5aavri9mjgcqcr_23,607
8x6h6f5aavri9mjgcqcr_37,933
8x6h6f5aavri9mjgcqcr_45,933
8x6h6f5aavri9mjgcqcr_47,279
8x6h6f5aavri9mjgcqcr_48,960
8x6h6f5aavri9mjgcqcr_49,279
8x6h6f5aavri9mjgcqcr_50,279
8x6h6f5aavri9mjgcqcr_53,279
4dfwe10a22muyn2z5cpt_14,135
4dfwe10a22muyn2z5cpt_17,135
4dfwe10a22muyn2z5cpt_20,781
4dfwe10a22muyn2z5cpt_32,933
4dfwe10a22muyn2z5cpt_35,279
4dfwe10a22muyn2z5cpt_36,279
4dfwe10a22muyn2z5cpt_41,279
4dfwe10a22muyn2z5cpt_46,279
4dfwe10a22muyn2z5cpt_53,607
8015izvprf9az8wjahco_2,300
8015izvprf9az8wjahco_10,279
8015izvprf9az8wjahco_18,405
8015izvprf9az8wjahco_20,39
8015izvprf9az8wjahco_22,607
8015izvprf9az8wjahco_30,607
8015izvprf9az8wjahco_37,279
8015izvprf9az8wjahco_41,781
8015izvprf9az8wjahco_43,279
8015izvprf9az8wjahco_45,279
8015izvprf9az8wjahco_53,607
co0vaazxvndrnxk5m07b_2,477
co0vaazxvndrnxk5m07b_6,135
co0vaazxvndrnxk5m07b_10,165
co0vaazxvndrnxk5m07b_11,279
co0vaazxvndrnxk5m07b_12,279
co0vaazxvndrnxk5m07b_13,135
co0vaazxvndrnxk5m07b_19,279
co0vaazxvndrnxk5m07b_23,781
co0vaazxvndrnxk5m07b_26,491
co0vaazxvndrnxk5m07b_27,1006
co0vaazxvndrnxk5m07b_36,135
co0vaazxvndrnxk5m07b_37,135
co0vaazxvndrnxk5m07b_42,1006
co0vaazxvndrnxk5m07b_47,513
co0vaazxvndrnxk5m07b_50,381
co0vaazxvndrnxk5m07b_52,135
co0vaazxvndrnxk5m07b_55,933
co0vaazxvndrnxk5m07b_58,201
co0vaazxvndrnxk5m07b_59,440
co0vaazxvndrnxk5m07b_61,135
huhu5ru9tv5ti9knwmr7_1,933
huhu5ru9tv5ti9knwmr7_6,791
huhu5ru9tv5ti9knwmr7_9,933
huhu5ru9tv5ti9knwmr7_14,791
huhu5ru9tv5ti9knwmr7_18,279
huhu5ru9tv5ti9knwmr7_19,135
huhu5ru9tv5ti9knwmr7_24,135
huhu5ru9tv5ti9knwmr7_31,238
huhu5ru9tv5ti9knwmr7_36,440
huhu5ru9tv5ti9knwmr7_37,865
huhu5ru9tv5ti9knwmr7_39,482
huhu5ru9tv5ti9knwmr7_46,465
huhu5ru9tv5ti9knwmr7_47,364
huhu5ru9tv5ti9knwmr7_55,238
vg4whnzkp4f4fgq50jp9_3,929
vg4whnzkp4f4fgq50jp9_8,929
vg4whnzkp4f4fgq50jp9_10,362
vg4whnzkp4f4fgq50jp9_11,325
vg4whnzkp4f4fgq50jp9_21,362
vg4whnzkp4f4fgq50jp9_25,384
vg4whnzkp4f4fgq50jp9_27,491
vg4whnzkp4f4fgq50jp9_28,491
vg4whnzkp4f4fgq50jp9_29,384
vg4whnzkp4f4fgq50jp9_41,34
vg4whnzkp4f4fgq50jp9_44,34
vg4whnzkp4f4fgq50jp9_46,578
vg4whnzkp4f4fgq50jp9_48,657
vg4whnzkp4f4fgq50jp9_49,876
vg4whnzkp4f4fgq50jp9_50,578
vg4whnzkp4f4fgq50jp9_51,394
vg4whnzkp4f4fgq50jp9_52,394
vg4whnzkp4f4fgq50jp9_55,648
vg4whnzkp4f4fgq50jp9_57,19
vg4whnzkp4f4fgq50jp9_60,929
k2yoqe6vjhph0vnymffx_1,491
k2yoqe6vjhph0vnymffx_8,874
k2yoqe6vjhph0vnymffx_12,851
k2yoqe6vjhph0vnymffx_28,392
k2yoqe6vjhph0vnymffx_31,1005
k2yoqe6vjhph0vnymffx_35,648
k2yoqe6vjhph0vnymffx_38,1005
k2yoqe6vjhph0vnymffx_39,578
k2yoqe6vjhph0vnymffx_42,22
k2yoqe6vjhph0vnymffx_46,519
k2yoqe6vjhph0vnymffx_53,35
tvv6jyopkk65o4peb2r7_0,956
tvv6jyopkk65o4peb2r7_13,687
tvv6jyopkk65o4peb2r7_14,362
tvv6jyopkk65o4peb2r7_24,874
tvv6jyopkk65o4peb2r7_25,34
tvv6jyopkk65o4peb2r7_26,766
tvv6jyopkk65o4peb2r7_27,578
tvv6jyopkk65o4peb2r7_28,106
tvv6jyopkk65o4peb2r7_29,851
tvv6jyopkk65o4peb2r7_30,106
tvv6jyopkk65o4peb2r7_33,34
tvv6jyopkk65o4peb2r7_35,34
tvv6jyopkk65o4peb2r7_36,34
tvv6jyopkk65o4peb2r7_38,106
tvv6jyopkk65o4peb2r7_39,620
tvv6jyopkk65o4peb2r7_42,394
tvv6jyopkk65o4peb2r7_50,944
tvv6jyopkk65o4peb2r7_53,944
91cnomofe0glzmnje4tx_0,657
91cnomofe0glzmnje4tx_1,687
91cnomofe0glzmnje4tx_3,384
91cnomofe0glzmnje4tx_6,648
91cnomofe0glzmnje4tx_11,34
91cnomofe0glzmnje4tx_12,34
91cnomofe0glzmnje4tx_14,34
91cnomofe0glzmnje4tx_15,34
91cnomofe0glzmnje4tx_16,715
91cnomofe0glzmnje4tx_21,34
91cnomofe0glzmnje4tx_24,578
91cnomofe0glzmnje4tx_25,977
91cnomofe0glzmnje4tx_26,161
91cnomofe0glzmnje4tx_29,34
91cnomofe0glzmnje4tx_33,578
91cnomofe0glzmnje4tx_35,325
91cnomofe0glzmnje4tx_36,944
91cnomofe0glzmnje4tx_41,377
91cnomofe0glzmnje4tx_50,874
91cnomofe0glzmnje4tx_58,844
e7jdy221egqf6xxukme4_1,950
e7jdy221egqf6xxukme4_7,662
e7jdy221egqf6xxukme4_9,362
e7jdy221egqf6xxukme4_12,325
e7jdy221egqf6xxukme4_19,851
e7jdy221egqf6xxukme4_21,106
e7jdy221egqf6xxukme4_26,362
e7jdy221egqf6xxukme4_28,34
e7jdy221egqf6xxukme4_35,392
e7jdy221egqf6xxukme4_45,844
e7jdy221egqf6xxukme4_46,394
e7jdy221egqf6xxukme4_47,513
e7jdy221egqf6xxukme4_53,394
e7jdy221egqf6xxukme4_55,844
e7jdy221egqf6xxukme4_58,898
e7jdy221egqf6xxukme4_60,342
e7jdy221egqf6xxukme4_62,844
e7jdy221egqf6xxukme4_63,402
7ylnzgqigkhqpl9djwyw_0,956
7ylnzgqigkhqpl9djwyw_1,956
7ylnzgqigkhqpl9djwyw_8,956
7ylnzgqigkhqpl9djwyw_25,19
7ylnzgqigkhqpl9djwyw_26,362
7ylnzgqigkhqpl9djwyw_30,804
7ylnzgqigkhqpl9djwyw_31,620
7ylnzgqigkhqpl9djwyw_35,394
7ylnzgqigkhqpl9djwyw_36,392
7ylnzgqigkhqpl9djwyw_38,338
7ylnzgqigkhqpl9djwyw_39,620
7ylnzgqigkhqpl9djwyw_42,519
7ylnzgqigkhqpl9djwyw_43,578
7ylnzgqigkhqpl9djwyw_47,620
7ylnzgqigkhqpl9djwyw_48,929
7ylnzgqigkhqpl9djwyw_49,851
7ylnzgqigkhqpl9djwyw_50,851
7ylnzgqigkhqpl9djwyw_51,34
7ylnzgqigkhqpl9djwyw_52,161
7ylnzgqigkhqpl9djwyw_60,384
k4rc6769geujv7fk6p2n_4,279
k4rc6769geujv7fk6p2n_7,279
k4rc6769geujv7fk6p2n_10,279
k4rc6769geujv7fk6p2n_19,39
k4rc6769geujv7fk6p2n_29,39
k4rc6769geujv7fk6p2n_33,279
k4rc6769geujv7fk6p2n_59,1005
k4rc6769geujv7fk6p2n_60,1005
7g3fvm18cn96mxxos74r_1,1006
7g3fvm18cn96mxxos74r_6,135
7g3fvm18cn96mxxos74r_8,933
7g3fvm18cn96mxxos74r_14,135
7g3fvm18cn96mxxos74r_17,135
7g3fvm18cn96mxxos74r_18,933
7g3fvm18cn96mxxos74r_23,135
7g3fvm18cn96mxxos74r_26,933
7g3fvm18cn96mxxos74r_29,337
7g3fvm18cn96mxxos74r_31,381
7g3fvm18cn96mxxos74r_32,279
7g3fvm18cn96mxxos74r_34,135
7g3fvm18cn96mxxos74r_37,983
7g3fvm18cn96mxxos74r_40,933
7g3fvm18cn96mxxos74r_41,762
md5hmi7rkjf346k7dmq4_0,933
md5hmi7rkjf346k7dmq4_1,279
md5hmi7rkjf346k7dmq4_9,135
md5hmi7rkjf346k7dmq4_11,816
md5hmi7rkjf346k7dmq4_20,135
md5hmi7rkjf346k7dmq4_29,135
md5hmi7rkjf346k7dmq4_34,279
md5hmi7rkjf346k7dmq4_38,135
md5hmi7rkjf346k7dmq4_42,135
md5hmi7rkjf346k7dmq4_43,39
md5hmi7rkjf346k7dmq4_45,440
md5hmi7rkjf346k7dmq4_46,620
md5hmi7rkjf346k7dmq4_48,279
md5hmi7rkjf346k7dmq4_49,279
md5hmi7rkjf346k7dmq4_51,607
md5hmi7rkjf346k7dmq4_52,854
md5hmi7rkjf346k7dmq4_56,933
g51j6f65nklollmijd8q_0,294
g51j6f65nklollmijd8q_1,531
g51j6f65nklollmijd8q_4,115
g51j6f65nklollmijd8q_7,161
g51j6f65nklollmijd8q_8,578
g51j6f65nklollmijd8q_11,115
g51j6f65nklollmijd8q_12,236
g51j6f65nklollmijd8q_17,161
g51j6f65nklollmijd8q_22,384
g51j6f65nklollmijd8q_24,876
g51j6f65nklollmijd8q_25,59
g51j6f65nklollmijd8q_41,317
g51j6f65nklollmijd8q_51,34
g51j6f65nklollmijd8q_57,34
g51j6f65nklollmijd8q_59,34
g51j6f65nklollmijd8q_63,34
aulzeuazecargxn00uej_13,491
aulzeuazecargxn00uej_19,278
aulzeuazecargxn00uej_21,384
aulzeuazecargxn00uej_24,165
aulzeuazecargxn00uej_25,874
aulzeuazecargxn00uej_26,34
aulzeuazecargxn00uej_27,34
aulzeuazecargxn00uej_28,34
aulzeuazecargxn00uej_31,34
aulzeuazecargxn00uej_32,874
aulzeuazecargxn00uej_35,34
aulzeuazecargxn00uej_51,35
aulzeuazecargxn00uej_59,201
aulzeuazecargxn00uej_60,648
0817d5iv7m0b1smi33sp_2,278
0817d5iv7m0b1smi33sp_3,440
0817d5iv7m0b1smi33sp_4,384
0817d5iv7m0b1smi33sp_5,384
0817d5iv7m0b1smi33sp_7,956
0817d5iv7m0b1smi33sp_8,578
0817d5iv7m0b1smi33sp_12,882
0817d5iv7m0b1smi33sp_14,882
0817d5iv7m0b1smi33sp_17,34
0817d5iv7m0b1smi33sp_18,34
0817d5iv7m0b1smi33sp_25,440
0817d5iv7m0b1smi33sp_27,34
0817d5iv7m0b1smi33sp_36,34
0817d5iv7m0b1smi33sp_38,381
q28i54vibgnkpariy27k_6,338
q28i54vibgnkpariy27k_7,882
q28i54vibgnkpariy27k_14,338
q28i54vibgnkpariy27k_18,34
q28i54vibgnkpariy27k_19,34
q28i54vibgnkpariy27k_21,34
q28i54vibgnkpariy27k_22,882
q28i54vibgnkpariy27k_32,430
q28i54vibgnkpariy27k_36,34
q28i54vibgnkpariy27k_39,34
q28i54vibgnkpariy27k_40,165
q28i54vibgnkpariy27k_41,201
q28i54vibgnkpariy27k_53,394
q28i54vibgnkpariy27k_62,637
51rw055pper2g2a3u4ri_10,325
51rw055pper2g2a3u4ri_17,34
51rw055pper2g2a3u4ri_18,34
51rw055pper2g2a3u4ri_24,165
51rw055pper2g2a3u4ri_25,440
51rw055pper2g2a3u4ri_26,34
51rw055pper2g2a3u4ri_29,34
51rw055pper2g2a3u4ri_34,381
51rw055pper2g2a3u4ri_35,438
51rw055pper2g2a3u4ri_43,394
51rw055pper2g2a3u4ri_45,34
51rw055pper2g2a3u4ri_46,34
51rw055pper2g2a3u4ri_52,201
51rw055pper2g2a3u4ri_53,394
51rw055pper2g2a3u4ri_54,161
51rw055pper2g2a3u4ri_61,430
51rw055pper2g2a3u4ri_62,381
c3kwfhubelexixex4m7m_0,238
c3kwfhubelexixex4m7m_1,687
c3kwfhubelexixex4m7m_4,687
c3kwfhubelexixex4m7m_5,687
c3kwfhubelexixex4m7m_6,687
c3kwfhubelexixex4m7m_9,362
c3kwfhubelexixex4m7m_13,325
c3kwfhubelexixex4m7m_15,929
c3kwfhubelexixex4m7m_16,165
c3kwfhubelexixex4m7m_17,325
c3kwfhubelexixex4m7m_40,578
c3kwfhubelexixex4m7m_42,781
c3kwfhubelexixex4m7m_48,34
c3kwfhubelexixex4m7m_49,34
c3kwfhubelexixex4m7m_51,34
c3kwfhubelexixex4m7m_53,135
piu5683qihhcz2yh96rg_3,384
piu5683qihhcz2yh96rg_4,578
piu5683qihhcz2yh96rg_5,338
piu5683qihhcz2yh96rg_6,882
piu5683qihhcz2yh96rg_7,882
piu5683qihhcz2yh96rg_11,34
piu5683qihhcz2yh96rg_13,392
piu5683qihhcz2yh96rg_16,430
piu5683qihhcz2yh96rg_24,165
piu5683qihhcz2yh96rg_25,440
piu5683qihhcz2yh96rg_32,165
piu5683qihhcz2yh96rg_34,342
piu5683qihhcz2yh96rg_35,438
piu5683qihhcz2yh96rg_38,230
piu5683qihhcz2yh96rg_39,620
piu5683qihhcz2yh96rg_43,384
piu5683qihhcz2yh96rg_44,578
piu5683qihhcz2yh96rg_45,648
piu5683qihhcz2yh96rg_46,637
piu5683qihhcz2yh96rg_52,394
z965hgkfxzhgi8ztc55w_7,956
z965hgkfxzhgi8ztc55w_16,165
z965hgkfxzhgi8ztc55w_17,325
z965hgkfxzhgi8ztc55w_18,362
z965hgkfxzhgi8ztc55w_19,317
z965hgkfxzhgi8ztc55w_20,851
z965hgkfxzhgi8ztc55w_23,362
z965hgkfxzhgi8ztc55w_24,781
z965hgkfxzhgi8ztc55w_25,362
z965hgkfxzhgi8ztc55w_26,362
z965hgkfxzhgi8ztc55w_28,106
z965hgkfxzhgi8ztc55w_31,657
z965hgkfxzhgi8ztc55w_48,578
z965hgkfxzhgi8ztc55w_50,34
z965hgkfxzhgi8ztc55w_51,34
z965hgkfxzhgi8ztc55w_53,578
z965hgkfxzhgi8ztc55w_57,34
z965hgkfxzhgi8ztc55w_58,34
z965hgkfxzhgi8ztc55w_60,34
z965hgkfxzhgi8ztc55w_61,766
ipdip6atxhaptmtl9rxc_35,578
ipdip6atxhaptmtl9rxc_36,384
ipdip6atxhaptmtl9rxc_37,317
ipdip6atxhaptmtl9rxc_38,648
ipdip6atxhaptmtl9rxc_39,977
ipdip6atxhaptmtl9rxc_40,578
ipdip6atxhaptmtl9rxc_41,278
ipdip6atxhaptmtl9rxc_43,384
ipdip6atxhaptmtl9rxc_45,977
ipdip6atxhaptmtl9rxc_47,338
ipdip6atxhaptmtl9rxc_48,34
ipdip6atxhaptmtl9rxc_52,933
ipdip6atxhaptmtl9rxc_53,392
ipdip6atxhaptmtl9rxc_56,578
ipdip6atxhaptmtl9rxc_57,34
ipdip6atxhaptmtl9rxc_58,34
ipdip6atxhaptmtl9rxc_59,34
ipdip6atxhaptmtl9rxc_60,882
kdskzb4qb1z9ftkxkzsd_0,933
kdskzb4qb1z9ftkxkzsd_1,392
kdskzb4qb1z9ftkxkzsd_2,34
kdskzb4qb1z9ftkxkzsd_3,34
kdskzb4qb1z9ftkxkzsd_4,278
kdskzb4qb1z9ftkxkzsd_9,34
kdskzb4qb1z9ftkxkzsd_10,34
kdskzb4qb1z9ftkxkzsd_24,337
kdskzb4qb1z9ftkxkzsd_25,106
kdskzb4qb1z9ftkxkzsd_26,578
kdskzb4qb1z9ftkxkzsd_31,392
kdskzb4qb1z9ftkxkzsd_34,278
kdskzb4qb1z9ftkxkzsd_41,34
kdskzb4qb1z9ftkxkzsd_48,337
kdskzb4qb1z9ftkxkzsd_53,34
kdskzb4qb1z9ftkxkzsd_58,34
kdskzb4qb1z9ftkxkzsd_60,34
pbojrridbakl1brbsvqw_7,422
pbojrridbakl1brbsvqw_13,515
pbojrridbakl1brbsvqw_14,422
pbojrridbakl1brbsvqw_16,161
pbojrridbakl1brbsvqw_25,392
pbojrridbakl1brbsvqw_26,1005
pbojrridbakl1brbsvqw_27,1005
pbojrridbakl1brbsvqw_30,526
pbojrridbakl1brbsvqw_33,578
pbojrridbakl1brbsvqw_38,526
pbojrridbakl1brbsvqw_39,422
pbojrridbakl1brbsvqw_41,201
pbojrridbakl1brbsvqw_45,430
tkhvlh17rqs89pkemog8_28,726
tkhvlh17rqs89pkemog8_29,781
tkhvlh17rqs89pkemog8_33,578
tkhvlh17rqs89pkemog8_34,317
tkhvlh17rqs89pkemog8_35,578
tkhvlh17rqs89pkemog8_36,121
tkhvlh17rqs89pkemog8_37,882
tkhvlh17rqs89pkemog8_38,106
tkhvlh17rqs89pkemog8_39,34
tkhvlh17rqs89pkemog8_40,578
tkhvlh17rqs89pkemog8_44,394
tkhvlh17rqs89pkemog8_45,34
tkhvlh17rqs89pkemog8_51,578
tkhvlh17rqs89pkemog8_52,342
tkhvlh17rqs89pkemog8_55,34
tkhvlh17rqs89pkemog8_56,578
tkhvlh17rqs89pkemog8_59,648
tkhvlh17rqs89pkemog8_60,394
tkhvlh17rqs89pkemog8_61,578
tkhvlh17rqs89pkemog8_63,34
ben48mmxd3xgyihvmqnp_0,384
ben48mmxd3xgyihvmqnp_17,161
ben48mmxd3xgyihvmqnp_18,245
ben48mmxd3xgyihvmqnp_19,245
ben48mmxd3xgyihvmqnp_24,977
ben48mmxd3xgyihvmqnp_25,34
ben48mmxd3xgyihvmqnp_26,278
ben48mmxd3xgyihvmqnp_28,317
ben48mmxd3xgyihvmqnp_32,578
ben48mmxd3xgyihvmqnp_35,34
ben48mmxd3xgyihvmqnp_36,88
ben48mmxd3xgyihvmqnp_42,34
ben48mmxd3xgyihvmqnp_46,278
ben48mmxd3xgyihvmqnp_52,161
gr4by8dibs9vmi1zpv37_5,239
gr4by8dibs9vmi1zpv37_6,239
gr4by8dibs9vmi1zpv37_7,607
gr4by8dibs9vmi1zpv37_13,147
gr4by8dibs9vmi1zpv37_14,147
gr4by8dibs9vmi1zpv37_15,147
gr4by8dibs9vmi1zpv37_22,362
gr4by8dibs9vmi1zpv37_23,791
gr4by8dibs9vmi1zpv37_29,279
gr4by8dibs9vmi1zpv37_30,279
gr4by8dibs9vmi1zpv37_31,750
gr4by8dibs9vmi1zpv37_37,135
gr4by8dibs9vmi1zpv37_38,816
gr4by8dibs9vmi1zpv37_39,279
gr4by8dibs9vmi1zpv37_46,381
gr4by8dibs9vmi1zpv37_47,875
gr4by8dibs9vmi1zpv37_54,430
woq9g2tucxn1997b3rap_0,294
woq9g2tucxn1997b3rap_1,687
woq9g2tucxn1997b3rap_2,687
woq9g2tucxn1997b3rap_3,687
woq9g2tucxn1997b3rap_4,278
woq9g2tucxn1997b3rap_5,384
woq9g2tucxn1997b3rap_9,325
woq9g2tucxn1997b3rap_10,325
woq9g2tucxn1997b3rap_11,362
woq9g2tucxn1997b3rap_12,34
woq9g2tucxn1997b3rap_15,34
woq9g2tucxn1997b3rap_18,766
woq9g2tucxn1997b3rap_21,34
woq9g2tucxn1997b3rap_31,34
woq9g2tucxn1997b3rap_32,165
woq9g2tucxn1997b3rap_56,402
ivcyd3tbgv4r02ju8etp_0,972
ivcyd3tbgv4r02ju8etp_1,708
ivcyd3tbgv4r02ju8etp_2,918
ivcyd3tbgv4r02ju8etp_5,918
ivcyd3tbgv4r02ju8etp_10,164
ivcyd3tbgv4r02ju8etp_11,164
ivcyd3tbgv4r02ju8etp_12,327
ivcyd3tbgv4r02ju8etp_29,672
ivcyd3tbgv4r02ju8etp_30,827
ivcyd3tbgv4r02ju8etp_31,827
ivcyd3tbgv4r02ju8etp_32,1002
ivcyd3tbgv4r02ju8etp_41,367
ivcyd3tbgv4r02ju8etp_50,327
ivcyd3tbgv4r02ju8etp_52,1007
ivcyd3tbgv4r02ju8etp_53,495
ivcyd3tbgv4r02ju8etp_55,149
ivcyd3tbgv4r02ju8etp_56,153
ivcyd3tbgv4r02ju8etp_59,601
ivcyd3tbgv4r02ju8etp_61,826
8uyfybawcom88gkd8jkt_18,164
8uyfybawcom88gkd8jkt_24,964
8uyfybawcom88gkd8jkt_25,228
8uyfybawcom88gkd8jkt_32,827
8uyfybawcom88gkd8jkt_34,782
8uyfybawcom88gkd8jkt_35,953
8uyfybawcom88gkd8jkt_36,788
8uyfybawcom88gkd8jkt_42,827
8uyfybawcom88gkd8jkt_43,788
8uyfybawcom88gkd8jkt_46,798
8uyfybawcom88gkd8jkt_47,212
8uyfybawcom88gkd8jkt_49,826
8uyfybawcom88gkd8jkt_51,798
8uyfybawcom88gkd8jkt_52,227
8uyfybawcom88gkd8jkt_53,798
8uyfybawcom88gkd8jkt_56,98
8uyfybawcom88gkd8jkt_57,826
8uyfybawcom88gkd8jkt_58,826
8uyfybawcom88gkd8jkt_60,826
jqtn3ra2m7zgxacbujth_33,860
jqtn3ra2m7zgxacbujth_41,827
jqtn3ra2m7zgxacbujth_43,827
jqtn3ra2m7zgxacbujth_44,855
jqtn3ra2m7zgxacbujth_52,711
jqtn3ra2m7zgxacbujth_53,711
jqtn3ra2m7zgxacbujth_59,836
jqtn3ra2m7zgxacbujth_61,711
jqtn3ra2m7zgxacbujth_63,873
u8j56edgsrxt515vt8pu_18,164
u8j56edgsrxt515vt8pu_35,953
u8j56edgsrxt515vt8pu_36,788
u8j56edgsrxt515vt8pu_46,798
u8j56edgsrxt515vt8pu_49,826
u8j56edgsrxt515vt8pu_50,827
u8j56edgsrxt515vt8pu_55,667
u8j56edgsrxt515vt8pu_59,126
u8j56edgsrxt515vt8pu_61,947
u8j56edgsrxt515vt8pu_62,947
9xw465ic7xrtt7a1qv84_3,708
9xw465ic7xrtt7a1qv84_4,743
9xw465ic7xrtt7a1qv84_6,708
9xw465ic7xrtt7a1qv84_7,708
9xw465ic7xrtt7a1qv84_24,700
9xw465ic7xrtt7a1qv84_32,827
9xw465ic7xrtt7a1qv84_33,564
9xw465ic7xrtt7a1qv84_45,782
9xw465ic7xrtt7a1qv84_48,98
9xw465ic7xrtt7a1qv84_49,826
9xw465ic7xrtt7a1qv84_51,723
9xw465ic7xrtt7a1qv84_52,546
9xw465ic7xrtt7a1qv84_54,711
9xw465ic7xrtt7a1qv84_56,98
9xw465ic7xrtt7a1qv84_57,339
9xw465ic7xrtt7a1qv84_58,588
9xw465ic7xrtt7a1qv84_60,758
9xw465ic7xrtt7a1qv84_61,836
3cenc7icn1pu2d3vueyi_12,790
3cenc7icn1pu2d3vueyi_15,918
3cenc7icn1pu2d3vueyi_19,672
3cenc7icn1pu2d3vueyi_22,558
3cenc7icn1pu2d3vueyi_30,100
3cenc7icn1pu2d3vueyi_35,827
3cenc7icn1pu2d3vueyi_38,827
3cenc7icn1pu2d3vueyi_41,860
3cenc7icn1pu2d3vueyi_42,860
3cenc7icn1pu2d3vueyi_47,735
3cenc7icn1pu2d3vueyi_49,860
3cenc7icn1pu2d3vueyi_55,149
3cenc7icn1pu2d3vueyi_61,711
3cenc7icn1pu2d3vueyi_62,711
3cenc7icn1pu2d3vueyi_63,112
djms569vtdgdmtf4csjo_28,597
djms569vtdgdmtf4csjo_35,827
djms569vtdgdmtf4csjo_39,827
djms569vtdgdmtf4csjo_41,749
djms569vtdgdmtf4csjo_43,827
djms569vtdgdmtf4csjo_44,507
djms569vtdgdmtf4csjo_47,450
djms569vtdgdmtf4csjo_51,868
djms569vtdgdmtf4csjo_54,546
djms569vtdgdmtf4csjo_55,1019
djms569vtdgdmtf4csjo_56,763
djms569vtdgdmtf4csjo_57,418
djms569vtdgdmtf4csjo_58,711
djms569vtdgdmtf4csjo_60,588
drft9a5k1rdzv634nnsu_8,918
drft9a5k1rdzv634nnsu_37,788
drft9a5k1rdzv634nnsu_41,827
drft9a5k1rdzv634nnsu_50,826
drft9a5k1rdzv634nnsu_54,798
drft9a5k1rdzv634nnsu_55,667
drft9a5k1rdzv634nnsu_56,852
drft9a5k1rdzv634nnsu_57,826
drft9a5k1rdzv634nnsu_58,126
drft9a5k1rdzv634nnsu_59,126
euf7pdicexfn8qt18s6y_9,672
euf7pdicexfn8qt18s6y_16,1002
euf7pdicexfn8qt18s6y_17,247
euf7pdicexfn8qt18s6y_30,164
euf7pdicexfn8qt18s6y_38,77
euf7pdicexfn8qt18s6y_40,788
euf7pdicexfn8qt18s6y_42,953
euf7pdicexfn8qt18s6y_45,688
euf7pdicexfn8qt18s6y_50,546
euf7pdicexfn8qt18s6y_57,723
xacfd9w2qgzew6lyf9x2_6,708
xacfd9w2qgzew6lyf9x2_14,597
xacfd9w2qgzew6lyf9x2_19,150
xacfd9w2qgzew6lyf9x2_34,367
xacfd9w2qgzew6lyf9x2_36,827
xacfd9w2qgzew6lyf9x2_39,495
xacfd9w2qgzew6lyf9x2_41,495
xacfd9w2qgzew6lyf9x2_43,91
xacfd9w2qgzew6lyf9x2_44,495
xacfd9w2qgzew6lyf9x2_52,826
xacfd9w2qgzew6lyf9x2_53,826
xacfd9w2qgzew6lyf9x2_56,763
xacfd9w2qgzew6lyf9x2_58,756
xacfd9w2qgzew6lyf9x2_61,289
5kc7h5ylp4occnixr358_16,247
5kc7h5ylp4occnixr358_32,827
5kc7h5ylp4occnixr358_36,99
5kc7h5ylp4occnixr358_37,99
5kc7h5ylp4occnixr358_38,99
5kc7h5ylp4occnixr358_40,98
5kc7h5ylp4occnixr358_41,827
5kc7h5ylp4occnixr358_45,310
5kc7h5ylp4occnixr358_46,701
5kc7h5ylp4occnixr358_48,98
5kc7h5ylp4occnixr358_52,99
5kc7h5ylp4occnixr358_53,798
5kc7h5ylp4occnixr358_57,826
5kc7h5ylp4occnixr358_58,826
5kc7h5ylp4occnixr358_60,826
5kc7h5ylp4occnixr358_61,798
5kc7h5ylp4occnixr358_63,112
7j10ckgdivstm9js7fe7_5,389
7j10ckgdivstm9js7fe7_10,672
7j10ckgdivstm9js7fe7_13,164
7j10ckgdivstm9js7fe7_22,219
7j10ckgdivstm9js7fe7_31,45
7j10ckgdivstm9js7fe7_37,327
7j10ckgdivstm9js7fe7_39,219
7j10ckgdivstm9js7fe7_40,1002
7j10ckgdivstm9js7fe7_41,367
7j10ckgdivstm9js7fe7_42,749
7j10ckgdivstm9js7fe7_46,219
7j10ckgdivstm9js7fe7_47,137
7j10ckgdivstm9js7fe7_50,489
7j10ckgdivstm9js7fe7_51,14
7j10ckgdivstm9js7fe7_52,914
7j10ckgdivstm9js7fe7_53,255
7j10ckgdivstm9js7fe7_60,826
7j10ckgdivstm9js7fe7_62,826
b3rmaq0si8j9cxf4zl8h_3,321
b3rmaq0si8j9cxf4zl8h_5,49
b3rmaq0si8j9cxf4zl8h_9,579
b3rmaq0si8j9cxf4zl8h_12,327
b3rmaq0si8j9cxf4zl8h_14,292
b3rmaq0si8j9cxf4zl8h_19,219
b3rmaq0si8j9cxf4zl8h_20,219
b3rmaq0si8j9cxf4zl8h_28,827
b3rmaq0si8j9cxf4zl8h_29,690
b3rmaq0si8j9cxf4zl8h_30,452
b3rmaq0si8j9cxf4zl8h_38,255
b3rmaq0si8j9cxf4zl8h_45,423
b3rmaq0si8j9cxf4zl8h_52,964
b3rmaq0si8j9cxf4zl8h_55,319
b3rmaq0si8j9cxf4zl8h_58,505
k55kdlav8k2wh90mblum_8,15
k55kdlav8k2wh90mblum_9,571
k55kdlav8k2wh90mblum_14,596
k55kdlav8k2wh90mblum_17,124
k55kdlav8k2wh90mblum_18,935
k55kdlav8k2wh90mblum_19,124
k55kdlav8k2wh90mblum_24,255
k55kdlav8k2wh90mblum_25,255
k55kdlav8k2wh90mblum_32,398
k55kdlav8k2wh90mblum_40,852
k55kdlav8k2wh90mblum_42,404
k55kdlav8k2wh90mblum_47,474
k55kdlav8k2wh90mblum_50,617
k55kdlav8k2wh90mblum_51,760
k55kdlav8k2wh90mblum_58,760
9msusj9jv9m3limxh8om_7,861
9msusj9jv9m3limxh8om_18,62
9msusj9jv9m3limxh8om_25,489
9msusj9jv9m3limxh8om_31,33
9msusj9jv9m3limxh8om_40,403
9msusj9jv9m3limxh8om_42,504
9msusj9jv9m3limxh8om_44,953
9msusj9jv9m3limxh8om_48,647
9msusj9jv9m3limxh8om_50,14
9msusj9jv9m3limxh8om_51,313
9msusj9jv9m3limxh8om_53,14
9msusj9jv9m3limxh8om_56,756
9msusj9jv9m3limxh8om_60,289
9msusj9jv9m3limxh8om_62,1009
6nkurs2re8lfns8btgzg_0,113
6nkurs2re8lfns8btgzg_1,113
6nkurs2re8lfns8btgzg_3,244
6nkurs2re8lfns8btgzg_4,717
6nkurs2re8lfns8btgzg_12,869
6nkurs2re8lfns8btgzg_22,310
6nkurs2re8lfns8btgzg_24,452
6nkurs2re8lfns8btgzg_25,255
6nkurs2re8lfns8btgzg_32,398
6nkurs2re8lfns8btgzg_35,398
6nkurs2re8lfns8btgzg_36,593
6nkurs2re8lfns8btgzg_41,62
6nkurs2re8lfns8btgzg_42,504
6nkurs2re8lfns8btgzg_49,792
6nkurs2re8lfns8btgzg_51,77
6nkurs2re8lfns8btgzg_57,347
6nkurs2re8lfns8btgzg_60,126
oatyx794xxnmdp0fcyzt_13,33
oatyx794xxnmdp0fcyzt_15,208
oatyx794xxnmdp0fcyzt_16,100
oatyx794xxnmdp0fcyzt_21,413
oatyx794xxnmdp0fcyzt_22,472
oatyx794xxnmdp0fcyzt_31,987
oatyx794xxnmdp0fcyzt_48,601
oatyx794xxnmdp0fcyzt_49,14
oatyx794xxnmdp0fcyzt_54,474
oatyx794xxnmdp0fcyzt_55,409
a7g49ze7x08qgx3g1nmy_4,522
a7g49ze7x08qgx3g1nmy_6,1000
a7g49ze7x08qgx3g1nmy_7,249
a7g49ze7x08qgx3g1nmy_11,298
a7g49ze7x08qgx3g1nmy_13,985
a7g49ze7x08qgx3g1nmy_15,293
a7g49ze7x08qgx3g1nmy_16,256
a7g49ze7x08qgx3g1nmy_33,320
a7g49ze7x08qgx3g1nmy_40,1014
a7g49ze7x08qgx3g1nmy_42,224
a7g49ze7x08qgx3g1nmy_49,517
a7g49ze7x08qgx3g1nmy_51,224
a7g49ze7x08qgx3g1nmy_52,437
a7g49ze7x08qgx3g1nmy_61,126
a7g49ze7x08qgx3g1nmy_63,836
w43otw6tyv9p4qb3d238_0,731
w43otw6tyv9p4qb3d238_6,612
w43otw6tyv9p4qb3d238_13,601
w43otw6tyv9p4qb3d238_20,596
w43otw6tyv9p4qb3d238_22,187
w43otw6tyv9p4qb3d238_23,574
w43otw6tyv9p4qb3d238_28,666
w43otw6tyv9p4qb3d238_30,452
w43otw6tyv9p4qb3d238_44,77
w43otw6tyv9p4qb3d238_45,250
w43otw6tyv9p4qb3d238_54,485
w43otw6tyv9p4qb3d238_58,341
w43otw6tyv9p4qb3d238_63,112
khqau03ofi3hq3n2svze_5,652
khqau03ofi3hq3n2svze_7,861
khqau03ofi3hq3n2svze_15,847
khqau03ofi3hq3n2svze_16,920
khqau03ofi3hq3n2svze_17,371
khqau03ofi3hq3n2svze_19,314
khqau03ofi3hq3n2svze_20,590
khqau03ofi3hq3n2svze_21,793
khqau03ofi3hq3n2svze_30,694
khqau03ofi3hq3n2svze_33,859
khqau03ofi3hq3n2svze_34,992
khqau03ofi3hq3n2svze_51,666
khqau03ofi3hq3n2svze_58,650
khqau03ofi3hq3n2svze_59,962
khqau03ofi3hq3n2svze_61,596
khqau03ofi3hq3n2svze_62,57
ivedn0slr8wyk7otmk8a_6,426
ivedn0slr8wyk7otmk8a_7,404
ivedn0slr8wyk7otmk8a_17,314
ivedn0slr8wyk7otmk8a_22,987
ivedn0slr8wyk7otmk8a_23,45
ivedn0slr8wyk7otmk8a_35,457
ivedn0slr8wyk7otmk8a_40,504
ivedn0slr8wyk7otmk8a_47,691
ivedn0slr8wyk7otmk8a_49,992
ivedn0slr8wyk7otmk8a_51,838
ivedn0slr8wyk7otmk8a_59,365
ivedn0slr8wyk7otmk8a_60,231
8trdzg3poy8s7s1hu4hw_0,731
8trdzg3poy8s7s1hu4hw_6,260
8trdzg3poy8s7s1hu4hw_18,976
8trdzg3poy8s7s1hu4hw_19,880
8trdzg3poy8s7s1hu4hw_37,14
8trdzg3poy8s7s1hu4hw_38,33
8trdzg3poy8s7s1hu4hw_40,647
8trdzg3poy8s7s1hu4hw_45,867
8trdzg3poy8s7s1hu4hw_46,474
8trdzg3poy8s7s1hu4hw_48,647
8trdzg3poy8s7s1hu4hw_49,774
8trdzg3poy8s7s1hu4hw_51,14
8trdzg3poy8s7s1hu4hw_52,450
8trdzg3poy8s7s1hu4hw_53,227
8trdzg3poy8s7s1hu4hw_54,746
8trdzg3poy8s7s1hu4hw_59,289
41pjl3a2xep3fff381yc_3,49
41pjl3a2xep3fff381yc_11,992
41pjl3a2xep3fff381yc_13,314
41pjl3a2xep3fff381yc_14,187
41pjl3a2xep3fff381yc_20,643
41pjl3a2xep3fff381yc_21,314
41pjl3a2xep3fff381yc_22,361
41pjl3a2xep3fff381yc_23,271
41pjl3a2xep3fff381yc_33,501
41pjl3a2xep3fff381yc_34,690
41pjl3a2xep3fff381yc_40,501
41pjl3a2xep3fff381yc_42,501
41pjl3a2xep3fff381yc_52,690
41pjl3a2xep3fff381yc_57,289
41pjl3a2xep3fff381yc_59,270
jrc5hncrdq2htq67bvim_0,558
jrc5hncrdq2htq67bvim_3,228
jrc5hncrdq2htq67bvim_4,49
jrc5hncrdq2htq67bvim_10,511
jrc5hncrdq2htq67bvim_13,314
jrc5hncrdq2htq67bvim_14,187
jrc5hncrdq2htq67bvim_27,388
jrc5hncrdq2htq67bvim_28,350
jrc5hncrdq2htq67bvim_37,351
jrc5hncrdq2htq67bvim_48,852
jrc5hncrdq2htq67bvim_50,914
jrc5hncrdq2htq67bvim_51,341
jrc5hncrdq2htq67bvim_53,474
jrc5hncrdq2htq67bvim_56,461
yybphmaxn03dvqyktmy6_0,256
yybphmaxn03dvqyktmy6_8,256
yybphmaxn03dvqyktmy6_10,643
yybphmaxn03dvqyktmy6_11,124
yybphmaxn03dvqyktmy6_18,489
yybphmaxn03dvqyktmy6_19,914
yybphmaxn03dvqyktmy6_26,488
yybphmaxn03dvqyktmy6_28,476
yybphmaxn03dvqyktmy6_29,386
yybphmaxn03dvqyktmy6_36,6
yybphmaxn03dvqyktmy6_37,541
yybphmaxn03dvqyktmy6_39,504
yybphmaxn03dvqyktmy6_41,488
yybphmaxn03dvqyktmy6_43,488
yybphmaxn03dvqyktmy6_44,848
yybphmaxn03dvqyktmy6_46,502
yybphmaxn03dvqyktmy6_49,253
yybphmaxn03dvqyktmy6_54,771
yybphmaxn03dvqyktmy6_63,254
kdmp130zihvkfqiac4kx_2,682
kdmp130zihvkfqiac4kx_8,542
kdmp130zihvkfqiac4kx_9,94
kdmp130zihvkfqiac4kx_16,542
kdmp130zihvkfqiac4kx_20,143
kdmp130zihvkfqiac4kx_24,542
kdmp130zihvkfqiac4kx_25,771
kdmp130zihvkfqiac4kx_30,701
kdmp130zihvkfqiac4kx_31,581
kdmp130zihvkfqiac4kx_32,542
kdmp130zihvkfqiac4kx_36,696
kdmp130zihvkfqiac4kx_37,327
kdmp130zihvkfqiac4kx_38,310
kdmp130zihvkfqiac4kx_39,212
kdmp130zihvkfqiac4kx_41,488
kdmp130zihvkfqiac4kx_56,542
kdmp130zihvkfqiac4kx_58,196
kdmp130zihvkfqiac4kx_60,196
kdmp130zihvkfqiac4kx_61,915
xc6q7r47ra0gmmqevqi4_1,731
xc6q7r47ra0gmmqevqi4_6,195
xc6q7r47ra0gmmqevqi4_22,824
xc6q7r47ra0gmmqevqi4_25,488
xc6q7r47ra0gmmqevqi4_28,310
xc6q7r47ra0gmmqevqi4_29,195
xc6q7r47ra0gmmqevqi4_37,793
xc6q7r47ra0gmmqevqi4_39,539
xc6q7r47ra0gmmqevqi4_46,793
xc6q7r47ra0gmmqevqi4_48,542
xc6q7r47ra0gmmqevqi4_55,212
xc6q7r47ra0gmmqevqi4_57,542
xc6q7r47ra0gmmqevqi4_63,212
d08ehdfn0p4ij8hdsus7_0,389
d08ehdfn0p4ij8hdsus7_2,389
d08ehdfn0p4ij8hdsus7_4,743
d08ehdfn0p4ij8hdsus7_26,219
d08ehdfn0p4ij8hdsus7_29,77
d08ehdfn0p4ij8hdsus7_30,819
d08ehdfn0p4ij8hdsus7_31,508
d08ehdfn0p4ij8hdsus7_35,488
d08ehdfn0p4ij8hdsus7_36,77
d08ehdfn0p4ij8hdsus7_39,212
d08ehdfn0p4ij8hdsus7_40,542
d08ehdfn0p4ij8hdsus7_42,488
d08ehdfn0p4ij8hdsus7_56,542
d08ehdfn0p4ij8hdsus7_57,196
zh6eelvdx81s0rvsca6u_3,558
zh6eelvdx81s0rvsca6u_4,743
zh6eelvdx81s0rvsca6u_7,389
zh6eelvdx81s0rvsca6u_8,579
zh6eelvdx81s0rvsca6u_10,350
zh6eelvdx81s0rvsca6u_41,386
zh6eelvdx81s0rvsca6u_51,867
zh6eelvdx81s0rvsca6u_59,126
mmf3lljzauitep9s9z3d_4,522
mmf3lljzauitep9s9z3d_6,522
mmf3lljzauitep9s9z3d_8,256
mmf3lljzauitep9s9z3d_9,371
mmf3lljzauitep9s9z3d_13,327
mmf3lljzauitep9s9z3d_19,255
mmf3lljzauitep9s9z3d_21,327
mmf3lljzauitep9s9z3d_24,256
mmf3lljzauitep9s9z3d_26,920
mmf3lljzauitep9s9z3d_27,219
mmf3lljzauitep9s9z3d_32,1003
mmf3lljzauitep9s9z3d_37,488
mmf3lljzauitep9s9z3d_39,488
mmf3lljzauitep9s9z3d_40,1003
mmf3lljzauitep9s9z3d_45,771
mmf3lljzauitep9s9z3d_60,380
wcm7t1ppvfnbn3brmk20_6,119
wcm7t1ppvfnbn3brmk20_12,859
wcm7t1ppvfnbn3brmk20_18,590
wcm7t1ppvfnbn3brmk20_19,590
wcm7t1ppvfnbn3brmk20_24,256
wcm7t1ppvfnbn3brmk20_25,771
wcm7t1ppvfnbn3brmk20_37,488
wcm7t1ppvfnbn3brmk20_38,596
wcm7t1ppvfnbn3brmk20_39,532
wcm7t1ppvfnbn3brmk20_40,542
wcm7t1ppvfnbn3brmk20_48,953
wcm7t1ppvfnbn3brmk20_50,488
wcm7t1ppvfnbn3brmk20_58,126
wcm7t1ppvfnbn3brmk20_61,43
wcm7t1ppvfnbn3brmk20_62,502
wcm7t1ppvfnbn3brmk20_63,29
qpod4omufcomh6xvwhlb_9,164
qpod4omufcomh6xvwhlb_10,219
qpod4omufcomh6xvwhlb_24,249
qpod4omufcomh6xvwhlb_26,327
qpod4omufcomh6xvwhlb_30,472
qpod4omufcomh6xvwhlb_34,867
qpod4omufcomh6xvwhlb_40,827
qpod4omufcomh6xvwhlb_45,798
qpod4omufcomh6xvwhlb_50,313
qpod4omufcomh6xvwhlb_52,520
qpod4omufcomh6xvwhlb_55,212
qpod4omufcomh6xvwhlb_57,826
qpod4omufcomh6xvwhlb_58,289
krhb29021q50gekqabkh_10,327
krhb29021q50gekqabkh_11,99
krhb29021q50gekqabkh_12,219
krhb29021q50gekqabkh_13,601
krhb29021q50gekqabkh_14,153
krhb29021q50gekqabkh_30,14
krhb29021q50gekqabkh_31,33
krhb29021q50gekqabkh_39,581
krhb29021q50gekqabkh_48,1003
krhb29021q50gekqabkh_49,313
krhb29021q50gekqabkh_50,826
krhb29021q50gekqabkh_51,313
krhb29021q50gekqabkh_55,1009
krhb29021q50gekqabkh_56,852
krhb29021q50gekqabkh_61,289
krhb29021q50gekqabkh_62,289
krhb29021q50gekqabkh_63,939
2ncab5pw5p572nwse1ce_4,522
2ncab5pw5p572nwse1ce_10,669
2ncab5pw5p572nwse1ce_11,327
2ncab5pw5p572nwse1ce_27,867
2ncab5pw5p572nwse1ce_29,327
2ncab5pw5p572nwse1ce_31,208
2ncab5pw5p572nwse1ce_32,98
2ncab5pw5p572nwse1ce_39,212
2ncab5pw5p572nwse1ce_40,542
2ncab5pw5p572nwse1ce_43,488
2ncab5pw5p572nwse1ce_46,987
2ncab5pw5p572nwse1ce_48,542
2ncab5pw5p572nwse1ce_49,488
2ncab5pw5p572nwse1ce_52,696
2ncab5pw5p572nwse1ce_55,212
2ncab5pw5p572nwse1ce_61,196
pwoklp8rc1zc0freidgv_2,389
pwoklp8rc1zc0freidgv_3,389
pwoklp8rc1zc0freidgv_15,539
pwoklp8rc1zc0freidgv_22,798
pwoklp8rc1zc0freidgv_23,824
pwoklp8rc1zc0freidgv_33,488
pwoklp8rc1zc0freidgv_35,488
pwoklp8rc1zc0freidgv_39,212
pwoklp8rc1zc0freidgv_45,403
pwoklp8rc1zc0freidgv_51,488
pwoklp8rc1zc0freidgv_58,196
pwoklp8rc1zc0freidgv_59,196
rrghra9zb73fzknb3ut0_3,522
rrghra9zb73fzknb3ut0_4,522
rrghra9zb73fzknb3ut0_6,522
rrghra9zb73fzknb3ut0_7,825
rrghra9zb73fzknb3ut0_28,456
rrghra9zb73fzknb3ut0_29,219
rrghra9zb73fzknb3ut0_43,792
rrghra9zb73fzknb3ut0_56,852
ko5ifjr3l1wfk0l2ek5b_15,539
ko5ifjr3l1wfk0l2ek5b_19,993
ko5ifjr3l1wfk0l2ek5b_21,622
ko5ifjr3l1wfk0l2ek5b_22,824
ko5ifjr3l1wfk0l2ek5b_32,542
ko5ifjr3l1wfk0l2ek5b_35,488
ko5ifjr3l1wfk0l2ek5b_43,488
ko5ifjr3l1wfk0l2ek5b_45,793
ko5ifjr3l1wfk0l2ek5b_56,542
ko5ifjr3l1wfk0l2ek5b_57,196
ko5ifjr3l1wfk0l2ek5b_59,196
8yu5f66m9z2qt7vo3msi_28,219
8yu5f66m9z2qt7vo3msi_31,45
8yu5f66m9z2qt7vo3msi_38,867
8yu5f66m9z2qt7vo3msi_39,532
8yu5f66m9z2qt7vo3msi_40,1014
8yu5f66m9z2qt7vo3msi_42,14
8yu5f66m9z2qt7vo3msi_43,14
8yu5f66m9z2qt7vo3msi_44,14
8yu5f66m9z2qt7vo3msi_46,450
8yu5f66m9z2qt7vo3msi_49,517
8yu5f66m9z2qt7vo3msi_50,91
8yu5f66m9z2qt7vo3msi_51,792
8yu5f66m9z2qt7vo3msi_54,14
8yu5f66m9z2qt7vo3msi_57,1004
8yu5f66m9z2qt7vo3msi_63,939
gzbddv7ysif4tn42uv5l_12,522
gzbddv7ysif4tn42uv5l_19,327
gzbddv7ysif4tn42uv5l_25,219
gzbddv7ysif4tn42uv5l_27,867
gzbddv7ysif4tn42uv5l_28,268
gzbddv7ysif4tn42uv5l_34,270
gzbddv7ysif4tn42uv5l_37,798
gzbddv7ysif4tn42uv5l_39,212
gzbddv7ysif4tn42uv5l_41,827
gzbddv7ysif4tn42uv5l_42,826
gzbddv7ysif4tn42uv5l_45,91
gzbddv7ysif4tn42uv5l_48,601
gzbddv7ysif4tn42uv5l_50,546
gzbddv7ysif4tn42uv5l_53,867
gzbddv7ysif4tn42uv5l_59,289
gzbddv7ysif4tn42uv5l_62,947
gzbddv7ysif4tn42uv5l_63,257
jm13g2mrq5fs2e79ekw5_7,260
jm13g2mrq5fs2e79ekw5_26,327
jm13g2mrq5fs2e79ekw5_30,219
jm13g2mrq5fs2e79ekw5_32,255
jm13g2mrq5fs2e79ekw5_42,14
jm13g2mrq5fs2e79ekw5_46,867
jm13g2mrq5fs2e79ekw5_50,562
jm13g2mrq5fs2e79ekw5_60,570
8xkjn496a14ojf89o3ql_26,327
8xkjn496a14ojf89o3ql_28,327
8xkjn496a14ojf89o3ql_32,255
8xkjn496a14ojf89o3ql_35,14
8xkjn496a14ojf89o3ql_38,310
8xkjn496a14ojf89o3ql_40,753
8xkjn496a14ojf89o3ql_49,720
8xkjn496a14ojf89o3ql_52,867
m5m98osk60dk3rroob15_19,327
m5m98osk60dk3rroob15_20,219
m5m98osk60dk3rroob15_22,327
m5m98osk60dk3rroob15_23,664
m5m98osk60dk3rroob15_31,664
m5m98osk60dk3rroob15_34,489
m5m98osk60dk3rroob15_37,14
m5m98osk60dk3rroob15_42,52
m5m98osk60dk3rroob15_44,953
m5m98osk60dk3rroob15_45,953
m5m98osk60dk3rroob15_48,494
m5m98osk60dk3rroob15_50,301
m5m98osk60dk3rroob15_52,14
m5m98osk60dk3rroob15_57,418
m5m98osk60dk3rroob15_58,570
m5m98osk60dk3rroob15_59,289
m5m98osk60dk3rroob15_63,29
j8blu0m918ajy2k9lce6_6,558
j8blu0m918ajy2k9lce6_12,558
j8blu0m918ajy2k9lce6_19,558
j8blu0m918ajy2k9lce6_20,507
j8blu0m918ajy2k9lce6_29,964
j8blu0m918ajy2k9lce6_46,456
j8blu0m918ajy2k9lce6_51,546
j8blu0m918ajy2k9lce6_62,880
j8blu0m918ajy2k9lce6_63,939
kpdwwlo1gkd81cuoitmn_4,1009
kpdwwlo1gkd81cuoitmn_5,717
kpdwwlo1gkd81cuoitmn_6,563
kpdwwlo1gkd81cuoitmn_10,219
kpdwwlo1gkd81cuoitmn_24,100
kpdwwlo1gkd81cuoitmn_25,100
kpdwwlo1gkd81cuoitmn_36,209
kpdwwlo1gkd81cuoitmn_37,456
kpdwwlo1gkd81cuoitmn_40,456
kpdwwlo1gkd81cuoitmn_41,456
kpdwwlo1gkd81cuoitmn_43,77
kpdwwlo1gkd81cuoitmn_51,77
kpdwwlo1gkd81cuoitmn_58,289
kpdwwlo1gkd81cuoitmn_60,126
i6zbf42fwc6hq6ck4lkx_5,228
i6zbf42fwc6hq6ck4lkx_7,260
i6zbf42fwc6hq6ck4lkx_11,327
i6zbf42fwc6hq6ck4lkx_14,439
i6zbf42fwc6hq6ck4lkx_16,1002
i6zbf42fwc6hq6ck4lkx_23,591
i6zbf42fwc6hq6ck4lkx_26,367
i6zbf42fwc6hq6ck4lkx_30,664
i6zbf42fwc6hq6ck4lkx_37,284
i6zbf42fwc6hq6ck4lkx_39,544
i6zbf42fwc6hq6ck4lkx_41,517
i6zbf42fwc6hq6ck4lkx_50,536
i6zbf42fwc6hq6ck4lkx_56,573
i6zbf42fwc6hq6ck4lkx_61,313
wzc0ksqzzszm2b1uey1p_6,389
wzc0ksqzzszm2b1uey1p_7,389
wzc0ksqzzszm2b1uey1p_20,507
wzc0ksqzzszm2b1uey1p_21,507
wzc0ksqzzszm2b1uey1p_27,157
wzc0ksqzzszm2b1uey1p_28,284
wzc0ksqzzszm2b1uey1p_29,157
wzc0ksqzzszm2b1uey1p_30,219
wzc0ksqzzszm2b1uey1p_34,367
wzc0ksqzzszm2b1uey1p_35,284
wzc0ksqzzszm2b1uey1p_36,724
wzc0ksqzzszm2b1uey1p_38,456
wzc0ksqzzszm2b1uey1p_43,118
wzc0ksqzzszm2b1uey1p_45,848
wzc0ksqzzszm2b1uey1p_49,749
wzc0ksqzzszm2b1uey1p_53,799
wzc0ksqzzszm2b1uey1p_54,885
wzc0ksqzzszm2b1uey1p_63,149
beb34jxwi3ldpdj6p1kz_2,389
beb34jxwi3ldpdj6p1kz_3,389
beb34jxwi3ldpdj6p1kz_5,389
beb34jxwi3ldpdj6p1kz_9,682
beb34jxwi3ldpdj6p1kz_15,195
beb34jxwi3ldpdj6p1kz_16,98
beb34jxwi3ldpdj6p1kz_18,629
beb34jxwi3ldpdj6p1kz_25,270
beb34jxwi3ldpdj6p1kz_26,327
beb34jxwi3ldpdj6p1kz_27,867
beb34jxwi3ldpdj6p1kz_33,718
beb34jxwi3ldpdj6p1kz_35,488
beb34jxwi3ldpdj6p1kz_40,98
beb34jxwi3ldpdj6p1kz_42,175
beb34jxwi3ldpdj6p1kz_43,488
beb34jxwi3ldpdj6p1kz_44,6
beb34jxwi3ldpdj6p1kz_45,6
beb34jxwi3ldpdj6p1kz_50,537
beb34jxwi3ldpdj6p1kz_55,212
beb34jxwi3ldpdj6p1kz_57,313
s4xho5zag61xnpv0xr2y_5,389
s4xho5zag61xnpv0xr2y_6,389
s4xho5zag61xnpv0xr2y_30,439
s4xho5zag61xnpv0xr2y_31,591
s4xho5zag61xnpv0xr2y_37,219
s4xho5zag61xnpv0xr2y_40,120
s4xho5zag61xnpv0xr2y_48,577
s4xho5zag61xnpv0xr2y_51,81
s4xho5zag61xnpv0xr2y_56,494
s4xho5zag61xnpv0xr2y_59,718
unce6onmibllfwy3aj3b_5,522
unce6onmibllfwy3aj3b_19,507
unce6onmibllfwy3aj3b_21,558
unce6onmibllfwy3aj3b_28,450
unce6onmibllfwy3aj3b_29,100
unce6onmibllfwy3aj3b_36,964
unce6onmibllfwy3aj3b_43,749
unce6onmibllfwy3aj3b_49,517
unce6onmibllfwy3aj3b_50,749
unce6onmibllfwy3aj3b_55,29
unce6onmibllfwy3aj3b_60,380
nah0ryk6xfszixhairbj_0,249
nah0ryk6xfszixhairbj_3,522
nah0ryk6xfszixhairbj_4,5
nah0ryk6xfszixhairbj_14,472
nah0ryk6xfszixhairbj_16,421
nah0ryk6xfszixhairbj_19,450
nah0ryk6xfszixhairbj_24,228
nah0ryk6xfszixhairbj_26,613
nah0ryk6xfszixhairbj_34,867
nah0ryk6xfszixhairbj_41,138
nah0ryk6xfszixhairbj_42,601
nah0ryk6xfszixhairbj_43,138
nah0ryk6xfszixhairbj_48,149
nah0ryk6xfszixhairbj_49,826
nah0ryk6xfszixhairbj_57,289
nah0ryk6xfszixhairbj_58,341
ffi7up3bbeg2zdtffbbl_7,861
ffi7up3bbeg2zdtffbbl_25,280
ffi7up3bbeg2zdtffbbl_36,118
ffi7up3bbeg2zdtffbbl_43,81
ffi7up3bbeg2zdtffbbl_46,613
ffi7up3bbeg2zdtffbbl_47,1017
ffi7up3bbeg2zdtffbbl_52,14
ffi7up3bbeg2zdtffbbl_57,647
ffi7up3bbeg2zdtffbbl_61,915
kp32f0vgop210jdslcec_14,153
kp32f0vgop210jdslcec_20,558
kp32f0vgop210jdslcec_38,488
kp32f0vgop210jdslcec_40,727
kp32f0vgop210jdslcec_46,456
kp32f0vgop210jdslcec_49,320
kp32f0vgop210jdslcec_50,894
kp32f0vgop210jdslcec_54,771
kp32f0vgop210jdslcec_62,263
kp32f0vgop210jdslcec_63,939
dwgrtw0gd26l1v962gz8_9,219
dwgrtw0gd26l1v962gz8_10,1007
dwgrtw0gd26l1v962gz8_15,539
dwgrtw0gd26l1v962gz8_16,247
dwgrtw0gd26l1v962gz8_21,99
dwgrtw0gd26l1v962gz8_24,827
dwgrtw0gd26l1v962gz8_29,701
dwgrtw0gd26l1v962gz8_30,672
dwgrtw0gd26l1v962gz8_37,798
dwgrtw0gd26l1v962gz8_39,212
dwgrtw0gd26l1v962gz8_54,798
dwgrtw0gd26l1v962gz8_55,212
dwgrtw0gd26l1v962gz8_57,149
4h34s4jt86y3ghjrd1zx_24,120
4h34s4jt86y3ghjrd1zx_25,268
4h34s4jt86y3ghjrd1zx_26,72
4h34s4jt86y3ghjrd1zx_27,964
4h34s4jt86y3ghjrd1zx_31,664
4h34s4jt86y3ghjrd1zx_38,228
4h34s4jt86y3ghjrd1zx_45,456
4h34s4jt86y3ghjrd1zx_53,964
4h34s4jt86y3ghjrd1zx_54,292
4h34s4jt86y3ghjrd1zx_57,289
4h34s4jt86y3ghjrd1zx_58,289
4h34s4jt86y3ghjrd1zx_61,502
4h34s4jt86y3ghjrd1zx_62,753
1kjhut0f246h7l0b8lmi_4,935
1kjhut0f246h7l0b8lmi_9,268
1kjhut0f246h7l0b8lmi_12,558
1kjhut0f246h7l0b8lmi_14,439
1kjhut0f246h7l0b8lmi_15,100
1kjhut0f246h7l0b8lmi_28,450
1kjhut0f246h7l0b8lmi_37,504
1kjhut0f246h7l0b8lmi_38,843
1kjhut0f246h7l0b8lmi_46,50
1kjhut0f246h7l0b8lmi_59,915
pgmmm5hcw3yj4xfcd38f_1,918
pgmmm5hcw3yj4xfcd38f_2,612
pgmmm5hcw3yj4xfcd38f_5,612
pgmmm5hcw3yj4xfcd38f_6,472
pgmmm5hcw3yj4xfcd38f_11,472
pgmmm5hcw3yj4xfcd38f_13,672
pgmmm5hcw3yj4xfcd38f_16,137
pgmmm5hcw3yj4xfcd38f_18,488
pgmmm5hcw3yj4xfcd38f_19,696
pgmmm5hcw3yj4xfcd38f_20,964
pgmmm5hcw3yj4xfcd38f_21,219
pgmmm5hcw3yj4xfcd38f_22,472
pgmmm5hcw3yj4xfcd38f_24,149
pgmmm5hcw3yj4xfcd38f_26,483
pgmmm5hcw3yj4xfcd38f_31,1017
pgmmm5hcw3yj4xfcd38f_34,483
pgmmm5hcw3yj4xfcd38f_46,798
tngdhomfznsr005ek0kw_20,219
tngdhomfznsr005ek0kw_21,228
tngdhomfznsr005ek0kw_24,1002
tngdhomfznsr005ek0kw_26,920
tngdhomfznsr005ek0kw_30,138
tngdhomfznsr005ek0kw_31,149
tngdhomfznsr005ek0kw_34,6
tngdhomfznsr005ek0kw_36,843
tngdhomfznsr005ek0kw_46,182
tngdhomfznsr005ek0kw_47,981
tngdhomfznsr005ek0kw_56,494
tngdhomfznsr005ek0kw_57,541
tngdhomfznsr005ek0kw_59,196
q9xx66s3vtmtd1wdq7mf_0,98
q9xx66s3vtmtd1wdq7mf_1,113
q9xx66s3vtmtd1wdq7mf_3,113
q9xx66s3vtmtd1wdq7mf_5,49
q9xx66s3vtmtd1wdq7mf_10,488
q9xx66s3vtmtd1wdq7mf_11,666
q9xx66s3vtmtd1wdq7mf_12,992
q9xx66s3vtmtd1wdq7mf_17,488
q9xx66s3vtmtd1wdq7mf_18,488
q9xx66s3vtmtd1wdq7mf_20,488
q9xx66s3vtmtd1wdq7mf_24,542
q9xx66s3vtmtd1wdq7mf_25,488
q9xx66s3vtmtd1wdq7mf_26,483
q9xx66s3vtmtd1wdq7mf_35,488
q9xx66s3vtmtd1wdq7mf_39,212
q9xx66s3vtmtd1wdq7mf_46,793
q9xx66s3vtmtd1wdq7mf_48,542
q9xx66s3vtmtd1wdq7mf_56,542
q9xx66s3vtmtd1wdq7mf_57,196
q9xx66s3vtmtd1wdq7mf_63,540
oqf1b7vrz8vbgqntui6f_6,389
oqf1b7vrz8vbgqntui6f_12,247
oqf1b7vrz8vbgqntui6f_13,918
oqf1b7vrz8vbgqntui6f_14,252
oqf1b7vrz8vbgqntui6f_17,268
oqf1b7vrz8vbgqntui6f_18,164
oqf1b7vrz8vbgqntui6f_21,558
oqf1b7vrz8vbgqntui6f_22,558
oqf1b7vrz8vbgqntui6f_25,367
oqf1b7vrz8vbgqntui6f_26,164
oqf1b7vrz8vbgqntui6f_27,489
oqf1b7vrz8vbgqntui6f_29,964
oqf1b7vrz8vbgqntui6f_34,848
oqf1b7vrz8vbgqntui6f_37,843
oqf1b7vrz8vbgqntui6f_44,771
oqf1b7vrz8vbgqntui6f_49,227
oqf1b7vrz8vbgqntui6f_53,253
oqf1b7vrz8vbgqntui6f_62,502
oqf1b7vrz8vbgqntui6f_63,981
x7nch02brn6vthvutlif_0,293
x7nch02brn6vthvutlif_1,293
x7nch02brn6vthvutlif_3,293
x7nch02brn6vthvutlif_9,488
x7nch02brn6vthvutlif_10,848
x7nch02brn6vthvutlif_13,1007
x7nch02brn6vthvutlif_27,696
x7nch02brn6vthvutlif_31,212
x7nch02brn6vthvutlif_61,196
fgmrog37rdnsc5mq87yw_3,612
fgmrog37rdnsc5mq87yw_4,5
fgmrog37rdnsc5mq87yw_5,119
fgmrog37rdnsc5mq87yw_6,857
fgmrog37rdnsc5mq87yw_14,859
fgmrog37rdnsc5mq87yw_15,149
fgmrog37rdnsc5mq87yw_21,414
fgmrog37rdnsc5mq87yw_25,932
fgmrog37rdnsc5mq87yw_27,489
fgmrog37rdnsc5mq87yw_32,311
fgmrog37rdnsc5mq87yw_37,488
fgmrog37rdnsc5mq87yw_41,622
fgmrog37rdnsc5mq87yw_44,771
fgmrog37rdnsc5mq87yw_45,771
fgmrog37rdnsc5mq87yw_53,488
fgmrog37rdnsc5mq87yw_55,981
798y5w2fihom0zfh48jy_2,612
798y5w2fihom0zfh48jy_9,456
798y5w2fihom0zfh48jy_12,310
798y5w2fihom0zfh48jy_25,488
798y5w2fihom0zfh48jy_26,182
798y5w2fihom0zfh48jy_28,867
798y5w2fihom0zfh48jy_35,396
798y5w2fihom0zfh48jy_36,169
798y5w2fihom0zfh48jy_38,798
798y5w2fihom0zfh48jy_40,852
798y5w2fihom0zfh48jy_42,488
798y5w2fihom0zfh48jy_44,688
798y5w2fihom0zfh48jy_48,542
798y5w2fihom0zfh48jy_56,852
7vx55fvc1z37pf1x5mwo_12,268
7vx55fvc1z37pf1x5mwo_13,5
7vx55fvc1z37pf1x5mwo_15,149
7vx55fvc1z37pf1x5mwo_19,554
7vx55fvc1z37pf1x5mwo_21,507
7vx55fvc1z37pf1x5mwo_22,143
7vx55fvc1z37pf1x5mwo_23,358
7vx55fvc1z37pf1x5mwo_27,268
7vx55fvc1z37pf1x5mwo_30,488
7vx55fvc1z37pf1x5mwo_31,718
7vx55fvc1z37pf1x5mwo_39,358
7vx55fvc1z37pf1x5mwo_44,839
7vx55fvc1z37pf1x5mwo_45,771
7vx55fvc1z37pf1x5mwo_52,253
7vx55fvc1z37pf1x5mwo_58,175
7vx55fvc1z37pf1x5mwo_63,722
g2p1uzarffl5vos65gna_4,612
g2p1uzarffl5vos65gna_18,268
g2p1uzarffl5vos65gna_22,558
g2p1uzarffl5vos65gna_26,72
g2p1uzarffl5vos65gna_27,157
g2p1uzarffl5vos65gna_29,157
g2p1uzarffl5vos65gna_40,120
g2p1uzarffl5vos65gna_42,749
g2p1uzarffl5vos65gna_47,149
g2p1uzarffl5vos65gna_54,313
gd6a67v0lyiungckuv2j_8,247
gd6a67v0lyiungckuv2j_12,612
gd6a67v0lyiungckuv2j_13,472
gd6a67v0lyiungckuv2j_18,991
gd6a67v0lyiungckuv2j_28,6
gd6a67v0lyiungckuv2j_33,456
gd6a67v0lyiungckuv2j_35,488
gd6a67v0lyiungckuv2j_47,212
zd6ye2c3k9u8n5zixfan_2,949
zd6ye2c3k9u8n5zixfan_6,558
zd6ye2c3k9u8n5zixfan_7,247
zd6ye2c3k9u8n5zixfan_21,558
zd6ye2c3k9u8n5zixfan_25,932
zd6ye2c3k9u8n5zixfan_28,696
zd6ye2c3k9u8n5zixfan_29,100
zd6ye2c3k9u8n5zixfan_31,388
zd6ye2c3k9u8n5zixfan_32,138
zd6ye2c3k9u8n5zixfan_38,175
zd6ye2c3k9u8n5zixfan_44,175
zd6ye2c3k9u8n5zixfan_45,483
zd6ye2c3k9u8n5zixfan_46,182
0jhj1e6mu2anjqxj3559_6,522
0jhj1e6mu2anjqxj3559_25,228
0jhj1e6mu2anjqxj3559_39,98
0jhj1e6mu2anjqxj3559_40,120
0jhj1e6mu2anjqxj3559_52,72
0jhj1e6mu2anjqxj3559_53,224
0jhj1e6mu2anjqxj3559_56,494
0jhj1e6mu2anjqxj3559_57,915
6icxd0s59l19pxgaqrp9_1,247
6icxd0s59l19pxgaqrp9_3,5
6icxd0s59l19pxgaqrp9_11,284
6icxd0s59l19pxgaqrp9_16,664
6icxd0s59l19pxgaqrp9_17,886
6icxd0s59l19pxgaqrp9_18,219
6icxd0s59l19pxgaqrp9_20,327
6icxd0s59l19pxgaqrp9_25,219
6icxd0s59l19pxgaqrp9_28,827
6icxd0s59l19pxgaqrp9_33,219
6icxd0s59l19pxgaqrp9_35,827
6icxd0s59l19pxgaqrp9_37,798
6icxd0s59l19pxgaqrp9_40,98
6icxd0s59l19pxgaqrp9_53,798
6icxd0s59l19pxgaqrp9_57,313
6icxd0s59l19pxgaqrp9_63,667
vg2wa1whfpgwuiod7d1s_6,5
vg2wa1whfpgwuiod7d1s_13,708
vg2wa1whfpgwuiod7d1s_14,456
vg2wa1whfpgwuiod7d1s_21,72
vg2wa1whfpgwuiod7d1s_23,98
vg2wa1whfpgwuiod7d1s_27,396
vg2wa1whfpgwuiod7d1s_28,932
vg2wa1whfpgwuiod7d1s_31,404
vg2wa1whfpgwuiod7d1s_33,554
vg2wa1whfpgwuiod7d1s_35,696
vg2wa1whfpgwuiod7d1s_36,696
vg2wa1whfpgwuiod7d1s_42,601
vg2wa1whfpgwuiod7d1s_47,98
vg2wa1whfpgwuiod7d1s_49,848
vg2wa1whfpgwuiod7d1s_50,932
vg2wa1whfpgwuiod7d1s_53,583
vg2wa1whfpgwuiod7d1s_56,763
vg2wa1whfpgwuiod7d1s_60,196
vg2wa1whfpgwuiod7d1s_63,722
gy202mlxfk7e2ujqd86y_0,389
gy202mlxfk7e2ujqd86y_1,389
gy202mlxfk7e2ujqd86y_8,579
gy202mlxfk7e2ujqd86y_22,798
gy202mlxfk7e2ujqd86y_23,824
gy202mlxfk7e2ujqd86y_32,98
gy202mlxfk7e2ujqd86y_40,542
gy202mlxfk7e2ujqd86y_48,542
gy202mlxfk7e2ujqd86y_50,456
gy202mlxfk7e2ujqd86y_54,793
gy202mlxfk7e2ujqd86y_56,722
gy202mlxfk7e2ujqd86y_57,137
gy202mlxfk7e2ujqd86y_63,540
7xxzylk4mako65883jr3_4,389
7xxzylk4mako65883jr3_7,389
7xxzylk4mako65883jr3_10,684
7xxzylk4mako65883jr3_13,247
7xxzylk4mako65883jr3_37,456
7xxzylk4mako65883jr3_45,688
7xxzylk4mako65883jr3_53,639
7xxzylk4mako65883jr3_54,81
7xxzylk4mako65883jr3_56,120
9p6efhac3zq0mh6q7yst_1,565
9p6efhac3zq0mh6q7yst_2,359
9p6efhac3zq0mh6q7yst_5,743
9p6efhac3zq0mh6q7yst_9,590
9p6efhac3zq0mh6q7yst_13,33
9p6efhac3zq0mh6q7yst_15,1017
9p6efhac3zq0mh6q7yst_25,483
9p6efhac3zq0mh6q7yst_35,483
9p6efhac3zq0mh6q7yst_36,487
9p6efhac3zq0mh6q7yst_40,502
9p6efhac3zq0mh6q7yst_41,799
9p6efhac3zq0mh6q7yst_44,476
9p6efhac3zq0mh6q7yst_45,725
9p6efhac3zq0mh6q7yst_47,212
9p6efhac3zq0mh6q7yst_48,149
9p6efhac3zq0mh6q7yst_49,502
9p6efhac3zq0mh6q7yst_52,476
9p6efhac3zq0mh6q7yst_59,621
9p6efhac3zq0mh6q7yst_60,628
1pui5qihpp9laql3oz8e_0,949
1pui5qihpp9laql3oz8e_5,449
1pui5qihpp9laql3oz8e_11,473
1pui5qihpp9laql3oz8e_13,694
1pui5qihpp9laql3oz8e_14,694
1pui5qihpp9laql3oz8e_20,97
1pui5qihpp9laql3oz8e_26,617
1pui5qihpp9laql3oz8e_27,47
1pui5qihpp9laql3oz8e_29,729
1pui5qihpp9laql3oz8e_33,912
1pui5qihpp9laql3oz8e_37,47
1pui5qihpp9laql3oz8e_38,25
1pui5qihpp9laql3oz8e_39,694
1pui5qihpp9laql3oz8e_40,306
1pui5qihpp9laql3oz8e_41,378
1pui5qihpp9laql3oz8e_44,980
1pui5qihpp9laql3oz8e_45,598
1pui5qihpp9laql3oz8e_48,222
1pui5qihpp9laql3oz8e_52,162
1pui5qihpp9laql3oz8e_63,117
vy2tgu1fs6j8620ax9m6_6,478
vy2tgu1fs6j8620ax9m6_7,633
vy2tgu1fs6j8620ax9m6_16,955
vy2tgu1fs6j8620ax9m6_17,660
vy2tgu1fs6j8620ax9m6_21,446
vy2tgu1fs6j8620ax9m6_23,358
vy2tgu1fs6j8620ax9m6_24,990
vy2tgu1fs6j8620ax9m6_28,487
vy2tgu1fs6j8620ax9m6_29,263
vy2tgu1fs6j8620ax9m6_31,416
vy2tgu1fs6j8620ax9m6_33,300
vy2tgu1fs6j8620ax9m6_36,491
vy2tgu1fs6j8620ax9m6_37,325
vy2tgu1fs6j8620ax9m6_38,65
vy2tgu1fs6j8620ax9m6_41,914
vy2tgu1fs6j8620ax9m6_49,914
vy2tgu1fs6j8620ax9m6_53,960
vy2tgu1fs6j8620ax9m6_57,704
vy2tgu1fs6j8620ax9m6_60,960
74i9ogzcj14q9vtdzrdn_11,39
74i9ogzcj14q9vtdzrdn_17,991
74i9ogzcj14q9vtdzrdn_18,726
74i9ogzcj14q9vtdzrdn_23,278
74i9ogzcj14q9vtdzrdn_30,279
74i9ogzcj14q9vtdzrdn_48,1022
74i9ogzcj14q9vtdzrdn_55,346
74i9ogzcj14q9vtdzrdn_57,607
xptsnx6710up2k5fznzp_3,959
xptsnx6710up2k5fznzp_5,1010
xptsnx6710up2k5fznzp_13,612
xptsnx6710up2k5fznzp_16,617
xptsnx6710up2k5fznzp_22,438
xptsnx6710up2k5fznzp_26,747
xptsnx6710up2k5fznzp_33,747
xptsnx6710up2k5fznzp_39,965
xptsnx6710up2k5fznzp_43,405
bl2wbccbdunxhajihg6d_2,958
bl2wbccbdunxhajihg6d_3,717
bl2wbccbdunxhajihg6d_4,15
bl2wbccbdunxhajihg6d_5,717
bl2wbccbdunxhajihg6d_7,965
bl2wbccbdunxhajihg6d_8,216
bl2wbccbdunxhajihg6d_10,216
bl2wbccbdunxhajihg6d_11,216
bl2wbccbdunxhajihg6d_12,290
bl2wbccbdunxhajihg6d_15,409
bl2wbccbdunxhajihg6d_16,92
bl2wbccbdunxhajihg6d_19,482
bl2wbccbdunxhajihg6d_21,694
bl2wbccbdunxhajihg6d_24,707
bl2wbccbdunxhajihg6d_28,694
bl2wbccbdunxhajihg6d_36,130
bl2wbccbdunxhajihg6d_44,557
bl2wbccbdunxhajihg6d_45,423
bl2wbccbdunxhajihg6d_52,587
bl2wbccbdunxhajihg6d_59,707
06u2k7eci6jji0jpp52g_6,664
06u2k7eci6jji0jpp52g_9,9
06u2k7eci6jji0jpp52g_11,586
06u2k7eci6jji0jpp52g_12,586
06u2k7eci6jji0jpp52g_21,693
06u2k7eci6jji0jpp52g_25,729
06u2k7eci6jji0jpp52g_29,935
06u2k7eci6jji0jpp52g_43,457
06u2k7eci6jji0jpp52g_47,853
06u2k7eci6jji0jpp52g_52,381
p5vvyx41bues1g8naceg_9,473
p5vvyx41bues1g8naceg_13,4
p5vvyx41bues1g8naceg_14,4
p5vvyx41bues1g8naceg_16,965
p5vvyx41bues1g8naceg_18,346
p5vvyx41bues1g8naceg_26,111
p5vvyx41bues1g8naceg_31,877
p5vvyx41bues1g8naceg_42,65
p5vvyx41bues1g8naceg_47,39
p5vvyx41bues1g8naceg_49,363
p5vvyx41bues1g8naceg_50,363
emu95fzc32r404j2jc7k_2,2
emu95fzc32r404j2jc7k_6,694
emu95fzc32r404j2jc7k_9,2
emu95fzc32r404j2jc7k_12,755
emu95fzc32r404j2jc7k_19,586
emu95fzc32r404j2jc7k_27,287
emu95fzc32r404j2jc7k_28,200
emu95fzc32r404j2jc7k_32,1003
emu95fzc32r404j2jc7k_35,447
emu95fzc32r404j2jc7k_58,586
cdck43jfnzwzj3yla8cf_4,617
cdck43jfnzwzj3yla8cf_14,724
cdck43jfnzwzj3yla8cf_18,279
cdck43jfnzwzj3yla8cf_25,265
cdck43jfnzwzj3yla8cf_27,279
cdck43jfnzwzj3yla8cf_32,57
cdck43jfnzwzj3yla8cf_38,39
cdck43jfnzwzj3yla8cf_41,766
cdck43jfnzwzj3yla8cf_50,519
cdck43jfnzwzj3yla8cf_52,752
cdck43jfnzwzj3yla8cf_58,90
njcidy59styritjtck5b_2,9
njcidy59styritjtck5b_6,440
njcidy59styritjtck5b_7,956
njcidy59styritjtck5b_9,9
njcidy59styritjtck5b_13,752
njcidy59styritjtck5b_14,752
njcidy59styritjtck5b_21,515
njcidy59styritjtck5b_27,346
njcidy59styritjtck5b_28,600
njcidy59styritjtck5b_29,600
njcidy59styritjtck5b_36,600
njcidy59styritjtck5b_52,833
njcidy59styritjtck5b_53,600
njcidy59styritjtck5b_61,600
njcidy59styritjtck5b_63,752
3y869q4zglfmo62fwkfs_1,449
3y869q4zglfmo62fwkfs_3,732
3y869q4zglfmo62fwkfs_4,82
3y869q4zglfmo62fwkfs_6,859
3y869q4zglfmo62fwkfs_9,914
3y869q4zglfmo62fwkfs_11,691
3y869q4zglfmo62fwkfs_12,97
3y869q4zglfmo62fwkfs_28,694
3y869q4zglfmo62fwkfs_35,962
3y869q4zglfmo62fwkfs_57,637
e2i4u5q9mb4hkug6e133_2,666
e2i4u5q9mb4hkug6e133_4,147
e2i4u5q9mb4hkug6e133_7,563
e2i4u5q9mb4hkug6e133_14,193
e2i4u5q9mb4hkug6e133_16,543
e2i4u5q9mb4hkug6e133_17,543
e2i4u5q9mb4hkug6e133_20,147
e2i4u5q9mb4hkug6e133_21,193
e2i4u5q9mb4hkug6e133_37,543
e2i4u5q9mb4hkug6e133_38,26
e2i4u5q9mb4hkug6e133_44,543
e2i4u5q9mb4hkug6e133_52,39
e2i4u5q9mb4hkug6e133_54,543
bvbrtvcygx1a82nbhay7_2,446
bvbrtvcygx1a82nbhay7_5,290
bvbrtvcygx1a82nbhay7_7,449
bvbrtvcygx1a82nbhay7_13,449
bvbrtvcygx1a82nbhay7_14,449
bvbrtvcygx1a82nbhay7_15,321
bvbrtvcygx1a82nbhay7_20,127
bvbrtvcygx1a82nbhay7_23,620
bvbrtvcygx1a82nbhay7_30,27
bvbrtvcygx1a82nbhay7_35,437
bvbrtvcygx1a82nbhay7_36,239
bvbrtvcygx1a82nbhay7_39,239
bvbrtvcygx1a82nbhay7_40,39
bvbrtvcygx1a82nbhay7_43,147
bvbrtvcygx1a82nbhay7_44,607
bvbrtvcygx1a82nbhay7_48,543
bvbrtvcygx1a82nbhay7_52,614
htigt6eyr5b8dfb6yo94_3,607
htigt6eyr5b8dfb6yo94_8,752
htigt6eyr5b8dfb6yo94_11,147
htigt6eyr5b8dfb6yo94_12,147
htigt6eyr5b8dfb6yo94_13,279
htigt6eyr5b8dfb6yo94_24,607
htigt6eyr5b8dfb6yo94_25,279
htigt6eyr5b8dfb6yo94_27,279
htigt6eyr5b8dfb6yo94_32,513
htigt6eyr5b8dfb6yo94_45,147
htigt6eyr5b8dfb6yo94_46,147
j46f30kpeywpd03s8q4o_5,571
j46f30kpeywpd03s8q4o_7,409
j46f30kpeywpd03s8q4o_9,473
j46f30kpeywpd03s8q4o_10,25
j46f30kpeywpd03s8q4o_14,596
j46f30kpeywpd03s8q4o_15,409
j46f30kpeywpd03s8q4o_18,346
j46f30kpeywpd03s8q4o_21,596
j46f30kpeywpd03s8q4o_23,633
j46f30kpeywpd03s8q4o_24,729
j46f30kpeywpd03s8q4o_26,346
j46f30kpeywpd03s8q4o_36,9
j46f30kpeywpd03s8q4o_37,346
j46f30kpeywpd03s8q4o_44,346
j46f30kpeywpd03s8q4o_51,346
j46f30kpeywpd03s8q4o_55,346
j46f30kpeywpd03s8q4o_58,907
j46f30kpeywpd03s8q4o_59,586
j46f30kpeywpd03s8q4o_62,39
7fam6b05i85qlgl9cz9x_3,600
7fam6b05i85qlgl9cz9x_6,702
7fam6b05i85qlgl9cz9x_7,936
7fam6b05i85qlgl9cz9x_9,147
7fam6b05i85qlgl9cz9x_10,147
7fam6b05i85qlgl9cz9x_11,239
7fam6b05i85qlgl9cz9x_12,833
7fam6b05i85qlgl9cz9x_23,115
7fam6b05i85qlgl9cz9x_27,147
7fam6b05i85qlgl9cz9x_33,39
7fam6b05i85qlgl9cz9x_34,39
7fam6b05i85qlgl9cz9x_38,39
7fam6b05i85qlgl9cz9x_40,39
7fam6b05i85qlgl9cz9x_47,147
7fam6b05i85qlgl9cz9x_62,39
qwjcaxgwm0lhq2831y4r_7,702
qwjcaxgwm0lhq2831y4r_8,346
qwjcaxgwm0lhq2831y4r_12,702
qwjcaxgwm0lhq2831y4r_16,346
qwjcaxgwm0lhq2831y4r_17,346
qwjcaxgwm0lhq2831y4r_35,263
qwjcaxgwm0lhq2831y4r_55,702
qwjcaxgwm0lhq2831y4r_63,702
18yqlefo3pafkfwj8hz8_2,1010
18yqlefo3pafkfwj8hz8_4,959
18yqlefo3pafkfwj8hz8_5,163
18yqlefo3pafkfwj8hz8_7,633
18yqlefo3pafkfwj8hz8_10,694
18yqlefo3pafkfwj8hz8_11,694
18yqlefo3pafkfwj8hz8_12,694
18yqlefo3pafkfwj8hz8_14,352
18yqlefo3pafkfwj8hz8_15,247
18yqlefo3pafkfwj8hz8_20,296
18yqlefo3pafkfwj8hz8_21,352
18yqlefo3pafkfwj8hz8_23,45
18yqlefo3pafkfwj8hz8_28,869
18yqlefo3pafkfwj8hz8_29,145
18yqlefo3pafkfwj8hz8_45,871
9bd13e1ipuf1mv07x8kl_2,606
9bd13e1ipuf1mv07x8kl_3,810
9bd13e1ipuf1mv07x8kl_5,321
9bd13e1ipuf1mv07x8kl_7,225
9bd13e1ipuf1mv07x8kl_9,295
9bd13e1ipuf1mv07x8kl_10,25
9bd13e1ipuf1mv07x8kl_11,617
9bd13e1ipuf1mv07x8kl_12,713
9bd13e1ipuf1mv07x8kl_14,586
9bd13e1ipuf1mv07x8kl_17,617
9bd13e1ipuf1mv07x8kl_19,9
9bd13e1ipuf1mv07x8kl_20,713
9bd13e1ipuf1mv07x8kl_27,9
9bd13e1ipuf1mv07x8kl_29,713
9bd13e1ipuf1mv07x8kl_37,65
9bd13e1ipuf1mv07x8kl_53,306
9bd13e1ipuf1mv07x8kl_54,378
9bd13e1ipuf1mv07x8kl_59,933
vl9paamr6ru16x158322_1,950
vl9paamr6ru16x158322_7,730
vl9paamr6ru16x158322_14,147
vl9paamr6ru16x158322_17,147
vl9paamr6ru16x158322_21,39
vl9paamr6ru16x158322_25,405
vl9paamr6ru16x158322_51,39
vl9paamr6ru16x158322_52,300
vl9paamr6ru16x158322_56,106
vl9paamr6ru16x158322_61,240
n0ok1yuashcvzx3yaaa7_0,729
n0ok1yuashcvzx3yaaa7_2,933
n0ok1yuashcvzx3yaaa7_3,726
n0ok1yuashcvzx3yaaa7_5,726
n0ok1yuashcvzx3yaaa7_6,713
n0ok1yuashcvzx3yaaa7_7,713
n0ok1yuashcvzx3yaaa7_12,933
n0ok1yuashcvzx3yaaa7_20,933
n0ok1yuashcvzx3yaaa7_25,9
n0ok1yuashcvzx3yaaa7_27,337
n0ok1yuashcvzx3yaaa7_31,933
n0ok1yuashcvzx3yaaa7_35,933
n0ok1yuashcvzx3yaaa7_44,462
n0ok1yuashcvzx3yaaa7_45,147
n0ok1yuashcvzx3yaaa7_46,462
n0ok1yuashcvzx3yaaa7_52,381
n0ok1yuashcvzx3yaaa7_53,462
n0ok1yuashcvzx3yaaa7_55,462
n0ok1yuashcvzx3yaaa7_60,75
7ry8zx4btlkyxjszantd_1,449
7ry8zx4btlkyxjszantd_2,515
7ry8zx4btlkyxjszantd_3,933
7ry8zx4btlkyxjszantd_5,869
7ry8zx4btlkyxjszantd_6,959
7ry8zx4btlkyxjszantd_7,449
7ry8zx4btlkyxjszantd_10,882
7ry8zx4btlkyxjszantd_13,296
7ry8zx4btlkyxjszantd_14,15
7ry8zx4btlkyxjszantd_18,933
l795bf4gc5i4be2mrqhw_0,956
l795bf4gc5i4be2mrqhw_1,1006
l795bf4gc5i4be2mrqhw_8,440
l795bf4gc5i4be2mrqhw_12,491
l795bf4gc5i4be2mrqhw_16,440
l795bf4gc5i4be2mrqhw_27,337
l795bf4gc5i4be2mrqhw_32,308
l795bf4gc5i4be2mrqhw_33,933
l795bf4gc5i4be2mrqhw_40,713
l795bf4gc5i4be2mrqhw_42,448
l795bf4gc5i4be2mrqhw_56,448
yglx0prdcl0nwc2kgr4s_2,175
yglx0prdcl0nwc2kgr4s_17,101
yglx0prdcl0nwc2kgr4s_20,694
yglx0prdcl0nwc2kgr4s_39,543
yglx0prdcl0nwc2kgr4s_43,543
yglx0prdcl0nwc2kgr4s_48,302
yglx0prdcl0nwc2kgr4s_54,513
yglx0prdcl0nwc2kgr4s_61,513
u441sfjskfbj34u224eg_0,57
u441sfjskfbj34u224eg_2,449
u441sfjskfbj34u224eg_4,943
u441sfjskfbj34u224eg_7,294
u441sfjskfbj34u224eg_10,543
u441sfjskfbj34u224eg_13,543
u441sfjskfbj34u224eg_18,279
u441sfjskfbj34u224eg_21,943
u441sfjskfbj34u224eg_25,147
u441sfjskfbj34u224eg_30,147
u441sfjskfbj34u224eg_33,39
u441sfjskfbj34u224eg_34,39
u441sfjskfbj34u224eg_41,147
u441sfjskfbj34u224eg_45,147
u441sfjskfbj34u224eg_47,543
u441sfjskfbj34u224eg_54,239
u441sfjskfbj34u224eg_61,854
b7ixuy0hfhranrb3z58n_1,449
b7ixuy0hfhranrb3z58n_2,279
b7ixuy0hfhranrb3z58n_3,279
b7ixuy0hfhranrb3z58n_4,617
b7ixuy0hfhranrb3z58n_5,449
b7ixuy0hfhranrb3z58n_6,449
b7ixuy0hfhranrb3z58n_8,933
b7ixuy0hfhranrb3z58n_9,943
b7ixuy0hfhranrb3z58n_13,449
b7ixuy0hfhranrb3z58n_20,962
b7ixuy0hfhranrb3z58n_21,145
b7ixuy0hfhranrb3z58n_28,427
b7ixuy0hfhranrb3z58n_35,424
b7ixuy0hfhranrb3z58n_43,145
b7ixuy0hfhranrb3z58n_60,479
b7ixuy0hfhranrb3z58n_61,994
tnqo0ajiyncaeicszauf_14,713
tnqo0ajiyncaeicszauf_19,713
tnqo0ajiyncaeicszauf_27,713
tnqo0ajiyncaeicszauf_34,907
tnqo0ajiyncaeicszauf_42,227
tnqo0ajiyncaeicszauf_44,176
tnqo0ajiyncaeicszauf_45,222
tnqo0ajiyncaeicszauf_46,222
tnqo0ajiyncaeicszauf_47,162
tnqo0ajiyncaeicszauf_51,853
tnqo0ajiyncaeicszauf_60,891
tnqo0ajiyncaeicszauf_61,767
n4ezav9xgbwaqtn600lc_0,422
n4ezav9xgbwaqtn600lc_2,147
n4ezav9xgbwaqtn600lc_4,943
n4ezav9xgbwaqtn600lc_5,943
n4ezav9xgbwaqtn600lc_7,103
n4ezav9xgbwaqtn600lc_11,607
n4ezav9xgbwaqtn600lc_14,300
n4ezav9xgbwaqtn600lc_17,147
n4ezav9xgbwaqtn600lc_18,147
n4ezav9xgbwaqtn600lc_23,279
n4ezav9xgbwaqtn600lc_24,543
n4ezav9xgbwaqtn600lc_29,607
n4ezav9xgbwaqtn600lc_37,300
n4ezav9xgbwaqtn600lc_44,39
n4ezav9xgbwaqtn600lc_51,646
n4ezav9xgbwaqtn600lc_52,300
n4ezav9xgbwaqtn600lc_56,430
n4ezav9xgbwaqtn600lc_57,646
n4ezav9xgbwaqtn600lc_58,646
n4ezav9xgbwaqtn600lc_59,430
wczojo8uwh9ksb4zvnf6_0,602
wczojo8uwh9ksb4zvnf6_2,217
wczojo8uwh9ksb4zvnf6_3,713
wczojo8uwh9ksb4zvnf6_8,835
wczojo8uwh9ksb4zvnf6_9,644
wczojo8uwh9ksb4zvnf6_10,713
wczojo8uwh9ksb4zvnf6_13,694
wczojo8uwh9ksb4zvnf6_16,805
wczojo8uwh9ksb4zvnf6_17,200
wczojo8uwh9ksb4zvnf6_20,586
wczojo8uwh9ksb4zvnf6_21,25
wczojo8uwh9ksb4zvnf6_36,606
wczojo8uwh9ksb4zvnf6_42,137
wczojo8uwh9ksb4zvnf6_43,302
wczojo8uwh9ksb4zvnf6_49,236
wczojo8uwh9ksb4zvnf6_51,636
wczojo8uwh9ksb4zvnf6_57,415
dboejpi3lgdau4ifx24j_3,449
dboejpi3lgdau4ifx24j_5,449
dboejpi3lgdau4ifx24j_8,82
dboejpi3lgdau4ifx24j_11,717
dboejpi3lgdau4ifx24j_12,946
dboejpi3lgdau4ifx24j_14,894
dboejpi3lgdau4ifx24j_17,101
dboejpi3lgdau4ifx24j_21,960
dboejpi3lgdau4ifx24j_23,316
dboejpi3lgdau4ifx24j_31,960
dboejpi3lgdau4ifx24j_48,1016
dboejpi3lgdau4ifx24j_53,39
dboejpi3lgdau4ifx24j_56,57
dboejpi3lgdau4ifx24j_60,39
vn9w2qp9tvfagv6df8yb_1,484
vn9w2qp9tvfagv6df8yb_6,163
vn9w2qp9tvfagv6df8yb_7,959
vn9w2qp9tvfagv6df8yb_8,92
vn9w2qp9tvfagv6df8yb_11,930
vn9w2qp9tvfagv6df8yb_12,694
vn9w2qp9tvfagv6df8yb_17,255
vn9w2qp9tvfagv6df8yb_19,265
vn9w2qp9tvfagv6df8yb_20,82
vn9w2qp9tvfagv6df8yb_50,921
vn9w2qp9tvfagv6df8yb_57,282
oodga7o336v3pkzlw2vc_5,65
oodga7o336v3pkzlw2vc_6,877
oodga7o336v3pkzlw2vc_13,65
oodga7o336v3pkzlw2vc_18,9
oodga7o336v3pkzlw2vc_35,306
oodga7o336v3pkzlw2vc_39,109
oodga7o336v3pkzlw2vc_44,462
oodga7o336v3pkzlw2vc_46,222
htbixpr1dufmswyvudzz_3,732
htbixpr1dufmswyvudzz_4,11
htbixpr1dufmswyvudzz_5,244
htbixpr1dufmswyvudzz_6,113
htbixpr1dufmswyvudzz_13,465
htbixpr1dufmswyvudzz_14,82
htbixpr1dufmswyvudzz_16,955
htbixpr1dufmswyvudzz_18,486
htbixpr1dufmswyvudzz_21,82
htbixpr1dufmswyvudzz_25,282
htbixpr1dufmswyvudzz_29,82
htbixpr1dufmswyvudzz_32,65
htbixpr1dufmswyvudzz_34,416
htbixpr1dufmswyvudzz_37,65
htbixpr1dufmswyvudzz_38,57
htbixpr1dufmswyvudzz_40,378
htbixpr1dufmswyvudzz_53,598
htbixpr1dufmswyvudzz_57,584
htbixpr1dufmswyvudzz_60,598
z3vp51vh506nqhm72iwk_9,473
z3vp51vh506nqhm72iwk_14,506
z3vp51vh506nqhm72iwk_15,721
z3vp51vh506nqhm72iwk_18,726
z3vp51vh506nqhm72iwk_20,506
z3vp51vh506nqhm72iwk_23,506
z3vp51vh506nqhm72iwk_25,907
z3vp51vh506nqhm72iwk_28,346
z3vp51vh506nqhm72iwk_29,699
z3vp51vh506nqhm72iwk_30,134
z3vp51vh506nqhm72iwk_31,791
z3vp51vh506nqhm72iwk_36,747
z3vp51vh506nqhm72iwk_37,279
z3vp51vh506nqhm72iwk_38,279
z3vp51vh506nqhm72iwk_40,729
z3vp51vh506nqhm72iwk_41,9
z3vp51vh506nqhm72iwk_45,279
tu3ce5lafajmrw57gcb6_3,543
tu3ce5lafajmrw57gcb6_4,346
tu3ce5lafajmrw57gcb6_5,817
tu3ce5lafajmrw57gcb6_7,933
tu3ce5lafajmrw57gcb6_17,9
tu3ce5lafajmrw57gcb6_43,405
tu3ce5lafajmrw57gcb6_46,279
tu3ce5lafajmrw57gcb6_49,729
tu3ce5lafajmrw57gcb6_54,646
tu3ce5lafajmrw57gcb6_58,90
tu3ce5lafajmrw57gcb6_62,833
21mv75bckqu926gc5b52_1,15
21mv75bckqu926gc5b52_3,288
21mv75bckqu926gc5b52_6,694
21mv75bckqu926gc5b52_7,965
21mv75bckqu926gc5b52_10,736
21mv75bckqu926gc5b52_12,543
21mv75bckqu926gc5b52_14,694
21mv75bckqu926gc5b52_19,101
21mv75bckqu926gc5b52_21,943
21mv75bckqu926gc5b52_24,930
21mv75bckqu926gc5b52_27,101
21mv75bckqu926gc5b52_28,288
21mv75bckqu926gc5b52_36,150
21mv75bckqu926gc5b52_45,943
21mv75bckqu926gc5b52_59,297
si4r7yu8rgdd9zn075gm_1,499
si4r7yu8rgdd9zn075gm_5,892
si4r7yu8rgdd9zn075gm_7,321
si4r7yu8rgdd9zn075gm_13,100
si4r7yu8rgdd9zn075gm_20,39
si4r7yu8rgdd9zn075gm_22,308
si4r7yu8rgdd9zn075gm_33,816
si4r7yu8rgdd9zn075gm_38,300
si4r7yu8rgdd9zn075gm_40,346
si4r7yu8rgdd9zn075gm_49,101
s4pgyh6hd1bmnuf6x7n8_0,752
s4pgyh6hd1bmnuf6x7n8_6,960
s4pgyh6hd1bmnuf6x7n8_8,279
s4pgyh6hd1bmnuf6x7n8_14,960
s4pgyh6hd1bmnuf6x7n8_21,646
s4pgyh6hd1bmnuf6x7n8_22,607
s4pgyh6hd1bmnuf6x7n8_26,646
s4pgyh6hd1bmnuf6x7n8_29,646
s4pgyh6hd1bmnuf6x7n8_30,646
s4pgyh6hd1bmnuf6x7n8_33,646
s4pgyh6hd1bmnuf6x7n8_36,646
s4pgyh6hd1bmnuf6x7n8_38,646
s4pgyh6hd1bmnuf6x7n8_41,646
s4pgyh6hd1bmnuf6x7n8_43,646
s4pgyh6hd1bmnuf6x7n8_49,646
s4pgyh6hd1bmnuf6x7n8_52,607
s4pgyh6hd1bmnuf6x7n8_58,646
r3exgwq84ijzsgis3uqi_4,449
r3exgwq84ijzsgis3uqi_11,446
r3exgwq84ijzsgis3uqi_15,997
r3exgwq84ijzsgis3uqi_16,239
r3exgwq84ijzsgis3uqi_18,9
r3exgwq84ijzsgis3uqi_19,346
r3exgwq84ijzsgis3uqi_21,960
r3exgwq84ijzsgis3uqi_24,729
r3exgwq84ijzsgis3uqi_26,346
r3exgwq84ijzsgis3uqi_54,462
iyr7z7rjdea4e4vazzkm_1,658
iyr7z7rjdea4e4vazzkm_3,943
iyr7z7rjdea4e4vazzkm_5,959
iyr7z7rjdea4e4vazzkm_6,449
iyr7z7rjdea4e4vazzkm_8,337
iyr7z7rjdea4e4vazzkm_9,943
iyr7z7rjdea4e4vazzkm_10,337
iyr7z7rjdea4e4vazzkm_11,258
iyr7z7rjdea4e4vazzkm_13,694
iyr7z7rjdea4e4vazzkm_14,869
iyr7z7rjdea4e4vazzkm_17,933
iyr7z7rjdea4e4vazzkm_25,658
iyr7z7rjdea4e4vazzkm_27,499
iyr7z7rjdea4e4vazzkm_49,279
iyr7z7rjdea4e4vazzkm_57,607
axh5eq159dpvssej4usf_1,702
axh5eq159dpvssej4usf_3,702
axh5eq159dpvssej4usf_5,702
axh5eq159dpvssej4usf_9,702
axh5eq159dpvssej4usf_10,702
axh5eq159dpvssej4usf_18,702
axh5eq159dpvssej4usf_26,702
axh5eq159dpvssej4usf_38,702
axh5eq159dpvssej4usf_43,833
axh5eq159dpvssej4usf_44,600
axh5eq159dpvssej4usf_47,702
axh5eq159dpvssej4usf_54,702
axh5eq159dpvssej4usf_63,402
1lz3oxrxdkrxpayvfxbo_5,633
1lz3oxrxdkrxpayvfxbo_6,633
1lz3oxrxdkrxpayvfxbo_8,383
1lz3oxrxdkrxpayvfxbo_10,82
1lz3oxrxdkrxpayvfxbo_12,296
1lz3oxrxdkrxpayvfxbo_16,724
1lz3oxrxdkrxpayvfxbo_18,419
1lz3oxrxdkrxpayvfxbo_21,197
1lz3oxrxdkrxpayvfxbo_22,732
1lz3oxrxdkrxpayvfxbo_25,332
1lz3oxrxdkrxpayvfxbo_30,970
1lz3oxrxdkrxpayvfxbo_38,724
1lz3oxrxdkrxpayvfxbo_54,537
1lz3oxrxdkrxpayvfxbo_55,581
1lz3oxrxdkrxpayvfxbo_56,494
1lz3oxrxdkrxpayvfxbo_62,433
d3vh0xamkmqvb6vx1i9d_0,959
d3vh0xamkmqvb6vx1i9d_3,449
d3vh0xamkmqvb6vx1i9d_10,884
d3vh0xamkmqvb6vx1i9d_11,446
d3vh0xamkmqvb6vx1i9d_17,894
d3vh0xamkmqvb6vx1i9d_22,894
d3vh0xamkmqvb6vx1i9d_24,633
d3vh0xamkmqvb6vx1i9d_33,894
d3vh0xamkmqvb6vx1i9d_35,894
d3vh0xamkmqvb6vx1i9d_36,894
d3vh0xamkmqvb6vx1i9d_40,633
d3vh0xamkmqvb6vx1i9d_41,122
d3vh0xamkmqvb6vx1i9d_42,894
d3vh0xamkmqvb6vx1i9d_44,894
d3vh0xamkmqvb6vx1i9d_49,839
d3vh0xamkmqvb6vx1i9d_52,970
d3vh0xamkmqvb6vx1i9d_59,272
fnuetzxartit9eq10e6g_7,861
fnuetzxartit9eq10e6g_13,290
fnuetzxartit9eq10e6g_14,82
fnuetzxartit9eq10e6g_15,155
fnuetzxartit9eq10e6g_22,328
fnuetzxartit9eq10e6g_29,733
fnuetzxartit9eq10e6g_31,321
fnuetzxartit9eq10e6g_33,72
fnuetzxartit9eq10e6g_37,157
fnuetzxartit9eq10e6g_40,1014
fnuetzxartit9eq10e6g_43,450
fnuetzxartit9eq10e6g_50,979
fnuetzxartit9eq10e6g_51,979
fnuetzxartit9eq10e6g_56,494
fnuetzxartit9eq10e6g_58,289
fnuetzxartit9eq10e6g_59,836
fnuetzxartit9eq10e6g_63,149
k3dlxcwek2pekjrdhll5_2,1010
k3dlxcwek2pekjrdhll5_4,244
k3dlxcwek2pekjrdhll5_5,587
k3dlxcwek2pekjrdhll5_6,633
k3dlxcwek2pekjrdhll5_7,877
k3dlxcwek2pekjrdhll5_13,15
k3dlxcwek2pekjrdhll5_17,587
k3dlxcwek2pekjrdhll5_19,272
k3dlxcwek2pekjrdhll5_20,894
k3dlxcwek2pekjrdhll5_39,390
k3dlxcwek2pekjrdhll5_46,587
k3dlxcwek2pekjrdhll5_62,877
joci4xqbveo7y1gwln1y_4,959
joci4xqbveo7y1gwln1y_6,633
joci4xqbveo7y1gwln1y_7,877
joci4xqbveo7y1gwln1y_8,15
joci4xqbveo7y1gwln1y_12,134
joci4xqbveo7y1gwln1y_13,446
joci4xqbveo7y1gwln1y_16,579
joci4xqbveo7y1gwln1y_27,296
joci4xqbveo7y1gwln1y_37,301
joci4xqbveo7y1gwln1y_38,724
joci4xqbveo7y1gwln1y_48,647
joci4xqbveo7y1gwln1y_49,504
joci4xqbveo7y1gwln1y_52,979
joci4xqbveo7y1gwln1y_56,110
joci4xqbveo7y1gwln1y_60,979
joci4xqbveo7y1gwln1y_61,979
joci4xqbveo7y1gwln1y_62,341
kfbmdcaie3dbptfc769i_7,730
kfbmdcaie3dbptfc769i_11,587
kfbmdcaie3dbptfc769i_12,587
kfbmdcaie3dbptfc769i_23,150
kfbmdcaie3dbptfc769i_29,1010
kfbmdcaie3dbptfc769i_32,137
kfbmdcaie3dbptfc769i_37,871
kfbmdcaie3dbptfc769i_56,979
kfbmdcaie3dbptfc769i_57,832
kfbmdcaie3dbptfc769i_61,433
b4sp7omy49dvgoq7nl3o_5,454
b4sp7omy49dvgoq7nl3o_7,137
b4sp7omy49dvgoq7nl3o_8,419
b4sp7omy49dvgoq7nl3o_29,900
b4sp7omy49dvgoq7nl3o_37,298
b4sp7omy49dvgoq7nl3o_38,537
b4sp7omy49dvgoq7nl3o_40,724
b4sp7omy49dvgoq7nl3o_49,546
b4sp7omy49dvgoq7nl3o_56,494
pe425kg0z5jyh92e9y2d_0,959
pe425kg0z5jyh92e9y2d_2,290
pe425kg0z5jyh92e9y2d_3,959
pe425kg0z5jyh92e9y2d_6,847
pe425kg0z5jyh92e9y2d_10,869
pe425kg0z5jyh92e9y2d_12,894
pe425kg0z5jyh92e9y2d_19,15
pe425kg0z5jyh92e9y2d_25,321
pe425kg0z5jyh92e9y2d_26,15
pe425kg0z5jyh92e9y2d_28,755
pe425kg0z5jyh92e9y2d_33,468
pe425kg0z5jyh92e9y2d_35,454
pe425kg0z5jyh92e9y2d_36,894
pe425kg0z5jyh92e9y2d_42,321
4q9usw4oz2jlqnx1e00k_2,5
4q9usw4oz2jlqnx1e00k_3,959
4q9usw4oz2jlqnx1e00k_5,122
4q9usw4oz2jlqnx1e00k_6,959
4q9usw4oz2jlqnx1e00k_9,953
4q9usw4oz2jlqnx1e00k_11,664
4q9usw4oz2jlqnx1e00k_13,979
4q9usw4oz2jlqnx1e00k_17,643
4q9usw4oz2jlqnx1e00k_19,724
4q9usw4oz2jlqnx1e00k_22,284
4q9usw4oz2jlqnx1e00k_27,664
4q9usw4oz2jlqnx1e00k_33,932
4q9usw4oz2jlqnx1e00k_37,724
4q9usw4oz2jlqnx1e00k_40,1010
4q9usw4oz2jlqnx1e00k_49,218
4q9usw4oz2jlqnx1e00k_50,332
4q9usw4oz2jlqnx1e00k_51,570
4q9usw4oz2jlqnx1e00k_58,433
4q9usw4oz2jlqnx1e00k_59,832
4q9usw4oz2jlqnx1e00k_60,433
hxyukrcic7qrl9cx7v1d_3,155
hxyukrcic7qrl9cx7v1d_4,717
hxyukrcic7qrl9cx7v1d_5,27
hxyukrcic7qrl9cx7v1d_6,847
hxyukrcic7qrl9cx7v1d_9,82
hxyukrcic7qrl9cx7v1d_11,755
hxyukrcic7qrl9cx7v1d_12,755
hxyukrcic7qrl9cx7v1d_16,961
hxyukrcic7qrl9cx7v1d_17,871
hxyukrcic7qrl9cx7v1d_35,296
hxyukrcic7qrl9cx7v1d_39,847
hxyukrcic7qrl9cx7v1d_45,189
hxyukrcic7qrl9cx7v1d_47,163
hxyukrcic7qrl9cx7v1d_51,308
hxyukrcic7qrl9cx7v1d_53,217
hxyukrcic7qrl9cx7v1d_54,587
z4bl41c645yevqscx83e_3,901
z4bl41c645yevqscx83e_6,296
z4bl41c645yevqscx83e_11,328
z4bl41c645yevqscx83e_12,587
z4bl41c645yevqscx83e_22,308
z4bl41c645yevqscx83e_24,120
z4bl41c645yevqscx83e_25,450
z4bl41c645yevqscx83e_27,862
z4bl41c645yevqscx83e_31,308
z4bl41c645yevqscx83e_33,302
z4bl41c645yevqscx83e_34,157
z4bl41c645yevqscx83e_37,150
z4bl41c645yevqscx83e_38,683
z4bl41c645yevqscx83e_40,138
z4bl41c645yevqscx83e_41,639
z4bl41c645yevqscx83e_49,945
z4bl41c645yevqscx83e_50,403
z4bl41c645yevqscx83e_53,793
z4bl41c645yevqscx83e_54,474
z4bl41c645yevqscx83e_58,546
r5mzw874jan1si92dmm3_0,244
r5mzw874jan1si92dmm3_9,953
r5mzw874jan1si92dmm3_12,886
r5mzw874jan1si92dmm3_14,506
r5mzw874jan1si92dmm3_19,70
r5mzw874jan1si92dmm3_21,506
r5mzw874jan1si92dmm3_37,284
r5mzw874jan1si92dmm3_43,52
r5mzw874jan1si92dmm3_46,871
r5mzw874jan1si92dmm3_57,846
r5mzw874jan1si92dmm3_63,112
sanyr5njuhildg2cg317_0,640
sanyr5njuhildg2cg317_7,861
sanyr5njuhildg2cg317_15,721
sanyr5njuhildg2cg317_17,867
sanyr5njuhildg2cg317_26,109
sanyr5njuhildg2cg317_27,827
sanyr5njuhildg2cg317_32,137
sanyr5njuhildg2cg317_40,404
sanyr5njuhildg2cg317_41,826
sanyr5njuhildg2cg317_51,91
sanyr5njuhildg2cg317_56,647
sanyr5njuhildg2cg317_57,289
sanyr5njuhildg2cg317_60,826
r8fdv36zhtaa15gies3r_2,56
r8fdv36zhtaa15gies3r_4,5
r8fdv36zhtaa15gies3r_12,1013
r8fdv36zhtaa15gies3r_24,914
r8fdv36zhtaa15gies3r_28,456
r8fdv36zhtaa15gies3r_32,946
r8fdv36zhtaa15gies3r_38,456
r8fdv36zhtaa15gies3r_40,727
r8fdv36zhtaa15gies3r_41,869
r8fdv36zhtaa15gies3r_43,727
r8fdv36zhtaa15gies3r_44,562
r8fdv36zhtaa15gies3r_46,70
r8fdv36zhtaa15gies3r_47,532
r8fdv36zhtaa15gies3r_49,776
r8fdv36zhtaa15gies3r_52,14
r8fdv36zhtaa15gies3r_54,676
r8fdv36zhtaa15gies3r_57,505
r8fdv36zhtaa15gies3r_61,149
r8fdv36zhtaa15gies3r_62,313
r8fdv36zhtaa15gies3r_63,953
o9tgbc4jahyovdoewjzd_1,640
o9tgbc4jahyovdoewjzd_9,388
o9tgbc4jahyovdoewjzd_12,396
o9tgbc4jahyovdoewjzd_19,848
o9tgbc4jahyovdoewjzd_22,474
o9tgbc4jahyovdoewjzd_27,72
o9tgbc4jahyovdoewjzd_28,6
o9tgbc4jahyovdoewjzd_30,474
o9tgbc4jahyovdoewjzd_33,456
o9tgbc4jahyovdoewjzd_35,396
o9tgbc4jahyovdoewjzd_39,212
o9tgbc4jahyovdoewjzd_43,848
o9tgbc4jahyovdoewjzd_45,52
o9tgbc4jahyovdoewjzd_49,336
vkfgsd23u15tkdchi22d_4,743
vkfgsd23u15tkdchi22d_7,539
vkfgsd23u15tkdchi22d_15,539
vkfgsd23u15tkdchi22d_24,98
vkfgsd23u15tkdchi22d_25,715
vkfgsd23u15tkdchi22d_27,219
vkfgsd23u15tkdchi22d_33,62
vkfgsd23u15tkdchi22d_42,601
vkfgsd23u15tkdchi22d_63,667
see11ilnrgrmkimhza7j_4,446
see11ilnrgrmkimhza7j_7,539
see11ilnrgrmkimhza7j_11,219
see11ilnrgrmkimhza7j_14,725
see11ilnrgrmkimhza7j_15,539
see11ilnrgrmkimhza7j_17,601
see11ilnrgrmkimhza7j_28,867
see11ilnrgrmkimhza7j_43,138
see11ilnrgrmkimhza7j_55,1017
n9n7yijdp8vau1qffnx9_24,69
n9n7yijdp8vau1qffnx9_26,831
n9n7yijdp8vau1qffnx9_40,1014
n9n7yijdp8vau1qffnx9_41,386
n9n7yijdp8vau1qffnx9_53,14
n9n7yijdp8vau1qffnx9_57,1003
n9n7yijdp8vau1qffnx9_58,756
n9n7yijdp8vau1qffnx9_60,289
w38eirdkelets7eqq47u_11,1018
w38eirdkelets7eqq47u_12,150
w38eirdkelets7eqq47u_17,295
w38eirdkelets7eqq47u_20,946
w38eirdkelets7eqq47u_22,2
w38eirdkelets7eqq47u_23,190
w38eirdkelets7eqq47u_24,250
w38eirdkelets7eqq47u_28,234
w38eirdkelets7eqq47u_38,209
w38eirdkelets7eqq47u_39,301
w38eirdkelets7eqq47u_42,676
w38eirdkelets7eqq47u_46,366
w38eirdkelets7eqq47u_49,794
w38eirdkelets7eqq47u_52,593
w38eirdkelets7eqq47u_53,50
w38eirdkelets7eqq47u_55,532
w38eirdkelets7eqq47u_58,570
w38eirdkelets7eqq47u_60,570
w38eirdkelets7eqq47u_61,313
w38eirdkelets7eqq47u_63,939
lf30i38t8gua5rfcf9u0_9,976
lf30i38t8gua5rfcf9u0_14,352
lf30i38t8gua5rfcf9u0_20,25
lf30i38t8gua5rfcf9u0_24,322
lf30i38t8gua5rfcf9u0_29,97
lf30i38t8gua5rfcf9u0_31,664
lf30i38t8gua5rfcf9u0_33,489
lf30i38t8gua5rfcf9u0_36,867
lf30i38t8gua5rfcf9u0_39,149
lf30i38t8gua5rfcf9u0_42,376
lf30i38t8gua5rfcf9u0_51,869
lf30i38t8gua5rfcf9u0_53,628
lf30i38t8gua5rfcf9u0_59,846
lf30i38t8gua5rfcf9u0_60,846
tv8d1wqdeybnna5n2d68_9,579
tv8d1wqdeybnna5n2d68_13,219
tv8d1wqdeybnna5n2d68_32,386
tv8d1wqdeybnna5n2d68_33,456
tv8d1wqdeybnna5n2d68_35,867
tv8d1wqdeybnna5n2d68_44,798
tv8d1wqdeybnna5n2d68_54,798
tv8d1wqdeybnna5n2d68_56,149
tv8d1wqdeybnna5n2d68_60,947
tv8d1wqdeybnna5n2d68_61,947
hfehu77q3a3l87rag3kb_20,327
hfehu77q3a3l87rag3kb_21,100
hfehu77q3a3l87rag3kb_24,914
hfehu77q3a3l87rag3kb_26,964
hfehu77q3a3l87rag3kb_31,735
hfehu77q3a3l87rag3kb_37,14
hfehu77q3a3l87rag3kb_38,14
hfehu77q3a3l87rag3kb_42,14
hfehu77q3a3l87rag3kb_47,532
hfehu77q3a3l87rag3kb_50,794
hfehu77q3a3l87rag3kb_53,209
hfehu77q3a3l87rag3kb_58,846
hfehu77q3a3l87rag3kb_59,289
hfehu77q3a3l87rag3kb_60,341
83e7xh3j2kg8zvpn08yx_9,219
83e7xh3j2kg8zvpn08yx_13,33
83e7xh3j2kg8zvpn08yx_25,219
83e7xh3j2kg8zvpn08yx_26,867
83e7xh3j2kg8zvpn08yx_32,98
83e7xh3j2kg8zvpn08yx_33,688
83e7xh3j2kg8zvpn08yx_42,450
83e7xh3j2kg8zvpn08yx_48,647
83e7xh3j2kg8zvpn08yx_53,77
83e7xh3j2kg8zvpn08yx_54,798
83e7xh3j2kg8zvpn08yx_62,947
ef47enm9qdvofltpvxn6_8,98
ef47enm9qdvofltpvxn6_10,812
ef47enm9qdvofltpvxn6_12,60
ef47enm9qdvofltpvxn6_14,581
ef47enm9qdvofltpvxn6_17,771
ef47enm9qdvofltpvxn6_21,1007
ef47enm9qdvofltpvxn6_25,867
ef47enm9qdvofltpvxn6_32,98
ef47enm9qdvofltpvxn6_35,253
ef47enm9qdvofltpvxn6_43,224
ef47enm9qdvofltpvxn6_44,725
avuslxopd478wzdvjz9z_2,2
avuslxopd478wzdvjz9z_5,801
avuslxopd478wzdvjz9z_6,586
avuslxopd478wzdvjz9z_12,2
avuslxopd478wzdvjz9z_20,2
avuslxopd478wzdvjz9z_21,2
avuslxopd478wzdvjz9z_22,2
avuslxopd478wzdvjz9z_32,256
avuslxopd478wzdvjz9z_34,639
avuslxopd478wzdvjz9z_37,921
avuslxopd478wzdvjz9z_40,233
avuslxopd478wzdvjz9z_45,270
avuslxopd478wzdvjz9z_47,962
avuslxopd478wzdvjz9z_51,386
avuslxopd478wzdvjz9z_52,138
avuslxopd478wzdvjz9z_54,347
6bcrrkjg50b0hl744lif_5,49
6bcrrkjg50b0hl744lif_16,917
6bcrrkjg50b0hl744lif_25,606
6bcrrkjg50b0hl744lif_27,303
6bcrrkjg50b0hl744lif_43,455
6bcrrkjg50b0hl744lif_46,962
6bcrrkjg50b0hl744lif_54,826
6bcrrkjg50b0hl744lif_56,971
6bcrrkjg50b0hl744lif_57,266
s25grvpcj4cgk6oqz842_4,859
s25grvpcj4cgk6oqz842_5,859
s25grvpcj4cgk6oqz842_6,49
s25grvpcj4cgk6oqz842_8,120
s25grvpcj4cgk6oqz842_10,579
s25grvpcj4cgk6oqz842_12,372
s25grvpcj4cgk6oqz842_15,991
s25grvpcj4cgk6oqz842_19,295
s25grvpcj4cgk6oqz842_20,295
s25grvpcj4cgk6oqz842_40,1014
s25grvpcj4cgk6oqz842_41,932
s25grvpcj4cgk6oqz842_46,2
s25grvpcj4cgk6oqz842_47,586
s25grvpcj4cgk6oqz842_50,517
s25grvpcj4cgk6oqz842_54,792
s25grvpcj4cgk6oqz842_57,418
s25grvpcj4cgk6oqz842_60,251
075bjvvrcntj0hp6r82m_0,731
075bjvvrcntj0hp6r82m_3,522
075bjvvrcntj0hp6r82m_4,5
075bjvvrcntj0hp6r82m_7,539
075bjvvrcntj0hp6r82m_15,195
075bjvvrcntj0hp6r82m_19,219
075bjvvrcntj0hp6r82m_26,109
075bjvvrcntj0hp6r82m_28,867
075bjvvrcntj0hp6r82m_35,14
075bjvvrcntj0hp6r82m_40,927
075bjvvrcntj0hp6r82m_50,14
075bjvvrcntj0hp6r82m_51,1009
075bjvvrcntj0hp6r82m_58,846
075bjvvrcntj0hp6r82m_62,915
0xunyycu8i6fgt29vw2r_3,119
0xunyycu8i6fgt29vw2r_5,2
0xunyycu8i6fgt29vw2r_8,1014
0xunyycu8i6fgt29vw2r_18,1009
0xunyycu8i6fgt29vw2r_23,2
0xunyycu8i6fgt29vw2r_36,408
0xunyycu8i6fgt29vw2r_40,1003
0xunyycu8i6fgt29vw2r_41,489
0xunyycu8i6fgt29vw2r_50,415
0xunyycu8i6fgt29vw2r_51,802
0xunyycu8i6fgt29vw2r_54,727
0xunyycu8i6fgt29vw2r_60,341
v6unapa0vggsbhuzvgfx_10,806
v6unapa0vggsbhuzvgfx_14,195
v6unapa0vggsbhuzvgfx_23,539
v6unapa0vggsbhuzvgfx_33,450
v6unapa0vggsbhuzvgfx_37,793
v6unapa0vggsbhuzvgfx_42,332
v6unapa0vggsbhuzvgfx_48,149
v6unapa0vggsbhuzvgfx_49,843
v6unapa0vggsbhuzvgfx_56,647
v6unapa0vggsbhuzvgfx_58,826
80l5gx51c37m7uxuw2k6_12,2
80l5gx51c37m7uxuw2k6_20,69
80l5gx51c37m7uxuw2k6_23,2
80l5gx51c37m7uxuw2k6_25,69
80l5gx51c37m7uxuw2k6_27,413
80l5gx51c37m7uxuw2k6_29,270
80l5gx51c37m7uxuw2k6_34,69
80l5gx51c37m7uxuw2k6_37,528
80l5gx51c37m7uxuw2k6_40,1003
hi9y6f5k8219of6eaarx_10,437
hi9y6f5k8219of6eaarx_24,965
hi9y6f5k8219of6eaarx_29,927
hi9y6f5k8219of6eaarx_36,277
hi9y6f5k8219of6eaarx_37,927
hi9y6f5k8219of6eaarx_42,693
hi9y6f5k8219of6eaarx_45,277
hi9y6f5k8219of6eaarx_47,962
hi9y6f5k8219of6eaarx_53,277
hi9y6f5k8219of6eaarx_56,756
hi9y6f5k8219of6eaarx_58,505
hi9y6f5k8219of6eaarx_59,838
hi9y6f5k8219of6eaarx_60,400
hi9y6f5k8219of6eaarx_61,277
hi9y6f5k8219of6eaarx_62,562
63edga3ytjr7rctd4vly_0,62
63edga3ytjr7rctd4vly_5,2
63edga3ytjr7rctd4vly_21,927
63edga3ytjr7rctd4vly_23,675
63edga3ytjr7rctd4vly_25,927
63edga3ytjr7rctd4vly_28,895
63edga3ytjr7rctd4vly_30,862
63edga3ytjr7rctd4vly_32,895
63edga3ytjr7rctd4vly_34,801
63edga3ytjr7rctd4vly_37,560
63edga3ytjr7rctd4vly_42,586
63edga3ytjr7rctd4vly_44,407
63edga3ytjr7rctd4vly_45,157
63edga3ytjr7rctd4vly_46,157
63edga3ytjr7rctd4vly_47,885
63edga3ytjr7rctd4vly_54,70
63edga3ytjr7rctd4vly_62,846
lizxkakx25pc8tj4d1f8_0,949
lizxkakx25pc8tj4d1f8_13,421
lizxkakx25pc8tj4d1f8_14,298
lizxkakx25pc8tj4d1f8_16,1014
lizxkakx25pc8tj4d1f8_18,24
lizxkakx25pc8tj4d1f8_23,532
lizxkakx25pc8tj4d1f8_25,932
lizxkakx25pc8tj4d1f8_28,2
lizxkakx25pc8tj4d1f8_38,927
lizxkakx25pc8tj4d1f8_40,1003
lizxkakx25pc8tj4d1f8_43,52
lizxkakx25pc8tj4d1f8_45,962
lizxkakx25pc8tj4d1f8_50,891
lizxkakx25pc8tj4d1f8_52,537
lizxkakx25pc8tj4d1f8_54,1016
lizxkakx25pc8tj4d1f8_55,895
lizxkakx25pc8tj4d1f8_57,570
lizxkakx25pc8tj4d1f8_61,347
lizxkakx25pc8tj4d1f8_63,149
0xo9jpenn1158n5acgxg_2,571
0xo9jpenn1158n5acgxg_3,119
0xo9jpenn1158n5acgxg_9,606
0xo9jpenn1158n5acgxg_11,705
0xo9jpenn1158n5acgxg_16,965
0xo9jpenn1158n5acgxg_17,2
0xo9jpenn1158n5acgxg_25,935
0xo9jpenn1158n5acgxg_29,1013
0xo9jpenn1158n5acgxg_34,7
0xo9jpenn1158n5acgxg_35,586
0xo9jpenn1158n5acgxg_38,834
0xo9jpenn1158n5acgxg_43,760
0xo9jpenn1158n5acgxg_48,227
0xo9jpenn1158n5acgxg_49,320
0xo9jpenn1158n5acgxg_51,676
0xo9jpenn1158n5acgxg_54,760
0xo9jpenn1158n5acgxg_57,289
0xo9jpenn1158n5acgxg_58,289
n8qhqtitn9i1lta45syp_8,256
n8qhqtitn9i1lta45syp_11,590
n8qhqtitn9i1lta45syp_13,372
n8qhqtitn9i1lta45syp_14,372
n8qhqtitn9i1lta45syp_19,489
n8qhqtitn9i1lta45syp_21,372
n8qhqtitn9i1lta45syp_25,320
n8qhqtitn9i1lta45syp_37,935
n8qhqtitn9i1lta45syp_38,2
n8qhqtitn9i1lta45syp_39,586
n8qhqtitn9i1lta45syp_45,400
n8qhqtitn9i1lta45syp_48,1003
n8qhqtitn9i1lta45syp_49,517
n8qhqtitn9i1lta45syp_51,341
n8qhqtitn9i1lta45syp_53,676
n8qhqtitn9i1lta45syp_54,727
n8qhqtitn9i1lta45syp_55,7
n8qhqtitn9i1lta45syp_62,251
n8qhqtitn9i1lta45syp_63,149
8ay1iw5odi1o3s8jmrdw_3,859
8ay1iw5odi1o3s8jmrdw_24,765
8ay1iw5odi1o3s8jmrdw_29,2
8ay1iw5odi1o3s8jmrdw_33,489
8ay1iw5odi1o3s8jmrdw_35,2
8ay1iw5odi1o3s8jmrdw_43,2
8ay1iw5odi1o3s8jmrdw_46,215
8ay1iw5odi1o3s8jmrdw_48,647
8ay1iw5odi1o3s8jmrdw_50,14
8ay1iw5odi1o3s8jmrdw_53,448
8ay1iw5odi1o3s8jmrdw_55,1017
8ay1iw5odi1o3s8jmrdw_57,289
im4f9ja9zhwwm1nt444a_10,590
im4f9ja9zhwwm1nt444a_14,590
im4f9ja9zhwwm1nt444a_18,320
im4f9ja9zhwwm1nt444a_19,590
im4f9ja9zhwwm1nt444a_22,414
im4f9ja9zhwwm1nt444a_25,554
im4f9ja9zhwwm1nt444a_26,157
im4f9ja9zhwwm1nt444a_27,489
im4f9ja9zhwwm1nt444a_35,372
im4f9ja9zhwwm1nt444a_41,749
im4f9ja9zhwwm1nt444a_51,838
im4f9ja9zhwwm1nt444a_54,927
im4f9ja9zhwwm1nt444a_62,914
v3efdnkthmwpp5wid8g3_3,2
v3efdnkthmwpp5wid8g3_15,927
v3efdnkthmwpp5wid8g3_26,606
v3efdnkthmwpp5wid8g3_27,2
v3efdnkthmwpp5wid8g3_30,596
v3efdnkthmwpp5wid8g3_31,409
v3efdnkthmwpp5wid8g3_34,415
v3efdnkthmwpp5wid8g3_40,1003
v3efdnkthmwpp5wid8g3_41,920
v3efdnkthmwpp5wid8g3_47,735
v3efdnkthmwpp5wid8g3_50,832
v3efdnkthmwpp5wid8g3_51,838
v3efdnkthmwpp5wid8g3_53,295
v3efdnkthmwpp5wid8g3_57,63
v3efdnkthmwpp5wid8g3_62,570
flzzfq5he4tmlzj16td0_16,120
flzzfq5he4tmlzj16td0_17,643
flzzfq5he4tmlzj16td0_19,295
flzzfq5he4tmlzj16td0_20,666
flzzfq5he4tmlzj16td0_24,120
flzzfq5he4tmlzj16td0_26,776
flzzfq5he4tmlzj16td0_33,920
flzzfq5he4tmlzj16td0_37,801
flzzfq5he4tmlzj16td0_38,801
flzzfq5he4tmlzj16td0_40,1003
flzzfq5he4tmlzj16td0_41,838
flzzfq5he4tmlzj16td0_43,295
flzzfq5he4tmlzj16td0_44,295
flzzfq5he4tmlzj16td0_49,320
flzzfq5he4tmlzj16td0_52,295
flzzfq5he4tmlzj16td0_55,584
flzzfq5he4tmlzj16td0_57,570
flzzfq5he4tmlzj16td0_62,365
1og9ytmm8stj4m849zsg_1,949
1og9ytmm8stj4m849zsg_4,293
1og9ytmm8stj4m849zsg_6,731
1og9ytmm8stj4m849zsg_11,336
1og9ytmm8stj4m849zsg_15,877
1og9ytmm8stj4m849zsg_25,218
1og9ytmm8stj4m849zsg_27,72
1og9ytmm8stj4m849zsg_31,438
1og9ytmm8stj4m849zsg_39,404
1og9ytmm8stj4m849zsg_42,50
1og9ytmm8stj4m849zsg_43,476
1og9ytmm8stj4m849zsg_44,14
1og9ytmm8stj4m849zsg_62,832
lbsled2j074rbol6t688_13,590
lbsled2j074rbol6t688_21,705
lbsled2j074rbol6t688_37,895
lbsled2j074rbol6t688_44,273
lbsled2j074rbol6t688_51,505
lbsled2j074rbol6t688_53,909
lbsled2j074rbol6t688_61,289
lbsled2j074rbol6t688_63,735
nnal8wll7nvlq4pim0ic_7,877
nnal8wll7nvlq4pim0ic_9,371
nnal8wll7nvlq4pim0ic_12,666
nnal8wll7nvlq4pim0ic_17,932
nnal8wll7nvlq4pim0ic_30,404
nnal8wll7nvlq4pim0ic_35,437
nnal8wll7nvlq4pim0ic_36,504
nnal8wll7nvlq4pim0ic_42,517
nnal8wll7nvlq4pim0ic_45,504
56c73yescmtts5x7qavf_1,681
56c73yescmtts5x7qavf_12,372
56c73yescmtts5x7qavf_16,322
56c73yescmtts5x7qavf_17,489
56c73yescmtts5x7qavf_30,2
56c73yescmtts5x7qavf_32,120
56c73yescmtts5x7qavf_37,2
56c73yescmtts5x7qavf_53,2
zn21wt6nrj89lpxd9m99_3,910
zn21wt6nrj89lpxd9m99_8,1014
zn21wt6nrj89lpxd9m99_13,992
zn21wt6nrj89lpxd9m99_21,382
zn21wt6nrj89lpxd9m99_25,70
zn21wt6nrj89lpxd9m99_32,120
zn21wt6nrj89lpxd9m99_44,60
zn21wt6nrj89lpxd9m99_49,749
zn21wt6nrj89lpxd9m99_52,50
zn21wt6nrj89lpxd9m99_54,958
zn21wt6nrj89lpxd9m99_62,386
t8sdrnolbdiwf39t0ppg_14,455
t8sdrnolbdiwf39t0ppg_15,455
t8sdrnolbdiwf39t0ppg_20,2
t8sdrnolbdiwf39t0ppg_25,801
t8sdrnolbdiwf39t0ppg_28,2
t8sdrnolbdiwf39t0ppg_31,812
t8sdrnolbdiwf39t0ppg_32,335
t8sdrnolbdiwf39t0ppg_34,2
t8sdrnolbdiwf39t0ppg_41,320
t8sdrnolbdiwf39t0ppg_47,409
t8sdrnolbdiwf39t0ppg_49,517
t8sdrnolbdiwf39t0ppg_51,69
t8sdrnolbdiwf39t0ppg_54,621
t8sdrnolbdiwf39t0ppg_56,647
t8sdrnolbdiwf39t0ppg_58,347
g7bnhhjbf5op5wzob1by_15,909
g7bnhhjbf5op5wzob1by_18,473
g7bnhhjbf5op5wzob1by_20,298
g7bnhhjbf5op5wzob1by_21,446
g7bnhhjbf5op5wzob1by_26,473
g7bnhhjbf5op5wzob1by_30,488
g7bnhhjbf5op5wzob1by_31,544
g7bnhhjbf5op5wzob1by_41,932
g7bnhhjbf5op5wzob1by_55,502
g7bnhhjbf5op5wzob1by_59,196
g7bnhhjbf5op5wzob1by_60,196
g7bnhhjbf5op5wzob1by_63,137
skln36g0hxqbqn61u88x_17,439
skln36g0hxqbqn61u88x_21,964
skln36g0hxqbqn61u88x_33,867
skln36g0hxqbqn61u88x_35,827
skln36g0hxqbqn61u88x_40,98
skln36g0hxqbqn61u88x_42,456
skln36g0hxqbqn61u88x_43,138
skln36g0hxqbqn61u88x_46,788
skln36g0hxqbqn61u88x_49,826
skln36g0hxqbqn61u88x_58,341
skln36g0hxqbqn61u88x_60,196
skln36g0hxqbqn61u88x_62,341
2878rb3g5mzdb972oe7p_21,439
2878rb3g5mzdb972oe7p_22,439
2878rb3g5mzdb972oe7p_26,268
2878rb3g5mzdb972oe7p_30,308
2878rb3g5mzdb972oe7p_31,827
2878rb3g5mzdb972oe7p_35,72
2878rb3g5mzdb972oe7p_37,153
2878rb3g5mzdb972oe7p_41,367
2878rb3g5mzdb972oe7p_44,964
2878rb3g5mzdb972oe7p_45,14
2878rb3g5mzdb972oe7p_46,504
2878rb3g5mzdb972oe7p_51,792
2878rb3g5mzdb972oe7p_53,14
2878rb3g5mzdb972oe7p_54,676
2878rb3g5mzdb972oe7p_55,29
2878rb3g5mzdb972oe7p_57,915
2878rb3g5mzdb972oe7p_58,461
2878rb3g5mzdb972oe7p_59,628
2878rb3g5mzdb972oe7p_61,289
jjklb6sosj41dxyzy1fu_19,219
jjklb6sosj41dxyzy1fu_22,472
jjklb6sosj41dxyzy1fu_23,574
jjklb6sosj41dxyzy1fu_24,98
jjklb6sosj41dxyzy1fu_34,219
jjklb6sosj41dxyzy1fu_37,798
jjklb6sosj41dxyzy1fu_50,613
jjklb6sosj41dxyzy1fu_55,212
rsjhebbiaqsko2m6va4e_3,389
rsjhebbiaqsko2m6va4e_4,56
rsjhebbiaqsko2m6va4e_5,56
rsjhebbiaqsko2m6va4e_16,164
rsjhebbiaqsko2m6va4e_17,219
rsjhebbiaqsko2m6va4e_24,827
rsjhebbiaqsko2m6va4e_34,688
rsjhebbiaqsko2m6va4e_39,495
rsjhebbiaqsko2m6va4e_44,14
rsjhebbiaqsko2m6va4e_54,798
rsjhebbiaqsko2m6va4e_57,826
rsjhebbiaqsko2m6va4e_62,947
1e6asxsstgoj8bmilepz_5,389
1e6asxsstgoj8bmilepz_17,367
1e6asxsstgoj8bmilepz_19,327
1e6asxsstgoj8bmilepz_25,367
1e6asxsstgoj8bmilepz_29,219
1e6asxsstgoj8bmilepz_32,255
1e6asxsstgoj8bmilepz_36,14
1e6asxsstgoj8bmilepz_37,867
1e6asxsstgoj8bmilepz_44,964
1e6asxsstgoj8bmilepz_45,14
1e6asxsstgoj8bmilepz_47,964
1e6asxsstgoj8bmilepz_51,792
1e6asxsstgoj8bmilepz_53,1009
1e6asxsstgoj8bmilepz_54,562
1e6asxsstgoj8bmilepz_59,126
1e6asxsstgoj8bmilepz_60,126
1e6asxsstgoj8bmilepz_61,126
1e6asxsstgoj8bmilepz_62,289
1e6asxsstgoj8bmilepz_63,836
zzgvlnxdf0zvk3j5e95t_1,389
zzgvlnxdf0zvk3j5e95t_3,23
zzgvlnxdf0zvk3j5e95t_6,23
zzgvlnxdf0zvk3j5e95t_9,23
zzgvlnxdf0zvk3j5e95t_11,911
zzgvlnxdf0zvk3j5e95t_14,672
zzgvlnxdf0zvk3j5e95t_31,208
zzgvlnxdf0zvk3j5e95t_37,812
zzgvlnxdf0zvk3j5e95t_49,693
zzgvlnxdf0zvk3j5e95t_51,14
zzgvlnxdf0zvk3j5e95t_55,208
zzgvlnxdf0zvk3j5e95t_56,852
zzgvlnxdf0zvk3j5e95t_58,313
zzgvlnxdf0zvk3j5e95t_60,313
firrcmm9b4kmvq7pw4ga_17,558
firrcmm9b4kmvq7pw4ga_18,558
firrcmm9b4kmvq7pw4ga_25,398
firrcmm9b4kmvq7pw4ga_35,827
firrcmm9b4kmvq7pw4ga_37,798
firrcmm9b4kmvq7pw4ga_40,450
firrcmm9b4kmvq7pw4ga_41,313
firrcmm9b4kmvq7pw4ga_43,14
firrcmm9b4kmvq7pw4ga_45,99
firrcmm9b4kmvq7pw4ga_50,14
firrcmm9b4kmvq7pw4ga_51,14
firrcmm9b4kmvq7pw4ga_54,474
firrcmm9b4kmvq7pw4ga_56,647
firrcmm9b4kmvq7pw4ga_59,495
firrcmm9b4kmvq7pw4ga_61,947
libj9equod4gd4sg71gr_20,164
libj9equod4gd4sg71gr_32,120
libj9equod4gd4sg71gr_37,456
libj9equod4gd4sg71gr_39,398
libj9equod4gd4sg71gr_43,52
libj9equod4gd4sg71gr_53,52
libj9equod4gd4sg71gr_55,735
libj9equod4gd4sg71gr_63,29
zfi640rzf8fkc5ma39kb_17,99
zfi640rzf8fkc5ma39kb_22,310
zfi640rzf8fkc5ma39kb_25,219
zfi640rzf8fkc5ma39kb_36,219
zfi640rzf8fkc5ma39kb_38,310
zfi640rzf8fkc5ma39kb_39,45
zfi640rzf8fkc5ma39kb_41,138
zfi640rzf8fkc5ma39kb_46,819
zfi640rzf8fkc5ma39kb_53,492
zfi640rzf8fkc5ma39kb_54,231
zfi640rzf8fkc5ma39kb_56,149
zfi640rzf8fkc5ma39kb_62,341
7sqoed8uyik3j835r4jc_10,558
7sqoed8uyik3j835r4jc_24,827
7sqoed8uyik3j835r4jc_25,827
7sqoed8uyik3j835r4jc_28,827
7sqoed8uyik3j835r4jc_33,827
7sqoed8uyik3j835r4jc_34,964
7sqoed8uyik3j835r4jc_35,827
7sqoed8uyik3j835r4jc_36,450
7sqoed8uyik3j835r4jc_40,450
7sqoed8uyik3j835r4jc_42,14
7sqoed8uyik3j835r4jc_45,91
7sqoed8uyik3j835r4jc_48,313
7sqoed8uyik3j835r4jc_52,867
7sqoed8uyik3j835r4jc_54,798
7sqoed8uyik3j835r4jc_58,289
7sqoed8uyik3j835r4jc_62,745
bn2a5smljm52vkljt3t5_19,507
bn2a5smljm52vkljt3t5_20,579
bn2a5smljm52vkljt3t5_23,558
bn2a5smljm52vkljt3t5_30,688
bn2a5smljm52vkljt3t5_31,721
bn2a5smljm52vkljt3t5_43,489
bn2a5smljm52vkljt3t5_47,843
bn2a5smljm52vkljt3t5_52,50
bn2a5smljm52vkljt3t5_53,52
bn2a5smljm52vkljt3t5_54,562
bn2a5smljm52vkljt3t5_61,289
4zghuf4slwx00ag4h230_0,247
4zghuf4slwx00ag4h230_11,867
4zghuf4slwx00ag4h230_22,472
4zghuf4slwx00ag4h230_23,208
4zghuf4slwx00ag4h230_26,867
4zghuf4slwx00ag4h230_29,472
4zghuf4slwx00ag4h230_33,964
4zghuf4slwx00ag4h230_35,867
4zghuf4slwx00ag4h230_36,396
4zghuf4slwx00ag4h230_37,798
4zghuf4slwx00ag4h230_41,826
4zghuf4slwx00ag4h230_50,562
4zghuf4slwx00ag4h230_52,867
4zghuf4slwx00ag4h230_54,798
4zghuf4slwx00ag4h230_55,275
4zghuf4slwx00ag4h230_56,647
4zghuf4slwx00ag4h230_59,570
4zghuf4slwx00ag4h230_60,947
4zghuf4slwx00ag4h230_62,151
pvtmb7agzl3g8pko54et_10,164
pvtmb7agzl3g8pko54et_16,827
pvtmb7agzl3g8pko54et_18,672
pvtmb7agzl3g8pko54et_24,827
pvtmb7agzl3g8pko54et_25,827
pvtmb7agzl3g8pko54et_26,827
pvtmb7agzl3g8pko54et_28,827
pvtmb7agzl3g8pko54et_32,827
pvtmb7agzl3g8pko54et_35,827
pvtmb7agzl3g8pko54et_43,826
pvtmb7agzl3g8pko54et_45,450
pvtmb7agzl3g8pko54et_48,852
pvtmb7agzl3g8pko54et_49,63
pvtmb7agzl3g8pko54et_52,562
pvtmb7agzl3g8pko54et_54,798
pvtmb7agzl3g8pko54et_58,126
pvtmb7agzl3g8pko54et_59,289
pvtmb7agzl3g8pko54et_62,947
okwiga3t3cg4dxo10um8_15,164
okwiga3t3cg4dxo10um8_20,164
okwiga3t3cg4dxo10um8_30,308
okwiga3t3cg4dxo10um8_36,14
okwiga3t3cg4dxo10um8_47,398
okwiga3t3cg4dxo10um8_53,456
okwiga3t3cg4dxo10um8_54,562
okwiga3t3cg4dxo10um8_56,494
bxm7vc96gyus6s1nhzww_23,329
bxm7vc96gyus6s1nhzww_24,917
bxm7vc96gyus6s1nhzww_26,367
bxm7vc96gyus6s1nhzww_30,219
bxm7vc96gyus6s1nhzww_35,367
bxm7vc96gyus6s1nhzww_36,219
bxm7vc96gyus6s1nhzww_44,456
bxm7vc96gyus6s1nhzww_48,227
bxm7vc96gyus6s1nhzww_52,14
bxm7vc96gyus6s1nhzww_57,570
bxm7vc96gyus6s1nhzww_60,289
8hri61byftm7pktaju1l_5,389
8hri61byftm7pktaju1l_17,558
8hri61byftm7pktaju1l_28,219
8hri61byftm7pktaju1l_34,867
8hri61byftm7pktaju1l_42,601
8hri61byftm7pktaju1l_45,14
8hri61byftm7pktaju1l_46,745
8hri61byftm7pktaju1l_60,126
mdnnhaskaugv23vqpx8t_2,56
mdnnhaskaugv23vqpx8t_4,389
mdnnhaskaugv23vqpx8t_5,389
mdnnhaskaugv23vqpx8t_6,389
mdnnhaskaugv23vqpx8t_11,672
mdnnhaskaugv23vqpx8t_27,219
mdnnhaskaugv23vqpx8t_30,219
mdnnhaskaugv23vqpx8t_33,367
mdnnhaskaugv23vqpx8t_34,367
mdnnhaskaugv23vqpx8t_35,327
mdnnhaskaugv23vqpx8t_39,826
mdnnhaskaugv23vqpx8t_46,456
mdnnhaskaugv23vqpx8t_52,798
mdnnhaskaugv23vqpx8t_53,601
mdnnhaskaugv23vqpx8t_54,313
mdnnhaskaugv23vqpx8t_55,29
mdnnhaskaugv23vqpx8t_56,852
7o5vrat0gtgu6fp3mv5d_5,359
7o5vrat0gtgu6fp3mv5d_21,219
7o5vrat0gtgu6fp3mv5d_29,219
7o5vrat0gtgu6fp3mv5d_32,763
7o5vrat0gtgu6fp3mv5d_36,867
7o5vrat0gtgu6fp3mv5d_43,992
7o5vrat0gtgu6fp3mv5d_44,72
7o5vrat0gtgu6fp3mv5d_46,504
7o5vrat0gtgu6fp3mv5d_47,735
7o5vrat0gtgu6fp3mv5d_50,1014
7o5vrat0gtgu6fp3mv5d_51,91
7o5vrat0gtgu6fp3mv5d_54,562
7o5vrat0gtgu6fp3mv5d_57,418
7o5vrat0gtgu6fp3mv5d_58,418
7o5vrat0gtgu6fp3mv5d_59,418
wifive5el0rh4jdiuu15_10,672
wifive5el0rh4jdiuu15_16,827
wifive5el0rh4jdiuu15_17,558
wifive5el0rh4jdiuu15_19,964
wifive5el0rh4jdiuu15_28,827
wifive5el0rh4jdiuu15_36,827
wifive5el0rh4jdiuu15_40,450
wifive5el0rh4jdiuu15_42,313
wifive5el0rh4jdiuu15_45,91
wifive5el0rh4jdiuu15_47,212
wifive5el0rh4jdiuu15_49,313
wifive5el0rh4jdiuu15_51,562
wifive5el0rh4jdiuu15_53,867
wifive5el0rh4jdiuu15_60,289
wifive5el0rh4jdiuu15_63,257
o7n9ve00yl07jfnlcb48_13,597
o7n9ve00yl07jfnlcb48_26,153
o7n9ve00yl07jfnlcb48_35,827
o7n9ve00yl07jfnlcb48_36,495
o7n9ve00yl07jfnlcb48_43,867
o7n9ve00yl07jfnlcb48_45,827
o7n9ve00yl07jfnlcb48_47,688
o7n9ve00yl07jfnlcb48_53,52
o7n9ve00yl07jfnlcb48_55,29
h7blje5p14vmbqrqp1lr_11,164
h7blje5p14vmbqrqp1lr_25,219
h7blje5p14vmbqrqp1lr_26,327
h7blje5p14vmbqrqp1lr_31,208
h7blje5p14vmbqrqp1lr_46,33
h7blje5p14vmbqrqp1lr_48,562
h7blje5p14vmbqrqp1lr_49,14
h7blje5p14vmbqrqp1lr_54,798
kiy7f3pxxxtnmsdrxjlw_26,219
kiy7f3pxxxtnmsdrxjlw_28,827
kiy7f3pxxxtnmsdrxjlw_32,827
kiy7f3pxxxtnmsdrxjlw_33,827
kiy7f3pxxxtnmsdrxjlw_34,827
kiy7f3pxxxtnmsdrxjlw_36,450
kiy7f3pxxxtnmsdrxjlw_39,212
kiy7f3pxxxtnmsdrxjlw_40,647
kiy7f3pxxxtnmsdrxjlw_41,313
kiy7f3pxxxtnmsdrxjlw_42,313
kiy7f3pxxxtnmsdrxjlw_43,14
kiy7f3pxxxtnmsdrxjlw_48,562
kiy7f3pxxxtnmsdrxjlw_51,313
kiy7f3pxxxtnmsdrxjlw_53,867
kiy7f3pxxxtnmsdrxjlw_55,257
kiy7f3pxxxtnmsdrxjlw_57,289
kiy7f3pxxxtnmsdrxjlw_59,289
kiy7f3pxxxtnmsdrxjlw_60,289
kiy7f3pxxxtnmsdrxjlw_61,915
tgt4ctcflpu8ch8jkwcy_13,672
tgt4ctcflpu8ch8jkwcy_14,580
tgt4ctcflpu8ch8jkwcy_18,72
tgt4ctcflpu8ch8jkwcy_27,367
tgt4ctcflpu8ch8jkwcy_35,827
tgt4ctcflpu8ch8jkwcy_36,827
tgt4ctcflpu8ch8jkwcy_44,827
tgt4ctcflpu8ch8jkwcy_46,7
tgt4ctcflpu8ch8jkwcy_50,91
tgt4ctcflpu8ch8jkwcy_52,505
tgt4ctcflpu8ch8jkwcy_53,505
tgt4ctcflpu8ch8jkwcy_60,289
tgt4ctcflpu8ch8jkwcy_62,341
4n6mh3n810k5itva696t_14,439
4n6mh3n810k5itva696t_26,367
4n6mh3n810k5itva696t_28,456
4n6mh3n810k5itva696t_29,456
4n6mh3n810k5itva696t_34,24
4n6mh3n810k5itva696t_35,14
4n6mh3n810k5itva696t_36,14
4n6mh3n810k5itva696t_37,840
4n6mh3n810k5itva696t_40,120
4n6mh3n810k5itva696t_41,489
4n6mh3n810k5itva696t_42,396
4n6mh3n810k5itva696t_43,504
4n6mh3n810k5itva696t_44,504
4n6mh3n810k5itva696t_48,311
4n6mh3n810k5itva696t_52,585
4n6mh3n810k5itva696t_55,504
4n6mh3n810k5itva696t_56,494
4n6mh3n810k5itva696t_58,570
4n6mh3n810k5itva696t_59,979
4n6mh3n810k5itva696t_61,347
4cywk7aaa361fov7nuus_16,164
4cywk7aaa361fov7nuus_17,367
4cywk7aaa361fov7nuus_32,964
4cywk7aaa361fov7nuus_46,798
4cywk7aaa361fov7nuus_47,212
4cywk7aaa361fov7nuus_52,289
4cywk7aaa361fov7nuus_54,746
4cywk7aaa361fov7nuus_57,289
4cywk7aaa361fov7nuus_58,289
4cywk7aaa361fov7nuus_59,289
4cywk7aaa361fov7nuus_60,289
4cywk7aaa361fov7nuus_63,667
fwdjqbkuy3sr62mkwlit_8,917
fwdjqbkuy3sr62mkwlit_18,268
fwdjqbkuy3sr62mkwlit_35,367
fwdjqbkuy3sr62mkwlit_43,867
fwdjqbkuy3sr62mkwlit_46,593
fwdjqbkuy3sr62mkwlit_50,562
fwdjqbkuy3sr62mkwlit_52,14
fwdjqbkuy3sr62mkwlit_53,289
fwdjqbkuy3sr62mkwlit_59,846
fwdjqbkuy3sr62mkwlit_63,532
2hx1i3mosfbage3dmm0k_1,522
2hx1i3mosfbage3dmm0k_17,827
2hx1i3mosfbage3dmm0k_20,268
2hx1i3mosfbage3dmm0k_28,99
2hx1i3mosfbage3dmm0k_30,472
2hx1i3mosfbage3dmm0k_39,212
2hx1i3mosfbage3dmm0k_42,14
2hx1i3mosfbage3dmm0k_45,798
2hx1i3mosfbage3dmm0k_46,472
2hx1i3mosfbage3dmm0k_49,505
2hx1i3mosfbage3dmm0k_50,562
2hx1i3mosfbage3dmm0k_51,867
2hx1i3mosfbage3dmm0k_53,745
2hx1i3mosfbage3dmm0k_55,212
2hx1i3mosfbage3dmm0k_61,570
2hx1i3mosfbage3dmm0k_62,947
2hx1i3mosfbage3dmm0k_63,667
rg3f8tk0r9fzitmyr5fc_1,389
rg3f8tk0r9fzitmyr5fc_2,389
rg3f8tk0r9fzitmyr5fc_3,389
rg3f8tk0r9fzitmyr5fc_7,539
rg3f8tk0r9fzitmyr5fc_30,798
rg3f8tk0r9fzitmyr5fc_33,962
rg3f8tk0r9fzitmyr5fc_34,629
rg3f8tk0r9fzitmyr5fc_41,991
rg3f8tk0r9fzitmyr5fc_49,792
rg3f8tk0r9fzitmyr5fc_51,505
rg3f8tk0r9fzitmyr5fc_55,212
rg3f8tk0r9fzitmyr5fc_58,570
rg3f8tk0r9fzitmyr5fc_60,570
rg3f8tk0r9fzitmyr5fc_63,667
imhybblh9haxbq1er609_3,558
imhybblh9haxbq1er609_4,389
imhybblh9haxbq1er609_5,389
imhybblh9haxbq1er609_22,439
imhybblh9haxbq1er609_26,367
imhybblh9haxbq1er609_27,367
imhybblh9haxbq1er609_29,398
imhybblh9haxbq1er609_34,367
imhybblh9haxbq1er609_35,827
imhybblh9haxbq1er609_37,386
imhybblh9haxbq1er609_51,289
imhybblh9haxbq1er609_59,570
imhybblh9haxbq1er609_61,289
iif6u07pqtywu15wz5jh_23,329
iif6u07pqtywu15wz5jh_29,219
iif6u07pqtywu15wz5jh_37,327
iif6u07pqtywu15wz5jh_41,867
iif6u07pqtywu15wz5jh_45,867
iif6u07pqtywu15wz5jh_48,218
iif6u07pqtywu15wz5jh_49,688
iif6u07pqtywu15wz5jh_56,149
iif6u07pqtywu15wz5jh_62,313
obl3tuq8e7y15f2ogz62_11,580
obl3tuq8e7y15f2ogz62_16,164
obl3tuq8e7y15f2ogz62_19,219
obl3tuq8e7y15f2ogz62_32,827
obl3tuq8e7y15f2ogz62_37,798
obl3tuq8e7y15f2ogz62_50,14
obl3tuq8e7y15f2ogz62_51,562
obl3tuq8e7y15f2ogz62_53,746
y5923l4gqpu717sa6flg_17,367
y5923l4gqpu717sa6flg_33,932
y5923l4gqpu717sa6flg_35,367
y5923l4gqpu717sa6flg_36,24
y5923l4gqpu717sa6flg_37,867
y5923l4gqpu717sa6flg_44,501
y5923l4gqpu717sa6flg_45,14
y5923l4gqpu717sa6flg_47,137
y5923l4gqpu717sa6flg_51,224
y5923l4gqpu717sa6flg_55,964
y5923l4gqpu717sa6flg_56,763
y5923l4gqpu717sa6flg_63,29
941m2ieckrkl35e2z08v_5,522
941m2ieckrkl35e2z08v_21,219
941m2ieckrkl35e2z08v_27,867
941m2ieckrkl35e2z08v_30,219
941m2ieckrkl35e2z08v_31,591
941m2ieckrkl35e2z08v_33,489
941m2ieckrkl35e2z08v_36,450
941m2ieckrkl35e2z08v_37,867
941m2ieckrkl35e2z08v_38,505
941m2ieckrkl35e2z08v_39,722
941m2ieckrkl35e2z08v_40,1014
941m2ieckrkl35e2z08v_41,367
941m2ieckrkl35e2z08v_43,628
941m2ieckrkl35e2z08v_48,322
941m2ieckrkl35e2z08v_51,52
941m2ieckrkl35e2z08v_52,583
941m2ieckrkl35e2z08v_58,253
941m2ieckrkl35e2z08v_59,924
n3ygj31syi4zowhgq6ig_14,782
n3ygj31syi4zowhgq6ig_24,1002
n3ygj31syi4zowhgq6ig_27,867
n3ygj31syi4zowhgq6ig_28,456
n3ygj31syi4zowhgq6ig_33,489
n3ygj31syi4zowhgq6ig_34,367
n3ygj31syi4zowhgq6ig_36,456
n3ygj31syi4zowhgq6ig_37,14
n3ygj31syi4zowhgq6ig_38,14
n3ygj31syi4zowhgq6ig_41,932
n3ygj31syi4zowhgq6ig_42,666
n3ygj31syi4zowhgq6ig_46,14
n3ygj31syi4zowhgq6ig_47,149
n3ygj31syi4zowhgq6ig_52,14
n3ygj31syi4zowhgq6ig_54,14
n3ygj31syi4zowhgq6ig_57,418
n3ygj31syi4zowhgq6ig_58,418
n3ygj31syi4zowhgq6ig_59,628
n3ygj31syi4zowhgq6ig_61,289
n3ygj31syi4zowhgq6ig_62,289
e6qph1bzsdxpdhr3i9to_17,164
e6qph1bzsdxpdhr3i9to_21,798
e6qph1bzsdxpdhr3i9to_32,964
e6qph1bzsdxpdhr3i9to_38,798
e6qph1bzsdxpdhr3i9to_40,137
e6qph1bzsdxpdhr3i9to_41,826
e6qph1bzsdxpdhr3i9to_44,798
e6qph1bzsdxpdhr3i9to_46,361
e6qph1bzsdxpdhr3i9to_48,647
e6qph1bzsdxpdhr3i9to_50,562
e6qph1bzsdxpdhr3i9to_51,562
e6qph1bzsdxpdhr3i9to_54,745
e6qph1bzsdxpdhr3i9to_60,947
e6qph1bzsdxpdhr3i9to_61,947
psfpv06vwsmljxa6qsl5_15,558
psfpv06vwsmljxa6qsl5_23,100
psfpv06vwsmljxa6qsl5_26,920
psfpv06vwsmljxa6qsl5_33,932
psfpv06vwsmljxa6qsl5_34,6
psfpv06vwsmljxa6qsl5_35,14
psfpv06vwsmljxa6qsl5_37,219
psfpv06vwsmljxa6qsl5_39,688
psfpv06vwsmljxa6qsl5_41,367
psfpv06vwsmljxa6qsl5_42,14
psfpv06vwsmljxa6qsl5_45,688
psfpv06vwsmljxa6qsl5_46,688
psfpv06vwsmljxa6qsl5_47,688
psfpv06vwsmljxa6qsl5_52,50
psfpv06vwsmljxa6qsl5_53,964
psfpv06vwsmljxa6qsl5_58,727
psfpv06vwsmljxa6qsl5_59,313
psfpv06vwsmljxa6qsl5_62,688
1lwohwllh4trkvo7w3ra_17,367
1lwohwllh4trkvo7w3ra_24,827
1lwohwllh4trkvo7w3ra_26,688
1lwohwllh4trkvo7w3ra_28,827
1lwohwllh4trkvo7w3ra_33,450
1lwohwllh4trkvo7w3ra_34,688
1lwohwllh4trkvo7w3ra_40,495
1lwohwllh4trkvo7w3ra_41,827
1lwohwllh4trkvo7w3ra_44,14
1lwohwllh4trkvo7w3ra_48,98
1lwohwllh4trkvo7w3ra_50,826
1lwohwllh4trkvo7w3ra_51,953
1lwohwllh4trkvo7w3ra_52,504
1lwohwllh4trkvo7w3ra_53,1009
1lwohwllh4trkvo7w3ra_56,542
1lwohwllh4trkvo7w3ra_57,313
1lwohwllh4trkvo7w3ra_59,313
1lwohwllh4trkvo7w3ra_60,126
khmlu15jnvkup82lnnnf_18,219
khmlu15jnvkup82lnnnf_26,456
khmlu15jnvkup82lnnnf_27,228
khmlu15jnvkup82lnnnf_28,456
khmlu15jnvkup82lnnnf_29,456
khmlu15jnvkup82lnnnf_33,255
khmlu15jnvkup82lnnnf_34,137
khmlu15jnvkup82lnnnf_37,456
khmlu15jnvkup82lnnnf_41,255
khmlu15jnvkup82lnnnf_42,398
khmlu15jnvkup82lnnnf_43,504
khmlu15jnvkup82lnnnf_44,504
khmlu15jnvkup82lnnnf_45,964
khmlu15jnvkup82lnnnf_46,840
khmlu15jnvkup82lnnnf_51,50
khmlu15jnvkup82lnnnf_52,628
khmlu15jnvkup82lnnnf_56,494
khmlu15jnvkup82lnnnf_58,621
khmlu15jnvkup82lnnnf_62,313
sc3rph0cd08yq4ppgve8_8,1002
sc3rph0cd08yq4ppgve8_14,327
sc3rph0cd08yq4ppgve8_17,268
sc3rph0cd08yq4ppgve8_29,219
sc3rph0cd08yq4ppgve8_31,591
sc3rph0cd08yq4ppgve8_35,867
sc3rph0cd08yq4ppgve8_37,450
sc3rph0cd08yq4ppgve8_45,138
sc3rph0cd08yq4ppgve8_56,573
dfoptdxh7mlgtwrqaiip_1,389
dfoptdxh7mlgtwrqaiip_3,389
dfoptdxh7mlgtwrqaiip_17,219
dfoptdxh7mlgtwrqaiip_25,313
dfoptdxh7mlgtwrqaiip_26,867
dfoptdxh7mlgtwrqaiip_33,313
dfoptdxh7mlgtwrqaiip_34,483
dfoptdxh7mlgtwrqaiip_40,880
dfoptdxh7mlgtwrqaiip_44,77
dfoptdxh7mlgtwrqaiip_46,788
dfoptdxh7mlgtwrqaiip_47,212
dfoptdxh7mlgtwrqaiip_48,774
dfoptdxh7mlgtwrqaiip_49,313
dfoptdxh7mlgtwrqaiip_53,351
dfoptdxh7mlgtwrqaiip_58,289
dfoptdxh7mlgtwrqaiip_59,289
dfoptdxh7mlgtwrqaiip_61,832
rt4mx68n7o4rzmhk0ydb_17,268
rt4mx68n7o4rzmhk0ydb_20,164
rt4mx68n7o4rzmhk0ydb_27,867
rt4mx68n7o4rzmhk0ydb_28,219
rt4mx68n7o4rzmhk0ydb_31,219
rt4mx68n7o4rzmhk0ydb_32,1014
rt4mx68n7o4rzmhk0ydb_34,367
rt4mx68n7o4rzmhk0ydb_37,327
rt4mx68n7o4rzmhk0ydb_38,219
rt4mx68n7o4rzmhk0ydb_43,50
rt4mx68n7o4rzmhk0ydb_44,562
rt4mx68n7o4rzmhk0ydb_46,14
rt4mx68n7o4rzmhk0ydb_47,456
rt4mx68n7o4rzmhk0ydb_48,218
rt4mx68n7o4rzmhk0ydb_51,50
rt4mx68n7o4rzmhk0ydb_58,289
htzyktj4ohuuyb4q9yhm_6,389
htzyktj4ohuuyb4q9yhm_7,389
htzyktj4ohuuyb4q9yhm_37,327
htzyktj4ohuuyb4q9yhm_40,91
htzyktj4ohuuyb4q9yhm_44,14
htzyktj4ohuuyb4q9yhm_50,227
htzyktj4ohuuyb4q9yhm_52,255
htzyktj4ohuuyb4q9yhm_58,495
htzyktj4ohuuyb4q9yhm_61,836
ytty0atpxisyigdk4oo0_26,367
ytty0atpxisyigdk4oo0_27,867
ytty0atpxisyigdk4oo0_30,219
ytty0atpxisyigdk4oo0_31,591
ytty0atpxisyigdk4oo0_35,367
ytty0atpxisyigdk4oo0_36,14
ytty0atpxisyigdk4oo0_37,456
ytty0atpxisyigdk4oo0_39,591
ytty0atpxisyigdk4oo0_45,14
ytty0atpxisyigdk4oo0_52,676
ytty0atpxisyigdk4oo0_53,505
ytty0atpxisyigdk4oo0_59,43
ytty0atpxisyigdk4oo0_60,289
ytty0atpxisyigdk4oo0_62,289
msim6asc8dbnljn2824t_18,398
msim6asc8dbnljn2824t_26,219
msim6asc8dbnljn2824t_35,964
msim6asc8dbnljn2824t_46,798
msim6asc8dbnljn2824t_51,313
msim6asc8dbnljn2824t_56,756
msim6asc8dbnljn2824t_58,289
msim6asc8dbnljn2824t_63,257
38osyse5pg25zb2npjj6_13,860
38osyse5pg25zb2npjj6_17,601
38osyse5pg25zb2npjj6_18,643
38osyse5pg25zb2npjj6_19,219
38osyse5pg25zb2npjj6_27,219
38osyse5pg25zb2npjj6_30,472
38osyse5pg25zb2npjj6_34,219
38osyse5pg25zb2npjj6_39,212
38osyse5pg25zb2npjj6_40,827
38osyse5pg25zb2npjj6_43,14
38osyse5pg25zb2npjj6_44,964
38osyse5pg25zb2npjj6_45,77
38osyse5pg25zb2npjj6_52,1007
38osyse5pg25zb2npjj6_54,834
38osyse5pg25zb2npjj6_55,361
38osyse5pg25zb2npjj6_63,826
dwvtfkjhxbaienoaquwu_19,219
dwvtfkjhxbaienoaquwu_24,827
dwvtfkjhxbaienoaquwu_25,867
dwvtfkjhxbaienoaquwu_28,688
dwvtfkjhxbaienoaquwu_32,964
dwvtfkjhxbaienoaquwu_40,137
dwvtfkjhxbaienoaquwu_46,798
dwvtfkjhxbaienoaquwu_47,212
dwvtfkjhxbaienoaquwu_49,14
dwvtfkjhxbaienoaquwu_51,562
dwvtfkjhxbaienoaquwu_54,746
dwvtfkjhxbaienoaquwu_55,257
dwvtfkjhxbaienoaquwu_59,289
dwvtfkjhxbaienoaquwu_61,915
dwvtfkjhxbaienoaquwu_62,947
dwvtfkjhxbaienoaquwu_63,667
e8mv11evojs7msw0dgee_26,367
e8mv11evojs7msw0dgee_27,867
e8mv11evojs7msw0dgee_36,14
e8mv11evojs7msw0dgee_47,581
e8mv11evojs7msw0dgee_52,255
e8mv11evojs7msw0dgee_55,29
e8mv11evojs7msw0dgee_57,227
e8mv11evojs7msw0dgee_59,289
20ws11isuz8jdzylseha_13,219
20ws11isuz8jdzylseha_14,601
20ws11isuz8jdzylseha_20,327
20ws11isuz8jdzylseha_21,219
20ws11isuz8jdzylseha_29,219
20ws11isuz8jdzylseha_30,219
20ws11isuz8jdzylseha_31,591
20ws11isuz8jdzylseha_32,311
20ws11isuz8jdzylseha_33,932
20ws11isuz8jdzylseha_35,450
20ws11isuz8jdzylseha_38,964
20ws11isuz8jdzylseha_39,149
20ws11isuz8jdzylseha_40,311
20ws11isuz8jdzylseha_49,749
20ws11isuz8jdzylseha_53,52
20ws11isuz8jdzylseha_54,593
20ws11isuz8jdzylseha_57,418
20ws11isuz8jdzylseha_62,313
vd5le3v9fpj6gaoecssd_11,935
vd5le3v9fpj6gaoecssd_17,579
vd5le3v9fpj6gaoecssd_19,219
vd5le3v9fpj6gaoecssd_21,672
vd5le3v9fpj6gaoecssd_24,827
vd5le3v9fpj6gaoecssd_27,386
vd5le3v9fpj6gaoecssd_28,456
vd5le3v9fpj6gaoecssd_29,672
vd5le3v9fpj6gaoecssd_31,208
vd5le3v9fpj6gaoecssd_33,827
vd5le3v9fpj6gaoecssd_34,601
vd5le3v9fpj6gaoecssd_35,964
vd5le3v9fpj6gaoecssd_36,14
vd5le3v9fpj6gaoecssd_45,14
vd5le3v9fpj6gaoecssd_51,562
vd5le3v9fpj6gaoecssd_59,289
vd5le3v9fpj6gaoecssd_60,126
vd5le3v9fpj6gaoecssd_62,745
u003sled86vaq7h4ww8o_19,367
u003sled86vaq7h4ww8o_22,327
u003sled86vaq7h4ww8o_25,255
u003sled86vaq7h4ww8o_31,247
u003sled86vaq7h4ww8o_33,953
u003sled86vaq7h4ww8o_34,962
u003sled86vaq7h4ww8o_36,14
u003sled86vaq7h4ww8o_39,591
u003sled86vaq7h4ww8o_42,504
u003sled86vaq7h4ww8o_45,688
u003sled86vaq7h4ww8o_47,688
u003sled86vaq7h4ww8o_48,1014
u003sled86vaq7h4ww8o_49,517
u003sled86vaq7h4ww8o_50,489
u003sled86vaq7h4ww8o_52,255
u003sled86vaq7h4ww8o_53,964
u003sled86vaq7h4ww8o_55,688
u003sled86vaq7h4ww8o_56,494
u003sled86vaq7h4ww8o_60,443
u003sled86vaq7h4ww8o_61,443
wc5zkxxfxsg68c2fvhjo_8,1002
wc5zkxxfxsg68c2fvhjo_18,268
wc5zkxxfxsg68c2fvhjo_20,219
wc5zkxxfxsg68c2fvhjo_21,219
wc5zkxxfxsg68c2fvhjo_22,100
wc5zkxxfxsg68c2fvhjo_28,219
wc5zkxxfxsg68c2fvhjo_30,219
wc5zkxxfxsg68c2fvhjo_34,367
wc5zkxxfxsg68c2fvhjo_36,14
wc5zkxxfxsg68c2fvhjo_44,298
wc5zkxxfxsg68c2fvhjo_46,313
wc5zkxxfxsg68c2fvhjo_47,29
wc5zkxxfxsg68c2fvhjo_51,749
wc5zkxxfxsg68c2fvhjo_55,29
wc5zkxxfxsg68c2fvhjo_63,29
8jwboylil2z9w4earzqc_0,918
8jwboylil2z9w4earzqc_1,918
8jwboylil2z9w4earzqc_2,389
8jwboylil2z9w4earzqc_3,787
8jwboylil2z9w4earzqc_9,219
8jwboylil2z9w4earzqc_15,539
8jwboylil2z9w4earzqc_25,313
8jwboylil2z9w4earzqc_26,228
8jwboylil2z9w4earzqc_38,798
8jwboylil2z9w4earzqc_45,867
8jwboylil2z9w4earzqc_46,745
8jwboylil2z9w4earzqc_52,867
8jwboylil2z9w4earzqc_59,126
8jwboylil2z9w4earzqc_60,947
8jwboylil2z9w4earzqc_61,126
mvd9b7cpvfwvxxdg6n70_7,389
mvd9b7cpvfwvxxdg6n70_15,329
mvd9b7cpvfwvxxdg6n70_20,164
mvd9b7cpvfwvxxdg6n70_21,219
mvd9b7cpvfwvxxdg6n70_23,329
mvd9b7cpvfwvxxdg6n70_35,367
mvd9b7cpvfwvxxdg6n70_43,992
mvd9b7cpvfwvxxdg6n70_56,494
mvd9b7cpvfwvxxdg6n70_58,832
mvd9b7cpvfwvxxdg6n70_59,289
mvd9b7cpvfwvxxdg6n70_61,289
yrillnv8vac6pj8auz86_10,268
yrillnv8vac6pj8auz86_17,367
yrillnv8vac6pj8auz86_18,268
yrillnv8vac6pj8auz86_25,367
yrillnv8vac6pj8auz86_26,367
yrillnv8vac6pj8auz86_27,867
yrillnv8vac6pj8auz86_29,219
yrillnv8vac6pj8auz86_35,601
yrillnv8vac6pj8auz86_36,14
yrillnv8vac6pj8auz86_38,867
yrillnv8vac6pj8auz86_43,766
yrillnv8vac6pj8auz86_47,581
yrillnv8vac6pj8auz86_48,322
yrillnv8vac6pj8auz86_49,749
yrillnv8vac6pj8auz86_51,562
yrillnv8vac6pj8auz86_54,14
yrillnv8vac6pj8auz86_56,494
yrillnv8vac6pj8auz86_61,289
sl8r538z6mxavy5tu5y6_16,164
sl8r538z6mxavy5tu5y6_25,827
sl8r538z6mxavy5tu5y6_36,827
sl8r538z6mxavy5tu5y6_40,450
sl8r538z6mxavy5tu5y6_41,313
sl8r538z6mxavy5tu5y6_50,14
sl8r538z6mxavy5tu5y6_56,756
sl8r538z6mxavy5tu5y6_58,289
sl8r538z6mxavy5tu5y6_62,947
x9q8f6k1yemqgv6wp10r_20,219
x9q8f6k1yemqgv6wp10r_24,120
x9q8f6k1yemqgv6wp10r_26,867
x9q8f6k1yemqgv6wp10r_28,219
x9q8f6k1yemqgv6wp10r_30,219
x9q8f6k1yemqgv6wp10r_35,367
x9q8f6k1yemqgv6wp10r_38,964
x9q8f6k1yemqgv6wp10r_41,227
x9q8f6k1yemqgv6wp10r_43,52
x9q8f6k1yemqgv6wp10r_51,583
x9q8f6k1yemqgv6wp10r_53,52
x9q8f6k1yemqgv6wp10r_59,570
x9q8f6k1yemqgv6wp10r_60,570
zglrbydxwd00pda55ohc_2,522
zglrbydxwd00pda55ohc_20,472
zglrbydxwd00pda55ohc_22,472
zglrbydxwd00pda55ohc_24,219
zglrbydxwd00pda55ohc_26,327
zglrbydxwd00pda55ohc_32,98
zglrbydxwd00pda55ohc_33,143
zglrbydxwd00pda55ohc_35,867
zglrbydxwd00pda55ohc_48,149
zglrbydxwd00pda55ohc_49,313
zglrbydxwd00pda55ohc_50,826
zglrbydxwd00pda55ohc_52,953
zglrbydxwd00pda55ohc_54,798
zglrbydxwd00pda55ohc_59,313
zglrbydxwd00pda55ohc_60,126
zglrbydxwd00pda55ohc_62,257
tbfca0r5c0b687fio8yk_18,398
tbfca0r5c0b687fio8yk_26,219
tbfca0r5c0b687fio8yk_27,827
tbfca0r5c0b687fio8yk_29,219
tbfca0r5c0b687fio8yk_40,450
tbfca0r5c0b687fio8yk_42,867
tbfca0r5c0b687fio8yk_43,964
tbfca0r5c0b687fio8yk_45,91
tbfca0r5c0b687fio8yk_46,867
tbfca0r5c0b687fio8yk_48,826
tbfca0r5c0b687fio8yk_51,313
tbfca0r5c0b687fio8yk_52,14
tbfca0r5c0b687fio8yk_54,688
tbfca0r5c0b687fio8yk_57,723
tbfca0r5c0b687fio8yk_58,289
tbfca0r5c0b687fio8yk_61,289
tbfca0r5c0b687fio8yk_63,257
jd6vtpcwdctrhaxt8wcl_7,918
jd6vtpcwdctrhaxt8wcl_11,672
jd6vtpcwdctrhaxt8wcl_27,99
jd6vtpcwdctrhaxt8wcl_30,456
jd6vtpcwdctrhaxt8wcl_33,495
jd6vtpcwdctrhaxt8wcl_44,14
jd6vtpcwdctrhaxt8wcl_47,532
jd6vtpcwdctrhaxt8wcl_52,14
jd6vtpcwdctrhaxt8wcl_54,313
jd6vtpcwdctrhaxt8wcl_56,647
jd6vtpcwdctrhaxt8wcl_57,149
jd6vtpcwdctrhaxt8wcl_59,289
f5siudmkg0scko6febwd_6,247
f5siudmkg0scko6febwd_26,295
f5siudmkg0scko6febwd_27,586
f5siudmkg0scko6febwd_28,586
f5siudmkg0scko6febwd_34,991
f5siudmkg0scko6febwd_35,7
f5siudmkg0scko6febwd_39,581
f5siudmkg0scko6febwd_42,753
f5siudmkg0scko6febwd_52,443
f5siudmkg0scko6febwd_57,461
f5siudmkg0scko6febwd_63,939
1cjt1ak7y8hxyc7ehb88_1,454
1cjt1ak7y8hxyc7ehb88_8,256
1cjt1ak7y8hxyc7ehb88_16,408
1cjt1ak7y8hxyc7ehb88_24,776
1cjt1ak7y8hxyc7ehb88_26,927
1cjt1ak7y8hxyc7ehb88_43,927
1cjt1ak7y8hxyc7ehb88_44,927
1cjt1ak7y8hxyc7ehb88_45,706
1cjt1ak7y8hxyc7ehb88_49,154
1cjt1ak7y8hxyc7ehb88_50,353
1cjt1ak7y8hxyc7ehb88_51,353
1cjt1ak7y8hxyc7ehb88_60,347
3cqr3j3h46uv4uc53fgd_0,965
3cqr3j3h46uv4uc53fgd_1,454
3cqr3j3h46uv4uc53fgd_2,415
3cqr3j3h46uv4uc53fgd_14,575
3cqr3j3h46uv4uc53fgd_20,10
3cqr3j3h46uv4uc53fgd_22,10
3cqr3j3h46uv4uc53fgd_26,552
3cqr3j3h46uv4uc53fgd_27,575
3cqr3j3h46uv4uc53fgd_33,10
3cqr3j3h46uv4uc53fgd_35,10
3cqr3j3h46uv4uc53fgd_37,10
3cqr3j3h46uv4uc53fgd_42,10
3cqr3j3h46uv4uc53fgd_51,10
3cqr3j3h46uv4uc53fgd_60,877
0qwi8gpx7qscehjaiskg_1,273
0qwi8gpx7qscehjaiskg_6,331
0qwi8gpx7qscehjaiskg_9,643
0qwi8gpx7qscehjaiskg_14,150
0qwi8gpx7qscehjaiskg_19,455
0qwi8gpx7qscehjaiskg_20,942
0qwi8gpx7qscehjaiskg_21,921
0qwi8gpx7qscehjaiskg_24,589
0qwi8gpx7qscehjaiskg_26,935
0qwi8gpx7qscehjaiskg_31,498
0qwi8gpx7qscehjaiskg_33,456
0qwi8gpx7qscehjaiskg_39,877
0qwi8gpx7qscehjaiskg_45,878
0qwi8gpx7qscehjaiskg_46,353
0qwi8gpx7qscehjaiskg_53,878
0qwi8gpx7qscehjaiskg_55,1001
0qwi8gpx7qscehjaiskg_61,10
3oomlc9ecacb0gnkhg9z_4,743
3oomlc9ecacb0gnkhg9z_8,579
3oomlc9ecacb0gnkhg9z_15,539
3oomlc9ecacb0gnkhg9z_23,721
3oomlc9ecacb0gnkhg9z_32,137
3oomlc9ecacb0gnkhg9z_33,895
3oomlc9ecacb0gnkhg9z_42,895
3oomlc9ecacb0gnkhg9z_43,453
3oomlc9ecacb0gnkhg9z_50,753
3oomlc9ecacb0gnkhg9z_51,117
ogv17qjhpkn0ucoajfc5_1,23
ogv17qjhpkn0ucoajfc5_7,244
ogv17qjhpkn0ucoajfc5_8,119
ogv17qjhpkn0ucoajfc5_9,571
ogv17qjhpkn0ucoajfc5_18,25
ogv17qjhpkn0ucoajfc5_30,10
ogv17qjhpkn0ucoajfc5_43,10
ogv17qjhpkn0ucoajfc5_48,848
ogv17qjhpkn0ucoajfc5_49,81
ogv17qjhpkn0ucoajfc5_50,488
ogv17qjhpkn0ucoajfc5_53,10
ogv17qjhpkn0ucoajfc5_54,10
ogv17qjhpkn0ucoajfc5_59,196
ogv17qjhpkn0ucoajfc5_61,10
ogv17qjhpkn0ucoajfc5_62,10
ogv17qjhpkn0ucoajfc5_63,10
hdvm4kvsbm7erwjcydsz_3,582
hdvm4kvsbm7erwjcydsz_7,861
hdvm4kvsbm7erwjcydsz_19,407
hdvm4kvsbm7erwjcydsz_20,131
hdvm4kvsbm7erwjcydsz_21,169
hdvm4kvsbm7erwjcydsz_32,57
hdvm4kvsbm7erwjcydsz_33,921
hdvm4kvsbm7erwjcydsz_34,921
hdvm4kvsbm7erwjcydsz_35,44
hdvm4kvsbm7erwjcydsz_40,921
hdvm4kvsbm7erwjcydsz_51,962
hdvm4kvsbm7erwjcydsz_53,270
hdvm4kvsbm7erwjcydsz_54,474
hdvm4kvsbm7erwjcydsz_57,415
hdvm4kvsbm7erwjcydsz_59,907
woup340wxwpli4rukiii_0,535
woup340wxwpli4rukiii_2,571
woup340wxwpli4rukiii_7,194
woup340wxwpli4rukiii_9,535
woup340wxwpli4rukiii_10,606
woup340wxwpli4rukiii_12,492
woup340wxwpli4rukiii_17,238
woup340wxwpli4rukiii_19,503
woup340wxwpli4rukiii_21,596
woup340wxwpli4rukiii_24,238
woup340wxwpli4rukiii_30,474
woup340wxwpli4rukiii_32,238
woup340wxwpli4rukiii_34,413
woup340wxwpli4rukiii_35,510
woup340wxwpli4rukiii_37,474
woup340wxwpli4rukiii_41,353
woup340wxwpli4rukiii_43,510
woup340wxwpli4rukiii_44,772
woup340wxwpli4rukiii_51,998
woup340wxwpli4rukiii_59,907
bu8ox7percqgjdjcsqqa_4,454
bu8ox7percqgjdjcsqqa_8,720
bu8ox7percqgjdjcsqqa_10,314
bu8ox7percqgjdjcsqqa_12,314
bu8ox7percqgjdjcsqqa_18,992
bu8ox7percqgjdjcsqqa_21,596
bu8ox7percqgjdjcsqqa_24,753
bu8ox7percqgjdjcsqqa_27,407
bu8ox7percqgjdjcsqqa_28,705
bu8ox7percqgjdjcsqqa_30,187
bu8ox7percqgjdjcsqqa_32,1009
bu8ox7percqgjdjcsqqa_36,987
bu8ox7percqgjdjcsqqa_42,927
bu8ox7percqgjdjcsqqa_44,895
bu8ox7percqgjdjcsqqa_45,96
bu8ox7percqgjdjcsqqa_48,647
bu8ox7percqgjdjcsqqa_51,927
bu8ox7percqgjdjcsqqa_56,647
xphhojycz0hh1fgdky6a_10,314
xphhojycz0hh1fgdky6a_21,941
xphhojycz0hh1fgdky6a_28,821
xphhojycz0hh1fgdky6a_31,353
xphhojycz0hh1fgdky6a_36,575
xphhojycz0hh1fgdky6a_38,10
xphhojycz0hh1fgdky6a_41,10
xphhojycz0hh1fgdky6a_43,10
xphhojycz0hh1fgdky6a_49,829
xphhojycz0hh1fgdky6a_57,10
xphhojycz0hh1fgdky6a_61,10
gnqye5lb9zbph7oe2v09_3,778
gnqye5lb9zbph7oe2v09_6,119
gnqye5lb9zbph7oe2v09_8,1010
gnqye5lb9zbph7oe2v09_11,10
gnqye5lb9zbph7oe2v09_17,552
gnqye5lb9zbph7oe2v09_19,552
gnqye5lb9zbph7oe2v09_25,238
gnqye5lb9zbph7oe2v09_27,575
gnqye5lb9zbph7oe2v09_30,44
gnqye5lb9zbph7oe2v09_32,877
gnqye5lb9zbph7oe2v09_33,238
gnqye5lb9zbph7oe2v09_34,238
gnqye5lb9zbph7oe2v09_36,575
gnqye5lb9zbph7oe2v09_40,238
gnqye5lb9zbph7oe2v09_41,238
gnqye5lb9zbph7oe2v09_53,209
gnqye5lb9zbph7oe2v09_54,596
gnqye5lb9zbph7oe2v09_57,502
gnqye5lb9zbph7oe2v09_58,616
gnqye5lb9zbph7oe2v09_59,196
vxoixj1gjskaj57qaoe1_10,314
vxoixj1gjskaj57qaoe1_17,992
vxoixj1gjskaj57qaoe1_18,705
vxoixj1gjskaj57qaoe1_20,170
vxoixj1gjskaj57qaoe1_26,552
vxoixj1gjskaj57qaoe1_27,927
vxoixj1gjskaj57qaoe1_28,927
vxoixj1gjskaj57qaoe1_35,895
vxoixj1gjskaj57qaoe1_43,353
vxoixj1gjskaj57qaoe1_44,927
vxoixj1gjskaj57qaoe1_45,927
vxoixj1gjskaj57qaoe1_53,270
vxoixj1gjskaj57qaoe1_55,357
vxoixj1gjskaj57qaoe1_57,101
vxoixj1gjskaj57qaoe1_60,101
qfj6ty20bjmnaztnjisg_1,10
qfj6ty20bjmnaztnjisg_8,552
qfj6ty20bjmnaztnjisg_10,101
qfj6ty20bjmnaztnjisg_11,510
qfj6ty20bjmnaztnjisg_15,10
qfj6ty20bjmnaztnjisg_16,829
qfj6ty20bjmnaztnjisg_17,778
qfj6ty20bjmnaztnjisg_21,353
qfj6ty20bjmnaztnjisg_22,552
qfj6ty20bjmnaztnjisg_27,575
qfj6ty20bjmnaztnjisg_28,10
qfj6ty20bjmnaztnjisg_44,10
qfj6ty20bjmnaztnjisg_49,829
qfj6ty20bjmnaztnjisg_50,10
qfj6ty20bjmnaztnjisg_51,10
qfj6ty20bjmnaztnjisg_62,341
a8hzy6ri0c9k6imusp1h_0,731
a8hzy6ri0c9k6imusp1h_3,511
a8hzy6ri0c9k6imusp1h_9,350
a8hzy6ri0c9k6imusp1h_17,25
a8hzy6ri0c9k6imusp1h_26,552
a8hzy6ri0c9k6imusp1h_28,10
a8hzy6ri0c9k6imusp1h_35,10
a8hzy6ri0c9k6imusp1h_36,575
a8hzy6ri0c9k6imusp1h_37,10
a8hzy6ri0c9k6imusp1h_38,490
a8hzy6ri0c9k6imusp1h_44,353
a8hzy6ri0c9k6imusp1h_49,829
a8hzy6ri0c9k6imusp1h_52,503
a8hzy6ri0c9k6imusp1h_53,492
a8hzy6ri0c9k6imusp1h_54,259
a8hzy6ri0c9k6imusp1h_58,10
a8hzy6ri0c9k6imusp1h_61,869
tk2129n9o3yy2vmhomu4_23,180
tk2129n9o3yy2vmhomu4_28,124
tk2129n9o3yy2vmhomu4_30,328
tk2129n9o3yy2vmhomu4_37,957
tk2129n9o3yy2vmhomu4_41,609
tk2129n9o3yy2vmhomu4_44,174
tk2129n9o3yy2vmhomu4_48,511
tk2129n9o3yy2vmhomu4_51,511
tk2129n9o3yy2vmhomu4_61,1021
4t2w5xk120n42b7zh80b_0,40
4t2w5xk120n42b7zh80b_4,49
4t2w5xk120n42b7zh80b_13,571
4t2w5xk120n42b7zh80b_18,124
4t2w5xk120n42b7zh80b_21,976
4t2w5xk120n42b7zh80b_22,976
4t2w5xk120n42b7zh80b_23,45
4t2w5xk120n42b7zh80b_26,859
4t2w5xk120n42b7zh80b_29,859
4t2w5xk120n42b7zh80b_30,773
4t2w5xk120n42b7zh80b_34,320
4t2w5xk120n42b7zh80b_35,992
4t2w5xk120n42b7zh80b_37,10
4t2w5xk120n42b7zh80b_40,133
4t2w5xk120n42b7zh80b_43,10
4t2w5xk120n42b7zh80b_45,10
4t2w5xk120n42b7zh80b_49,829
4t2w5xk120n42b7zh80b_53,10
4t2w5xk120n42b7zh80b_61,10
4t2w5xk120n42b7zh80b_62,10
4o8tux8yn1f8850enn0l_7,539
4o8tux8yn1f8850enn0l_10,705
4o8tux8yn1f8850enn0l_16,579
4o8tux8yn1f8850enn0l_21,314
4o8tux8yn1f8850enn0l_49,654
4o8tux8yn1f8850enn0l_51,353
4o8tux8yn1f8850enn0l_52,117
4o8tux8yn1f8850enn0l_56,647
3cnw6s1yf2lud9ymx8x9_6,1018
3cnw6s1yf2lud9ymx8x9_10,1020
3cnw6s1yf2lud9ymx8x9_11,10
3cnw6s1yf2lud9ymx8x9_13,552
3cnw6s1yf2lud9ymx8x9_15,1018
3cnw6s1yf2lud9ymx8x9_30,10
3cnw6s1yf2lud9ymx8x9_35,10
3cnw6s1yf2lud9ymx8x9_47,10
3cnw6s1yf2lud9ymx8x9_49,993
3cnw6s1yf2lud9ymx8x9_54,10
3cnw6s1yf2lud9ymx8x9_55,10
3cnw6s1yf2lud9ymx8x9_57,530
3cnw6s1yf2lud9ymx8x9_61,10
khtp6bx7cum00o4r8j18_6,113
khtp6bx7cum00o4r8j18_37,10
khtp6bx7cum00o4r8j18_43,552
khtp6bx7cum00o4r8j18_51,829
khtp6bx7cum00o4r8j18_53,10
khtp6bx7cum00o4r8j18_56,971
khtp6bx7cum00o4r8j18_61,829
khtp6bx7cum00o4r8j18_62,10
an06cs66e29bn8t53kk6_1,640
an06cs66e29bn8t53kk6_16,992
an06cs66e29bn8t53kk6_18,407
an06cs66e29bn8t53kk6_29,992
an06cs66e29bn8t53kk6_34,927
an06cs66e29bn8t53kk6_36,927
an06cs66e29bn8t53kk6_43,117
an06cs66e29bn8t53kk6_45,733
an06cs66e29bn8t53kk6_56,10
su7s8en6bg0mp08vz8y5_3,55
su7s8en6bg0mp08vz8y5_6,331
su7s8en6bg0mp08vz8y5_8,910
su7s8en6bg0mp08vz8y5_14,552
su7s8en6bg0mp08vz8y5_17,511
su7s8en6bg0mp08vz8y5_21,10
su7s8en6bg0mp08vz8y5_28,10
su7s8en6bg0mp08vz8y5_35,10
su7s8en6bg0mp08vz8y5_41,10
su7s8en6bg0mp08vz8y5_42,10
su7s8en6bg0mp08vz8y5_44,10
su7s8en6bg0mp08vz8y5_45,10
su7s8en6bg0mp08vz8y5_46,10
su7s8en6bg0mp08vz8y5_48,877
su7s8en6bg0mp08vz8y5_50,10
su7s8en6bg0mp08vz8y5_61,10
5n0nn7fihvk14v6wu2c7_0,31
5n0nn7fihvk14v6wu2c7_16,10
5n0nn7fihvk14v6wu2c7_25,1018
5n0nn7fihvk14v6wu2c7_31,581
5n0nn7fihvk14v6wu2c7_33,921
5n0nn7fihvk14v6wu2c7_40,921
5n0nn7fihvk14v6wu2c7_45,10
5n0nn7fihvk14v6wu2c7_48,602
5n0nn7fihvk14v6wu2c7_52,815
5n0nn7fihvk14v6wu2c7_54,410
5n0nn7fihvk14v6wu2c7_58,101
5n0nn7fihvk14v6wu2c7_62,410
lk0in9ka20t04fo1yabz_3,370
lk0in9ka20t04fo1yabz_5,835
lk0in9ka20t04fo1yabz_9,436
lk0in9ka20t04fo1yabz_11,353
lk0in9ka20t04fo1yabz_14,596
lk0in9ka20t04fo1yabz_23,409
lk0in9ka20t04fo1yabz_26,602
lk0in9ka20t04fo1yabz_30,490
lk0in9ka20t04fo1yabz_33,552
lk0in9ka20t04fo1yabz_34,150
lk0in9ka20t04fo1yabz_36,921
lk0in9ka20t04fo1yabz_42,868
lk0in9ka20t04fo1yabz_43,441
lk0in9ka20t04fo1yabz_49,921
lk0in9ka20t04fo1yabz_51,729
lk0in9ka20t04fo1yabz_52,341
lk0in9ka20t04fo1yabz_57,1018
lk0in9ka20t04fo1yabz_58,150
lk0in9ka20t04fo1yabz_61,231
j9fqzfpi3by9rhywavwg_8,857
j9fqzfpi3by9rhywavwg_10,314
j9fqzfpi3by9rhywavwg_11,87
j9fqzfpi3by9rhywavwg_12,272
j9fqzfpi3by9rhywavwg_15,857
j9fqzfpi3by9rhywavwg_19,835
j9fqzfpi3by9rhywavwg_21,457
j9fqzfpi3by9rhywavwg_22,328
j9fqzfpi3by9rhywavwg_24,311
j9fqzfpi3by9rhywavwg_29,780
j9fqzfpi3by9rhywavwg_32,976
j9fqzfpi3by9rhywavwg_33,920
j9fqzfpi3by9rhywavwg_41,850
j9fqzfpi3by9rhywavwg_47,200
j9fqzfpi3by9rhywavwg_53,733
j9fqzfpi3by9rhywavwg_54,610
j9fqzfpi3by9rhywavwg_55,302
j9fqzfpi3by9rhywavwg_60,957
j9fqzfpi3by9rhywavwg_61,101
j9fqzfpi3by9rhywavwg_62,302
u7n4ytjyapctev8v3l9h_1,571
u7n4ytjyapctev8v3l9h_13,168
u7n4ytjyapctev8v3l9h_17,456
u7n4ytjyapctev8v3l9h_19,705
u7n4ytjyapctev8v3l9h_24,10
u7n4ytjyapctev8v3l9h_27,895
u7n4ytjyapctev8v3l9h_28,895
u7n4ytjyapctev8v3l9h_48,10
u7n4ytjyapctev8v3l9h_49,654
u7n4ytjyapctev8v3l9h_59,101
u7n4ytjyapctev8v3l9h_60,915
k0lx22ulv5feeiw42unf_22,99
k0lx22ulv5feeiw42unf_25,682
k0lx22ulv5feeiw42unf_29,798
k0lx22ulv5feeiw42unf_30,798
k0lx22ulv5feeiw42unf_33,456
k0lx22ulv5feeiw42unf_38,987
k0lx22ulv5feeiw42unf_43,450
k0lx22ulv5feeiw42unf_49,756
k0lx22ulv5feeiw42unf_52,14
k0lx22ulv5feeiw42unf_57,588
k0lx22ulv5feeiw42unf_59,289
k0lx22ulv5feeiw42unf_62,254
bh5m46iwqgrrzy3nvr5a_11,439
bh5m46iwqgrrzy3nvr5a_17,367
bh5m46iwqgrrzy3nvr5a_19,164
bh5m46iwqgrrzy3nvr5a_20,558
bh5m46iwqgrrzy3nvr5a_21,558
bh5m46iwqgrrzy3nvr5a_25,367
bh5m46iwqgrrzy3nvr5a_27,507
bh5m46iwqgrrzy3nvr5a_29,100
bh5m46iwqgrrzy3nvr5a_36,867
bh5m46iwqgrrzy3nvr5a_43,628
bh5m46iwqgrrzy3nvr5a_50,536
bh5m46iwqgrrzy3nvr5a_56,494
bh5m46iwqgrrzy3nvr5a_57,418
bh5m46iwqgrrzy3nvr5a_58,756
bh5m46iwqgrrzy3nvr5a_61,832
bh5m46iwqgrrzy3nvr5a_63,149
wg815rxkw2dbt8iwc6yz_24,827
wg815rxkw2dbt8iwc6yz_25,862
wg815rxkw2dbt8iwc6yz_26,219
wg815rxkw2dbt8iwc6yz_32,827
wg815rxkw2dbt8iwc6yz_36,1013
wg815rxkw2dbt8iwc6yz_41,827
wg815rxkw2dbt8iwc6yz_42,14
wg815rxkw2dbt8iwc6yz_44,798
wg815rxkw2dbt8iwc6yz_45,128
wg815rxkw2dbt8iwc6yz_46,788
wg815rxkw2dbt8iwc6yz_47,868
wg815rxkw2dbt8iwc6yz_51,826
wg815rxkw2dbt8iwc6yz_52,953
wg815rxkw2dbt8iwc6yz_54,1013
wg815rxkw2dbt8iwc6yz_57,826
wg815rxkw2dbt8iwc6yz_58,826
wg815rxkw2dbt8iwc6yz_59,313
wg815rxkw2dbt8iwc6yz_60,130
fmol0jlanizktzx07ppp_2,389
fmol0jlanizktzx07ppp_4,389
fmol0jlanizktzx07ppp_16,164
fmol0jlanizktzx07ppp_24,404
fmol0jlanizktzx07ppp_28,688
fmol0jlanizktzx07ppp_32,827
fmol0jlanizktzx07ppp_35,150
fmol0jlanizktzx07ppp_36,395
fmol0jlanizktzx07ppp_41,562
fmol0jlanizktzx07ppp_44,164
fmol0jlanizktzx07ppp_45,609
fmol0jlanizktzx07ppp_46,214
fmol0jlanizktzx07ppp_54,130
fmol0jlanizktzx07ppp_57,826
fmol0jlanizktzx07ppp_59,536
fmol0jlanizktzx07ppp_61,443
5lxtgztsyyyq199mm0eb_6,95
5lxtgztsyyyq199mm0eb_8,1002
5lxtgztsyyyq199mm0eb_25,367
5lxtgztsyyyq199mm0eb_26,367
5lxtgztsyyyq199mm0eb_31,219
5lxtgztsyyyq199mm0eb_37,327
5lxtgztsyyyq199mm0eb_39,219
5lxtgztsyyyq199mm0eb_44,72
5lxtgztsyyyq199mm0eb_45,14
5lxtgztsyyyq199mm0eb_46,617
5lxtgztsyyyq199mm0eb_50,688
5lxtgztsyyyq199mm0eb_52,953
5lxtgztsyyyq199mm0eb_53,964
5lxtgztsyyyq199mm0eb_54,295
5lxtgztsyyyq199mm0eb_55,981
5lxtgztsyyyq199mm0eb_56,763
5lxtgztsyyyq199mm0eb_58,554
5lxtgztsyyyq199mm0eb_59,546
5lxtgztsyyyq199mm0eb_60,593
5lxtgztsyyyq199mm0eb_61,502
c4oer3koitol1pikzrq7_6,918
c4oer3koitol1pikzrq7_13,1019
c4oer3koitol1pikzrq7_15,601
c4oer3koitol1pikzrq7_16,763
c4oer3koitol1pikzrq7_37,216
c4oer3koitol1pikzrq7_44,396
c4oer3koitol1pikzrq7_45,456
c4oer3koitol1pikzrq7_52,96
c4oer3koitol1pikzrq7_54,593
c4oer3koitol1pikzrq7_58,380
c4oer3koitol1pikzrq7_59,43
c4oer3koitol1pikzrq7_61,289
ux1fb30ie1jpwgkwt902_16,164
ux1fb30ie1jpwgkwt902_18,219
ux1fb30ie1jpwgkwt902_23,208
ux1fb30ie1jpwgkwt902_26,827
ux1fb30ie1jpwgkwt902_27,327
ux1fb30ie1jpwgkwt902_28,827
ux1fb30ie1jpwgkwt902_30,310
ux1fb30ie1jpwgkwt902_32,827
ux1fb30ie1jpwgkwt902_33,867
ux1fb30ie1jpwgkwt902_35,827
ux1fb30ie1jpwgkwt902_36,14
ux1fb30ie1jpwgkwt902_43,14
ux1fb30ie1jpwgkwt902_46,1013
ux1fb30ie1jpwgkwt902_48,562
ux1fb30ie1jpwgkwt902_49,14
ux1fb30ie1jpwgkwt902_51,14
ux1fb30ie1jpwgkwt902_56,647
ux1fb30ie1jpwgkwt902_58,289
ux1fb30ie1jpwgkwt902_60,953
namox0dr3k00idd91cw1_10,164
namox0dr3k00idd91cw1_19,164
namox0dr3k00idd91cw1_21,100
namox0dr3k00idd91cw1_29,964
namox0dr3k00idd91cw1_35,724
namox0dr3k00idd91cw1_38,228
namox0dr3k00idd91cw1_39,62
namox0dr3k00idd91cw1_42,749
namox0dr3k00idd91cw1_43,157
namox0dr3k00idd91cw1_44,562
namox0dr3k00idd91cw1_50,749
namox0dr3k00idd91cw1_52,227
namox0dr3k00idd91cw1_54,964
namox0dr3k00idd91cw1_56,494
namox0dr3k00idd91cw1_57,915
namox0dr3k00idd91cw1_60,289
namox0dr3k00idd91cw1_61,289
namox0dr3k00idd91cw1_63,939
kgcprh13p9awjuzlxyay_17,367
kgcprh13p9awjuzlxyay_22,496
kgcprh13p9awjuzlxyay_30,456
kgcprh13p9awjuzlxyay_35,964
kgcprh13p9awjuzlxyay_37,80
kgcprh13p9awjuzlxyay_38,209
kgcprh13p9awjuzlxyay_39,532
kgcprh13p9awjuzlxyay_40,1014
kgcprh13p9awjuzlxyay_44,109
kgcprh13p9awjuzlxyay_48,1014
kgcprh13p9awjuzlxyay_51,14
kgcprh13p9awjuzlxyay_52,502
kgcprh13p9awjuzlxyay_53,964
kgcprh13p9awjuzlxyay_54,532
co8n51ek5uzotphlbhxa_18,601
co8n51ek5uzotphlbhxa_20,99
co8n51ek5uzotphlbhxa_24,228
co8n51ek5uzotphlbhxa_33,688
co8n51ek5uzotphlbhxa_40,827
co8n51ek5uzotphlbhxa_42,450
co8n51ek5uzotphlbhxa_45,867
co8n51ek5uzotphlbhxa_51,313
co8n51ek5uzotphlbhxa_57,289
co8n51ek5uzotphlbhxa_58,289
co8n51ek5uzotphlbhxa_59,289
co8n51ek5uzotphlbhxa_60,845
co8n51ek5uzotphlbhxa_61,846
co8n51ek5uzotphlbhxa_62,915
5e27rnl0jvru4mh5bycj_19,503
5e27rnl0jvru4mh5bycj_22,219
5e27rnl0jvru4mh5bycj_24,1002
5e27rnl0jvru4mh5bycj_29,99
5e27rnl0jvru4mh5bycj_30,219
5e27rnl0jvru4mh5bycj_34,99
5e27rnl0jvru4mh5bycj_35,99
5e27rnl0jvru4mh5bycj_38,450
5e27rnl0jvru4mh5bycj_42,367
5e27rnl0jvru4mh5bycj_46,964
5e27rnl0jvru4mh5bycj_50,749
5e27rnl0jvru4mh5bycj_58,227
5e27rnl0jvru4mh5bycj_59,628
5e27rnl0jvru4mh5bycj_60,289
5e27rnl0jvru4mh5bycj_62,313
abmisu0yjy8anmfsb0hz_16,98
abmisu0yjy8anmfsb0hz_17,601
abmisu0yjy8anmfsb0hz_19,219
abmisu0yjy8anmfsb0hz_21,472
abmisu0yjy8anmfsb0hz_27,219
abmisu0yjy8anmfsb0hz_28,867
abmisu0yjy8anmfsb0hz_29,70
abmisu0yjy8anmfsb0hz_36,867
abmisu0yjy8anmfsb0hz_43,867
abmisu0yjy8anmfsb0hz_44,169
abmisu0yjy8anmfsb0hz_45,33
abmisu0yjy8anmfsb0hz_54,285
abmisu0yjy8anmfsb0hz_57,826
abmisu0yjy8anmfsb0hz_59,973
abmisu0yjy8anmfsb0hz_62,915
401tu1x1a1hjifwt2snv_23,591
401tu1x1a1hjifwt2snv_34,367
401tu1x1a1hjifwt2snv_38,456
401tu1x1a1hjifwt2snv_42,367
401tu1x1a1hjifwt2snv_53,50
401tu1x1a1hjifwt2snv_56,1012
401tu1x1a1hjifwt2snv_57,461
401tu1x1a1hjifwt2snv_62,289
hvdramy0o8qcl7z5ohyv_7,773
hvdramy0o8qcl7z5ohyv_26,920
hvdramy0o8qcl7z5ohyv_38,1
hvdramy0o8qcl7z5ohyv_46,692
hvdramy0o8qcl7z5ohyv_49,1012
hvdramy0o8qcl7z5ohyv_54,692
hvdramy0o8qcl7z5ohyv_57,1012
hvdramy0o8qcl7z5ohyv_61,348
sudsbl9636vzsz8gwy17_9,367
sudsbl9636vzsz8gwy17_15,721
sudsbl9636vzsz8gwy17_20,327
sudsbl9636vzsz8gwy17_22,219
sudsbl9636vzsz8gwy17_31,532
sudsbl9636vzsz8gwy17_50,826
sudsbl9636vzsz8gwy17_51,792
sudsbl9636vzsz8gwy17_55,1009
sudsbl9636vzsz8gwy17_63,877
qnydyfkuqyvsmqkmiajn_12,247
qnydyfkuqyvsmqkmiajn_14,119
qnydyfkuqyvsmqkmiajn_21,219
qnydyfkuqyvsmqkmiajn_36,456
qnydyfkuqyvsmqkmiajn_37,14
qnydyfkuqyvsmqkmiajn_38,14
qnydyfkuqyvsmqkmiajn_41,367
qnydyfkuqyvsmqkmiajn_42,14
qnydyfkuqyvsmqkmiajn_50,91
qnydyfkuqyvsmqkmiajn_51,792
qnydyfkuqyvsmqkmiajn_53,14
qnydyfkuqyvsmqkmiajn_56,665
qnydyfkuqyvsmqkmiajn_57,665
qnydyfkuqyvsmqkmiajn_58,126
qnydyfkuqyvsmqkmiajn_59,289
qnydyfkuqyvsmqkmiajn_61,443
qnydyfkuqyvsmqkmiajn_62,1009
4fmqt840m71oi0j2na6g_5,835
4fmqt840m71oi0j2na6g_6,861
4fmqt840m71oi0j2na6g_7,539
4fmqt840m71oi0j2na6g_8,358
4fmqt840m71oi0j2na6g_11,314
4fmqt840m71oi0j2na6g_17,388
4fmqt840m71oi0j2na6g_18,488
4fmqt840m71oi0j2na6g_26,488
4fmqt840m71oi0j2na6g_28,310
4fmqt840m71oi0j2na6g_29,403
4fmqt840m71oi0j2na6g_30,725
4fmqt840m71oi0j2na6g_37,798
4fmqt840m71oi0j2na6g_38,725
4fmqt840m71oi0j2na6g_39,675
4fmqt840m71oi0j2na6g_49,488
4fmqt840m71oi0j2na6g_57,542
4fmqt840m71oi0j2na6g_58,196
4fmqt840m71oi0j2na6g_59,126
9j4u3wvdde7fdkg2tuqn_6,119
9j4u3wvdde7fdkg2tuqn_15,664
9j4u3wvdde7fdkg2tuqn_20,992
9j4u3wvdde7fdkg2tuqn_22,964
9j4u3wvdde7fdkg2tuqn_24,1002
9j4u3wvdde7fdkg2tuqn_33,227
9j4u3wvdde7fdkg2tuqn_45,676
9j4u3wvdde7fdkg2tuqn_56,623
9j4u3wvdde7fdkg2tuqn_57,623
9j4u3wvdde7fdkg2tuqn_58,307
9j4u3wvdde7fdkg2tuqn_62,43
ce7eqyjg0qvquzpmtem2_6,522
ce7eqyjg0qvquzpmtem2_11,219
ce7eqyjg0qvquzpmtem2_12,327
ce7eqyjg0qvquzpmtem2_21,219
ce7eqyjg0qvquzpmtem2_29,219
ce7eqyjg0qvquzpmtem2_30,219
ce7eqyjg0qvquzpmtem2_43,14
ce7eqyjg0qvquzpmtem2_46,14
ce7eqyjg0qvquzpmtem2_48,1012
ce7eqyjg0qvquzpmtem2_55,1009
yaw6nppuzc9hp7pg3vw5_19,219
yaw6nppuzc9hp7pg3vw5_22,219
yaw6nppuzc9hp7pg3vw5_28,456
yaw6nppuzc9hp7pg3vw5_34,489
yaw6nppuzc9hp7pg3vw5_37,14
yaw6nppuzc9hp7pg3vw5_44,14
yaw6nppuzc9hp7pg3vw5_46,14
yaw6nppuzc9hp7pg3vw5_47,149
yaw6nppuzc9hp7pg3vw5_58,341
yaw6nppuzc9hp7pg3vw5_60,621
yaw6nppuzc9hp7pg3vw5_63,722
4qhiy9rhb16qvgtds453_5,857
4qhiy9rhb16qvgtds453_7,857
4qhiy9rhb16qvgtds453_19,298
4qhiy9rhb16qvgtds453_22,483
4qhiy9rhb16qvgtds453_28,483
4qhiy9rhb16qvgtds453_31,149
4qhiy9rhb16qvgtds453_34,680
4qhiy9rhb16qvgtds453_37,720
4qhiy9rhb16qvgtds453_38,502
4qhiy9rhb16qvgtds453_44,6
4qhiy9rhb16qvgtds453_48,665
4qhiy9rhb16qvgtds453_49,665
4qhiy9rhb16qvgtds453_52,593
4qhiy9rhb16qvgtds453_53,156
4qhiy9rhb16qvgtds453_55,29
4qhiy9rhb16qvgtds453_59,156
4qhiy9rhb16qvgtds453_60,621
4qhiy9rhb16qvgtds453_61,137
4qhiy9rhb16qvgtds453_63,722
wilm6rzld04mc8xihrc9_5,612
wilm6rzld04mc8xihrc9_13,579
wilm6rzld04mc8xihrc9_29,456
wilm6rzld04mc8xihrc9_35,367
wilm6rzld04mc8xihrc9_36,456
wilm6rzld04mc8xihrc9_38,14
wilm6rzld04mc8xihrc9_43,14
wilm6rzld04mc8xihrc9_50,185
wilm6rzld04mc8xihrc9_54,474
wilm6rzld04mc8xihrc9_63,112
e2pfal54vh1lh2o9o5e4_12,426
e2pfal54vh1lh2o9o5e4_19,426
e2pfal54vh1lh2o9o5e4_20,629
e2pfal54vh1lh2o9o5e4_21,219
e2pfal54vh1lh2o9o5e4_24,1012
e2pfal54vh1lh2o9o5e4_27,605
e2pfal54vh1lh2o9o5e4_31,450
e2pfal54vh1lh2o9o5e4_34,185
e2pfal54vh1lh2o9o5e4_35,267
e2pfal54vh1lh2o9o5e4_36,426
e2pfal54vh1lh2o9o5e4_38,450
e2pfal54vh1lh2o9o5e4_39,664
e2pfal54vh1lh2o9o5e4_42,267
e2pfal54vh1lh2o9o5e4_44,185
e2pfal54vh1lh2o9o5e4_46,450
e2pfal54vh1lh2o9o5e4_51,267
e2pfal54vh1lh2o9o5e4_54,793
e2pfal54vh1lh2o9o5e4_61,846
jdprl7oowp7dgywyl1d3_7,247
jdprl7oowp7dgywyl1d3_14,219
jdprl7oowp7dgywyl1d3_15,219
jdprl7oowp7dgywyl1d3_16,917
jdprl7oowp7dgywyl1d3_26,456
jdprl7oowp7dgywyl1d3_38,867
jdprl7oowp7dgywyl1d3_46,438
jdprl7oowp7dgywyl1d3_52,224
jdprl7oowp7dgywyl1d3_53,554
jdprl7oowp7dgywyl1d3_63,939
r5uxcsc9gfzbnvn19avf_2,359
r5uxcsc9gfzbnvn19avf_14,310
r5uxcsc9gfzbnvn19avf_17,893
r5uxcsc9gfzbnvn19avf_21,1013
r5uxcsc9gfzbnvn19avf_22,1020
r5uxcsc9gfzbnvn19avf_25,564
r5uxcsc9gfzbnvn19avf_32,1002
r5uxcsc9gfzbnvn19avf_33,530
r5uxcsc9gfzbnvn19avf_38,1013
r5uxcsc9gfzbnvn19avf_42,837
r5uxcsc9gfzbnvn19avf_46,993
r5uxcsc9gfzbnvn19avf_48,763
r5uxcsc9gfzbnvn19avf_54,240
r5uxcsc9gfzbnvn19avf_56,852
r5uxcsc9gfzbnvn19avf_60,837
r5uxcsc9gfzbnvn19avf_61,1021
r5uxcsc9gfzbnvn19avf_62,866
r5uxcsc9gfzbnvn19avf_63,735
93vxzdncs8vsgpql8428_6,252
93vxzdncs8vsgpql8428_14,116
93vxzdncs8vsgpql8428_19,1020
93vxzdncs8vsgpql8428_34,941
93vxzdncs8vsgpql8428_35,133
93vxzdncs8vsgpql8428_43,464
93vxzdncs8vsgpql8428_46,758
93vxzdncs8vsgpql8428_48,763
93vxzdncs8vsgpql8428_52,985
93vxzdncs8vsgpql8428_53,240
93vxzdncs8vsgpql8428_57,418
93vxzdncs8vsgpql8428_62,866
dwgpqpmkmbz0e3nbl8x4_0,359
dwgpqpmkmbz0e3nbl8x4_1,790
dwgpqpmkmbz0e3nbl8x4_4,359
dwgpqpmkmbz0e3nbl8x4_7,825
dwgpqpmkmbz0e3nbl8x4_13,1020
dwgpqpmkmbz0e3nbl8x4_15,329
dwgpqpmkmbz0e3nbl8x4_26,597
dwgpqpmkmbz0e3nbl8x4_27,597
dwgpqpmkmbz0e3nbl8x4_28,957
dwgpqpmkmbz0e3nbl8x4_29,457
dwgpqpmkmbz0e3nbl8x4_31,45
dwgpqpmkmbz0e3nbl8x4_44,240
dwgpqpmkmbz0e3nbl8x4_45,240
dwgpqpmkmbz0e3nbl8x4_46,866
dwgpqpmkmbz0e3nbl8x4_49,1013
dwgpqpmkmbz0e3nbl8x4_54,866
dwgpqpmkmbz0e3nbl8x4_57,588
dwgpqpmkmbz0e3nbl8x4_60,850
dwgpqpmkmbz0e3nbl8x4_62,850
ipg9fih7p15qsktopq2h_2,389
ipg9fih7p15qsktopq2h_7,539
ipg9fih7p15qsktopq2h_13,597
ipg9fih7p15qsktopq2h_15,539
ipg9fih7p15qsktopq2h_18,463
ipg9fih7p15qsktopq2h_21,1020
ipg9fih7p15qsktopq2h_27,957
ipg9fih7p15qsktopq2h_37,784
ipg9fih7p15qsktopq2h_41,240
ipg9fih7p15qsktopq2h_47,45
ipg9fih7p15qsktopq2h_49,822
ipg9fih7p15qsktopq2h_53,941
ipg9fih7p15qsktopq2h_57,836
ipg9fih7p15qsktopq2h_59,240
t8nukn8jeqouozyxci0k_6,389
t8nukn8jeqouozyxci0k_13,439
t8nukn8jeqouozyxci0k_18,323
t8nukn8jeqouozyxci0k_23,164
t8nukn8jeqouozyxci0k_29,544
t8nukn8jeqouozyxci0k_34,564
t8nukn8jeqouozyxci0k_35,365
t8nukn8jeqouozyxci0k_42,464
t8nukn8jeqouozyxci0k_44,940
t8nukn8jeqouozyxci0k_46,1001
t8nukn8jeqouozyxci0k_49,749
t8nukn8jeqouozyxci0k_51,240
t8nukn8jeqouozyxci0k_52,410
t8nukn8jeqouozyxci0k_53,760
t8nukn8jeqouozyxci0k_54,711
t8nukn8jeqouozyxci0k_56,497
t8nukn8jeqouozyxci0k_58,588
t8nukn8jeqouozyxci0k_59,588
t8nukn8jeqouozyxci0k_60,758
51lt872g5php4383i4xr_0,244
51lt872g5php4383i4xr_1,331
51lt872g5php4383i4xr_2,389
51lt872g5php4383i4xr_3,389
51lt872g5php4383i4xr_5,389
51lt872g5php4383i4xr_8,463
51lt872g5php4383i4xr_9,331
51lt872g5php4383i4xr_10,317
51lt872g5php4383i4xr_12,957
51lt872g5php4383i4xr_13,463
51lt872g5php4383i4xr_19,993
51lt872g5php4383i4xr_20,597
51lt872g5php4383i4xr_24,822
51lt872g5php4383i4xr_25,993
51lt872g5php4383i4xr_27,463
51lt872g5php4383i4xr_34,993
51lt872g5php4383i4xr_39,329
51lt872g5php4383i4xr_49,993
51lt872g5php4383i4xr_50,3
a45ppbbhsixw50xjd8fx_8,682
a45ppbbhsixw50xjd8fx_10,1020
a45ppbbhsixw50xjd8fx_11,1020
a45ppbbhsixw50xjd8fx_18,682
a45ppbbhsixw50xjd8fx_19,143
a45ppbbhsixw50xjd8fx_21,1020
a45ppbbhsixw50xjd8fx_26,457
a45ppbbhsixw50xjd8fx_32,133
a45ppbbhsixw50xjd8fx_38,310
a45ppbbhsixw50xjd8fx_43,240
a45ppbbhsixw50xjd8fx_47,45
a45ppbbhsixw50xjd8fx_51,457
a45ppbbhsixw50xjd8fx_57,289
a45ppbbhsixw50xjd8fx_59,289
okr8ehsxosyfm7k7xc3t_19,597
okr8ehsxosyfm7k7xc3t_22,180
okr8ehsxosyfm7k7xc3t_23,180
okr8ehsxosyfm7k7xc3t_25,860
okr8ehsxosyfm7k7xc3t_29,1020
okr8ehsxosyfm7k7xc3t_30,174
okr8ehsxosyfm7k7xc3t_36,597
okr8ehsxosyfm7k7xc3t_37,240
okr8ehsxosyfm7k7xc3t_42,240
okr8ehsxosyfm7k7xc3t_54,240
okr8ehsxosyfm7k7xc3t_57,850
okr8ehsxosyfm7k7xc3t_63,530
105lbrgbk0sinx7pn6m7_8,95
105lbrgbk0sinx7pn6m7_12,597
105lbrgbk0sinx7pn6m7_14,310
105lbrgbk0sinx7pn6m7_15,45
105lbrgbk0sinx7pn6m7_17,1020
105lbrgbk0sinx7pn6m7_21,1013
105lbrgbk0sinx7pn6m7_35,464
105lbrgbk0sinx7pn6m7_49,497
105lbrgbk0sinx7pn6m7_53,240
105lbrgbk0sinx7pn6m7_58,588
105lbrgbk0sinx7pn6m7_60,240
105lbrgbk0sinx7pn6m7_61,443
9i5g9dckncusnyl8dcx8_1,359
9i5g9dckncusnyl8dcx8_2,74
9i5g9dckncusnyl8dcx8_16,116
9i5g9dckncusnyl8dcx8_17,908
9i5g9dckncusnyl8dcx8_21,1020
9i5g9dckncusnyl8dcx8_22,310
9i5g9dckncusnyl8dcx8_25,993
9i5g9dckncusnyl8dcx8_33,464
9i5g9dckncusnyl8dcx8_40,850
9i5g9dckncusnyl8dcx8_42,837
9i5g9dckncusnyl8dcx8_43,240
9i5g9dckncusnyl8dcx8_45,819
9i5g9dckncusnyl8dcx8_47,45
9i5g9dckncusnyl8dcx8_54,1013
9i5g9dckncusnyl8dcx8_62,77
bnace3vwj709lyd8rlit_6,918
bnace3vwj709lyd8rlit_12,597
bnace3vwj709lyd8rlit_21,3
bnace3vwj709lyd8rlit_24,401
bnace3vwj709lyd8rlit_25,464
bnace3vwj709lyd8rlit_27,530
bnace3vwj709lyd8rlit_33,464
bnace3vwj709lyd8rlit_42,993
bnace3vwj709lyd8rlit_46,993
bnace3vwj709lyd8rlit_51,530
bnace3vwj709lyd8rlit_58,920
bnace3vwj709lyd8rlit_59,240
89fgivetzwp291buyzze_4,359
89fgivetzwp291buyzze_10,1020
89fgivetzwp291buyzze_12,597
89fgivetzwp291buyzze_19,1020
89fgivetzwp291buyzze_20,597
89fgivetzwp291buyzze_21,317
89fgivetzwp291buyzze_28,993
89fgivetzwp291buyzze_29,772
89fgivetzwp291buyzze_31,71
89fgivetzwp291buyzze_34,42
89fgivetzwp291buyzze_37,772
89fgivetzwp291buyzze_43,597
89fgivetzwp291buyzze_50,822
89fgivetzwp291buyzze_51,160
89fgivetzwp291buyzze_56,497
89fgivetzwp291buyzze_57,485
89fgivetzwp291buyzze_59,634
89fgivetzwp291buyzze_63,866
id8ayf6ohbefkuzgyr6u_4,1018
id8ayf6ohbefkuzgyr6u_5,40
id8ayf6ohbefkuzgyr6u_23,410
id8ayf6ohbefkuzgyr6u_30,272
id8ayf6ohbefkuzgyr6u_41,510
id8ayf6ohbefkuzgyr6u_45,878
id8ayf6ohbefkuzgyr6u_47,581
id8ayf6ohbefkuzgyr6u_49,510
id8ayf6ohbefkuzgyr6u_53,811
id8ayf6ohbefkuzgyr6u_55,190
id8ayf6ohbefkuzgyr6u_57,418
id8ayf6ohbefkuzgyr6u_60,251
qoitash8hs4hzaaz4kja_1,790
qoitash8hs4hzaaz4kja_5,571
qoitash8hs4hzaaz4kja_7,194
qoitash8hs4hzaaz4kja_10,1018
qoitash8hs4hzaaz4kja_25,353
qoitash8hs4hzaaz4kja_27,353
qoitash8hs4hzaaz4kja_29,694
qoitash8hs4hzaaz4kja_33,134
qoitash8hs4hzaaz4kja_34,220
qoitash8hs4hzaaz4kja_42,853
qoitash8hs4hzaaz4kja_43,436
qoitash8hs4hzaaz4kja_57,289
qoitash8hs4hzaaz4kja_61,694
g5ftma903nxftko0tqqx_3,921
g5ftma903nxftko0tqqx_15,1018
g5ftma903nxftko0tqqx_28,921
g5ftma903nxftko0tqqx_34,16
g5ftma903nxftko0tqqx_36,889
g5ftma903nxftko0tqqx_38,101
g5ftma903nxftko0tqqx_45,220
g5ftma903nxftko0tqqx_52,16
g5ftma903nxftko0tqqx_62,1016
b6sqhf3fsrvc2yxygi0m_3,244
b6sqhf3fsrvc2yxygi0m_5,23
b6sqhf3fsrvc2yxygi0m_18,501
b6sqhf3fsrvc2yxygi0m_19,407
b6sqhf3fsrvc2yxygi0m_20,10
b6sqhf3fsrvc2yxygi0m_25,216
b6sqhf3fsrvc2yxygi0m_29,921
b6sqhf3fsrvc2yxygi0m_55,309
b6sqhf3fsrvc2yxygi0m_61,97
pmqqrln7sopjhrzuw4do_4,911
pmqqrln7sopjhrzuw4do_7,195
pmqqrln7sopjhrzuw4do_8,731
pmqqrln7sopjhrzuw4do_9,119
pmqqrln7sopjhrzuw4do_17,992
pmqqrln7sopjhrzuw4do_18,831
pmqqrln7sopjhrzuw4do_19,486
pmqqrln7sopjhrzuw4do_23,409
pmqqrln7sopjhrzuw4do_25,921
pmqqrln7sopjhrzuw4do_42,927
pmqqrln7sopjhrzuw4do_54,834
pmqqrln7sopjhrzuw4do_56,313
d2xbdo1r2b2xrjnn9wpo_6,565
d2xbdo1r2b2xrjnn9wpo_15,45
d2xbdo1r2b2xrjnn9wpo_17,773
d2xbdo1r2b2xrjnn9wpo_18,682
d2xbdo1r2b2xrjnn9wpo_24,10
d2xbdo1r2b2xrjnn9wpo_27,158
d2xbdo1r2b2xrjnn9wpo_28,158
d2xbdo1r2b2xrjnn9wpo_29,733
d2xbdo1r2b2xrjnn9wpo_34,237
d2xbdo1r2b2xrjnn9wpo_35,102
d2xbdo1r2b2xrjnn9wpo_43,102
d2xbdo1r2b2xrjnn9wpo_45,733
d2xbdo1r2b2xrjnn9wpo_49,353
d2xbdo1r2b2xrjnn9wpo_51,102
d2xbdo1r2b2xrjnn9wpo_54,230
d2xbdo1r2b2xrjnn9wpo_55,866
d2xbdo1r2b2xrjnn9wpo_57,890
myd21sj851dn49vgmysc_6,857
myd21sj851dn49vgmysc_12,324
myd21sj851dn49vgmysc_18,407
myd21sj851dn49vgmysc_20,407
myd21sj851dn49vgmysc_22,689
myd21sj851dn49vgmysc_28,706
myd21sj851dn49vgmysc_30,706
myd21sj851dn49vgmysc_40,370
myd21sj851dn49vgmysc_46,689
myd21sj851dn49vgmysc_54,706
myd21sj851dn49vgmysc_60,380
lk706yl8dp6ma2s93nln_2,436
lk706yl8dp6ma2s93nln_9,436
lk706yl8dp6ma2s93nln_10,353
lk706yl8dp6ma2s93nln_11,353
lk706yl8dp6ma2s93nln_12,962
lk706yl8dp6ma2s93nln_16,353
lk706yl8dp6ma2s93nln_17,436
lk706yl8dp6ma2s93nln_19,353
lk706yl8dp6ma2s93nln_20,10
lk706yl8dp6ma2s93nln_25,58
lk706yl8dp6ma2s93nln_30,332
lk706yl8dp6ma2s93nln_33,585
lk706yl8dp6ma2s93nln_34,413
lk706yl8dp6ma2s93nln_36,575
lk706yl8dp6ma2s93nln_42,729
lk706yl8dp6ma2s93nln_49,729
lk706yl8dp6ma2s93nln_50,606
lk706yl8dp6ma2s93nln_56,729
lk706yl8dp6ma2s93nln_61,431
nteeuxjvmlzo6hyujsgs_3,921
nteeuxjvmlzo6hyujsgs_13,552
nteeuxjvmlzo6hyujsgs_15,790
nteeuxjvmlzo6hyujsgs_17,1018
nteeuxjvmlzo6hyujsgs_27,220
nteeuxjvmlzo6hyujsgs_28,353
nteeuxjvmlzo6hyujsgs_32,370
nteeuxjvmlzo6hyujsgs_36,535
nteeuxjvmlzo6hyujsgs_37,821
nteeuxjvmlzo6hyujsgs_38,780
nteeuxjvmlzo6hyujsgs_44,353
nteeuxjvmlzo6hyujsgs_50,829
nteeuxjvmlzo6hyujsgs_61,240
tic1v2zps85a0ugwceqa_14,571
tic1v2zps85a0ugwceqa_18,489
tic1v2zps85a0ugwceqa_30,272
tic1v2zps85a0ugwceqa_37,131
tic1v2zps85a0ugwceqa_45,492
tic1v2zps85a0ugwceqa_47,532
tic1v2zps85a0ugwceqa_48,965
tic1v2zps85a0ugwceqa_51,10
tic1v2zps85a0ugwceqa_52,934
tic1v2zps85a0ugwceqa_53,823
tic1v2zps85a0ugwceqa_60,251
tic1v2zps85a0ugwceqa_63,112
j6gvgu7ceandmz2vbd7z_8,503
j6gvgu7ceandmz2vbd7z_9,436
j6gvgu7ceandmz2vbd7z_12,143
j6gvgu7ceandmz2vbd7z_13,25
j6gvgu7ceandmz2vbd7z_17,353
j6gvgu7ceandmz2vbd7z_22,187
j6gvgu7ceandmz2vbd7z_38,895
j6gvgu7ceandmz2vbd7z_56,433
j6gvgu7ceandmz2vbd7z_63,257
ccyd93vz94ln68v3ur43_1,1018
ccyd93vz94ln68v3ur43_2,1018
ccyd93vz94ln68v3ur43_6,829
ccyd93vz94ln68v3ur43_7,353
ccyd93vz94ln68v3ur43_14,829
ccyd93vz94ln68v3ur43_15,877
ccyd93vz94ln68v3ur43_18,891
ccyd93vz94ln68v3ur43_19,575
ccyd93vz94ln68v3ur43_21,324
ccyd93vz94ln68v3ur43_23,413
ccyd93vz94ln68v3ur43_28,829
ccyd93vz94ln68v3ur43_29,829
ccyd93vz94ln68v3ur43_30,101
ccyd93vz94ln68v3ur43_34,140
ccyd93vz94ln68v3ur43_38,510
ccyd93vz94ln68v3ur43_39,102
ccyd93vz94ln68v3ur43_46,340
ccyd93vz94ln68v3ur43_54,498
ccyd93vz94ln68v3ur43_56,10
x5ukderpdk4nfvos6axn_12,672
x5ukderpdk4nfvos6axn_14,164
x5ukderpdk4nfvos6axn_19,164
x5ukderpdk4nfvos6axn_22,558
x5ukderpdk4nfvos6axn_24,782
x5ukderpdk4nfvos6axn_29,455
x5ukderpdk4nfvos6axn_31,228
x5ukderpdk4nfvos6axn_38,219
x5ukderpdk4nfvos6axn_40,917
x5ukderpdk4nfvos6axn_47,581
x5ukderpdk4nfvos6axn_53,77
x5ukderpdk4nfvos6axn_55,591
x5ukderpdk4nfvos6axn_56,573
x5ukderpdk4nfvos6axn_58,826
x5ukderpdk4nfvos6axn_62,947
pcpucj47b4cc70qvjf7t_24,228
pcpucj47b4cc70qvjf7t_25,228
pcpucj47b4cc70qvjf7t_33,964
pcpucj47b4cc70qvjf7t_34,507
pcpucj47b4cc70qvjf7t_35,953
pcpucj47b4cc70qvjf7t_37,869
pcpucj47b4cc70qvjf7t_40,228
pcpucj47b4cc70qvjf7t_41,507
pcpucj47b4cc70qvjf7t_48,852
pcpucj47b4cc70qvjf7t_49,400
pcpucj47b4cc70qvjf7t_51,760
pcpucj47b4cc70qvjf7t_59,562
pcpucj47b4cc70qvjf7t_60,433
pcpucj47b4cc70qvjf7t_63,873
ul0ejdefgcc61ltd9nge_19,964
ul0ejdefgcc61ltd9nge_20,827
ul0ejdefgcc61ltd9nge_32,98
ul0ejdefgcc61ltd9nge_38,798
ul0ejdefgcc61ltd9nge_40,98
ul0ejdefgcc61ltd9nge_47,1017
ul0ejdefgcc61ltd9nge_50,774
ul0ejdefgcc61ltd9nge_54,798
ul0ejdefgcc61ltd9nge_55,667
ul0ejdefgcc61ltd9nge_58,826
ul0ejdefgcc61ltd9nge_59,570
ul0ejdefgcc61ltd9nge_63,667
h9ignvudq60cfppwg07v_17,164
h9ignvudq60cfppwg07v_25,55
h9ignvudq60cfppwg07v_27,321
h9ignvudq60cfppwg07v_33,84
h9ignvudq60cfppwg07v_34,450
h9ignvudq60cfppwg07v_35,157
h9ignvudq60cfppwg07v_36,964
h9ignvudq60cfppwg07v_45,213
h9ignvudq60cfppwg07v_46,760
h9ignvudq60cfppwg07v_49,123
h9ignvudq60cfppwg07v_50,313
h9ignvudq60cfppwg07v_51,7
h9ignvudq60cfppwg07v_56,756
h9ignvudq60cfppwg07v_58,836
h9ignvudq60cfppwg07v_59,443
h9ignvudq60cfppwg07v_61,947
cenlev9ngtbgne4hy66o_24,1002
cenlev9ngtbgne4hy66o_29,645
cenlev9ngtbgne4hy66o_30,485
cenlev9ngtbgne4hy66o_36,645
cenlev9ngtbgne4hy66o_46,683
cenlev9ngtbgne4hy66o_60,711
cenlev9ngtbgne4hy66o_62,947
cenlev9ngtbgne4hy66o_63,735
ofamt0n3qt74npongwek_26,672
ofamt0n3qt74npongwek_32,827
ofamt0n3qt74npongwek_37,99
ofamt0n3qt74npongwek_40,827
ofamt0n3qt74npongwek_41,827
ofamt0n3qt74npongwek_42,228
ofamt0n3qt74npongwek_44,100
ofamt0n3qt74npongwek_48,98
ofamt0n3qt74npongwek_49,827
ofamt0n3qt74npongwek_50,826
ofamt0n3qt74npongwek_53,495
ofamt0n3qt74npongwek_54,495
ofamt0n3qt74npongwek_55,826
ofamt0n3qt74npongwek_57,826
ofamt0n3qt74npongwek_61,495
ofamt0n3qt74npongwek_62,826
sbwbz59onhzyc6hdnfxl_9,164
sbwbz59onhzyc6hdnfxl_16,410
sbwbz59onhzyc6hdnfxl_18,367
sbwbz59onhzyc6hdnfxl_21,327
sbwbz59onhzyc6hdnfxl_25,328
sbwbz59onhzyc6hdnfxl_26,197
sbwbz59onhzyc6hdnfxl_28,327
sbwbz59onhzyc6hdnfxl_29,327
sbwbz59onhzyc6hdnfxl_30,472
sbwbz59onhzyc6hdnfxl_33,180
sbwbz59onhzyc6hdnfxl_35,197
sbwbz59onhzyc6hdnfxl_40,180
sbwbz59onhzyc6hdnfxl_42,321
sbwbz59onhzyc6hdnfxl_45,410
sbwbz59onhzyc6hdnfxl_48,1010
sbwbz59onhzyc6hdnfxl_51,812
sbwbz59onhzyc6hdnfxl_52,410
sbwbz59onhzyc6hdnfxl_56,647
sbwbz59onhzyc6hdnfxl_57,562
sbwbz59onhzyc6hdnfxl_60,570
3qeo6hvoocfv9i6ecn7f_19,164
3qeo6hvoocfv9i6ecn7f_20,164
3qeo6hvoocfv9i6ecn7f_21,55
3qeo6hvoocfv9i6ecn7f_27,507
3qeo6hvoocfv9i6ecn7f_29,96
3qeo6hvoocfv9i6ecn7f_30,321
3qeo6hvoocfv9i6ecn7f_36,889
3qeo6hvoocfv9i6ecn7f_38,506
3qeo6hvoocfv9i6ecn7f_46,683
3qeo6hvoocfv9i6ecn7f_49,99
3qeo6hvoocfv9i6ecn7f_50,511
3qeo6hvoocfv9i6ecn7f_55,84
3qeo6hvoocfv9i6ecn7f_56,763
3qeo6hvoocfv9i6ecn7f_58,826
3qeo6hvoocfv9i6ecn7f_59,826
3qeo6hvoocfv9i6ecn7f_61,495
3qeo6hvoocfv9i6ecn7f_63,735
r4qs8jw7y8dkg4h2us1u_6,918
r4qs8jw7y8dkg4h2us1u_19,164
r4qs8jw7y8dkg4h2us1u_23,228
r4qs8jw7y8dkg4h2us1u_31,827
r4qs8jw7y8dkg4h2us1u_42,367
r4qs8jw7y8dkg4h2us1u_46,219
r4qs8jw7y8dkg4h2us1u_47,581
r4qs8jw7y8dkg4h2us1u_49,91
3mh2qztyfqhjn5cz8tbm_8,164
3mh2qztyfqhjn5cz8tbm_10,672
3mh2qztyfqhjn5cz8tbm_18,645
3mh2qztyfqhjn5cz8tbm_24,827
3mh2qztyfqhjn5cz8tbm_25,862
3mh2qztyfqhjn5cz8tbm_26,328
3mh2qztyfqhjn5cz8tbm_27,1019
3mh2qztyfqhjn5cz8tbm_28,164
3mh2qztyfqhjn5cz8tbm_30,310
3mh2qztyfqhjn5cz8tbm_34,1019
3mh2qztyfqhjn5cz8tbm_35,328
3mh2qztyfqhjn5cz8tbm_36,1009
3mh2qztyfqhjn5cz8tbm_38,310
3mh2qztyfqhjn5cz8tbm_41,456
3mh2qztyfqhjn5cz8tbm_42,42
3mh2qztyfqhjn5cz8tbm_46,900
3mh2qztyfqhjn5cz8tbm_48,756
3mh2qztyfqhjn5cz8tbm_51,7
3mh2qztyfqhjn5cz8tbm_56,398
cq7r0n7brdyh96c11chr_17,164
cq7r0n7brdyh96c11chr_27,645
cq7r0n7brdyh96c11chr_30,71
cq7r0n7brdyh96c11chr_33,827
cq7r0n7brdyh96c11chr_34,507
cq7r0n7brdyh96c11chr_43,450
cq7r0n7brdyh96c11chr_46,71
cq7r0n7brdyh96c11chr_48,450
cq7r0n7brdyh96c11chr_54,889
cq7r0n7brdyh96c11chr_55,80
vlsla7g3vip9tobriqhl_0,972
vlsla7g3vip9tobriqhl_11,903
vlsla7g3vip9tobriqhl_18,733
vlsla7g3vip9tobriqhl_19,170
vlsla7g3vip9tobriqhl_24,419
vlsla7g3vip9tobriqhl_28,407
vlsla7g3vip9tobriqhl_34,408
vlsla7g3vip9tobriqhl_36,407
vlsla7g3vip9tobriqhl_41,133
vlsla7g3vip9tobriqhl_42,408
vlsla7g3vip9tobriqhl_44,733
vlsla7g3vip9tobriqhl_51,77
vlsla7g3vip9tobriqhl_59,266
vlsla7g3vip9tobriqhl_61,546
jqm1mm5t12rn8diezn5p_13,164
jqm1mm5t12rn8diezn5p_31,101
jqm1mm5t12rn8diezn5p_35,328
jqm1mm5t12rn8diezn5p_38,1019
jqm1mm5t12rn8diezn5p_44,450
jqm1mm5t12rn8diezn5p_45,546
jqm1mm5t12rn8diezn5p_51,511
jqm1mm5t12rn8diezn5p_57,91
jqm1mm5t12rn8diezn5p_60,386
jqm1mm5t12rn8diezn5p_62,525
wmdbp5542uq6y3hg4dnn_16,705
wmdbp5542uq6y3hg4dnn_19,484
wmdbp5542uq6y3hg4dnn_25,407
wmdbp5542uq6y3hg4dnn_27,282
wmdbp5542uq6y3hg4dnn_28,343
wmdbp5542uq6y3hg4dnn_35,700
wmdbp5542uq6y3hg4dnn_45,213
wmdbp5542uq6y3hg4dnn_47,581
wmdbp5542uq6y3hg4dnn_48,62
wmdbp5542uq6y3hg4dnn_52,760
wmdbp5542uq6y3hg4dnn_58,505
wmdbp5542uq6y3hg4dnn_59,123
m52oei8t39qsc7vnabby_4,918
m52oei8t39qsc7vnabby_8,328
m52oei8t39qsc7vnabby_12,672
m52oei8t39qsc7vnabby_13,782
m52oei8t39qsc7vnabby_16,908
m52oei8t39qsc7vnabby_17,164
m52oei8t39qsc7vnabby_26,507
m52oei8t39qsc7vnabby_32,228
m52oei8t39qsc7vnabby_36,798
m52oei8t39qsc7vnabby_41,826
m52oei8t39qsc7vnabby_42,826
m52oei8t39qsc7vnabby_43,14
m52oei8t39qsc7vnabby_48,647
m52oei8t39qsc7vnabby_49,826
m52oei8t39qsc7vnabby_50,826
m52oei8t39qsc7vnabby_55,361
m52oei8t39qsc7vnabby_56,852
m52oei8t39qsc7vnabby_58,313
m52oei8t39qsc7vnabby_61,947
m52oei8t39qsc7vnabby_63,667
lz9w33q7nun2bwtzxo3v_11,645
lz9w33q7nun2bwtzxo3v_19,328
lz9w33q7nun2bwtzxo3v_20,1019
lz9w33q7nun2bwtzxo3v_26,645
lz9w33q7nun2bwtzxo3v_27,1019
lz9w33q7nun2bwtzxo3v_29,328
lz9w33q7nun2bwtzxo3v_35,450
lz9w33q7nun2bwtzxo3v_36,450
lz9w33q7nun2bwtzxo3v_42,7
lz9w33q7nun2bwtzxo3v_43,450
lz9w33q7nun2bwtzxo3v_44,979
lz9w33q7nun2bwtzxo3v_45,964
lz9w33q7nun2bwtzxo3v_53,14
lz9w33q7nun2bwtzxo3v_54,347
lz9w33q7nun2bwtzxo3v_58,471
hq1vdnpk93f7dt5jm6db_13,439
hq1vdnpk93f7dt5jm6db_22,827
hq1vdnpk93f7dt5jm6db_23,666
hq1vdnpk93f7dt5jm6db_32,917
hq1vdnpk93f7dt5jm6db_36,456
hq1vdnpk93f7dt5jm6db_42,749
hq1vdnpk93f7dt5jm6db_43,867
hq1vdnpk93f7dt5jm6db_45,14
hq1vdnpk93f7dt5jm6db_46,504
hq1vdnpk93f7dt5jm6db_49,684
hq1vdnpk93f7dt5jm6db_50,367
hq1vdnpk93f7dt5jm6db_51,554
hq1vdnpk93f7dt5jm6db_52,826
hq1vdnpk93f7dt5jm6db_54,826
hq1vdnpk93f7dt5jm6db_55,149
hq1vdnpk93f7dt5jm6db_58,788
hq1vdnpk93f7dt5jm6db_61,313
ydo7bgd706tm3fmh486a_26,827
ydo7bgd706tm3fmh486a_27,164
ydo7bgd706tm3fmh486a_28,672
ydo7bgd706tm3fmh486a_32,827
ydo7bgd706tm3fmh486a_34,601
ydo7bgd706tm3fmh486a_37,143
ydo7bgd706tm3fmh486a_42,228
ydo7bgd706tm3fmh486a_43,327
ydo7bgd706tm3fmh486a_48,450
ydo7bgd706tm3fmh486a_49,14
ydo7bgd706tm3fmh486a_51,14
ydo7bgd706tm3fmh486a_56,149
ydo7bgd706tm3fmh486a_57,826
ydo7bgd706tm3fmh486a_63,667
6pzcv67yselaigp3pk9s_19,1019
6pzcv67yselaigp3pk9s_20,328
6pzcv67yselaigp3pk9s_25,99
6pzcv67yselaigp3pk9s_28,1019
6pzcv67yselaigp3pk9s_35,7
6pzcv67yselaigp3pk9s_45,197
6pzcv67yselaigp3pk9s_56,971
6pzcv67yselaigp3pk9s_57,915
6pzcv67yselaigp3pk9s_59,289
6pzcv67yselaigp3pk9s_63,939
1kntbd56e4tonhpwca8c_16,404
1kntbd56e4tonhpwca8c_24,964
1kntbd56e4tonhpwca8c_28,672
1kntbd56e4tonhpwca8c_29,672
1kntbd56e4tonhpwca8c_31,208
1kntbd56e4tonhpwca8c_36,99
1kntbd56e4tonhpwca8c_37,798
1kntbd56e4tonhpwca8c_41,801
1kntbd56e4tonhpwca8c_42,827
1kntbd56e4tonhpwca8c_44,495
1kntbd56e4tonhpwca8c_45,99
1kntbd56e4tonhpwca8c_47,212
1kntbd56e4tonhpwca8c_49,162
1kntbd56e4tonhpwca8c_52,798
1kntbd56e4tonhpwca8c_56,877
1kntbd56e4tonhpwca8c_57,520
1kntbd56e4tonhpwca8c_58,520
1kntbd56e4tonhpwca8c_59,289
1kntbd56e4tonhpwca8c_60,433
9juji2eqysai09fkv0qe_6,359
9juji2eqysai09fkv0qe_31,827
9juji2eqysai09fkv0qe_32,763
9juji2eqysai09fkv0qe_36,495
9juji2eqysai09fkv0qe_48,120
9juji2eqysai09fkv0qe_49,684
9juji2eqysai09fkv0qe_52,562
9juji2eqysai09fkv0qe_53,562
9juji2eqysai09fkv0qe_59,418
bptf7dhg27e6rjosnyk9_2,318
bptf7dhg27e6rjosnyk9_38,938
bptf7dhg27e6rjosnyk9_39,208
bptf7dhg27e6rjosnyk9_40,827
bptf7dhg27e6rjosnyk9_43,1019
bptf7dhg27e6rjosnyk9_45,760
bptf7dhg27e6rjosnyk9_46,457
bptf7dhg27e6rjosnyk9_49,14
bptf7dhg27e6rjosnyk9_50,562
bptf7dhg27e6rjosnyk9_52,14
bptf7dhg27e6rjosnyk9_53,964
bptf7dhg27e6rjosnyk9_57,289
bptf7dhg27e6rjosnyk9_58,289
bptf7dhg27e6rjosnyk9_60,289
1fik9ggu3z5w8u49do04_2,656
1fik9ggu3z5w8u49do04_12,1019
1fik9ggu3z5w8u49do04_19,780
1fik9ggu3z5w8u49do04_20,328
1fik9ggu3z5w8u49do04_21,197
1fik9ggu3z5w8u49do04_22,164
1fik9ggu3z5w8u49do04_27,270
1fik9ggu3z5w8u49do04_28,507
1fik9ggu3z5w8u49do04_31,507
1fik9ggu3z5w8u49do04_34,395
1fik9ggu3z5w8u49do04_35,507
1fik9ggu3z5w8u49do04_36,228
1fik9ggu3z5w8u49do04_39,450
1fik9ggu3z5w8u49do04_46,197
1fik9ggu3z5w8u49do04_49,233
1fik9ggu3z5w8u49do04_53,228
1fik9ggu3z5w8u49do04_54,733
1fik9ggu3z5w8u49do04_59,832
1fik9ggu3z5w8u49do04_62,251
kmy0gsu74419vwa3n09j_4,389
kmy0gsu74419vwa3n09j_14,153
kmy0gsu74419vwa3n09j_22,153
kmy0gsu74419vwa3n09j_23,410
kmy0gsu74419vwa3n09j_28,219
kmy0gsu74419vwa3n09j_29,219
kmy0gsu74419vwa3n09j_30,219
kmy0gsu74419vwa3n09j_39,532
kmy0gsu74419vwa3n09j_41,932
kmy0gsu74419vwa3n09j_48,1014
kmy0gsu74419vwa3n09j_53,14
kmy0gsu74419vwa3n09j_55,581
kmy0gsu74419vwa3n09j_57,723
kmy0gsu74419vwa3n09j_58,289
kmy0gsu74419vwa3n09j_59,289
kmy0gsu74419vwa3n09j_63,939
d23l1y9a0mxq1gfh4nwe_19,672
d23l1y9a0mxq1gfh4nwe_20,1019
d23l1y9a0mxq1gfh4nwe_21,784
d23l1y9a0mxq1gfh4nwe_22,58
d23l1y9a0mxq1gfh4nwe_27,868
d23l1y9a0mxq1gfh4nwe_29,1019
d23l1y9a0mxq1gfh4nwe_30,228
d23l1y9a0mxq1gfh4nwe_32,99
d23l1y9a0mxq1gfh4nwe_38,1019
d23l1y9a0mxq1gfh4nwe_39,398
d23l1y9a0mxq1gfh4nwe_46,153
d23l1y9a0mxq1gfh4nwe_47,537
d23l1y9a0mxq1gfh4nwe_52,827
d23l1y9a0mxq1gfh4nwe_56,81
d23l1y9a0mxq1gfh4nwe_57,495
d23l1y9a0mxq1gfh4nwe_61,826
d23l1y9a0mxq1gfh4nwe_63,735
pwek64hx6d76wl8sx57o_16,645
pwek64hx6d76wl8sx57o_17,941
pwek64hx6d76wl8sx57o_28,219
pwek64hx6d76wl8sx57o_34,219
pwek64hx6d76wl8sx57o_35,219
pwek64hx6d76wl8sx57o_43,1009
pwek64hx6d76wl8sx57o_48,153
pwek64hx6d76wl8sx57o_58,505
pwek64hx6d76wl8sx57o_62,947
bacdxv7ex39hdj7u6yq2_3,743
bacdxv7ex39hdj7u6yq2_4,389
bacdxv7ex39hdj7u6yq2_5,389
bacdxv7ex39hdj7u6yq2_6,389
bacdxv7ex39hdj7u6yq2_7,389
bacdxv7ex39hdj7u6yq2_11,672
bacdxv7ex39hdj7u6yq2_23,329
bacdxv7ex39hdj7u6yq2_39,495
bacdxv7ex39hdj7u6yq2_43,14
bacdxv7ex39hdj7u6yq2_47,98
bacdxv7ex39hdj7u6yq2_48,647
bacdxv7ex39hdj7u6yq2_52,826
bacdxv7ex39hdj7u6yq2_54,313
bacdxv7ex39hdj7u6yq2_55,29
bacdxv7ex39hdj7u6yq2_56,149
bacdxv7ex39hdj7u6yq2_60,826
bacdxv7ex39hdj7u6yq2_61,836
bacdxv7ex39hdj7u6yq2_63,443
yo75br2oste5xlqyujr9_4,74
yo75br2oste5xlqyujr9_5,74
yo75br2oste5xlqyujr9_6,708
yo75br2oste5xlqyujr9_20,645
yo75br2oste5xlqyujr9_27,1019
yo75br2oste5xlqyujr9_29,101
yo75br2oste5xlqyujr9_31,208
yo75br2oste5xlqyujr9_36,691
yo75br2oste5xlqyujr9_39,721
yo75br2oste5xlqyujr9_44,495
yo75br2oste5xlqyujr9_46,962
yo75br2oste5xlqyujr9_49,588
yo75br2oste5xlqyujr9_52,798
yo75br2oste5xlqyujr9_53,153
yo75br2oste5xlqyujr9_56,852
yo75br2oste5xlqyujr9_57,826
yo75br2oste5xlqyujr9_58,126
yo75br2oste5xlqyujr9_59,126
yo75br2oste5xlqyujr9_60,947
h3f3dcgv6plj5fnoj5ay_1,389
h3f3dcgv6plj5fnoj5ay_2,389
h3f3dcgv6plj5fnoj5ay_16,827
h3f3dcgv6plj5fnoj5ay_24,228
h3f3dcgv6plj5fnoj5ay_25,164
h3f3dcgv6plj5fnoj5ay_27,868
h3f3dcgv6plj5fnoj5ay_28,672
h3f3dcgv6plj5fnoj5ay_33,827
h3f3dcgv6plj5fnoj5ay_40,827
h3f3dcgv6plj5fnoj5ay_41,153
h3f3dcgv6plj5fnoj5ay_43,99
h3f3dcgv6plj5fnoj5ay_49,826
h3f3dcgv6plj5fnoj5ay_50,826
h3f3dcgv6plj5fnoj5ay_51,826
h3f3dcgv6plj5fnoj5ay_55,99
h3f3dcgv6plj5fnoj5ay_56,98
h3f3dcgv6plj5fnoj5ay_57,826
h3f3dcgv6plj5fnoj5ay_59,826
blgykg81kymzjn3f9855_3,1019
blgykg81kymzjn3f9855_4,790
blgykg81kymzjn3f9855_8,645
blgykg81kymzjn3f9855_9,268
blgykg81kymzjn3f9855_11,903
blgykg81kymzjn3f9855_19,197
blgykg81kymzjn3f9855_20,197
blgykg81kymzjn3f9855_37,84
blgykg81kymzjn3f9855_38,164
blgykg81kymzjn3f9855_42,157
blgykg81kymzjn3f9855_45,903
blgykg81kymzjn3f9855_48,228
blgykg81kymzjn3f9855_59,126
blgykg81kymzjn3f9855_60,588
sr09aoonwx3tgebenwb2_17,247
sr09aoonwx3tgebenwb2_20,99
sr09aoonwx3tgebenwb2_22,153
sr09aoonwx3tgebenwb2_25,367
sr09aoonwx3tgebenwb2_29,398
sr09aoonwx3tgebenwb2_30,421
sr09aoonwx3tgebenwb2_31,228
sr09aoonwx3tgebenwb2_32,763
sr09aoonwx3tgebenwb2_37,386
sr09aoonwx3tgebenwb2_39,964
sr09aoonwx3tgebenwb2_40,788
sr09aoonwx3tgebenwb2_41,367
sr09aoonwx3tgebenwb2_43,827
sr09aoonwx3tgebenwb2_45,273
sr09aoonwx3tgebenwb2_49,99
sr09aoonwx3tgebenwb2_53,495
sr09aoonwx3tgebenwb2_54,504
sr09aoonwx3tgebenwb2_56,573
sr09aoonwx3tgebenwb2_58,418
7zf1dyxb5cjt19kav8j5_9,645
7zf1dyxb5cjt19kav8j5_21,164
7zf1dyxb5cjt19kav8j5_29,310
7zf1dyxb5cjt19kav8j5_40,450
7zf1dyxb5cjt19kav8j5_51,313
7zf1dyxb5cjt19kav8j5_53,826
7zf1dyxb5cjt19kav8j5_57,289
7zf1dyxb5cjt19kav8j5_61,832
7zf1dyxb5cjt19kav8j5_63,873
fv7nwqaw2hsgwzybnlnd_3,522
fv7nwqaw2hsgwzybnlnd_4,327
fv7nwqaw2hsgwzybnlnd_41,749
fv7nwqaw2hsgwzybnlnd_42,367
fv7nwqaw2hsgwzybnlnd_45,410
fv7nwqaw2hsgwzybnlnd_51,562
fv7nwqaw2hsgwzybnlnd_53,14
fv7nwqaw2hsgwzybnlnd_59,289
fv7nwqaw2hsgwzybnlnd_63,112
2175h0o793j2owu0zczj_22,327
2175h0o793j2owu0zczj_30,228
2175h0o793j2owu0zczj_31,601
2175h0o793j2owu0zczj_37,1019
2175h0o793j2owu0zczj_38,255
2175h0o793j2owu0zczj_39,827
2175h0o793j2owu0zczj_56,573
2175h0o793j2owu0zczj_58,723
2175h0o793j2owu0zczj_61,826
72mqtenqzm43te18sszb_19,908
72mqtenqzm43te18sszb_24,645
72mqtenqzm43te18sszb_27,197
72mqtenqzm43te18sszb_28,908
72mqtenqzm43te18sszb_31,208
72mqtenqzm43te18sszb_35,197
72mqtenqzm43te18sszb_38,546
72mqtenqzm43te18sszb_45,546
72mqtenqzm43te18sszb_48,647
72mqtenqzm43te18sszb_50,880
72mqtenqzm43te18sszb_51,84
72mqtenqzm43te18sszb_53,618
72mqtenqzm43te18sszb_54,760
72mqtenqzm43te18sszb_56,647
72mqtenqzm43te18sszb_58,880
jnoongjm1yrbtlubu4zv_4,918
jnoongjm1yrbtlubu4zv_10,351
jnoongjm1yrbtlubu4zv_12,55
jnoongjm1yrbtlubu4zv_18,164
jnoongjm1yrbtlubu4zv_20,55
jnoongjm1yrbtlubu4zv_24,1019
jnoongjm1yrbtlubu4zv_33,962
jnoongjm1yrbtlubu4zv_34,629
jnoongjm1yrbtlubu4zv_45,33
jnoongjm1yrbtlubu4zv_61,915
2ww4laxafnw73na0s39w_5,918
2ww4laxafnw73na0s39w_33,450
2ww4laxafnw73na0s39w_36,964
2ww4laxafnw73na0s39w_37,867
2ww4laxafnw73na0s39w_44,270
2ww4laxafnw73na0s39w_47,1017
2ww4laxafnw73na0s39w_53,14
2ww4laxafnw73na0s39w_55,257
2ww4laxafnw73na0s39w_59,289
ijuzozm9iy4qylno7c9l_4,918
ijuzozm9iy4qylno7c9l_15,228
ijuzozm9iy4qylno7c9l_22,197
ijuzozm9iy4qylno7c9l_24,1002
ijuzozm9iy4qylno7c9l_30,197
ijuzozm9iy4qylno7c9l_36,827
ijuzozm9iy4qylno7c9l_44,403
ijuzozm9iy4qylno7c9l_45,562
uveaobrru2p1ydutv8vu_8,164
uveaobrru2p1ydutv8vu_24,98
uveaobrru2p1ydutv8vu_29,310
uveaobrru2p1ydutv8vu_33,867
uveaobrru2p1ydutv8vu_34,964
uveaobrru2p1ydutv8vu_43,91
uveaobrru2p1ydutv8vu_44,396
uveaobrru2p1ydutv8vu_45,798
uveaobrru2p1ydutv8vu_49,562
uveaobrru2p1ydutv8vu_56,137
uveaobrru2p1ydutv8vu_61,947
fym097dhosyecy5n2srf_3,389
fym097dhosyecy5n2srf_4,389
fym097dhosyecy5n2srf_9,656
fym097dhosyecy5n2srf_12,164
fym097dhosyecy5n2srf_17,782
fym097dhosyecy5n2srf_37,14
fym097dhosyecy5n2srf_46,798
fym097dhosyecy5n2srf_54,798
fym097dhosyecy5n2srf_55,212
e6e3vlsk06zphomnub5y_3,918
e6e3vlsk06zphomnub5y_4,708
e6e3vlsk06zphomnub5y_6,918
e6e3vlsk06zphomnub5y_7,825
e6e3vlsk06zphomnub5y_10,672
e6e3vlsk06zphomnub5y_12,164
e6e3vlsk06zphomnub5y_14,153
e6e3vlsk06zphomnub5y_17,268
e6e3vlsk06zphomnub5y_20,558
e6e3vlsk06zphomnub5y_23,410
e6e3vlsk06zphomnub5y_24,120
e6e3vlsk06zphomnub5y_25,268
e6e3vlsk06zphomnub5y_26,72
e6e3vlsk06zphomnub5y_29,456
e6e3vlsk06zphomnub5y_30,688
e6e3vlsk06zphomnub5y_33,749
e6e3vlsk06zphomnub5y_34,489
e6e3vlsk06zphomnub5y_35,367
e6e3vlsk06zphomnub5y_36,219
e6e3vlsk06zphomnub5y_39,149
18vds3slhsz776z5266y_0,136
18vds3slhsz776z5266y_3,136
18vds3slhsz776z5266y_10,638
18vds3slhsz776z5266y_11,114
18vds3slhsz776z5266y_13,327
18vds3slhsz776z5266y_19,153
18vds3slhsz776z5266y_27,153
18vds3slhsz776z5266y_33,867
18vds3slhsz776z5266y_42,456
18vds3slhsz776z5266y_51,562
18vds3slhsz776z5266y_52,562
18vds3slhsz776z5266y_59,289
18vds3slhsz776z5266y_62,289
lmf6mwy8dkx8zz93nmei_2,656
lmf6mwy8dkx8zz93nmei_9,164
lmf6mwy8dkx8zz93nmei_11,1019
lmf6mwy8dkx8zz93nmei_12,1019
lmf6mwy8dkx8zz93nmei_13,1019
lmf6mwy8dkx8zz93nmei_15,164
lmf6mwy8dkx8zz93nmei_18,164
lmf6mwy8dkx8zz93nmei_22,1019
lmf6mwy8dkx8zz93nmei_46,964
lmf6mwy8dkx8zz93nmei_53,14
lmf6mwy8dkx8zz93nmei_56,573
lmf6mwy8dkx8zz93nmei_61,289
lmf6mwy8dkx8zz93nmei_63,939
8tbww7ntn1hqxxu02g1m_16,98
8tbww7ntn1hqxxu02g1m_17,219
8tbww7ntn1hqxxu02g1m_24,450
8tbww7ntn1hqxxu02g1m_25,827
8tbww7ntn1hqxxu02g1m_34,601
8tbww7ntn1hqxxu02g1m_42,483
8tbww7ntn1hqxxu02g1m_44,546
8tbww7ntn1hqxxu02g1m_51,593
8tbww7ntn1hqxxu02g1m_53,798
8tbww7ntn1hqxxu02g1m_58,43
wrjntvz5om8xxjmpng02_7,918
wrjntvz5om8xxjmpng02_20,327
wrjntvz5om8xxjmpng02_22,219
wrjntvz5om8xxjmpng02_23,247
wrjntvz5om8xxjmpng02_26,219
wrjntvz5om8xxjmpng02_28,367
wrjntvz5om8xxjmpng02_32,1014
wrjntvz5om8xxjmpng02_34,219
wrjntvz5om8xxjmpng02_36,798
wrjntvz5om8xxjmpng02_37,450
wrjntvz5om8xxjmpng02_38,827
wrjntvz5om8xxjmpng02_39,591
wrjntvz5om8xxjmpng02_43,826
wrjntvz5om8xxjmpng02_44,72
wrjntvz5om8xxjmpng02_45,138
wrjntvz5om8xxjmpng02_47,137
wrjntvz5om8xxjmpng02_48,98
wrjntvz5om8xxjmpng02_53,601
wrjntvz5om8xxjmpng02_55,29
wrjntvz5om8xxjmpng02_56,852
806oonq6u13tmyo4n6su_1,1019
806oonq6u13tmyo4n6su_3,1019
806oonq6u13tmyo4n6su_26,219
806oonq6u13tmyo4n6su_31,212
806oonq6u13tmyo4n6su_35,588
806oonq6u13tmyo4n6su_39,1017
806oonq6u13tmyo4n6su_53,14
806oonq6u13tmyo4n6su_54,285
806oonq6u13tmyo4n6su_63,667
f9qswkl8ls9o0hu1dach_3,56
f9qswkl8ls9o0hu1dach_22,964
f9qswkl8ls9o0hu1dach_23,137
f9qswkl8ls9o0hu1dach_28,964
f9qswkl8ls9o0hu1dach_29,72
f9qswkl8ls9o0hu1dach_36,450
f9qswkl8ls9o0hu1dach_39,98
f9qswkl8ls9o0hu1dach_42,583
f9qswkl8ls9o0hu1dach_44,456
f9qswkl8ls9o0hu1dach_45,964
f9qswkl8ls9o0hu1dach_54,456
f9qswkl8ls9o0hu1dach_56,763
f9qswkl8ls9o0hu1dach_57,418
f9qswkl8ls9o0hu1dach_63,723
eo10jcq3p5ige0730m11_0,247
eo10jcq3p5ige0730m11_1,247
eo10jcq3p5ige0730m11_2,247
eo10jcq3p5ige0730m11_8,98
eo10jcq3p5ige0730m11_9,327
eo10jcq3p5ige0730m11_16,964
eo10jcq3p5ige0730m11_25,219
eo10jcq3p5ige0730m11_26,867
eo10jcq3p5ige0730m11_36,396
eo10jcq3p5ige0730m11_37,798
eo10jcq3p5ige0730m11_40,98
eo10jcq3p5ige0730m11_46,798
eo10jcq3p5ige0730m11_47,1017
eo10jcq3p5ige0730m11_57,149
eo10jcq3p5ige0730m11_59,593
eo10jcq3p5ige0730m11_61,947
ukpfnfbvvau792krwj74_5,880
ukpfnfbvvau792krwj74_12,1019
ukpfnfbvvau792krwj74_20,164
ukpfnfbvvau792krwj74_21,398
ukpfnfbvvau792krwj74_22,398
ukpfnfbvvau792krwj74_23,964
ukpfnfbvvau792krwj74_32,763
ukpfnfbvvau792krwj74_33,367
ukpfnfbvvau792krwj74_37,867
ukpfnfbvvau792krwj74_38,964
ukpfnfbvvau792krwj74_41,1009
ukpfnfbvvau792krwj74_49,227
ukpfnfbvvau792krwj74_52,562
a97clg9fij13j26kzx6e_1,918
a97clg9fij13j26kzx6e_16,353
a97clg9fij13j26kzx6e_19,234
a97clg9fij13j26kzx6e_25,84
a97clg9fij13j26kzx6e_26,827
a97clg9fij13j26kzx6e_34,688
a97clg9fij13j26kzx6e_35,588
a97clg9fij13j26kzx6e_40,149
a97clg9fij13j26kzx6e_42,14
a97clg9fij13j26kzx6e_45,867
a97clg9fij13j26kzx6e_46,798
a97clg9fij13j26kzx6e_53,867
ypg9sbrdhu7yxj9sfegg_4,1019
ypg9sbrdhu7yxj9sfegg_5,918
ypg9sbrdhu7yxj9sfegg_12,656
ypg9sbrdhu7yxj9sfegg_13,25
ypg9sbrdhu7yxj9sfegg_19,976
ypg9sbrdhu7yxj9sfegg_21,197
ypg9sbrdhu7yxj9sfegg_22,164
ypg9sbrdhu7yxj9sfegg_30,25
9e6xdgk013odvroivqnt_2,743
9e6xdgk013odvroivqnt_4,113
9e6xdgk013odvroivqnt_5,389
9e6xdgk013odvroivqnt_32,917
9e6xdgk013odvroivqnt_33,367
9e6xdgk013odvroivqnt_34,14
9e6xdgk013odvroivqnt_40,450
9e6xdgk013odvroivqnt_42,867
9e6xdgk013odvroivqnt_44,953
9e6xdgk013odvroivqnt_45,953
ls5zc3dhh76idutuv1o1_2,389
ls5zc3dhh76idutuv1o1_3,389
ls5zc3dhh76idutuv1o1_8,579
ls5zc3dhh76idutuv1o1_16,579
ls5zc3dhh76idutuv1o1_17,579
ls5zc3dhh76idutuv1o1_22,195
ls5zc3dhh76idutuv1o1_25,14
ls5zc3dhh76idutuv1o1_36,507
ls5zc3dhh76idutuv1o1_42,450
ls5zc3dhh76idutuv1o1_43,14
ls5zc3dhh76idutuv1o1_48,137
ls5zc3dhh76idutuv1o1_50,14
ls5zc3dhh76idutuv1o1_53,745
ls5zc3dhh76idutuv1o1_56,647
ls5zc3dhh76idutuv1o1_57,836
ls5zc3dhh76idutuv1o1_59,289
ls5zc3dhh76idutuv1o1_61,947
oq3hqgxqm2dgoaqrm2o9_18,268
oq3hqgxqm2dgoaqrm2o9_20,672
oq3hqgxqm2dgoaqrm2o9_21,99
oq3hqgxqm2dgoaqrm2o9_23,827
oq3hqgxqm2dgoaqrm2o9_29,827
oq3hqgxqm2dgoaqrm2o9_31,827
oq3hqgxqm2dgoaqrm2o9_36,495
oq3hqgxqm2dgoaqrm2o9_37,99
oq3hqgxqm2dgoaqrm2o9_43,867
oq3hqgxqm2dgoaqrm2o9_45,827
oq3hqgxqm2dgoaqrm2o9_47,735
oq3hqgxqm2dgoaqrm2o9_48,763
oq3hqgxqm2dgoaqrm2o9_57,418
oq3hqgxqm2dgoaqrm2o9_58,418
oq3hqgxqm2dgoaqrm2o9_63,443
6tl859k9xi72jd9gtizq_4,252
6tl859k9xi72jd9gtizq_12,80
6tl859k9xi72jd9gtizq_15,868
6tl859k9xi72jd9gtizq_18,786
6tl859k9xi72jd9gtizq_19,197
6tl859k9xi72jd9gtizq_20,716
6tl859k9xi72jd9gtizq_31,33
6tl859k9xi72jd9gtizq_32,917
6tl859k9xi72jd9gtizq_33,860
6tl859k9xi72jd9gtizq_35,622
6tl859k9xi72jd9gtizq_36,14
6tl859k9xi72jd9gtizq_37,84
6tl859k9xi72jd9gtizq_41,24
6tl859k9xi72jd9gtizq_56,494
obuppdpraov46zaq9zow_9,672
obuppdpraov46zaq9zow_10,672
obuppdpraov46zaq9zow_11,164
obuppdpraov46zaq9zow_16,98
obuppdpraov46zaq9zow_18,868
obuppdpraov46zaq9zow_35,495
obuppdpraov46zaq9zow_37,798
obuppdpraov46zaq9zow_41,867
obuppdpraov46zaq9zow_42,601
obuppdpraov46zaq9zow_43,138
obuppdpraov46zaq9zow_46,798
obuppdpraov46zaq9zow_49,826
obuppdpraov46zaq9zow_53,798
obuppdpraov46zaq9zow_56,149
obuppdpraov46zaq9zow_58,341
obuppdpraov46zaq9zow_60,947
obuppdpraov46zaq9zow_62,947
6149vzmqbmamgrgu3b7t_1,252
6149vzmqbmamgrgu3b7t_3,1019
6149vzmqbmamgrgu3b7t_9,780
6149vzmqbmamgrgu3b7t_15,208
6149vzmqbmamgrgu3b7t_16,160
6149vzmqbmamgrgu3b7t_17,645
6149vzmqbmamgrgu3b7t_18,780
6149vzmqbmamgrgu3b7t_19,784
6149vzmqbmamgrgu3b7t_20,964
6149vzmqbmamgrgu3b7t_22,327
6149vzmqbmamgrgu3b7t_23,883
6149vzmqbmamgrgu3b7t_25,328
6149vzmqbmamgrgu3b7t_27,564
6149vzmqbmamgrgu3b7t_35,353
6149vzmqbmamgrgu3b7t_36,395
6149vzmqbmamgrgu3b7t_45,14
6149vzmqbmamgrgu3b7t_48,98
6149vzmqbmamgrgu3b7t_51,826
6149vzmqbmamgrgu3b7t_58,826
6149vzmqbmamgrgu3b7t_62,832
qrgbt2ewd8rmawmvgtcu_5,880
qrgbt2ewd8rmawmvgtcu_11,645
qrgbt2ewd8rmawmvgtcu_13,1019
qrgbt2ewd8rmawmvgtcu_14,880
qrgbt2ewd8rmawmvgtcu_20,164
qrgbt2ewd8rmawmvgtcu_21,880
qrgbt2ewd8rmawmvgtcu_30,880
qrgbt2ewd8rmawmvgtcu_32,120
qrgbt2ewd8rmawmvgtcu_39,688
qrgbt2ewd8rmawmvgtcu_42,14
qrgbt2ewd8rmawmvgtcu_46,219
qrgbt2ewd8rmawmvgtcu_48,227
qrgbt2ewd8rmawmvgtcu_49,749
qrgbt2ewd8rmawmvgtcu_53,826
qrgbt2ewd8rmawmvgtcu_57,723
qrgbt2ewd8rmawmvgtcu_61,836
qrgbt2ewd8rmawmvgtcu_62,313
3lj0o7361705m4owkezk_0,918
3lj0o7361705m4owkezk_9,328
3lj0o7361705m4owkezk_33,827
3lj0o7361705m4owkezk_34,827
3lj0o7361705m4owkezk_37,867
3lj0o7361705m4owkezk_43,964
3lj0o7361705m4owkezk_45,867
3lj0o7361705m4owkezk_47,745
3lj0o7361705m4owkezk_49,313
3lj0o7361705m4owkezk_51,562
3lj0o7361705m4owkezk_52,562
3lj0o7361705m4owkezk_56,756
3lj0o7361705m4owkezk_57,289
3lj0o7361705m4owkezk_59,289
3lj0o7361705m4owkezk_60,289
3lj0o7361705m4owkezk_61,947
3lj0o7361705m4owkezk_62,667
3lj0o7361705m4owkezk_63,939
73mr6158g0ufbwuixe96_3,247
73mr6158g0ufbwuixe96_11,327
73mr6158g0ufbwuixe96_12,664
73mr6158g0ufbwuixe96_13,880
73mr6158g0ufbwuixe96_14,100
73mr6158g0ufbwuixe96_15,228
73mr6158g0ufbwuixe96_22,164
73mr6158g0ufbwuixe96_23,51
73mr6158g0ufbwuixe96_36,332
73mr6158g0ufbwuixe96_39,976
73mr6158g0ufbwuixe96_40,924
73mr6158g0ufbwuixe96_42,14
73mr6158g0ufbwuixe96_44,964
73mr6158g0ufbwuixe96_45,456
73mr6158g0ufbwuixe96_54,885
73mr6158g0ufbwuixe96_56,924
73mr6158g0ufbwuixe96_57,313
73mr6158g0ufbwuixe96_58,313
73mr6158g0ufbwuixe96_59,313
73mr6158g0ufbwuixe96_63,29
qahefawiy6g3jsacuqkh_13,1019
qahefawiy6g3jsacuqkh_18,772
qahefawiy6g3jsacuqkh_22,197
qahefawiy6g3jsacuqkh_28,507
qahefawiy6g3jsacuqkh_30,25
qahefawiy6g3jsacuqkh_36,228
qahefawiy6g3jsacuqkh_42,367
qahefawiy6g3jsacuqkh_44,953
qahefawiy6g3jsacuqkh_45,953
qahefawiy6g3jsacuqkh_46,504
qahefawiy6g3jsacuqkh_51,313
qahefawiy6g3jsacuqkh_55,581
qahefawiy6g3jsacuqkh_56,852
qahefawiy6g3jsacuqkh_58,554
qahefawiy6g3jsacuqkh_59,289
cunlia2clbp2vu7m2j5y_16,164
cunlia2clbp2vu7m2j5y_24,827
cunlia2clbp2vu7m2j5y_26,219
cunlia2clbp2vu7m2j5y_32,827
cunlia2clbp2vu7m2j5y_40,647
cunlia2clbp2vu7m2j5y_41,14
cunlia2clbp2vu7m2j5y_42,313
cunlia2clbp2vu7m2j5y_43,327
cunlia2clbp2vu7m2j5y_45,99
cunlia2clbp2vu7m2j5y_48,562
cunlia2clbp2vu7m2j5y_50,546
cunlia2clbp2vu7m2j5y_54,798
cunlia2clbp2vu7m2j5y_57,289
iskdwzef69dz0z092bz8_0,877
iskdwzef69dz0z092bz8_5,318
iskdwzef69dz0z092bz8_8,645
iskdwzef69dz0z092bz8_9,410
iskdwzef69dz0z092bz8_10,855
iskdwzef69dz0z092bz8_11,1019
iskdwzef69dz0z092bz8_17,96
iskdwzef69dz0z092bz8_18,164
iskdwzef69dz0z092bz8_19,164
iskdwzef69dz0z092bz8_24,691
iskdwzef69dz0z092bz8_27,868
iskdwzef69dz0z092bz8_32,827
iskdwzef69dz0z092bz8_41,14
iskdwzef69dz0z092bz8_45,688
iskdwzef69dz0z092bz8_46,793
iskdwzef69dz0z092bz8_52,562
iskdwzef69dz0z092bz8_58,289
qeihtg6i3u1e3hf4nwhe_8,1002
qeihtg6i3u1e3hf4nwhe_19,327
qeihtg6i3u1e3hf4nwhe_20,164
qeihtg6i3u1e3hf4nwhe_21,880
qeihtg6i3u1e3hf4nwhe_23,228
qeihtg6i3u1e3hf4nwhe_31,456
qeihtg6i3u1e3hf4nwhe_34,867
qeihtg6i3u1e3hf4nwhe_36,219
qeihtg6i3u1e3hf4nwhe_37,327
qeihtg6i3u1e3hf4nwhe_45,14
qeihtg6i3u1e3hf4nwhe_46,14
qeihtg6i3u1e3hf4nwhe_48,763
qeihtg6i3u1e3hf4nwhe_52,562
qeihtg6i3u1e3hf4nwhe_53,562
qeihtg6i3u1e3hf4nwhe_57,915
qeihtg6i3u1e3hf4nwhe_60,289
qeihtg6i3u1e3hf4nwhe_61,313
qeihtg6i3u1e3hf4nwhe_63,29
8o1wsc366koke6757esz_2,389
8o1wsc366koke6757esz_5,389
8o1wsc366koke6757esz_26,645
8o1wsc366koke6757esz_27,1019
8o1wsc366koke6757esz_28,129
8o1wsc366koke6757esz_30,864
8o1wsc366koke6757esz_35,275
8o1wsc366koke6757esz_37,855
8o1wsc366koke6757esz_41,827
8o1wsc366koke6757esz_42,275
8o1wsc366koke6757esz_60,588
1vgbkfivp4rswacplpkr_9,268
1vgbkfivp4rswacplpkr_12,80
1vgbkfivp4rswacplpkr_15,329
1vgbkfivp4rswacplpkr_16,881
1vgbkfivp4rswacplpkr_17,749
1vgbkfivp4rswacplpkr_18,177
1vgbkfivp4rswacplpkr_19,197
1vgbkfivp4rswacplpkr_23,721
1vgbkfivp4rswacplpkr_38,180
1vgbkfivp4rswacplpkr_44,758
1vgbkfivp4rswacplpkr_47,228
1vgbkfivp4rswacplpkr_49,233
1vgbkfivp4rswacplpkr_50,588
1vgbkfivp4rswacplpkr_54,834
1vgbkfivp4rswacplpkr_60,266
1vgbkfivp4rswacplpkr_63,112
femofjct4tnt28tls6ex_22,328
femofjct4tnt28tls6ex_31,903
femofjct4tnt28tls6ex_38,84
femofjct4tnt28tls6ex_39,101
femofjct4tnt28tls6ex_40,917
femofjct4tnt28tls6ex_44,827
femofjct4tnt28tls6ex_45,273
femofjct4tnt28tls6ex_46,450
femofjct4tnt28tls6ex_47,228
femofjct4tnt28tls6ex_48,91
femofjct4tnt28tls6ex_51,313
femofjct4tnt28tls6ex_52,562
femofjct4tnt28tls6ex_57,91
femofjct4tnt28tls6ex_58,289
femofjct4tnt28tls6ex_62,826
trl7duiy9b51i02x78s3_8,164
trl7duiy9b51i02x78s3_9,645
trl7duiy9b51i02x78s3_10,1019
trl7duiy9b51i02x78s3_18,569
trl7duiy9b51i02x78s3_24,780
trl7duiy9b51i02x78s3_36,855
trl7duiy9b51i02x78s3_42,164
trl7duiy9b51i02x78s3_49,588
trl7duiy9b51i02x78s3_51,14
tgfc886roj8fwb52jclv_16,1002
tgfc886roj8fwb52jclv_22,867
tgfc886roj8fwb52jclv_26,666
tgfc886roj8fwb52jclv_29,14
tgfc886roj8fwb52jclv_41,24
tgfc886roj8fwb52jclv_42,504
tgfc886roj8fwb52jclv_44,14
tgfc886roj8fwb52jclv_49,517
tgfc886roj8fwb52jclv_58,823
tgfc886roj8fwb52jclv_59,570
tgfc886roj8fwb52jclv_60,570
tgfc886roj8fwb52jclv_63,443
qr0y50qqoysmiffsexw4_14,708
qr0y50qqoysmiffsexw4_15,1020
qr0y50qqoysmiffsexw4_23,228
qr0y50qqoysmiffsexw4_31,558
qr0y50qqoysmiffsexw4_41,932
qr0y50qqoysmiffsexw4_43,489
qr0y50qqoysmiffsexw4_47,137
qr0y50qqoysmiffsexw4_50,749
qr0y50qqoysmiffsexw4_51,562
qr0y50qqoysmiffsexw4_53,562
qr0y50qqoysmiffsexw4_54,964
qr0y50qqoysmiffsexw4_55,880
qr0y50qqoysmiffsexw4_56,494
qr0y50qqoysmiffsexw4_57,915
qr0y50qqoysmiffsexw4_58,832
qr0y50qqoysmiffsexw4_60,289
qr0y50qqoysmiffsexw4_62,289
qr0y50qqoysmiffsexw4_63,29
2tnrcannqyxj489z3og9_9,164
2tnrcannqyxj489z3og9_17,164
2tnrcannqyxj489z3og9_19,164
2tnrcannqyxj489z3og9_24,1019
2tnrcannqyxj489z3og9_34,450
2tnrcannqyxj489z3og9_35,157
2tnrcannqyxj489z3og9_36,964
2tnrcannqyxj489z3og9_41,14
2tnrcannqyxj489z3og9_46,798
2tnrcannqyxj489z3og9_47,212
2tnrcannqyxj489z3og9_48,562
2tnrcannqyxj489z3og9_49,14
2tnrcannqyxj489z3og9_50,14
2tnrcannqyxj489z3og9_51,562
2tnrcannqyxj489z3og9_52,77
2tnrcannqyxj489z3og9_53,798
2tnrcannqyxj489z3og9_55,257
2tnrcannqyxj489z3og9_58,583
zc3onrcuutfyonymjadg_8,1002
zc3onrcuutfyonymjadg_15,827
zc3onrcuutfyonymjadg_22,219
zc3onrcuutfyonymjadg_23,228
zc3onrcuutfyonymjadg_27,495
zc3onrcuutfyonymjadg_28,867
zc3onrcuutfyonymjadg_29,219
zc3onrcuutfyonymjadg_31,591
zc3onrcuutfyonymjadg_32,1002
zc3onrcuutfyonymjadg_40,98
zc3onrcuutfyonymjadg_42,14
zc3onrcuutfyonymjadg_44,14
zc3onrcuutfyonymjadg_47,98
zc3onrcuutfyonymjadg_53,843
zc3onrcuutfyonymjadg_54,583
zc3onrcuutfyonymjadg_56,149
zc3onrcuutfyonymjadg_59,126
zc3onrcuutfyonymjadg_63,981
l1iqf3v4z83aq1t3ddqn_13,1019
l1iqf3v4z83aq1t3ddqn_34,867
l1iqf3v4z83aq1t3ddqn_36,14
l1iqf3v4z83aq1t3ddqn_37,867
l1iqf3v4z83aq1t3ddqn_41,1009
l1iqf3v4z83aq1t3ddqn_45,14
l1iqf3v4z83aq1t3ddqn_49,367
l1iqf3v4z83aq1t3ddqn_51,562
l1iqf3v4z83aq1t3ddqn_52,562
l1iqf3v4z83aq1t3ddqn_56,763
l1iqf3v4z83aq1t3ddqn_57,915
l1iqf3v4z83aq1t3ddqn_60,289
d8074h5h53olu00vn7ju_9,164
d8074h5h53olu00vn7ju_12,672
d8074h5h53olu00vn7ju_18,914
d8074h5h53olu00vn7ju_27,219
d8074h5h53olu00vn7ju_36,798
d8074h5h53olu00vn7ju_40,647
d8074h5h53olu00vn7ju_41,14
d8074h5h53olu00vn7ju_42,313
g8wa6e6dgy67kw0q2n6b_5,252
g8wa6e6dgy67kw0q2n6b_18,99
g8wa6e6dgy67kw0q2n6b_20,672
g8wa6e6dgy67kw0q2n6b_26,99
g8wa6e6dgy67kw0q2n6b_28,827
g8wa6e6dgy67kw0q2n6b_29,827
g8wa6e6dgy67kw0q2n6b_30,827
g8wa6e6dgy67kw0q2n6b_31,827
g8wa6e6dgy67kw0q2n6b_36,495
g8wa6e6dgy67kw0q2n6b_42,367
g8wa6e6dgy67kw0q2n6b_43,867
g8wa6e6dgy67kw0q2n6b_50,91
g8wa6e6dgy67kw0q2n6b_53,826
g8wa6e6dgy67kw0q2n6b_57,418
g8wa6e6dgy67kw0q2n6b_59,723
g8wa6e6dgy67kw0q2n6b_61,289
g8wa6e6dgy67kw0q2n6b_63,735
7x02jt5e2lcw1serkn9h_6,656
7x02jt5e2lcw1serkn9h_9,367
7x02jt5e2lcw1serkn9h_13,914
7x02jt5e2lcw1serkn9h_15,827
7x02jt5e2lcw1serkn9h_16,860
7x02jt5e2lcw1serkn9h_17,247
7x02jt5e2lcw1serkn9h_23,228
7x02jt5e2lcw1serkn9h_32,1002
7x02jt5e2lcw1serkn9h_33,367
7x02jt5e2lcw1serkn9h_36,867
7x02jt5e2lcw1serkn9h_37,450
7x02jt5e2lcw1serkn9h_39,591
7x02jt5e2lcw1serkn9h_42,70
7x02jt5e2lcw1serkn9h_43,14
7x02jt5e2lcw1serkn9h_46,826
7x02jt5e2lcw1serkn9h_49,216
7x02jt5e2lcw1serkn9h_55,29
7x02jt5e2lcw1serkn9h_59,418
7x02jt5e2lcw1serkn9h_62,826
7x02jt5e2lcw1serkn9h_63,735
1jint5fucf1ebsslijwb_2,389
1jint5fucf1ebsslijwb_4,389
1jint5fucf1ebsslijwb_20,1019
1jint5fucf1ebsslijwb_26,160
1jint5fucf1ebsslijwb_27,164
1jint5fucf1ebsslijwb_30,903
1jint5fucf1ebsslijwb_33,500
1jint5fucf1ebsslijwb_36,153
1jint5fucf1ebsslijwb_40,827
1jint5fucf1ebsslijwb_42,601
1jint5fucf1ebsslijwb_43,153
1jint5fucf1ebsslijwb_44,507
1jint5fucf1ebsslijwb_49,826
1jint5fucf1ebsslijwb_50,546
1jint5fucf1ebsslijwb_51,153
1jint5fucf1ebsslijwb_53,964
1jint5fucf1ebsslijwb_54,310
1jint5fucf1ebsslijwb_57,289
1jint5fucf1ebsslijwb_59,964
1jint5fucf1ebsslijwb_60,964
1j1rl7v4mxovucgrim27_6,260
1j1rl7v4mxovucgrim27_10,164
1j1rl7v4mxovucgrim27_11,672
1j1rl7v4mxovucgrim27_17,782
1j1rl7v4mxovucgrim27_24,827
1j1rl7v4mxovucgrim27_33,867
1j1rl7v4mxovucgrim27_38,798
1j1rl7v4mxovucgrim27_50,562
oi9z0lytmrz58k29e7ri_13,439
oi9z0lytmrz58k29e7ri_15,228
oi9z0lytmrz58k29e7ri_22,153
oi9z0lytmrz58k29e7ri_31,96
oi9z0lytmrz58k29e7ri_33,367
oi9z0lytmrz58k29e7ri_38,219
oi9z0lytmrz58k29e7ri_40,1014
oi9z0lytmrz58k29e7ri_41,517
oi9z0lytmrz58k29e7ri_42,367
oi9z0lytmrz58k29e7ri_43,99
oi9z0lytmrz58k29e7ri_52,562
oi9z0lytmrz58k29e7ri_53,826
oi9z0lytmrz58k29e7ri_59,570
oi9z0lytmrz58k29e7ri_61,289
oi9z0lytmrz58k29e7ri_62,313
oi9z0lytmrz58k29e7ri_63,443
iac086h8ia52vpy06j3x_24,249
iac086h8ia52vpy06j3x_25,908
iac086h8ia52vpy06j3x_26,1019
iac086h8ia52vpy06j3x_27,1019
iac086h8ia52vpy06j3x_30,310
iac086h8ia52vpy06j3x_32,827
iac086h8ia52vpy06j3x_34,328
iac086h8ia52vpy06j3x_35,7
iac086h8ia52vpy06j3x_40,562
iac086h8ia52vpy06j3x_43,14
iac086h8ia52vpy06j3x_45,760
iac086h8ia52vpy06j3x_49,562
iac086h8ia52vpy06j3x_51,880
iac086h8ia52vpy06j3x_56,647
iac086h8ia52vpy06j3x_58,289
e7itno5uvvme5li4t9in_3,56
e7itno5uvvme5li4t9in_19,268
e7itno5uvvme5li4t9in_23,228
e7itno5uvvme5li4t9in_39,826
e7itno5uvvme5li4t9in_41,536
e7itno5uvvme5li4t9in_44,72
e7itno5uvvme5li4t9in_46,313
e7itno5uvvme5li4t9in_59,915
e7itno5uvvme5li4t9in_60,826
ropliashitl36lgmit1r_14,645
ropliashitl36lgmit1r_23,180
ropliashitl36lgmit1r_24,1002
ropliashitl36lgmit1r_33,99
ropliashitl36lgmit1r_39,495
ropliashitl36lgmit1r_43,367
ropliashitl36lgmit1r_44,827
ropliashitl36lgmit1r_47,827
ropliashitl36lgmit1r_52,723
ropliashitl36lgmit1r_53,14
ropliashitl36lgmit1r_57,756
ropliashitl36lgmit1r_59,723
ropliashitl36lgmit1r_61,832
97nrstupeolytfie6uov_9,645
97nrstupeolytfie6uov_18,7
97nrstupeolytfie6uov_19,164
97nrstupeolytfie6uov_26,7
97nrstupeolytfie6uov_27,219
97nrstupeolytfie6uov_33,867
97nrstupeolytfie6uov_35,84
97nrstupeolytfie6uov_36,798
97nrstupeolytfie6uov_41,826
97nrstupeolytfie6uov_45,798
97nrstupeolytfie6uov_55,667
97nrstupeolytfie6uov_57,289
97nrstupeolytfie6uov_61,570
mgal6wy3x4hfxsas4jnn_17,782
mgal6wy3x4hfxsas4jnn_18,868
mgal6wy3x4hfxsas4jnn_19,164
mgal6wy3x4hfxsas4jnn_24,247
mgal6wy3x4hfxsas4jnn_32,827
mgal6wy3x4hfxsas4jnn_46,472
mgal6wy3x4hfxsas4jnn_49,14
mgal6wy3x4hfxsas4jnn_50,520
mgal6wy3x4hfxsas4jnn_57,826
mgal6wy3x4hfxsas4jnn_60,156
mgal6wy3x4hfxsas4jnn_63,667
221yl4yw59yl423sh2p7_26,564
221yl4yw59yl423sh2p7_28,645
221yl4yw59yl423sh2p7_29,645
221yl4yw59yl423sh2p7_30,352
221yl4yw59yl423sh2p7_35,855
221yl4yw59yl423sh2p7_36,855
221yl4yw59yl423sh2p7_37,328
221yl4yw59yl423sh2p7_39,1019
221yl4yw59yl423sh2p7_45,711
221yl4yw59yl423sh2p7_47,1019
221yl4yw59yl423sh2p7_54,711
221yl4yw59yl423sh2p7_55,711
221yl4yw59yl423sh2p7_56,647
221yl4yw59yl423sh2p7_62,29
221yl4yw59yl423sh2p7_63,29
dzmwic6qmq2gnz071g4i_33,275
dzmwic6qmq2gnz071g4i_35,275
dzmwic6qmq2gnz071g4i_41,275
dzmwic6qmq2gnz071g4i_43,827
dzmwic6qmq2gnz071g4i_44,855
dzmwic6qmq2gnz071g4i_45,782
dzmwic6qmq2gnz071g4i_48,588
dzmwic6qmq2gnz071g4i_51,711
dzmwic6qmq2gnz071g4i_53,711
dzmwic6qmq2gnz071g4i_60,588
pnx8p2ar8z4preiacl9r_14,275
pnx8p2ar8z4preiacl9r_17,367
pnx8p2ar8z4preiacl9r_22,410
pnx8p2ar8z4preiacl9r_26,609
pnx8p2ar8z4preiacl9r_27,609
pnx8p2ar8z4preiacl9r_28,609
pnx8p2ar8z4preiacl9r_31,197
pnx8p2ar8z4preiacl9r_37,395
pnx8p2ar8z4preiacl9r_38,410
pnx8p2ar8z4preiacl9r_39,370
pnx8p2ar8z4preiacl9r_46,827
pnx8p2ar8z4preiacl9r_47,438
pnx8p2ar8z4preiacl9r_51,511
pnx8p2ar8z4preiacl9r_53,528
pnx8p2ar8z4preiacl9r_54,900
pnx8p2ar8z4preiacl9r_58,836
pnx8p2ar8z4preiacl9r_59,341
pnx8p2ar8z4preiacl9r_61,380
pnx8p2ar8z4preiacl9r_62,341
ynm70ufw38tfmdvfyi6o_18,99
ynm70ufw38tfmdvfyi6o_21,99
ynm70ufw38tfmdvfyi6o_25,99
ynm70ufw38tfmdvfyi6o_30,827
ynm70ufw38tfmdvfyi6o_33,367
ynm70ufw38tfmdvfyi6o_46,504
ynm70ufw38tfmdvfyi6o_50,91
ynm70ufw38tfmdvfyi6o_57,418
ynm70ufw38tfmdvfyi6o_59,723
ynm70ufw38tfmdvfyi6o_61,289
ynm70ufw38tfmdvfyi6o_63,735
xo8irhnofs1okcblqid0_9,908
xo8irhnofs1okcblqid0_17,645
xo8irhnofs1okcblqid0_18,328
xo8irhnofs1okcblqid0_24,272
xo8irhnofs1okcblqid0_26,197
xo8irhnofs1okcblqid0_34,829
xo8irhnofs1okcblqid0_38,987
xo8irhnofs1okcblqid0_50,537
xo8irhnofs1okcblqid0_53,964
xo8irhnofs1okcblqid0_56,756
xo8irhnofs1okcblqid0_57,756
ozsmfpkj7lf8s55ptyrm_16,908
ozsmfpkj7lf8s55ptyrm_19,99
ozsmfpkj7lf8s55ptyrm_24,827
ozsmfpkj7lf8s55ptyrm_25,862
ozsmfpkj7lf8s55ptyrm_27,327
ozsmfpkj7lf8s55ptyrm_32,228
ozsmfpkj7lf8s55ptyrm_33,219
ozsmfpkj7lf8s55ptyrm_36,99
ozsmfpkj7lf8s55ptyrm_39,208
ozsmfpkj7lf8s55ptyrm_40,236
ozsmfpkj7lf8s55ptyrm_42,495
ozsmfpkj7lf8s55ptyrm_43,91
ozsmfpkj7lf8s55ptyrm_47,208
ozsmfpkj7lf8s55ptyrm_48,341
ozsmfpkj7lf8s55ptyrm_51,209
ozsmfpkj7lf8s55ptyrm_52,596
ozsmfpkj7lf8s55ptyrm_53,834
ozsmfpkj7lf8s55ptyrm_56,443
ozsmfpkj7lf8s55ptyrm_57,341
ozsmfpkj7lf8s55ptyrm_63,112
oycs7dvwkdtq3xycr4w8_8,164
oycs7dvwkdtq3xycr4w8_10,672
oycs7dvwkdtq3xycr4w8_21,327
oycs7dvwkdtq3xycr4w8_22,439
oycs7dvwkdtq3xycr4w8_26,758
oycs7dvwkdtq3xycr4w8_29,601
oycs7dvwkdtq3xycr4w8_34,758
oycs7dvwkdtq3xycr4w8_39,910
oycs7dvwkdtq3xycr4w8_48,1014
oycs7dvwkdtq3xycr4w8_50,91
oycs7dvwkdtq3xycr4w8_52,14
oycs7dvwkdtq3xycr4w8_57,915
oycs7dvwkdtq3xycr4w8_58,126
oycs7dvwkdtq3xycr4w8_59,826
e1fbxr7turmovomawrrv_28,941
e1fbxr7turmovomawrrv_30,1001
e1fbxr7turmovomawrrv_33,855
e1fbxr7turmovomawrrv_35,328
e1fbxr7turmovomawrrv_36,645
e1fbxr7turmovomawrrv_37,855
e1fbxr7turmovomawrrv_42,588
e1fbxr7turmovomawrrv_43,588
e1fbxr7turmovomawrrv_44,77
e1fbxr7turmovomawrrv_45,594
e1fbxr7turmovomawrrv_46,594
e1fbxr7turmovomawrrv_47,45
e1fbxr7turmovomawrrv_48,588
e1fbxr7turmovomawrrv_51,711
e1fbxr7turmovomawrrv_53,711
e1fbxr7turmovomawrrv_54,711
e1fbxr7turmovomawrrv_60,126
e1fbxr7turmovomawrrv_61,711
e1fbxr7turmovomawrrv_62,711
e1fbxr7turmovomawrrv_63,423
ryfn4arc3mlw10uedcys_8,7
ryfn4arc3mlw10uedcys_9,164
ryfn4arc3mlw10uedcys_17,164
ryfn4arc3mlw10uedcys_24,1019
ryfn4arc3mlw10uedcys_25,203
ryfn4arc3mlw10uedcys_28,908
ryfn4arc3mlw10uedcys_43,197
ryfn4arc3mlw10uedcys_44,760
ryfn4arc3mlw10uedcys_50,631
ryfn4arc3mlw10uedcys_54,745
ryfn4arc3mlw10uedcys_56,760
ryfn4arc3mlw10uedcys_59,266
otpuijzobmg54llvns0y_6,522
otpuijzobmg54llvns0y_21,219
otpuijzobmg54llvns0y_26,367
otpuijzobmg54llvns0y_41,932
otpuijzobmg54llvns0y_43,601
otpuijzobmg54llvns0y_48,763
otpuijzobmg54llvns0y_58,915
otpuijzobmg54llvns0y_63,149
q94fez9siokq1td3x6jf_34,275
q94fez9siokq1td3x6jf_36,275
q94fez9siokq1td3x6jf_39,329
q94fez9siokq1td3x6jf_44,275
q94fez9siokq1td3x6jf_45,588
q94fez9siokq1td3x6jf_47,721
q94fez9siokq1td3x6jf_52,588
q94fez9siokq1td3x6jf_56,758
q94fez9siokq1td3x6jf_58,760
q94fez9siokq1td3x6jf_60,588
ohq7czglyb2nyvozh23s_22,543
ohq7czglyb2nyvozh23s_24,926
ohq7czglyb2nyvozh23s_29,614
ohq7czglyb2nyvozh23s_30,614
ohq7czglyb2nyvozh23s_32,950
ohq7czglyb2nyvozh23s_36,614
ohq7czglyb2nyvozh23s_38,614
ohq7czglyb2nyvozh23s_50,658
ohq7czglyb2nyvozh23s_57,614
qesou8jjsdm8wrq3g18x_4,397
qesou8jjsdm8wrq3g18x_5,707
qesou8jjsdm8wrq3g18x_8,228
qesou8jjsdm8wrq3g18x_10,914
qesou8jjsdm8wrq3g18x_12,614
qesou8jjsdm8wrq3g18x_16,434
qesou8jjsdm8wrq3g18x_22,934
qesou8jjsdm8wrq3g18x_24,707
qesou8jjsdm8wrq3g18x_26,707
qesou8jjsdm8wrq3g18x_29,297
qesou8jjsdm8wrq3g18x_32,228
qesou8jjsdm8wrq3g18x_33,7
qesou8jjsdm8wrq3g18x_37,858
qesou8jjsdm8wrq3g18x_40,877
qesou8jjsdm8wrq3g18x_43,197
qesou8jjsdm8wrq3g18x_48,73
qesou8jjsdm8wrq3g18x_57,914
awdbs9lxw5hfyc9vbsq7_12,614
awdbs9lxw5hfyc9vbsq7_23,316
awdbs9lxw5hfyc9vbsq7_28,397
awdbs9lxw5hfyc9vbsq7_29,614
awdbs9lxw5hfyc9vbsq7_31,397
awdbs9lxw5hfyc9vbsq7_35,455
awdbs9lxw5hfyc9vbsq7_36,943
awdbs9lxw5hfyc9vbsq7_37,614
awdbs9lxw5hfyc9vbsq7_41,415
awdbs9lxw5hfyc9vbsq7_46,614
awdbs9lxw5hfyc9vbsq7_49,749
awdbs9lxw5hfyc9vbsq7_51,658
awdbs9lxw5hfyc9vbsq7_52,543
awdbs9lxw5hfyc9vbsq7_59,658
awdbs9lxw5hfyc9vbsq7_60,543
awdbs9lxw5hfyc9vbsq7_63,999
bngvc27k3wp6krwhbqx3_2,658
bngvc27k3wp6krwhbqx3_6,658
bngvc27k3wp6krwhbqx3_11,614
bngvc27k3wp6krwhbqx3_18,614
bngvc27k3wp6krwhbqx3_25,614
bngvc27k3wp6krwhbqx3_26,614
bngvc27k3wp6krwhbqx3_28,614
bngvc27k3wp6krwhbqx3_29,614
bngvc27k3wp6krwhbqx3_34,614
bngvc27k3wp6krwhbqx3_35,614
bngvc27k3wp6krwhbqx3_43,614
bngvc27k3wp6krwhbqx3_45,543
bngvc27k3wp6krwhbqx3_49,134
bngvc27k3wp6krwhbqx3_50,943
bngvc27k3wp6krwhbqx3_51,658
bngvc27k3wp6krwhbqx3_57,943
bngvc27k3wp6krwhbqx3_59,658
bngvc27k3wp6krwhbqx3_60,632
bngvc27k3wp6krwhbqx3_61,297
3n92b8vpfxcrcqs4zv5r_1,617
3n92b8vpfxcrcqs4zv5r_12,614
3n92b8vpfxcrcqs4zv5r_14,632
3n92b8vpfxcrcqs4zv5r_16,658
3n92b8vpfxcrcqs4zv5r_21,614
3n92b8vpfxcrcqs4zv5r_24,926
3n92b8vpfxcrcqs4zv5r_27,614
3n92b8vpfxcrcqs4zv5r_28,614
3n92b8vpfxcrcqs4zv5r_33,614
3n92b8vpfxcrcqs4zv5r_40,658
3n92b8vpfxcrcqs4zv5r_41,658
3n92b8vpfxcrcqs4zv5r_42,614
3n92b8vpfxcrcqs4zv5r_43,614
3n92b8vpfxcrcqs4zv5r_44,614
3n92b8vpfxcrcqs4zv5r_48,398
3n92b8vpfxcrcqs4zv5r_50,658
3n92b8vpfxcrcqs4zv5r_51,658
3n92b8vpfxcrcqs4zv5r_56,707
3n92b8vpfxcrcqs4zv5r_57,707
3n92b8vpfxcrcqs4zv5r_60,598
n5t84xrlm1lrk5jzd47a_9,220
n5t84xrlm1lrk5jzd47a_12,590
n5t84xrlm1lrk5jzd47a_13,372
n5t84xrlm1lrk5jzd47a_16,560
n5t84xrlm1lrk5jzd47a_17,354
n5t84xrlm1lrk5jzd47a_18,16
n5t84xrlm1lrk5jzd47a_19,498
n5t84xrlm1lrk5jzd47a_20,962
n5t84xrlm1lrk5jzd47a_21,372
n5t84xrlm1lrk5jzd47a_24,753
n5t84xrlm1lrk5jzd47a_32,354
n5t84xrlm1lrk5jzd47a_37,858
n5t84xrlm1lrk5jzd47a_42,308
n5t84xrlm1lrk5jzd47a_43,617
n5t84xrlm1lrk5jzd47a_48,934
n5t84xrlm1lrk5jzd47a_49,753
n5t84xrlm1lrk5jzd47a_50,431
1u3lewon8irqyqt2cbdu_3,543
1u3lewon8irqyqt2cbdu_5,658
1u3lewon8irqyqt2cbdu_6,658
1u3lewon8irqyqt2cbdu_7,397
1u3lewon8irqyqt2cbdu_10,543
1u3lewon8irqyqt2cbdu_11,614
1u3lewon8irqyqt2cbdu_12,614
1u3lewon8irqyqt2cbdu_13,614
1u3lewon8irqyqt2cbdu_18,354
1u3lewon8irqyqt2cbdu_19,614
1u3lewon8irqyqt2cbdu_23,543
1u3lewon8irqyqt2cbdu_24,57
1u3lewon8irqyqt2cbdu_29,614
1u3lewon8irqyqt2cbdu_31,62
1u3lewon8irqyqt2cbdu_32,57
1u3lewon8irqyqt2cbdu_35,298
1u3lewon8irqyqt2cbdu_41,907
xjhtrdze32tiirrvz95c_6,658
xjhtrdze32tiirrvz95c_7,316
xjhtrdze32tiirrvz95c_20,614
xjhtrdze32tiirrvz95c_21,614
xjhtrdze32tiirrvz95c_26,614
xjhtrdze32tiirrvz95c_31,614
xjhtrdze32tiirrvz95c_34,614
xjhtrdze32tiirrvz95c_35,614
xjhtrdze32tiirrvz95c_36,614
xjhtrdze32tiirrvz95c_37,614
xjhtrdze32tiirrvz95c_43,614
xjhtrdze32tiirrvz95c_44,614
xjhtrdze32tiirrvz95c_45,543
xjhtrdze32tiirrvz95c_48,943
xjhtrdze32tiirrvz95c_52,543
xjhtrdze32tiirrvz95c_59,885
xjhtrdze32tiirrvz95c_61,727
xjhtrdze32tiirrvz95c_63,753
kqazjlc94nadoss55bpr_11,122
kqazjlc94nadoss55bpr_13,476
kqazjlc94nadoss55bpr_16,633
kqazjlc94nadoss55bpr_19,614
kqazjlc94nadoss55bpr_20,614
kqazjlc94nadoss55bpr_21,122
kqazjlc94nadoss55bpr_22,19
kqazjlc94nadoss55bpr_28,446
kqazjlc94nadoss55bpr_30,19
kqazjlc94nadoss55bpr_33,839
kqazjlc94nadoss55bpr_36,614
kqazjlc94nadoss55bpr_41,446
kqazjlc94nadoss55bpr_42,614
kqazjlc94nadoss55bpr_43,894
kqazjlc94nadoss55bpr_44,237
kqazjlc94nadoss55bpr_48,633
kqazjlc94nadoss55bpr_53,702
kqazjlc94nadoss55bpr_56,466
kqazjlc94nadoss55bpr_58,189
kqazjlc94nadoss55bpr_59,641
8ncnlh9jd4qv2dx52t45_4,493
8ncnlh9jd4qv2dx52t45_6,397
8ncnlh9jd4qv2dx52t45_11,614
8ncnlh9jd4qv2dx52t45_12,614
8ncnlh9jd4qv2dx52t45_18,614
8ncnlh9jd4qv2dx52t45_19,614
8ncnlh9jd4qv2dx52t45_20,614
8ncnlh9jd4qv2dx52t45_22,543
8ncnlh9jd4qv2dx52t45_24,549
8ncnlh9jd4qv2dx52t45_26,173
8ncnlh9jd4qv2dx52t45_28,614
8ncnlh9jd4qv2dx52t45_29,614
8ncnlh9jd4qv2dx52t45_30,614
8ncnlh9jd4qv2dx52t45_36,57
8ncnlh9jd4qv2dx52t45_38,614
8ncnlh9jd4qv2dx52t45_42,379
8ncnlh9jd4qv2dx52t45_43,379
8ncnlh9jd4qv2dx52t45_46,966
8ncnlh9jd4qv2dx52t45_51,869
8ncnlh9jd4qv2dx52t45_56,943
xludw6e92dgq9bcdx0f1_2,136
xludw6e92dgq9bcdx0f1_4,968
xludw6e92dgq9bcdx0f1_5,136
xludw6e92dgq9bcdx0f1_6,446
xludw6e92dgq9bcdx0f1_9,136
xludw6e92dgq9bcdx0f1_11,136
xludw6e92dgq9bcdx0f1_14,894
xludw6e92dgq9bcdx0f1_15,290
xludw6e92dgq9bcdx0f1_19,968
xludw6e92dgq9bcdx0f1_24,136
xludw6e92dgq9bcdx0f1_25,136
xludw6e92dgq9bcdx0f1_34,544
xludw6e92dgq9bcdx0f1_35,683
xludw6e92dgq9bcdx0f1_37,544
xludw6e92dgq9bcdx0f1_38,321
xludw6e92dgq9bcdx0f1_43,506
xludw6e92dgq9bcdx0f1_44,730
xludw6e92dgq9bcdx0f1_55,422
xludw6e92dgq9bcdx0f1_61,627
6fhbngk4g78z4364wae1_4,197
6fhbngk4g78z4364wae1_10,300
6fhbngk4g78z4364wae1_13,7
6fhbngk4g78z4364wae1_24,994
6fhbngk4g78z4364wae1_25,781
6fhbngk4g78z4364wae1_29,134
6fhbngk4g78z4364wae1_30,96
6fhbngk4g78z4364wae1_36,601
6fhbngk4g78z4364wae1_43,341
crt2c3i3yvabb0cb5s6x_5,929
crt2c3i3yvabb0cb5s6x_22,929
crt2c3i3yvabb0cb5s6x_30,19
crt2c3i3yvabb0cb5s6x_38,929
crt2c3i3yvabb0cb5s6x_39,933
crt2c3i3yvabb0cb5s6x_47,875
crt2c3i3yvabb0cb5s6x_52,844
crt2c3i3yvabb0cb5s6x_58,844
crt2c3i3yvabb0cb5s6x_62,430
xnz1xjeuh12261j1o58y_2,704
xnz1xjeuh12261j1o58y_8,440
xnz1xjeuh12261j1o58y_11,491
xnz1xjeuh12261j1o58y_18,245
xnz1xjeuh12261j1o58y_27,245
xnz1xjeuh12261j1o58y_46,34
xnz1xjeuh12261j1o58y_48,165
xnz1xjeuh12261j1o58y_50,32
xnz1xjeuh12261j1o58y_52,482
m802oyfwe2uhg7pu8yor_0,294
m802oyfwe2uhg7pu8yor_1,702
m802oyfwe2uhg7pu8yor_10,1015
m802oyfwe2uhg7pu8yor_13,325
m802oyfwe2uhg7pu8yor_18,513
m802oyfwe2uhg7pu8yor_19,88
m802oyfwe2uhg7pu8yor_21,362
m802oyfwe2uhg7pu8yor_27,462
m802oyfwe2uhg7pu8yor_28,462
m802oyfwe2uhg7pu8yor_37,719
m802oyfwe2uhg7pu8yor_38,977
m802oyfwe2uhg7pu8yor_39,422
m802oyfwe2uhg7pu8yor_42,394
m802oyfwe2uhg7pu8yor_55,844
qkgp84x7tto1h9miwjzb_12,362
qkgp84x7tto1h9miwjzb_20,362
qkgp84x7tto1h9miwjzb_21,781
qkgp84x7tto1h9miwjzb_28,1005
qkgp84x7tto1h9miwjzb_36,844
qkgp84x7tto1h9miwjzb_37,278
qkgp84x7tto1h9miwjzb_45,898
qkgp84x7tto1h9miwjzb_46,34
qkgp84x7tto1h9miwjzb_54,791
qkgp84x7tto1h9miwjzb_63,933
j9dbjiqr9mt7idlmnycp_3,362
j9dbjiqr9mt7idlmnycp_14,242
j9dbjiqr9mt7idlmnycp_15,422
j9dbjiqr9mt7idlmnycp_25,325
j9dbjiqr9mt7idlmnycp_26,176
j9dbjiqr9mt7idlmnycp_31,242
j9dbjiqr9mt7idlmnycp_34,11
j9dbjiqr9mt7idlmnycp_46,762
j9dbjiqr9mt7idlmnycp_49,936
j9dbjiqr9mt7idlmnycp_55,78
z6n5kdq26tj4f7wrs557_0,176
z6n5kdq26tj4f7wrs557_4,726
z6n5kdq26tj4f7wrs557_6,242
z6n5kdq26tj4f7wrs557_11,513
z6n5kdq26tj4f7wrs557_16,78
z6n5kdq26tj4f7wrs557_24,430
z6n5kdq26tj4f7wrs557_25,11
z6n5kdq26tj4f7wrs557_27,242
z6n5kdq26tj4f7wrs557_29,242
z6n5kdq26tj4f7wrs557_31,620
z6n5kdq26tj4f7wrs557_35,11
z6n5kdq26tj4f7wrs557_41,242
z6n5kdq26tj4f7wrs557_44,11
z6n5kdq26tj4f7wrs557_47,242
z6n5kdq26tj4f7wrs557_50,78
z6n5kdq26tj4f7wrs557_53,11
z6n5kdq26tj4f7wrs557_58,11
z6n5kdq26tj4f7wrs557_61,11
763lfjvxvyrg605yellg_2,242
763lfjvxvyrg605yellg_3,242
763lfjvxvyrg605yellg_4,242
763lfjvxvyrg605yellg_10,781
763lfjvxvyrg605yellg_16,294
763lfjvxvyrg605yellg_21,242
763lfjvxvyrg605yellg_24,294
763lfjvxvyrg605yellg_27,762
763lfjvxvyrg605yellg_29,11
763lfjvxvyrg605yellg_35,11
763lfjvxvyrg605yellg_42,781
763lfjvxvyrg605yellg_46,11
763lfjvxvyrg605yellg_48,402
763lfjvxvyrg605yellg_49,430
763lfjvxvyrg605yellg_50,78
763lfjvxvyrg605yellg_58,1006
763lfjvxvyrg605yellg_60,627
5sirmjjsfjd2h3ty30m5_2,925
5sirmjjsfjd2h3ty30m5_6,465
5sirmjjsfjd2h3ty30m5_13,78
5sirmjjsfjd2h3ty30m5_35,925
5sirmjjsfjd2h3ty30m5_40,11
5sirmjjsfjd2h3ty30m5_57,11
5sirmjjsfjd2h3ty30m5_58,11
5sirmjjsfjd2h3ty30m5_59,90
5sirmjjsfjd2h3ty30m5_62,340
jruigdawualhgashs38w_0,657
jruigdawualhgashs38w_6,242
jruigdawualhgashs38w_9,936
jruigdawualhgashs38w_10,642
jruigdawualhgashs38w_14,242
jruigdawualhgashs38w_22,762
jruigdawualhgashs38w_32,135
jruigdawualhgashs38w_33,762
jruigdawualhgashs38w_35,11
jruigdawualhgashs38w_43,762
jruigdawualhgashs38w_46,11
jruigdawualhgashs38w_51,762
jruigdawualhgashs38w_52,762
jruigdawualhgashs38w_56,402
1al8zp9vpiw8gj0rken8_15,239
1al8zp9vpiw8gj0rken8_18,78
1al8zp9vpiw8gj0rken8_19,11
1al8zp9vpiw8gj0rken8_26,936
1al8zp9vpiw8gj0rken8_37,719
1al8zp9vpiw8gj0rken8_38,78
1al8zp9vpiw8gj0rken8_45,445
1al8zp9vpiw8gj0rken8_50,78
1al8zp9vpiw8gj0rken8_51,762
1al8zp9vpiw8gj0rken8_53,465
1al8zp9vpiw8gj0rken8_55,78
1al8zp9vpiw8gj0rken8_61,300
1al8zp9vpiw8gj0rken8_62,465
lsl12b5fukn0vl4mddtf_0,242
lsl12b5fukn0vl4mddtf_4,242
lsl12b5fukn0vl4mddtf_5,925
lsl12b5fukn0vl4mddtf_7,106
lsl12b5fukn0vl4mddtf_15,294
lsl12b5fukn0vl4mddtf_31,294
lsl12b5fukn0vl4mddtf_32,78
lsl12b5fukn0vl4mddtf_33,11
lsl12b5fukn0vl4mddtf_34,11
lsl12b5fukn0vl4mddtf_35,11
lsl12b5fukn0vl4mddtf_40,242
lsl12b5fukn0vl4mddtf_41,78
lsl12b5fukn0vl4mddtf_53,11
lsl12b5fukn0vl4mddtf_61,242
lsl12b5fukn0vl4mddtf_62,646
v4lsjsautvbuyvtiicdj_7,956
v4lsjsautvbuyvtiicdj_23,242
v4lsjsautvbuyvtiicdj_24,242
v4lsjsautvbuyvtiicdj_32,78
v4lsjsautvbuyvtiicdj_34,762
v4lsjsautvbuyvtiicdj_47,430
v4lsjsautvbuyvtiicdj_48,165
v4lsjsautvbuyvtiicdj_57,242
v4lsjsautvbuyvtiicdj_60,78
v4lsjsautvbuyvtiicdj_61,90
v4lsjsautvbuyvtiicdj_62,90
v4lsjsautvbuyvtiicdj_63,78
385ib275fynutts72wmq_8,165
385ib275fynutts72wmq_17,781
385ib275fynutts72wmq_19,936
385ib275fynutts72wmq_20,239
385ib275fynutts72wmq_21,135
385ib275fynutts72wmq_26,176
385ib275fynutts72wmq_27,172
385ib275fynutts72wmq_31,933
385ib275fynutts72wmq_34,39
385ib275fynutts72wmq_35,876
385ib275fynutts72wmq_38,781
385ib275fynutts72wmq_41,817
385ib275fynutts72wmq_48,165
385ib275fynutts72wmq_49,445
385ib275fynutts72wmq_56,817
385ib275fynutts72wmq_57,90
385ib275fynutts72wmq_59,135
385ib275fynutts72wmq_60,135
385ib275fynutts72wmq_62,294
epuxvakq52uar82jxa4q_4,687
epuxvakq52uar82jxa4q_21,106
epuxvakq52uar82jxa4q_28,338
epuxvakq52uar82jxa4q_29,977
epuxvakq52uar82jxa4q_30,977
epuxvakq52uar82jxa4q_37,950
epuxvakq52uar82jxa4q_39,338
epuxvakq52uar82jxa4q_41,712
epuxvakq52uar82jxa4q_43,34
epuxvakq52uar82jxa4q_44,34
epuxvakq52uar82jxa4q_45,34
epuxvakq52uar82jxa4q_47,161
epuxvakq52uar82jxa4q_53,161
epuxvakq52uar82jxa4q_58,948
epuxvakq52uar82jxa4q_60,637
epuxvakq52uar82jxa4q_61,844
p0xnxznd17mztmdg1q2n_2,544
p0xnxznd17mztmdg1q2n_3,384
p0xnxznd17mztmdg1q2n_12,106
p0xnxznd17mztmdg1q2n_13,338
p0xnxznd17mztmdg1q2n_16,338
p0xnxznd17mztmdg1q2n_20,106
p0xnxznd17mztmdg1q2n_21,338
p0xnxznd17mztmdg1q2n_22,648
p0xnxznd17mztmdg1q2n_30,719
p0xnxznd17mztmdg1q2n_31,620
p0xnxznd17mztmdg1q2n_41,342
p0xnxznd17mztmdg1q2n_43,35
p0xnxznd17mztmdg1q2n_49,876
p0xnxznd17mztmdg1q2n_59,161
1a0y54jo0pjo3dpjevah_0,171
1a0y54jo0pjo3dpjevah_2,392
1a0y54jo0pjo3dpjevah_3,392
1a0y54jo0pjo3dpjevah_4,999
1a0y54jo0pjo3dpjevah_5,877
1a0y54jo0pjo3dpjevah_6,950
1a0y54jo0pjo3dpjevah_12,232
1a0y54jo0pjo3dpjevah_13,393
1a0y54jo0pjo3dpjevah_20,325
1a0y54jo0pjo3dpjevah_22,999
1a0y54jo0pjo3dpjevah_23,950
1a0y54jo0pjo3dpjevah_30,236
1a0y54jo0pjo3dpjevah_31,236
1a0y54jo0pjo3dpjevah_36,384
1a0y54jo0pjo3dpjevah_38,642
1a0y54jo0pjo3dpjevah_39,668
1a0y54jo0pjo3dpjevah_50,201
1a0y54jo0pjo3dpjevah_54,762
1a0y54jo0pjo3dpjevah_55,402
1a0y54jo0pjo3dpjevah_63,402
zmc0ik32ld0ep0930z5n_4,35
zmc0ik32ld0ep0930z5n_5,715
zmc0ik32ld0ep0930z5n_7,384
zmc0ik32ld0ep0930z5n_13,715
zmc0ik32ld0ep0930z5n_21,392
zmc0ik32ld0ep0930z5n_23,392
zmc0ik32ld0ep0930z5n_28,491
zmc0ik32ld0ep0930z5n_29,384
zmc0ik32ld0ep0930z5n_35,342
zmc0ik32ld0ep0930z5n_39,977
zmc0ik32ld0ep0930z5n_40,34
zmc0ik32ld0ep0930z5n_49,34
zmc0ik32ld0ep0930z5n_50,394
zmc0ik32ld0ep0930z5n_56,578
zmc0ik32ld0ep0930z5n_57,34
zrsysgr0rzkk14jv2mm4_0,364
zrsysgr0rzkk14jv2mm4_2,34
zrsysgr0rzkk14jv2mm4_8,977
zrsysgr0rzkk14jv2mm4_9,34
zrsysgr0rzkk14jv2mm4_12,338
zrsysgr0rzkk14jv2mm4_17,161
zrsysgr0rzkk14jv2mm4_18,34
zrsysgr0rzkk14jv2mm4_19,1005
zrsysgr0rzkk14jv2mm4_20,161
zrsysgr0rzkk14jv2mm4_24,384
zrsysgr0rzkk14jv2mm4_25,977
zrsysgr0rzkk14jv2mm4_26,161
zrsysgr0rzkk14jv2mm4_27,392
zrsysgr0rzkk14jv2mm4_28,342
zrsysgr0rzkk14jv2mm4_32,977
zrsysgr0rzkk14jv2mm4_36,342
zrsysgr0rzkk14jv2mm4_37,719
zrsysgr0rzkk14jv2mm4_48,637
zrsysgr0rzkk14jv2mm4_50,977
zrsysgr0rzkk14jv2mm4_56,172
ssfaljd4zrcqx3bv385t_3,106
ssfaljd4zrcqx3bv385t_21,325
ssfaljd4zrcqx3bv385t_24,977
ssfaljd4zrcqx3bv385t_29,35
ssfaljd4zrcqx3bv385t_42,392
ssfaljd4zrcqx3bv385t_44,882
ssfaljd4zrcqx3bv385t_52,882
ssfaljd4zrcqx3bv385t_56,950
ssfaljd4zrcqx3bv385t_57,384
ssfaljd4zrcqx3bv385t_60,648
ssfaljd4zrcqx3bv385t_62,712
ssfaljd4zrcqx3bv385t_63,402
31x5vtjffbkkq8yg92zh_0,1005
31x5vtjffbkkq8yg92zh_1,491
31x5vtjffbkkq8yg92zh_2,712
31x5vtjffbkkq8yg92zh_9,342
31x5vtjffbkkq8yg92zh_10,977
31x5vtjffbkkq8yg92zh_11,851
31x5vtjffbkkq8yg92zh_16,578
31x5vtjffbkkq8yg92zh_18,392
31x5vtjffbkkq8yg92zh_19,338
31x5vtjffbkkq8yg92zh_20,338
31x5vtjffbkkq8yg92zh_21,648
31x5vtjffbkkq8yg92zh_22,106
31x5vtjffbkkq8yg92zh_23,106
31x5vtjffbkkq8yg92zh_24,578
31x5vtjffbkkq8yg92zh_25,161
31x5vtjffbkkq8yg92zh_26,392
31x5vtjffbkkq8yg92zh_31,620
31x5vtjffbkkq8yg92zh_32,342
31x5vtjffbkkq8yg92zh_40,874
31x5vtjffbkkq8yg92zh_42,648
gc49ykzwm59w8rxngwl0_0,276
gc49ykzwm59w8rxngwl0_1,695
gc49ykzwm59w8rxngwl0_3,362
gc49ykzwm59w8rxngwl0_7,276
gc49ykzwm59w8rxngwl0_8,936
gc49ykzwm59w8rxngwl0_10,936
gc49ykzwm59w8rxngwl0_13,983
gc49ykzwm59w8rxngwl0_14,695
gc49ykzwm59w8rxngwl0_15,948
gc49ykzwm59w8rxngwl0_23,642
gc49ykzwm59w8rxngwl0_28,11
gc49ykzwm59w8rxngwl0_32,950
gc49ykzwm59w8rxngwl0_33,642
gc49ykzwm59w8rxngwl0_34,11
gc49ykzwm59w8rxngwl0_40,356
gc49ykzwm59w8rxngwl0_41,356
gc49ykzwm59w8rxngwl0_43,11
gc49ykzwm59w8rxngwl0_51,11
gc49ykzwm59w8rxngwl0_52,11
gc49ykzwm59w8rxngwl0_59,651
y4l0348wsjaooeoj3rgk_1,261
y4l0348wsjaooeoj3rgk_11,642
y4l0348wsjaooeoj3rgk_13,695
y4l0348wsjaooeoj3rgk_14,936
y4l0348wsjaooeoj3rgk_18,695
y4l0348wsjaooeoj3rgk_19,276
y4l0348wsjaooeoj3rgk_28,651
y4l0348wsjaooeoj3rgk_33,929
y4l0348wsjaooeoj3rgk_42,276
y4l0348wsjaooeoj3rgk_44,11
y4l0348wsjaooeoj3rgk_59,11
74guqdmo6wa84nq9x4jg_1,936
74guqdmo6wa84nq9x4jg_12,983
74guqdmo6wa84nq9x4jg_19,1015
74guqdmo6wa84nq9x4jg_21,944
74guqdmo6wa84nq9x4jg_24,936
74guqdmo6wa84nq9x4jg_32,11
74guqdmo6wa84nq9x4jg_39,276
74guqdmo6wa84nq9x4jg_43,11
74guqdmo6wa84nq9x4jg_54,983
74guqdmo6wa84nq9x4jg_59,651
ba5tt6nartt3px485yvr_2,317
ba5tt6nartt3px485yvr_16,925
ba5tt6nartt3px485yvr_18,983
ba5tt6nartt3px485yvr_25,762
ba5tt6nartt3px485yvr_27,377
ba5tt6nartt3px485yvr_29,695
ba5tt6nartt3px485yvr_34,299
ba5tt6nartt3px485yvr_35,762
ba5tt6nartt3px485yvr_36,377
ba5tt6nartt3px485yvr_39,18
ba5tt6nartt3px485yvr_46,748
ba5tt6nartt3px485yvr_50,458
ba5tt6nartt3px485yvr_52,276
ba5tt6nartt3px485yvr_53,276
ba5tt6nartt3px485yvr_54,695
ba5tt6nartt3px485yvr_61,90
ba5tt6nartt3px485yvr_62,983
upguf9a6kj4rtmk2kwuo_5,524
upguf9a6kj4rtmk2kwuo_16,874
upguf9a6kj4rtmk2kwuo_20,482
upguf9a6kj4rtmk2kwuo_25,566
upguf9a6kj4rtmk2kwuo_29,566
upguf9a6kj4rtmk2kwuo_31,764
upguf9a6kj4rtmk2kwuo_32,373
upguf9a6kj4rtmk2kwuo_40,373
upguf9a6kj4rtmk2kwuo_41,611
upguf9a6kj4rtmk2kwuo_43,642
upguf9a6kj4rtmk2kwuo_48,999
upguf9a6kj4rtmk2kwuo_49,999
upguf9a6kj4rtmk2kwuo_50,695
upguf9a6kj4rtmk2kwuo_51,59
upguf9a6kj4rtmk2kwuo_57,764
upguf9a6kj4rtmk2kwuo_58,59
upguf9a6kj4rtmk2kwuo_60,944
upguf9a6kj4rtmk2kwuo_62,278
eioy0rlos8hd03wtk0k0_0,238
eioy0rlos8hd03wtk0k0_4,657
eioy0rlos8hd03wtk0k0_6,865
eioy0rlos8hd03wtk0k0_9,482
eioy0rlos8hd03wtk0k0_10,983
eioy0rlos8hd03wtk0k0_11,983
eioy0rlos8hd03wtk0k0_12,657
eioy0rlos8hd03wtk0k0_17,325
eioy0rlos8hd03wtk0k0_18,373
eioy0rlos8hd03wtk0k0_20,983
eioy0rlos8hd03wtk0k0_25,944
eioy0rlos8hd03wtk0k0_28,377
eioy0rlos8hd03wtk0k0_33,261
eioy0rlos8hd03wtk0k0_37,139
eioy0rlos8hd03wtk0k0_40,276
eioy0rlos8hd03wtk0k0_50,377
eioy0rlos8hd03wtk0k0_56,695
eioy0rlos8hd03wtk0k0_57,944
eioy0rlos8hd03wtk0k0_59,90
eioy0rlos8hd03wtk0k0_63,986
46xeyd3wkvvw8ccdg3c4_0,657
46xeyd3wkvvw8ccdg3c4_4,986
46xeyd3wkvvw8ccdg3c4_12,948
46xeyd3wkvvw8ccdg3c4_13,804
46xeyd3wkvvw8ccdg3c4_15,986
46xeyd3wkvvw8ccdg3c4_16,657
46xeyd3wkvvw8ccdg3c4_27,115
46xeyd3wkvvw8ccdg3c4_32,983
46xeyd3wkvvw8ccdg3c4_33,948
46xeyd3wkvvw8ccdg3c4_43,59
46xeyd3wkvvw8ccdg3c4_46,243
46xeyd3wkvvw8ccdg3c4_49,865
46xeyd3wkvvw8ccdg3c4_51,248
46xeyd3wkvvw8ccdg3c4_59,248
46xeyd3wkvvw8ccdg3c4_62,88
46xeyd3wkvvw8ccdg3c4_63,368
542uabs9r8s0w2v6omsh_5,236
542uabs9r8s0w2v6omsh_9,78
542uabs9r8s0w2v6omsh_12,299
542uabs9r8s0w2v6omsh_15,373
542uabs9r8s0w2v6omsh_25,242
542uabs9r8s0w2v6omsh_44,983
542uabs9r8s0w2v6omsh_45,748
542uabs9r8s0w2v6omsh_53,983
1f1exqfn5agf2ryibij7_9,808
1f1exqfn5agf2ryibij7_11,115
1f1exqfn5agf2ryibij7_20,804
1f1exqfn5agf2ryibij7_32,808
1f1exqfn5agf2ryibij7_33,804
1f1exqfn5agf2ryibij7_37,377
1f1exqfn5agf2ryibij7_39,276
1f1exqfn5agf2ryibij7_40,983
1f1exqfn5agf2ryibij7_49,983
1f1exqfn5agf2ryibij7_50,983
1f1exqfn5agf2ryibij7_52,695
1f1exqfn5agf2ryibij7_58,276
1f1exqfn5agf2ryibij7_62,90
5axjbu3rkx4r93rak49t_4,781
5axjbu3rkx4r93rak49t_6,440
5axjbu3rkx4r93rak49t_10,325
5axjbu3rkx4r93rak49t_11,39
5axjbu3rkx4r93rak49t_14,39
5axjbu3rkx4r93rak49t_16,607
5axjbu3rkx4r93rak49t_20,607
5axjbu3rkx4r93rak49t_21,147
5axjbu3rkx4r93rak49t_22,39
5axjbu3rkx4r93rak49t_33,279
5axjbu3rkx4r93rak49t_40,933
5axjbu3rkx4r93rak49t_43,135
5axjbu3rkx4r93rak49t_44,279
5axjbu3rkx4r93rak49t_50,430
5axjbu3rkx4r93rak49t_54,279
5axjbu3rkx4r93rak49t_61,201
dyehp0fyl538g4eq6jbj_0,933
dyehp0fyl538g4eq6jbj_1,950
dyehp0fyl538g4eq6jbj_3,239
dyehp0fyl538g4eq6jbj_4,933
dyehp0fyl538g4eq6jbj_6,294
dyehp0fyl538g4eq6jbj_7,294
dyehp0fyl538g4eq6jbj_9,147
dyehp0fyl538g4eq6jbj_20,462
dyehp0fyl538g4eq6jbj_21,513
dyehp0fyl538g4eq6jbj_22,405
dyehp0fyl538g4eq6jbj_40,430
dyehp0fyl538g4eq6jbj_43,462
dyehp0fyl538g4eq6jbj_53,381
dyehp0fyl538g4eq6jbj_54,135
3taji7912c7778ro21mm_2,781
3taji7912c7778ro21mm_8,440
3taji7912c7778ro21mm_11,135
3taji7912c7778ro21mm_12,491
3taji7912c7778ro21mm_13,491
3taji7912c7778ro21mm_14,362
3taji7912c7778ro21mm_16,515
3taji7912c7778ro21mm_17,933
3taji7912c7778ro21mm_18,933
3taji7912c7778ro21mm_27,607
3taji7912c7778ro21mm_29,147
3taji7912c7778ro21mm_30,726
3taji7912c7778ro21mm_31,933
3taji7912c7778ro21mm_40,381
3taji7912c7778ro21mm_42,135
3taji7912c7778ro21mm_43,135
3taji7912c7778ro21mm_44,135
3taji7912c7778ro21mm_53,440
3taji7912c7778ro21mm_54,381
3x2ilpll7ydha5hlcl33_4,687
3x2ilpll7ydha5hlcl33_12,22
3x2ilpll7ydha5hlcl33_34,325
3x2ilpll7ydha5hlcl33_45,607
3x2ilpll7ydha5hlcl33_48,279
3x2ilpll7ydha5hlcl33_51,933
3x2ilpll7ydha5hlcl33_55,279
3x2ilpll7ydha5hlcl33_60,300
p95kfpp4lp5bbyd7toap_1,781
p95kfpp4lp5bbyd7toap_5,614
p95kfpp4lp5bbyd7toap_8,943
p95kfpp4lp5bbyd7toap_10,614
p95kfpp4lp5bbyd7toap_12,614
p95kfpp4lp5bbyd7toap_15,1006
p95kfpp4lp5bbyd7toap_17,300
p95kfpp4lp5bbyd7toap_18,943
p95kfpp4lp5bbyd7toap_22,300
p95kfpp4lp5bbyd7toap_23,943
p95kfpp4lp5bbyd7toap_24,933
p95kfpp4lp5bbyd7toap_29,279
p95kfpp4lp5bbyd7toap_40,845
p95kfpp4lp5bbyd7toap_42,719
p95kfpp4lp5bbyd7toap_50,201
p95kfpp4lp5bbyd7toap_52,844
p95kfpp4lp5bbyd7toap_62,844
tbvw9tmgyn5f6r94wdva_6,956
tbvw9tmgyn5f6r94wdva_33,781
tbvw9tmgyn5f6r94wdva_40,646
tbvw9tmgyn5f6r94wdva_41,646
tbvw9tmgyn5f6r94wdva_42,646
tbvw9tmgyn5f6r94wdva_43,646
tbvw9tmgyn5f6r94wdva_44,607
tbvw9tmgyn5f6r94wdva_45,646
tbvw9tmgyn5f6r94wdva_47,726
tbvw9tmgyn5f6r94wdva_49,646
tbvw9tmgyn5f6r94wdva_52,646
tbvw9tmgyn5f6r94wdva_58,646
tbvw9tmgyn5f6r94wdva_61,933
xw3h51yxh0h1r7yrtpv3_1,543
xw3h51yxh0h1r7yrtpv3_2,658
xw3h51yxh0h1r7yrtpv3_4,543
xw3h51yxh0h1r7yrtpv3_5,658
xw3h51yxh0h1r7yrtpv3_7,294
xw3h51yxh0h1r7yrtpv3_17,543
xw3h51yxh0h1r7yrtpv3_20,999
xw3h51yxh0h1r7yrtpv3_21,658
xw3h51yxh0h1r7yrtpv3_22,543
xw3h51yxh0h1r7yrtpv3_24,614
xw3h51yxh0h1r7yrtpv3_25,658
xw3h51yxh0h1r7yrtpv3_26,543
xw3h51yxh0h1r7yrtpv3_30,658
xw3h51yxh0h1r7yrtpv3_37,39
xw3h51yxh0h1r7yrtpv3_39,543
xw3h51yxh0h1r7yrtpv3_40,397
xw3h51yxh0h1r7yrtpv3_41,614
xw3h51yxh0h1r7yrtpv3_46,614
xw3h51yxh0h1r7yrtpv3_49,614
6pxs25g59qie7pxktzfi_8,943
6pxs25g59qie7pxktzfi_11,943
6pxs25g59qie7pxktzfi_16,147
6pxs25g59qie7pxktzfi_18,39
6pxs25g59qie7pxktzfi_19,658
6pxs25g59qie7pxktzfi_26,607
6pxs25g59qie7pxktzfi_27,39
6pxs25g59qie7pxktzfi_29,543
6pxs25g59qie7pxktzfi_30,543
6pxs25g59qie7pxktzfi_32,279
6pxs25g59qie7pxktzfi_38,543
6pxs25g59qie7pxktzfi_45,658
6pxs25g59qie7pxktzfi_46,543
6pxs25g59qie7pxktzfi_51,543
6pxs25g59qie7pxktzfi_53,614
6pxs25g59qie7pxktzfi_55,543
6pxs25g59qie7pxktzfi_61,658
6pxs25g59qie7pxktzfi_63,902
e402hh3emspa8rakra9x_6,239
e402hh3emspa8rakra9x_9,147
e402hh3emspa8rakra9x_13,607
e402hh3emspa8rakra9x_14,39
e402hh3emspa8rakra9x_19,543
e402hh3emspa8rakra9x_20,147
e402hh3emspa8rakra9x_21,147
e402hh3emspa8rakra9x_25,658
e402hh3emspa8rakra9x_28,147
e402hh3emspa8rakra9x_31,750
e402hh3emspa8rakra9x_32,658
e402hh3emspa8rakra9x_33,614
e402hh3emspa8rakra9x_35,543
e402hh3emspa8rakra9x_38,750
e402hh3emspa8rakra9x_39,933
e402hh3emspa8rakra9x_41,658
e402hh3emspa8rakra9x_43,658
e402hh3emspa8rakra9x_63,730
v3wsdqsmhsbtgqlfi6o5_9,462
v3wsdqsmhsbtgqlfi6o5_16,816
v3wsdqsmhsbtgqlfi6o5_18,816
v3wsdqsmhsbtgqlfi6o5_32,816
v3wsdqsmhsbtgqlfi6o5_35,816
v3wsdqsmhsbtgqlfi6o5_38,135
v3wsdqsmhsbtgqlfi6o5_45,658
v3wsdqsmhsbtgqlfi6o5_50,614
v3wsdqsmhsbtgqlfi6o5_51,543
v3wsdqsmhsbtgqlfi6o5_52,543
v3wsdqsmhsbtgqlfi6o5_60,147
v3wsdqsmhsbtgqlfi6o5_63,943
uhhe9j5chqsux780bpqy_3,239
uhhe9j5chqsux780bpqy_10,405
uhhe9j5chqsux780bpqy_25,405
uhhe9j5chqsux780bpqy_29,816
uhhe9j5chqsux780bpqy_39,816
uhhe9j5chqsux780bpqy_41,1022
uhhe9j5chqsux780bpqy_43,816
uhhe9j5chqsux780bpqy_47,816
uhhe9j5chqsux780bpqy_50,816
uhhe9j5chqsux780bpqy_52,816
uhhe9j5chqsux780bpqy_54,816
uhhe9j5chqsux780bpqy_62,239
uhhe9j5chqsux780bpqy_63,816
vocqxkgpgidnp8fzcebw_0,658
vocqxkgpgidnp8fzcebw_3,658
vocqxkgpgidnp8fzcebw_9,658
vocqxkgpgidnp8fzcebw_18,543
vocqxkgpgidnp8fzcebw_26,960
vocqxkgpgidnp8fzcebw_28,658
vocqxkgpgidnp8fzcebw_31,147
vocqxkgpgidnp8fzcebw_39,147
vocqxkgpgidnp8fzcebw_54,607
vocqxkgpgidnp8fzcebw_58,960
vocqxkgpgidnp8fzcebw_59,960
vocqxkgpgidnp8fzcebw_62,147
luzn2as9isg990moin3e_16,147
luzn2as9isg990moin3e_18,491
luzn2as9isg990moin3e_29,147
luzn2as9isg990moin3e_38,750
luzn2as9isg990moin3e_40,147
luzn2as9isg990moin3e_42,147
luzn2as9isg990moin3e_45,658
luzn2as9isg990moin3e_47,147
luzn2as9isg990moin3e_52,39
luzn2as9isg990moin3e_54,607
luzn2as9isg990moin3e_58,39
luzn2as9isg990moin3e_60,854
luzn2as9isg990moin3e_61,854
luzn2as9isg990moin3e_62,147
91u7ga2ca3fysqit1hfx_5,943
91u7ga2ca3fysqit1hfx_6,239
91u7ga2ca3fysqit1hfx_11,279
91u7ga2ca3fysqit1hfx_14,39
91u7ga2ca3fysqit1hfx_20,960
91u7ga2ca3fysqit1hfx_21,960
91u7ga2ca3fysqit1hfx_24,726
91u7ga2ca3fysqit1hfx_26,513
91u7ga2ca3fysqit1hfx_29,960
91u7ga2ca3fysqit1hfx_34,607
91u7ga2ca3fysqit1hfx_36,147
91u7ga2ca3fysqit1hfx_38,462
91u7ga2ca3fysqit1hfx_39,279
91u7ga2ca3fysqit1hfx_41,39
91u7ga2ca3fysqit1hfx_44,147
91u7ga2ca3fysqit1hfx_46,39
91u7ga2ca3fysqit1hfx_47,147
91u7ga2ca3fysqit1hfx_55,543
91u7ga2ca3fysqit1hfx_62,241
o9f9wuoe23eraz53n5ly_4,646
o9f9wuoe23eraz53n5ly_5,646
o9f9wuoe23eraz53n5ly_6,933
o9f9wuoe23eraz53n5ly_8,726
o9f9wuoe23eraz53n5ly_16,607
o9f9wuoe23eraz53n5ly_19,607
o9f9wuoe23eraz53n5ly_32,147
o9f9wuoe23eraz53n5ly_33,607
o9f9wuoe23eraz53n5ly_59,39
o9f9wuoe23eraz53n5ly_63,943
kx80h5dnyoz56z5i9sji_11,491
kx80h5dnyoz56z5i9sji_13,726
kx80h5dnyoz56z5i9sji_19,726
kx80h5dnyoz56z5i9sji_20,543
kx80h5dnyoz56z5i9sji_25,781
kx80h5dnyoz56z5i9sji_29,543
kx80h5dnyoz56z5i9sji_30,39
kx80h5dnyoz56z5i9sji_31,1022
kx80h5dnyoz56z5i9sji_32,440
kx80h5dnyoz56z5i9sji_34,39
kx80h5dnyoz56z5i9sji_40,904
kx80h5dnyoz56z5i9sji_41,854
kx80h5dnyoz56z5i9sji_43,543
kx80h5dnyoz56z5i9sji_48,543
kx80h5dnyoz56z5i9sji_49,39
kx80h5dnyoz56z5i9sji_58,39
v35iys5knevf20nh3do9_6,607
v35iys5knevf20nh3do9_12,1022
v35iys5knevf20nh3do9_16,513
v35iys5knevf20nh3do9_19,960
v35iys5knevf20nh3do9_24,543
v35iys5knevf20nh3do9_33,960
v35iys5knevf20nh3do9_47,960
v35iys5knevf20nh3do9_48,543
v35iys5knevf20nh3do9_52,543
v35iys5knevf20nh3do9_57,543
v35iys5knevf20nh3do9_63,960
59ut5grks95o66c2bwh0_1,658
59ut5grks95o66c2bwh0_2,543
59ut5grks95o66c2bwh0_10,614
59ut5grks95o66c2bwh0_11,543
59ut5grks95o66c2bwh0_12,543
59ut5grks95o66c2bwh0_19,614
59ut5grks95o66c2bwh0_20,614
59ut5grks95o66c2bwh0_25,607
59ut5grks95o66c2bwh0_26,147
59ut5grks95o66c2bwh0_27,963
59ut5grks95o66c2bwh0_30,147
59ut5grks95o66c2bwh0_36,147
59ut5grks95o66c2bwh0_37,943
59ut5grks95o66c2bwh0_38,147
59ut5grks95o66c2bwh0_44,147
59ut5grks95o66c2bwh0_63,943
vd43s0xgrwahxhgkn09h_3,362
vd43s0xgrwahxhgkn09h_11,781
vd43s0xgrwahxhgkn09h_26,176
vd43s0xgrwahxhgkn09h_29,337
vd43s0xgrwahxhgkn09h_30,440
vd43s0xgrwahxhgkn09h_34,176
vd43s0xgrwahxhgkn09h_35,172
vd43s0xgrwahxhgkn09h_37,719
vd43s0xgrwahxhgkn09h_38,620
vd43s0xgrwahxhgkn09h_43,135
vd43s0xgrwahxhgkn09h_46,620
vd43s0xgrwahxhgkn09h_52,876
vd43s0xgrwahxhgkn09h_59,381
vd43s0xgrwahxhgkn09h_61,440
vd43s0xgrwahxhgkn09h_62,90
1axuxgdje2aultq4lhnp_5,687
1axuxgdje2aultq4lhnp_6,781
1axuxgdje2aultq4lhnp_7,741
1axuxgdje2aultq4lhnp_15,440
1axuxgdje2aultq4lhnp_20,1015
1axuxgdje2aultq4lhnp_27,1015
1axuxgdje2aultq4lhnp_35,1015
1axuxgdje2aultq4lhnp_36,1015
1axuxgdje2aultq4lhnp_37,172
1axuxgdje2aultq4lhnp_43,19
1axuxgdje2aultq4lhnp_44,519
1axuxgdje2aultq4lhnp_45,1015
1axuxgdje2aultq4lhnp_50,844
1axuxgdje2aultq4lhnp_51,929
1axuxgdje2aultq4lhnp_53,876
1axuxgdje2aultq4lhnp_59,712
1axuxgdje2aultq4lhnp_61,440
jmpm1z0kas6sphuws9by_1,933
jmpm1z0kas6sphuws9by_2,75
jmpm1z0kas6sphuws9by_8,933
jmpm1z0kas6sphuws9by_9,933
jmpm1z0kas6sphuws9by_16,933
jmpm1z0kas6sphuws9by_18,362
jmpm1z0kas6sphuws9by_19,519
jmpm1z0kas6sphuws9by_24,430
jmpm1z0kas6sphuws9by_26,362
jmpm1z0kas6sphuws9by_32,662
jmpm1z0kas6sphuws9by_33,844
jmpm1z0kas6sphuws9by_34,844
jmpm1z0kas6sphuws9by_38,230
jmpm1z0kas6sphuws9by_40,874
jmpm1z0kas6sphuws9by_57,440
ubvr0pnuimyx56xr2yo9_0,135
ubvr0pnuimyx56xr2yo9_1,279
ubvr0pnuimyx56xr2yo9_2,279
ubvr0pnuimyx56xr2yo9_24,238
ubvr0pnuimyx56xr2yo9_25,482
ubvr0pnuimyx56xr2yo9_27,337
ubvr0pnuimyx56xr2yo9_28,933
ubvr0pnuimyx56xr2yo9_29,337
ubvr0pnuimyx56xr2yo9_36,482
ubvr0pnuimyx56xr2yo9_37,482
o5hsgfw6kk3qqxuh8pzx_6,34
o5hsgfw6kk3qqxuh8pzx_10,161
o5hsgfw6kk3qqxuh8pzx_25,876
o5hsgfw6kk3qqxuh8pzx_30,34
o5hsgfw6kk3qqxuh8pzx_33,712
o5hsgfw6kk3qqxuh8pzx_36,342
o5hsgfw6kk3qqxuh8pzx_38,578
o5hsgfw6kk3qqxuh8pzx_43,876
gm69j47kfcz4es7mbhcd_0,515
gm69j47kfcz4es7mbhcd_10,933
gm69j47kfcz4es7mbhcd_20,362
gm69j47kfcz4es7mbhcd_32,933
gm69j47kfcz4es7mbhcd_34,933
gm69j47kfcz4es7mbhcd_43,817
gm69j47kfcz4es7mbhcd_48,929
gm69j47kfcz4es7mbhcd_50,19
gm69j47kfcz4es7mbhcd_59,279
7gct40wi227yb0ovkzxg_1,702
7gct40wi227yb0ovkzxg_6,702
7gct40wi227yb0ovkzxg_7,702
7gct40wi227yb0ovkzxg_10,702
7gct40wi227yb0ovkzxg_31,702
7gct40wi227yb0ovkzxg_35,702
7gct40wi227yb0ovkzxg_36,702
7gct40wi227yb0ovkzxg_39,627
7gct40wi227yb0ovkzxg_46,627
7gct40wi227yb0ovkzxg_47,307
7gct40wi227yb0ovkzxg_60,702
7gct40wi227yb0ovkzxg_61,627
7gct40wi227yb0ovkzxg_63,239
lr0u2cat8ae2613cteae_0,1022
lr0u2cat8ae2613cteae_8,1022
lr0u2cat8ae2613cteae_10,658
lr0u2cat8ae2613cteae_16,279
lr0u2cat8ae2613cteae_18,135
lr0u2cat8ae2613cteae_20,491
lr0u2cat8ae2613cteae_22,325
lr0u2cat8ae2613cteae_27,135
lr0u2cat8ae2613cteae_39,844
lr0u2cat8ae2613cteae_45,135
lr0u2cat8ae2613cteae_47,491
lr0u2cat8ae2613cteae_52,135
lr0u2cat8ae2613cteae_56,135
lr0u2cat8ae2613cteae_57,135
lr0u2cat8ae2613cteae_58,960
lr0u2cat8ae2613cteae_59,279
camqrf267j6qsauek75d_9,702
camqrf267j6qsauek75d_10,19
camqrf267j6qsauek75d_15,662
camqrf267j6qsauek75d_16,702
camqrf267j6qsauek75d_18,19
camqrf267j6qsauek75d_20,19
camqrf267j6qsauek75d_25,19
camqrf267j6qsauek75d_33,19
camqrf267j6qsauek75d_37,19
camqrf267j6qsauek75d_40,702
camqrf267j6qsauek75d_42,662
camqrf267j6qsauek75d_44,19
camqrf267j6qsauek75d_45,662
camqrf267j6qsauek75d_47,662
camqrf267j6qsauek75d_49,702
camqrf267j6qsauek75d_50,662
camqrf267j6qsauek75d_51,19
camqrf267j6qsauek75d_61,19
1lorsrv87ldtdq95sgca_5,687
1lorsrv87ldtdq95sgca_7,907
1lorsrv87ldtdq95sgca_15,75
1lorsrv87ldtdq95sgca_20,726
1lorsrv87ldtdq95sgca_23,1022
1lorsrv87ldtdq95sgca_27,462
1lorsrv87ldtdq95sgca_35,462
1lorsrv87ldtdq95sgca_41,462
1lorsrv87ldtdq95sgca_42,462
1lorsrv87ldtdq95sgca_57,462
1lorsrv87ldtdq95sgca_58,405
1lorsrv87ldtdq95sgca_59,513
1lorsrv87ldtdq95sgca_62,513
s8hdro2ycbk3bepd4u02_10,658
s8hdro2ycbk3bepd4u02_22,317
s8hdro2ycbk3bepd4u02_27,135
s8hdro2ycbk3bepd4u02_29,135
s8hdro2ycbk3bepd4u02_30,135
s8hdro2ycbk3bepd4u02_33,135
s8hdro2ycbk3bepd4u02_39,135
s8hdro2ycbk3bepd4u02_44,279
s8hdro2ycbk3bepd4u02_46,279
s8hdro2ycbk3bepd4u02_47,279
s8hdro2ycbk3bepd4u02_52,135
s8hdro2ycbk3bepd4u02_54,279
s8hdro2ycbk3bepd4u02_58,1022
s8hdro2ycbk3bepd4u02_60,135
jtrefi7nk4ig7kqfa27r_17,874
jtrefi7nk4ig7kqfa27r_19,317
jtrefi7nk4ig7kqfa27r_20,851
jtrefi7nk4ig7kqfa27r_21,317
jtrefi7nk4ig7kqfa27r_25,362
jtrefi7nk4ig7kqfa27r_26,342
jtrefi7nk4ig7kqfa27r_29,845
jtrefi7nk4ig7kqfa27r_32,874
jtrefi7nk4ig7kqfa27r_33,394
jtrefi7nk4ig7kqfa27r_43,607
jtrefi7nk4ig7kqfa27r_46,607
jtrefi7nk4ig7kqfa27r_48,874
jtrefi7nk4ig7kqfa27r_51,147
jtrefi7nk4ig7kqfa27r_53,147
jtrefi7nk4ig7kqfa27r_56,950
jtrefi7nk4ig7kqfa27r_58,1022
jtrefi7nk4ig7kqfa27r_59,147
05x60eu5h5pvxrsv7b34_0,239
05x60eu5h5pvxrsv7b34_6,294
05x60eu5h5pvxrsv7b34_7,658
05x60eu5h5pvxrsv7b34_8,239
05x60eu5h5pvxrsv7b34_12,816
05x60eu5h5pvxrsv7b34_14,726
05x60eu5h5pvxrsv7b34_15,658
05x60eu5h5pvxrsv7b34_17,147
05x60eu5h5pvxrsv7b34_20,614
05x60eu5h5pvxrsv7b34_22,726
05x60eu5h5pvxrsv7b34_23,943
05x60eu5h5pvxrsv7b34_24,462
05x60eu5h5pvxrsv7b34_32,381
05x60eu5h5pvxrsv7b34_42,381
05x60eu5h5pvxrsv7b34_43,381
05x60eu5h5pvxrsv7b34_44,381
05x60eu5h5pvxrsv7b34_55,402
jogfer3bl1t7k3wlurhf_17,874
jogfer3bl1t7k3wlurhf_24,278
jogfer3bl1t7k3wlurhf_26,317
jogfer3bl1t7k3wlurhf_35,462
jogfer3bl1t7k3wlurhf_39,18
jogfer3bl1t7k3wlurhf_44,607
jogfer3bl1t7k3wlurhf_53,933
jogfer3bl1t7k3wlurhf_54,243
jogfer3bl1t7k3wlurhf_63,402
pycb3rvce2waen67j0im_3,687
pycb3rvce2waen67j0im_4,294
pycb3rvce2waen67j0im_6,294
pycb3rvce2waen67j0im_7,294
pycb3rvce2waen67j0im_13,294
pycb3rvce2waen67j0im_18,726
pycb3rvce2waen67j0im_19,726
pycb3rvce2waen67j0im_23,239
pycb3rvce2waen67j0im_24,726
pycb3rvce2waen67j0im_27,147
pycb3rvce2waen67j0im_28,147
pycb3rvce2waen67j0im_29,147
pycb3rvce2waen67j0im_30,726
pycb3rvce2waen67j0im_31,726
pycb3rvce2waen67j0im_38,147
pycb3rvce2waen67j0im_54,147
pycb3rvce2waen67j0im_62,300
pycb3rvce2waen67j0im_63,147
rnmtuwpjqccsk4l5d7c2_11,147
rnmtuwpjqccsk4l5d7c2_12,279
rnmtuwpjqccsk4l5d7c2_19,147
rnmtuwpjqccsk4l5d7c2_21,279
rnmtuwpjqccsk4l5d7c2_24,874
rnmtuwpjqccsk4l5d7c2_30,607
rnmtuwpjqccsk4l5d7c2_34,440
rnmtuwpjqccsk4l5d7c2_38,405
rnmtuwpjqccsk4l5d7c2_39,405
rnmtuwpjqccsk4l5d7c2_42,22
rnmtuwpjqccsk4l5d7c2_44,953
rnmtuwpjqccsk4l5d7c2_60,482
rnmtuwpjqccsk4l5d7c2_61,135
j9kdmi9vzw3bojrnis90_3,662
j9kdmi9vzw3bojrnis90_5,662
j9kdmi9vzw3bojrnis90_7,662
j9kdmi9vzw3bojrnis90_13,662
j9kdmi9vzw3bojrnis90_16,662
j9kdmi9vzw3bojrnis90_17,19
j9kdmi9vzw3bojrnis90_21,19
j9kdmi9vzw3bojrnis90_23,662
j9kdmi9vzw3bojrnis90_24,929
j9kdmi9vzw3bojrnis90_28,19
j9kdmi9vzw3bojrnis90_30,19
j9kdmi9vzw3bojrnis90_31,662
j9kdmi9vzw3bojrnis90_32,662
j9kdmi9vzw3bojrnis90_33,19
j9kdmi9vzw3bojrnis90_35,19
j9kdmi9vzw3bojrnis90_36,19
j9kdmi9vzw3bojrnis90_37,662
j9kdmi9vzw3bojrnis90_43,19
j9kdmi9vzw3bojrnis90_60,19
o9vvgu0r89qicoqbms3k_6,75
o9vvgu0r89qicoqbms3k_7,956
o9vvgu0r89qicoqbms3k_8,75
o9vvgu0r89qicoqbms3k_9,22
o9vvgu0r89qicoqbms3k_12,325
o9vvgu0r89qicoqbms3k_14,140
o9vvgu0r89qicoqbms3k_19,543
o9vvgu0r89qicoqbms3k_20,462
o9vvgu0r89qicoqbms3k_24,543
o9vvgu0r89qicoqbms3k_27,1022
o9vvgu0r89qicoqbms3k_28,39
o9vvgu0r89qicoqbms3k_29,19
o9vvgu0r89qicoqbms3k_30,19
o9vvgu0r89qicoqbms3k_32,39
o9vvgu0r89qicoqbms3k_42,929
o9vvgu0r89qicoqbms3k_47,147
o9vvgu0r89qicoqbms3k_51,147
o9vvgu0r89qicoqbms3k_52,147
o9vvgu0r89qicoqbms3k_63,662
ystxmhcyiyx54k0075he_16,750
ystxmhcyiyx54k0075he_18,106
ystxmhcyiyx54k0075he_19,325
ystxmhcyiyx54k0075he_25,147
ystxmhcyiyx54k0075he_27,600
ystxmhcyiyx54k0075he_29,752
ystxmhcyiyx54k0075he_34,600
ystxmhcyiyx54k0075he_37,600
ystxmhcyiyx54k0075he_39,440
ystxmhcyiyx54k0075he_40,147
ystxmhcyiyx54k0075he_48,147
ystxmhcyiyx54k0075he_50,752
ystxmhcyiyx54k0075he_51,752
ystxmhcyiyx54k0075he_55,600
ystxmhcyiyx54k0075he_56,430
ystxmhcyiyx54k0075he_57,381
ystxmhcyiyx54k0075he_58,752
ystxmhcyiyx54k0075he_59,752
w08ld8ri6bzwzkchevva_0,879
w08ld8ri6bzwzkchevva_1,876
w08ld8ri6bzwzkchevva_4,279
w08ld8ri6bzwzkchevva_9,610
w08ld8ri6bzwzkchevva_15,933
w08ld8ri6bzwzkchevva_34,191
w08ld8ri6bzwzkchevva_36,740
w08ld8ri6bzwzkchevva_37,515
w08ld8ri6bzwzkchevva_42,191
w08ld8ri6bzwzkchevva_43,381
w08ld8ri6bzwzkchevva_44,752
w08ld8ri6bzwzkchevva_53,752
w08ld8ri6bzwzkchevva_54,752
w08ld8ri6bzwzkchevva_55,752
0acqk36bnh1vbz8ltisp_0,294
0acqk36bnh1vbz8ltisp_1,491
0acqk36bnh1vbz8ltisp_10,726
0acqk36bnh1vbz8ltisp_13,317
0acqk36bnh1vbz8ltisp_16,726
0acqk36bnh1vbz8ltisp_25,646
0acqk36bnh1vbz8ltisp_32,646
0acqk36bnh1vbz8ltisp_39,239
0acqk36bnh1vbz8ltisp_44,39
0acqk36bnh1vbz8ltisp_50,147
0acqk36bnh1vbz8ltisp_52,462
0acqk36bnh1vbz8ltisp_57,614
0acqk36bnh1vbz8ltisp_60,752
0acqk36bnh1vbz8ltisp_62,300
gtzmlsn8081nw41m7p0c_4,687
gtzmlsn8081nw41m7p0c_9,876
gtzmlsn8081nw41m7p0c_10,34
gtzmlsn8081nw41m7p0c_18,34
gtzmlsn8081nw41m7p0c_29,325
gtzmlsn8081nw41m7p0c_45,578
gtzmlsn8081nw41m7p0c_46,578
gtzmlsn8081nw41m7p0c_51,201
gtzmlsn8081nw41m7p0c_54,201
gtzmlsn8081nw41m7p0c_55,807
k2da0zx5n8q5eovah6z5_8,662
k2da0zx5n8q5eovah6z5_16,874
k2da0zx5n8q5eovah6z5_19,929
k2da0zx5n8q5eovah6z5_22,362
k2da0zx5n8q5eovah6z5_23,294
k2da0zx5n8q5eovah6z5_27,317
k2da0zx5n8q5eovah6z5_28,712
k2da0zx5n8q5eovah6z5_35,438
k2da0zx5n8q5eovah6z5_36,34
k2da0zx5n8q5eovah6z5_37,106
k2da0zx5n8q5eovah6z5_38,607
k2da0zx5n8q5eovah6z5_39,726
k2da0zx5n8q5eovah6z5_46,578
k2da0zx5n8q5eovah6z5_47,147
k2da0zx5n8q5eovah6z5_55,513
uaqeumhgrr8yuwgnsfis_0,877
uaqeumhgrr8yuwgnsfis_5,687
uaqeumhgrr8yuwgnsfis_8,20
uaqeumhgrr8yuwgnsfis_9,904
uaqeumhgrr8yuwgnsfis_25,586
uaqeumhgrr8yuwgnsfis_34,482
uaqeumhgrr8yuwgnsfis_35,278
uaqeumhgrr8yuwgnsfis_43,844
uaqeumhgrr8yuwgnsfis_47,172
0fmarvdpajghxcoruz2k_11,135
0fmarvdpajghxcoruz2k_14,943
0fmarvdpajghxcoruz2k_19,258
0fmarvdpajghxcoruz2k_20,258
0fmarvdpajghxcoruz2k_21,258
0fmarvdpajghxcoruz2k_24,294
0fmarvdpajghxcoruz2k_26,1005
0fmarvdpajghxcoruz2k_28,258
0fmarvdpajghxcoruz2k_33,578
0fmarvdpajghxcoruz2k_34,578
0fmarvdpajghxcoruz2k_35,337
0fmarvdpajghxcoruz2k_37,422
0fmarvdpajghxcoruz2k_41,578
0fmarvdpajghxcoruz2k_43,34
0fmarvdpajghxcoruz2k_48,165
0fmarvdpajghxcoruz2k_52,933
0fmarvdpajghxcoruz2k_62,337
vygzdbgipbovuvmgctkp_15,278
vygzdbgipbovuvmgctkp_19,841
vygzdbgipbovuvmgctkp_20,841
vygzdbgipbovuvmgctkp_21,317
vygzdbgipbovuvmgctkp_22,34
vygzdbgipbovuvmgctkp_23,258
vygzdbgipbovuvmgctkp_26,440
vygzdbgipbovuvmgctkp_30,258
vygzdbgipbovuvmgctkp_34,943
vygzdbgipbovuvmgctkp_35,354
vygzdbgipbovuvmgctkp_39,933
vygzdbgipbovuvmgctkp_41,34
vygzdbgipbovuvmgctkp_42,994
vygzdbgipbovuvmgctkp_47,279
vygzdbgipbovuvmgctkp_49,876
vygzdbgipbovuvmgctkp_55,34
vygzdbgipbovuvmgctkp_56,258
vygzdbgipbovuvmgctkp_57,726
vygzdbgipbovuvmgctkp_58,933
vygzdbgipbovuvmgctkp_63,933
wnrhwopt74jlwphj8rnf_2,342
wnrhwopt74jlwphj8rnf_3,578
wnrhwopt74jlwphj8rnf_8,1005
wnrhwopt74jlwphj8rnf_9,1005
wnrhwopt74jlwphj8rnf_10,1005
wnrhwopt74jlwphj8rnf_12,34
wnrhwopt74jlwphj8rnf_13,317
wnrhwopt74jlwphj8rnf_16,1005
wnrhwopt74jlwphj8rnf_18,1005
wnrhwopt74jlwphj8rnf_20,1005
wnrhwopt74jlwphj8rnf_28,1005
wnrhwopt74jlwphj8rnf_35,1005
wnrhwopt74jlwphj8rnf_43,394
wnrhwopt74jlwphj8rnf_48,874
wnrhwopt74jlwphj8rnf_49,874
wnrhwopt74jlwphj8rnf_50,766
wnrhwopt74jlwphj8rnf_56,933
0n7ku7bzqwzuc23vq6h8_4,1005
0n7ku7bzqwzuc23vq6h8_5,1005
0n7ku7bzqwzuc23vq6h8_7,956
0n7ku7bzqwzuc23vq6h8_15,620
0n7ku7bzqwzuc23vq6h8_16,165
0n7ku7bzqwzuc23vq6h8_23,879
0n7ku7bzqwzuc23vq6h8_26,1005
0n7ku7bzqwzuc23vq6h8_32,165
0n7ku7bzqwzuc23vq6h8_45,578
0n7ku7bzqwzuc23vq6h8_49,1005
tjnjqrjq45sdnvfjjbmg_1,440
tjnjqrjq45sdnvfjjbmg_2,477
tjnjqrjq45sdnvfjjbmg_5,384
tjnjqrjq45sdnvfjjbmg_6,34
tjnjqrjq45sdnvfjjbmg_11,1005
tjnjqrjq45sdnvfjjbmg_15,34
tjnjqrjq45sdnvfjjbmg_20,1005
tjnjqrjq45sdnvfjjbmg_27,477
tjnjqrjq45sdnvfjjbmg_29,161
tjnjqrjq45sdnvfjjbmg_30,977
tjnjqrjq45sdnvfjjbmg_31,34
tjnjqrjq45sdnvfjjbmg_35,477
tjnjqrjq45sdnvfjjbmg_39,977
tjnjqrjq45sdnvfjjbmg_44,381
tjnjqrjq45sdnvfjjbmg_45,712
tjnjqrjq45sdnvfjjbmg_46,648
tjnjqrjq45sdnvfjjbmg_47,977
dvrqlfom6ncfj6dm8qj0_11,22
dvrqlfom6ncfj6dm8qj0_18,325
dvrqlfom6ncfj6dm8qj0_19,325
dvrqlfom6ncfj6dm8qj0_20,325
dvrqlfom6ncfj6dm8qj0_24,726
dvrqlfom6ncfj6dm8qj0_25,278
dvrqlfom6ncfj6dm8qj0_27,325
dvrqlfom6ncfj6dm8qj0_28,338
dvrqlfom6ncfj6dm8qj0_29,851
dvrqlfom6ncfj6dm8qj0_30,804
dvrqlfom6ncfj6dm8qj0_33,300
dvrqlfom6ncfj6dm8qj0_34,278
dvrqlfom6ncfj6dm8qj0_36,161
dvrqlfom6ncfj6dm8qj0_37,342
dvrqlfom6ncfj6dm8qj0_56,933
dvrqlfom6ncfj6dm8qj0_58,933
dvrqlfom6ncfj6dm8qj0_59,637
1w9s7ngh329cledpdpwm_6,1005
1w9s7ngh329cledpdpwm_12,1005
1w9s7ngh329cledpdpwm_14,1005
1w9s7ngh329cledpdpwm_20,1005
1w9s7ngh329cledpdpwm_35,1005
1w9s7ngh329cledpdpwm_40,578
1w9s7ngh329cledpdpwm_41,1005
1w9s7ngh329cledpdpwm_57,1005
frjtg5vnn4zoe426asyy_17,491
frjtg5vnn4zoe426asyy_22,1005
frjtg5vnn4zoe426asyy_24,278
frjtg5vnn4zoe426asyy_28,1005
frjtg5vnn4zoe426asyy_29,750
frjtg5vnn4zoe426asyy_38,1005
frjtg5vnn4zoe426asyy_45,342
frjtg5vnn4zoe426asyy_57,258
frjtg5vnn4zoe426asyy_59,637
frjtg5vnn4zoe426asyy_60,844
8j7g2o9eac5kafvgnsji_0,422
8j7g2o9eac5kafvgnsji_1,422
8j7g2o9eac5kafvgnsji_2,422
8j7g2o9eac5kafvgnsji_7,422
8j7g2o9eac5kafvgnsji_8,422
8j7g2o9eac5kafvgnsji_9,422
8j7g2o9eac5kafvgnsji_13,422
8j7g2o9eac5kafvgnsji_14,422
8j7g2o9eac5kafvgnsji_16,702
8j7g2o9eac5kafvgnsji_17,526
8j7g2o9eac5kafvgnsji_19,422
8j7g2o9eac5kafvgnsji_20,422
8j7g2o9eac5kafvgnsji_21,430
8j7g2o9eac5kafvgnsji_24,245
8j7g2o9eac5kafvgnsji_25,430
8j7g2o9eac5kafvgnsji_26,929
8j7g2o9eac5kafvgnsji_27,430
8j7g2o9eac5kafvgnsji_28,844
8j7g2o9eac5kafvgnsji_32,430
xqdvckejdprs5fxm5wec_4,338
xqdvckejdprs5fxm5wec_5,781
xqdvckejdprs5fxm5wec_14,977
xqdvckejdprs5fxm5wec_20,34
xqdvckejdprs5fxm5wec_21,34
xqdvckejdprs5fxm5wec_26,1005
xqdvckejdprs5fxm5wec_39,34
xqdvckejdprs5fxm5wec_41,278
xqdvckejdprs5fxm5wec_46,34
xqdvckejdprs5fxm5wec_48,34
xqdvckejdprs5fxm5wec_49,34
xqdvckejdprs5fxm5wec_54,161
xqdvckejdprs5fxm5wec_55,704
xqdvckejdprs5fxm5wec_62,381
mj2jmlan139furpdp7u2_8,607
mj2jmlan139furpdp7u2_9,294
mj2jmlan139furpdp7u2_10,294
mj2jmlan139furpdp7u2_12,106
mj2jmlan139furpdp7u2_16,165
mj2jmlan139furpdp7u2_21,648
mj2jmlan139furpdp7u2_25,950
mj2jmlan139furpdp7u2_27,34
mj2jmlan139furpdp7u2_28,338
mj2jmlan139furpdp7u2_33,384
mj2jmlan139furpdp7u2_34,704
mj2jmlan139furpdp7u2_37,648
mj2jmlan139furpdp7u2_52,135
mj2jmlan139furpdp7u2_53,648
mj2jmlan139furpdp7u2_60,482
mj2jmlan139furpdp7u2_61,90
zcfzw6tijjkb4u0el7u0_2,578
zcfzw6tijjkb4u0el7u0_3,1005
zcfzw6tijjkb4u0el7u0_9,165
zcfzw6tijjkb4u0el7u0_10,578
zcfzw6tijjkb4u0el7u0_11,1005
zcfzw6tijjkb4u0el7u0_18,1005
zcfzw6tijjkb4u0el7u0_20,1005
zcfzw6tijjkb4u0el7u0_22,1005
zcfzw6tijjkb4u0el7u0_25,977
zcfzw6tijjkb4u0el7u0_28,1005
zcfzw6tijjkb4u0el7u0_30,1005
zcfzw6tijjkb4u0el7u0_32,342
zcfzw6tijjkb4u0el7u0_36,750
zcfzw6tijjkb4u0el7u0_38,1005
zcfzw6tijjkb4u0el7u0_41,394
zcfzw6tijjkb4u0el7u0_44,392
zcfzw6tijjkb4u0el7u0_46,1005
zcfzw6tijjkb4u0el7u0_52,977
zcfzw6tijjkb4u0el7u0_54,882
r5vkoeq4uexmmq042hx4_2,384
r5vkoeq4uexmmq042hx4_5,977
r5vkoeq4uexmmq042hx4_10,161
r5vkoeq4uexmmq042hx4_12,34
r5vkoeq4uexmmq042hx4_14,578
r5vkoeq4uexmmq042hx4_15,440
r5vkoeq4uexmmq042hx4_16,34
r5vkoeq4uexmmq042hx4_17,34
r5vkoeq4uexmmq042hx4_19,34
r5vkoeq4uexmmq042hx4_20,34
r5vkoeq4uexmmq042hx4_21,34
r5vkoeq4uexmmq042hx4_24,165
r5vkoeq4uexmmq042hx4_33,578
r5vkoeq4uexmmq042hx4_50,578
r5vkoeq4uexmmq042hx4_55,34
r5vkoeq4uexmmq042hx4_63,34
da9ujoh70d8qiephmybu_1,18
da9ujoh70d8qiephmybu_3,687
da9ujoh70d8qiephmybu_16,750
da9ujoh70d8qiephmybu_26,278
da9ujoh70d8qiephmybu_28,491
da9ujoh70d8qiephmybu_30,317
da9ujoh70d8qiephmybu_35,34
da9ujoh70d8qiephmybu_38,35
da9ujoh70d8qiephmybu_44,882
da9ujoh70d8qiephmybu_45,882
da9ujoh70d8qiephmybu_48,279
da9ujoh70d8qiephmybu_49,933
da9ujoh70d8qiephmybu_53,342
da9ujoh70d8qiephmybu_54,394
da9ujoh70d8qiephmybu_55,620
da9ujoh70d8qiephmybu_57,933
da9ujoh70d8qiephmybu_58,384
da9ujoh70d8qiephmybu_61,712
y7ykixeijok7vrrhcxi7_2,278
y7ykixeijok7vrrhcxi7_3,440
y7ykixeijok7vrrhcxi7_4,278
y7ykixeijok7vrrhcxi7_5,384
y7ykixeijok7vrrhcxi7_12,278
y7ykixeijok7vrrhcxi7_13,34
y7ykixeijok7vrrhcxi7_17,34
y7ykixeijok7vrrhcxi7_21,34
y7ykixeijok7vrrhcxi7_24,294
y7ykixeijok7vrrhcxi7_25,440
y7ykixeijok7vrrhcxi7_29,34
y7ykixeijok7vrrhcxi7_35,438
y7ykixeijok7vrrhcxi7_36,34
y7ykixeijok7vrrhcxi7_47,161
zlgk1t0vcmdh7p72z9mf_0,841
zlgk1t0vcmdh7p72z9mf_1,491
zlgk1t0vcmdh7p72z9mf_8,841
zlgk1t0vcmdh7p72z9mf_9,518
zlgk1t0vcmdh7p72z9mf_10,568
zlgk1t0vcmdh7p72z9mf_20,568
zlgk1t0vcmdh7p72z9mf_21,841
zlgk1t0vcmdh7p72z9mf_23,568
zlgk1t0vcmdh7p72z9mf_25,568
zlgk1t0vcmdh7p72z9mf_27,841
zlgk1t0vcmdh7p72z9mf_28,754
zlgk1t0vcmdh7p72z9mf_29,841
zlgk1t0vcmdh7p72z9mf_30,568
zlgk1t0vcmdh7p72z9mf_32,841
zlgk1t0vcmdh7p72z9mf_33,568
zlgk1t0vcmdh7p72z9mf_34,754
zlgk1t0vcmdh7p72z9mf_35,754
zlgk1t0vcmdh7p72z9mf_37,568
zlgk1t0vcmdh7p72z9mf_42,754
zlgk1t0vcmdh7p72z9mf_51,754
vlc4le1m86gxzbr6ek1f_1,841
vlc4le1m86gxzbr6ek1f_9,841
vlc4le1m86gxzbr6ek1f_13,615
vlc4le1m86gxzbr6ek1f_16,754
vlc4le1m86gxzbr6ek1f_17,754
vlc4le1m86gxzbr6ek1f_19,754
vlc4le1m86gxzbr6ek1f_30,754
vlc4le1m86gxzbr6ek1f_35,754
vlc4le1m86gxzbr6ek1f_37,754
vlc4le1m86gxzbr6ek1f_43,841
vlc4le1m86gxzbr6ek1f_44,841
vlc4le1m86gxzbr6ek1f_62,841
ryy2vz3z04r43ueib6mg_10,841
ryy2vz3z04r43ueib6mg_12,568
ryy2vz3z04r43ueib6mg_15,620
ryy2vz3z04r43ueib6mg_16,518
ryy2vz3z04r43ueib6mg_20,568
ryy2vz3z04r43ueib6mg_23,568
ryy2vz3z04r43ueib6mg_24,568
ryy2vz3z04r43ueib6mg_29,841
ryy2vz3z04r43ueib6mg_38,568
ryy2vz3z04r43ueib6mg_39,841
ryy2vz3z04r43ueib6mg_40,754
ryy2vz3z04r43ueib6mg_41,615
ryy2vz3z04r43ueib6mg_48,754
ryy2vz3z04r43ueib6mg_51,754
ryy2vz3z04r43ueib6mg_54,568
ryy2vz3z04r43ueib6mg_55,568
5htapfs3395wu0re0yha_8,841
5htapfs3395wu0re0yha_16,841
5htapfs3395wu0re0yha_19,568
5htapfs3395wu0re0yha_21,841
5htapfs3395wu0re0yha_22,568
5htapfs3395wu0re0yha_25,568
5htapfs3395wu0re0yha_26,568
5htapfs3395wu0re0yha_28,568
5htapfs3395wu0re0yha_31,841
5htapfs3395wu0re0yha_38,568
5htapfs3395wu0re0yha_41,568
5htapfs3395wu0re0yha_43,568
5htapfs3395wu0re0yha_46,568
5htapfs3395wu0re0yha_50,754
5htapfs3395wu0re0yha_52,568
5htapfs3395wu0re0yha_61,754
wch5rkulq9lemd7obflm_6,754
wch5rkulq9lemd7obflm_8,370
wch5rkulq9lemd7obflm_9,568
wch5rkulq9lemd7obflm_10,841
wch5rkulq9lemd7obflm_12,841
wch5rkulq9lemd7obflm_13,754
wch5rkulq9lemd7obflm_16,568
wch5rkulq9lemd7obflm_21,568
wch5rkulq9lemd7obflm_22,754
wch5rkulq9lemd7obflm_23,754
wch5rkulq9lemd7obflm_24,754
wch5rkulq9lemd7obflm_28,754
wch5rkulq9lemd7obflm_40,568
wch5rkulq9lemd7obflm_43,754
wch5rkulq9lemd7obflm_50,754
wch5rkulq9lemd7obflm_52,841
wch5rkulq9lemd7obflm_56,841
wch5rkulq9lemd7obflm_59,568
wch5rkulq9lemd7obflm_60,568
wch5rkulq9lemd7obflm_62,568
rcox3a3bvl4g4si086un_25,568
rcox3a3bvl4g4si086un_29,841
rcox3a3bvl4g4si086un_40,568
rcox3a3bvl4g4si086un_44,568
rcox3a3bvl4g4si086un_45,568
rcox3a3bvl4g4si086un_46,841
rcox3a3bvl4g4si086un_50,754
rcox3a3bvl4g4si086un_54,841
zed035kwhw1lb44ukhj5_4,568
zed035kwhw1lb44ukhj5_9,841
zed035kwhw1lb44ukhj5_10,841
zed035kwhw1lb44ukhj5_23,568
zed035kwhw1lb44ukhj5_26,841
zed035kwhw1lb44ukhj5_28,568
zed035kwhw1lb44ukhj5_31,568
zed035kwhw1lb44ukhj5_32,568
zed035kwhw1lb44ukhj5_34,754
zed035kwhw1lb44ukhj5_36,754
zed035kwhw1lb44ukhj5_38,568
zed035kwhw1lb44ukhj5_44,754
zed035kwhw1lb44ukhj5_45,568
zed035kwhw1lb44ukhj5_47,568
zed035kwhw1lb44ukhj5_50,754
sr3lm2miwx6cwk7roifx_3,841
sr3lm2miwx6cwk7roifx_4,841
sr3lm2miwx6cwk7roifx_5,568
sr3lm2miwx6cwk7roifx_9,568
sr3lm2miwx6cwk7roifx_14,841
sr3lm2miwx6cwk7roifx_15,841
sr3lm2miwx6cwk7roifx_17,754
sr3lm2miwx6cwk7roifx_20,568
sr3lm2miwx6cwk7roifx_24,841
sr3lm2miwx6cwk7roifx_25,754
sr3lm2miwx6cwk7roifx_30,568
sr3lm2miwx6cwk7roifx_31,841
sr3lm2miwx6cwk7roifx_34,841
sr3lm2miwx6cwk7roifx_41,841
sr3lm2miwx6cwk7roifx_46,754
sr3lm2miwx6cwk7roifx_53,754
sr3lm2miwx6cwk7roifx_58,754
sr3lm2miwx6cwk7roifx_61,754
uxb4lg95g9f5t1oeygwn_0,75
uxb4lg95g9f5t1oeygwn_5,518
uxb4lg95g9f5t1oeygwn_7,568
uxb4lg95g9f5t1oeygwn_13,518
uxb4lg95g9f5t1oeygwn_18,841
uxb4lg95g9f5t1oeygwn_23,615
uxb4lg95g9f5t1oeygwn_51,841
uxb4lg95g9f5t1oeygwn_54,568
nm0tjckba2gmv03gwq5x_7,754
nm0tjckba2gmv03gwq5x_10,754
nm0tjckba2gmv03gwq5x_11,754
nm0tjckba2gmv03gwq5x_17,754
nm0tjckba2gmv03gwq5x_32,754
nm0tjckba2gmv03gwq5x_34,754
nm0tjckba2gmv03gwq5x_35,754
nm0tjckba2gmv03gwq5x_41,841
nm0tjckba2gmv03gwq5x_45,754
nm0tjckba2gmv03gwq5x_51,568
nm0tjckba2gmv03gwq5x_56,568
nm0tjckba2gmv03gwq5x_59,568
nm0tjckba2gmv03gwq5x_60,754
nuxnj61xpaydb8qyreht_17,568
nuxnj61xpaydb8qyreht_22,568
nuxnj61xpaydb8qyreht_23,568
nuxnj61xpaydb8qyreht_24,568
nuxnj61xpaydb8qyreht_25,568
nuxnj61xpaydb8qyreht_35,754
nuxnj61xpaydb8qyreht_38,568
nuxnj61xpaydb8qyreht_42,568
nuxnj61xpaydb8qyreht_44,841
nuxnj61xpaydb8qyreht_46,568
wkd38vxcga51lx44a3u8_3,754
wkd38vxcga51lx44a3u8_12,754
wkd38vxcga51lx44a3u8_28,754
wkd38vxcga51lx44a3u8_39,754
wkd38vxcga51lx44a3u8_42,841
wkd38vxcga51lx44a3u8_45,615
wkd38vxcga51lx44a3u8_50,568
wkd38vxcga51lx44a3u8_57,841
wkd38vxcga51lx44a3u8_59,568
02z4azk140h4d642ljha_3,754
02z4azk140h4d642ljha_7,615
02z4azk140h4d642ljha_8,615
02z4azk140h4d642ljha_11,754
02z4azk140h4d642ljha_21,754
02z4azk140h4d642ljha_24,568
02z4azk140h4d642ljha_27,841
02z4azk140h4d642ljha_32,841
02z4azk140h4d642ljha_33,841
02z4azk140h4d642ljha_41,754
02z4azk140h4d642ljha_42,568
02z4azk140h4d642ljha_45,568
02z4azk140h4d642ljha_46,568
02z4azk140h4d642ljha_50,754
02z4azk140h4d642ljha_61,754
4w5bizoulfurpbhwie1j_2,568
4w5bizoulfurpbhwie1j_16,568
4w5bizoulfurpbhwie1j_17,568
4w5bizoulfurpbhwie1j_23,754
4w5bizoulfurpbhwie1j_31,568
4w5bizoulfurpbhwie1j_40,841
4w5bizoulfurpbhwie1j_46,754
4w5bizoulfurpbhwie1j_48,615
4w5bizoulfurpbhwie1j_58,568
4katkjl9o379mau6dgce_3,754
4katkjl9o379mau6dgce_6,754
4katkjl9o379mau6dgce_7,754
4katkjl9o379mau6dgce_9,841
4katkjl9o379mau6dgce_11,754
4katkjl9o379mau6dgce_19,754
4katkjl9o379mau6dgce_27,615
4katkjl9o379mau6dgce_28,754
4katkjl9o379mau6dgce_33,754
4katkjl9o379mau6dgce_34,754
4katkjl9o379mau6dgce_40,568
4katkjl9o379mau6dgce_41,568
4katkjl9o379mau6dgce_49,615
4katkjl9o379mau6dgce_53,754
4katkjl9o379mau6dgce_57,568
4katkjl9o379mau6dgce_58,841
4katkjl9o379mau6dgce_59,754
vmsad9dq017q1fshvnxz_0,568
vmsad9dq017q1fshvnxz_1,841
vmsad9dq017q1fshvnxz_3,568
vmsad9dq017q1fshvnxz_26,754
vmsad9dq017q1fshvnxz_30,568
vmsad9dq017q1fshvnxz_40,754
vmsad9dq017q1fshvnxz_42,841
vmsad9dq017q1fshvnxz_45,754
vmsad9dq017q1fshvnxz_47,754
vmsad9dq017q1fshvnxz_50,754
vmsad9dq017q1fshvnxz_57,754
9hhe2xc9zom4wdid60ym_2,568
9hhe2xc9zom4wdid60ym_6,841
9hhe2xc9zom4wdid60ym_10,841
9hhe2xc9zom4wdid60ym_15,841
9hhe2xc9zom4wdid60ym_20,568
9hhe2xc9zom4wdid60ym_25,754
9hhe2xc9zom4wdid60ym_27,841
9hhe2xc9zom4wdid60ym_29,754
9hhe2xc9zom4wdid60ym_30,568
9hhe2xc9zom4wdid60ym_38,568
9hhe2xc9zom4wdid60ym_49,754
9hhe2xc9zom4wdid60ym_56,754
9hhe2xc9zom4wdid60ym_58,615
44umnjln8jgps36ikqou_2,568
44umnjln8jgps36ikqou_3,568
44umnjln8jgps36ikqou_6,841
44umnjln8jgps36ikqou_9,568
44umnjln8jgps36ikqou_11,568
44umnjln8jgps36ikqou_12,841
44umnjln8jgps36ikqou_19,615
44umnjln8jgps36ikqou_22,568
44umnjln8jgps36ikqou_28,568
44umnjln8jgps36ikqou_31,568
44umnjln8jgps36ikqou_33,754
44umnjln8jgps36ikqou_36,568
44umnjln8jgps36ikqou_43,754
44umnjln8jgps36ikqou_44,754
44umnjln8jgps36ikqou_49,568
44umnjln8jgps36ikqou_51,754
44umnjln8jgps36ikqou_54,754
44umnjln8jgps36ikqou_59,754
44umnjln8jgps36ikqou_63,568
fyndc222v1pzb83q1kl8_7,933
fyndc222v1pzb83q1kl8_20,1015
fyndc222v1pzb83q1kl8_27,1015
fyndc222v1pzb83q1kl8_31,108
fyndc222v1pzb83q1kl8_40,294
fyndc222v1pzb83q1kl8_43,1015
fyndc222v1pzb83q1kl8_44,1015
fyndc222v1pzb83q1kl8_50,1015
fyndc222v1pzb83q1kl8_52,876
fyndc222v1pzb83q1kl8_54,807
fe19jiabxa5bqvj25c37_0,279
fe19jiabxa5bqvj25c37_9,39
fe19jiabxa5bqvj25c37_10,39
fe19jiabxa5bqvj25c37_13,943
fe19jiabxa5bqvj25c37_14,607
fe19jiabxa5bqvj25c37_15,279
fe19jiabxa5bqvj25c37_16,279
fe19jiabxa5bqvj25c37_17,279
fe19jiabxa5bqvj25c37_18,279
fe19jiabxa5bqvj25c37_19,39
fe19jiabxa5bqvj25c37_20,279
fe19jiabxa5bqvj25c37_30,279
fe19jiabxa5bqvj25c37_31,279
fe19jiabxa5bqvj25c37_32,933
fe19jiabxa5bqvj25c37_40,279
fe19jiabxa5bqvj25c37_41,279
fe19jiabxa5bqvj25c37_43,135
fe19jiabxa5bqvj25c37_52,135
fe19jiabxa5bqvj25c37_56,960
fe19jiabxa5bqvj25c37_58,135
7u3mr4cc3n8hk01mpgvw_2,687
7u3mr4cc3n8hk01mpgvw_10,362
7u3mr4cc3n8hk01mpgvw_17,513
7u3mr4cc3n8hk01mpgvw_18,325
7u3mr4cc3n8hk01mpgvw_24,135
7u3mr4cc3n8hk01mpgvw_31,620
7u3mr4cc3n8hk01mpgvw_32,279
7u3mr4cc3n8hk01mpgvw_40,279
7u3mr4cc3n8hk01mpgvw_46,300
7u3mr4cc3n8hk01mpgvw_47,279
7u3mr4cc3n8hk01mpgvw_61,440
0axlt1106p2e4ipavi8r_4,919
0axlt1106p2e4ipavi8r_9,18
0axlt1106p2e4ipavi8r_12,919
0axlt1106p2e4ipavi8r_20,394
0axlt1106p2e4ipavi8r_33,878
0axlt1106p2e4ipavi8r_34,878
0axlt1106p2e4ipavi8r_36,445
0axlt1106p2e4ipavi8r_37,445
0axlt1106p2e4ipavi8r_42,445
0axlt1106p2e4ipavi8r_44,876
0axlt1106p2e4ipavi8r_45,876
0axlt1106p2e4ipavi8r_46,762
0axlt1106p2e4ipavi8r_47,440
0axlt1106p2e4ipavi8r_49,121
0axlt1106p2e4ipavi8r_51,121
0axlt1106p2e4ipavi8r_53,121
5iow46wnnrla99kpyc58_6,687
5iow46wnnrla99kpyc58_13,648
5iow46wnnrla99kpyc58_14,687
5iow46wnnrla99kpyc58_30,106
5iow46wnnrla99kpyc58_37,172
5iow46wnnrla99kpyc58_41,325
5iow46wnnrla99kpyc58_43,445
5iow46wnnrla99kpyc58_45,176
5iow46wnnrla99kpyc58_48,108
5iow46wnnrla99kpyc58_53,445
5iow46wnnrla99kpyc58_54,620
gcraza9fwa70ebfho19l_8,807
gcraza9fwa70ebfho19l_12,768
gcraza9fwa70ebfho19l_26,878
gcraza9fwa70ebfho19l_27,878
gcraza9fwa70ebfho19l_30,768
gcraza9fwa70ebfho19l_50,1006
gcraza9fwa70ebfho19l_51,121
gcraza9fwa70ebfho19l_52,878
gcraza9fwa70ebfho19l_56,465
gcraza9fwa70ebfho19l_62,977
k7zxo5jdx8uh1aujm2t4_5,687
k7zxo5jdx8uh1aujm2t4_6,491
k7zxo5jdx8uh1aujm2t4_10,477
k7zxo5jdx8uh1aujm2t4_11,548
k7zxo5jdx8uh1aujm2t4_12,477
k7zxo5jdx8uh1aujm2t4_14,712
k7zxo5jdx8uh1aujm2t4_15,294
k7zxo5jdx8uh1aujm2t4_16,1006
k7zxo5jdx8uh1aujm2t4_18,121
k7zxo5jdx8uh1aujm2t4_19,161
k7zxo5jdx8uh1aujm2t4_20,362
k7zxo5jdx8uh1aujm2t4_34,258
k7zxo5jdx8uh1aujm2t4_41,897
k7zxo5jdx8uh1aujm2t4_48,1006
k7zxo5jdx8uh1aujm2t4_49,1015
k7zxo5jdx8uh1aujm2t4_50,278
k7zxo5jdx8uh1aujm2t4_59,1015
nhlpwwm51mi7eb2e6md9_12,493
nhlpwwm51mi7eb2e6md9_13,1015
nhlpwwm51mi7eb2e6md9_20,362
nhlpwwm51mi7eb2e6md9_21,519
nhlpwwm51mi7eb2e6md9_37,278
nhlpwwm51mi7eb2e6md9_40,294
nhlpwwm51mi7eb2e6md9_41,854
nhlpwwm51mi7eb2e6md9_46,106
nhlpwwm51mi7eb2e6md9_51,878
nhlpwwm51mi7eb2e6md9_52,878
nhlpwwm51mi7eb2e6md9_53,445
nhlpwwm51mi7eb2e6md9_56,278
nhlpwwm51mi7eb2e6md9_62,807
nhlpwwm51mi7eb2e6md9_63,807
zciyj3j1y357hmns6vv3_3,904
zciyj3j1y357hmns6vv3_4,445
zciyj3j1y357hmns6vv3_6,75
zciyj3j1y357hmns6vv3_7,75
zciyj3j1y357hmns6vv3_8,491
zciyj3j1y357hmns6vv3_10,878
zciyj3j1y357hmns6vv3_15,781
zciyj3j1y357hmns6vv3_20,337
zciyj3j1y357hmns6vv3_21,121
zciyj3j1y357hmns6vv3_27,121
zciyj3j1y357hmns6vv3_28,121
zciyj3j1y357hmns6vv3_38,121
zciyj3j1y357hmns6vv3_44,1015
zciyj3j1y357hmns6vv3_46,258
zciyj3j1y357hmns6vv3_49,445
zciyj3j1y357hmns6vv3_50,807
zciyj3j1y357hmns6vv3_55,919
zciyj3j1y357hmns6vv3_58,201
zciyj3j1y357hmns6vv3_62,381
i174nmd651jggga61rt8_2,687
i174nmd651jggga61rt8_9,325
i174nmd651jggga61rt8_10,325
i174nmd651jggga61rt8_18,362
i174nmd651jggga61rt8_26,325
i174nmd651jggga61rt8_33,445
i174nmd651jggga61rt8_43,445
i174nmd651jggga61rt8_44,445
i174nmd651jggga61rt8_48,878
i174nmd651jggga61rt8_51,878
i174nmd651jggga61rt8_53,445
i174nmd651jggga61rt8_62,807
1mm79hijctneabec5f7t_1,258
1mm79hijctneabec5f7t_3,956
1mm79hijctneabec5f7t_4,956
1mm79hijctneabec5f7t_10,258
1mm79hijctneabec5f7t_16,258
1mm79hijctneabec5f7t_18,258
1mm79hijctneabec5f7t_26,258
1mm79hijctneabec5f7t_28,362
1mm79hijctneabec5f7t_33,337
1mm79hijctneabec5f7t_34,337
1mm79hijctneabec5f7t_41,337
1mm79hijctneabec5f7t_42,337
1mm79hijctneabec5f7t_43,844
1mm79hijctneabec5f7t_50,919
1mm79hijctneabec5f7t_51,844
1mm79hijctneabec5f7t_52,637
1mm79hijctneabec5f7t_57,201
1mm79hijctneabec5f7t_60,90
1mm79hijctneabec5f7t_61,637
2wxzra75u3105jvo3kkn_5,278
2wxzra75u3105jvo3kkn_6,32
2wxzra75u3105jvo3kkn_12,278
2wxzra75u3105jvo3kkn_13,1015
2wxzra75u3105jvo3kkn_15,440
2wxzra75u3105jvo3kkn_20,1015
2wxzra75u3105jvo3kkn_22,278
2wxzra75u3105jvo3kkn_27,1015
2wxzra75u3105jvo3kkn_34,1015
2wxzra75u3105jvo3kkn_35,1015
2wxzra75u3105jvo3kkn_37,278
2wxzra75u3105jvo3kkn_41,677
2wxzra75u3105jvo3kkn_42,1015
2wxzra75u3105jvo3kkn_43,1015
2wxzra75u3105jvo3kkn_44,1015
2wxzra75u3105jvo3kkn_48,165
2wxzra75u3105jvo3kkn_49,904
2wxzra75u3105jvo3kkn_50,279
2wxzra75u3105jvo3kkn_56,402
2wxzra75u3105jvo3kkn_57,933
1j3vj87b5yw0yr7s5qvi_0,702
1j3vj87b5yw0yr7s5qvi_1,702
1j3vj87b5yw0yr7s5qvi_2,702
1j3vj87b5yw0yr7s5qvi_3,702
1j3vj87b5yw0yr7s5qvi_8,702
1j3vj87b5yw0yr7s5qvi_9,702
1j3vj87b5yw0yr7s5qvi_10,702
1j3vj87b5yw0yr7s5qvi_15,702
1j3vj87b5yw0yr7s5qvi_16,702
1j3vj87b5yw0yr7s5qvi_17,702
1j3vj87b5yw0yr7s5qvi_18,702
1j3vj87b5yw0yr7s5qvi_22,325
1j3vj87b5yw0yr7s5qvi_24,662
1j3vj87b5yw0yr7s5qvi_25,19
1j3vj87b5yw0yr7s5qvi_32,422
1j3vj87b5yw0yr7s5qvi_39,662
1j3vj87b5yw0yr7s5qvi_63,662
jfxlquf4tejwxx3fgcpz_35,1015
jfxlquf4tejwxx3fgcpz_36,1015
jfxlquf4tejwxx3fgcpz_38,61
jfxlquf4tejwxx3fgcpz_39,61
jfxlquf4tejwxx3fgcpz_40,35
jfxlquf4tejwxx3fgcpz_41,342
jfxlquf4tejwxx3fgcpz_44,648
jfxlquf4tejwxx3fgcpz_45,977
jfxlquf4tejwxx3fgcpz_48,874
jfxlquf4tejwxx3fgcpz_50,392
jfxlquf4tejwxx3fgcpz_51,342
jfxlquf4tejwxx3fgcpz_56,161
jfxlquf4tejwxx3fgcpz_57,392
98ipo422uzrubdj3kfnq_15,491
98ipo422uzrubdj3kfnq_22,781
98ipo422uzrubdj3kfnq_27,325
98ipo422uzrubdj3kfnq_28,34
98ipo422uzrubdj3kfnq_29,34
98ipo422uzrubdj3kfnq_32,165
98ipo422uzrubdj3kfnq_33,317
98ipo422uzrubdj3kfnq_34,317
98ipo422uzrubdj3kfnq_35,807
98ipo422uzrubdj3kfnq_36,278
98ipo422uzrubdj3kfnq_40,172
98ipo422uzrubdj3kfnq_41,172
98ipo422uzrubdj3kfnq_42,172
98ipo422uzrubdj3kfnq_45,381
98ipo422uzrubdj3kfnq_46,381
98ipo422uzrubdj3kfnq_48,440
98ipo422uzrubdj3kfnq_49,876
98ipo422uzrubdj3kfnq_50,712
98ipo422uzrubdj3kfnq_51,752
ut0jxqf19krwm8adwos6_2,781
ut0jxqf19krwm8adwos6_3,943
ut0jxqf19krwm8adwos6_5,362
ut0jxqf19krwm8adwos6_6,362
ut0jxqf19krwm8adwos6_7,956
ut0jxqf19krwm8adwos6_8,165
ut0jxqf19krwm8adwos6_9,712
ut0jxqf19krwm8adwos6_10,34
ut0jxqf19krwm8adwos6_11,35
ut0jxqf19krwm8adwos6_12,338
ut0jxqf19krwm8adwos6_14,620
ut0jxqf19krwm8adwos6_15,294
ut0jxqf19krwm8adwos6_16,165
ut0jxqf19krwm8adwos6_17,977
ut0jxqf19krwm8adwos6_18,977
ut0jxqf19krwm8adwos6_19,977
ut0jxqf19krwm8adwos6_24,75
ut0jxqf19krwm8adwos6_42,394
ut0jxqf19krwm8adwos6_43,394
ut0jxqf19krwm8adwos6_46,35
0wq173gumurg033s23bl_4,904
0wq173gumurg033s23bl_10,325
0wq173gumurg033s23bl_11,677
0wq173gumurg033s23bl_15,440
0wq173gumurg033s23bl_17,245
0wq173gumurg033s23bl_18,325
0wq173gumurg033s23bl_19,766
0wq173gumurg033s23bl_21,1015
0wq173gumurg033s23bl_22,278
0wq173gumurg033s23bl_24,726
0wq173gumurg033s23bl_26,766
0wq173gumurg033s23bl_28,719
0wq173gumurg033s23bl_32,300
0wq173gumurg033s23bl_33,394
0wq173gumurg033s23bl_34,844
0wq173gumurg033s23bl_35,719
0wq173gumurg033s23bl_41,430
0wq173gumurg033s23bl_42,874
0wq173gumurg033s23bl_48,430
atcxrn10wc8s6wv7ahtd_23,34
atcxrn10wc8s6wv7ahtd_27,362
atcxrn10wc8s6wv7ahtd_28,876
atcxrn10wc8s6wv7ahtd_32,440
atcxrn10wc8s6wv7ahtd_36,445
atcxrn10wc8s6wv7ahtd_39,279
atcxrn10wc8s6wv7ahtd_42,34
atcxrn10wc8s6wv7ahtd_44,1015
atcxrn10wc8s6wv7ahtd_47,300
atcxrn10wc8s6wv7ahtd_51,876
atcxrn10wc8s6wv7ahtd_56,578
8kku0h3dr2sj2q8vqgs7_11,491
8kku0h3dr2sj2q8vqgs7_18,726
8kku0h3dr2sj2q8vqgs7_19,543
8kku0h3dr2sj2q8vqgs7_21,491
8kku0h3dr2sj2q8vqgs7_22,392
8kku0h3dr2sj2q8vqgs7_24,750
8kku0h3dr2sj2q8vqgs7_26,394
8kku0h3dr2sj2q8vqgs7_27,882
8kku0h3dr2sj2q8vqgs7_28,106
8kku0h3dr2sj2q8vqgs7_29,106
8kku0h3dr2sj2q8vqgs7_30,392
8kku0h3dr2sj2q8vqgs7_31,392
8kku0h3dr2sj2q8vqgs7_34,161
8kku0h3dr2sj2q8vqgs7_35,851
8kku0h3dr2sj2q8vqgs7_36,394
8kku0h3dr2sj2q8vqgs7_37,719
8kku0h3dr2sj2q8vqgs7_41,394
8kku0h3dr2sj2q8vqgs7_46,18
e3x25eh1ena1wsf28429_1,956
e3x25eh1ena1wsf28429_8,294
e3x25eh1ena1wsf28429_10,22
e3x25eh1ena1wsf28429_17,300
e3x25eh1ena1wsf28429_18,646
e3x25eh1ena1wsf28429_20,851
e3x25eh1ena1wsf28429_24,392
e3x25eh1ena1wsf28429_27,646
e3x25eh1ena1wsf28429_30,491
e3x25eh1ena1wsf28429_33,977
e3x25eh1ena1wsf28429_35,849
e3x25eh1ena1wsf28429_41,430
e3x25eh1ena1wsf28429_42,381
e3x25eh1ena1wsf28429_45,849
e3x25eh1ena1wsf28429_46,459
e3x25eh1ena1wsf28429_52,430
e3x25eh1ena1wsf28429_54,747
e3x25eh1ena1wsf28429_55,849
wpl2zpi41dg6f4qin64n_32,977
wpl2zpi41dg6f4qin64n_33,977
wpl2zpi41dg6f4qin64n_35,338
wpl2zpi41dg6f4qin64n_36,88
wpl2zpi41dg6f4qin64n_40,977
wpl2zpi41dg6f4qin64n_42,882
wpl2zpi41dg6f4qin64n_44,750
wpl2zpi41dg6f4qin64n_45,88
wpl2zpi41dg6f4qin64n_48,440
wpl2zpi41dg6f4qin64n_49,161
wpl2zpi41dg6f4qin64n_50,519
wpl2zpi41dg6f4qin64n_51,342
wpl2zpi41dg6f4qin64n_52,1005
wpl2zpi41dg6f4qin64n_53,750
wpl2zpi41dg6f4qin64n_55,172
wpl2zpi41dg6f4qin64n_56,874
wpl2zpi41dg6f4qin64n_60,1005
wpl2zpi41dg6f4qin64n_63,807
no6m4rs6c41b8frco61u_8,956
no6m4rs6c41b8frco61u_9,22
no6m4rs6c41b8frco61u_10,22
no6m4rs6c41b8frco61u_13,362
no6m4rs6c41b8frco61u_16,1015
no6m4rs6c41b8frco61u_23,781
no6m4rs6c41b8frco61u_24,1015
no6m4rs6c41b8frco61u_25,430
no6m4rs6c41b8frco61u_35,719
no6m4rs6c41b8frco61u_38,430
kbpftvg0ist251b9d0mc_9,106
kbpftvg0ist251b9d0mc_17,712
kbpftvg0ist251b9d0mc_24,944
kbpftvg0ist251b9d0mc_25,317
kbpftvg0ist251b9d0mc_26,882
kbpftvg0ist251b9d0mc_29,851
kbpftvg0ist251b9d0mc_32,712
kbpftvg0ist251b9d0mc_33,338
kbpftvg0ist251b9d0mc_34,338
kbpftvg0ist251b9d0mc_35,851
kbpftvg0ist251b9d0mc_36,394
kbpftvg0ist251b9d0mc_37,719
kbpftvg0ist251b9d0mc_43,394
kbpftvg0ist251b9d0mc_45,637
kbpftvg0ist251b9d0mc_55,882
546o8e4f3dsdubcu0j1u_11,1015
546o8e4f3dsdubcu0j1u_16,245
546o8e4f3dsdubcu0j1u_21,702
546o8e4f3dsdubcu0j1u_26,531
546o8e4f3dsdubcu0j1u_29,702
546o8e4f3dsdubcu0j1u_35,1015
546o8e4f3dsdubcu0j1u_46,1015
546o8e4f3dsdubcu0j1u_47,586
546o8e4f3dsdubcu0j1u_53,1015
546o8e4f3dsdubcu0j1u_54,1015
zml1wv5d4cthz2k3db7k_9,32
zml1wv5d4cthz2k3db7k_17,223
zml1wv5d4cthz2k3db7k_18,325
zml1wv5d4cthz2k3db7k_24,440
zml1wv5d4cthz2k3db7k_25,394
zml1wv5d4cthz2k3db7k_26,430
zml1wv5d4cthz2k3db7k_34,377
zml1wv5d4cthz2k3db7k_36,106
zml1wv5d4cthz2k3db7k_45,719
zml1wv5d4cthz2k3db7k_51,61
zml1wv5d4cthz2k3db7k_60,201
zml1wv5d4cthz2k3db7k_61,578
2fibeudj3lnczjt38kba_1,687
2fibeudj3lnczjt38kba_2,687
2fibeudj3lnczjt38kba_3,362
2fibeudj3lnczjt38kba_4,362
2fibeudj3lnczjt38kba_10,325
2fibeudj3lnczjt38kba_11,362
2fibeudj3lnczjt38kba_13,325
2fibeudj3lnczjt38kba_18,342
2fibeudj3lnczjt38kba_19,317
2fibeudj3lnczjt38kba_20,362
2fibeudj3lnczjt38kba_22,362
2fibeudj3lnczjt38kba_27,578
2fibeudj3lnczjt38kba_28,34
2fibeudj3lnczjt38kba_31,933
2fibeudj3lnczjt38kba_36,578
2fibeudj3lnczjt38kba_45,844
2fibeudj3lnczjt38kba_46,430
2fibeudj3lnczjt38kba_55,430
cf56ohwcltfre0lxsuyl_0,135
cf56ohwcltfre0lxsuyl_1,851
cf56ohwcltfre0lxsuyl_10,34
cf56ohwcltfre0lxsuyl_11,362
cf56ohwcltfre0lxsuyl_20,34
cf56ohwcltfre0lxsuyl_22,854
cf56ohwcltfre0lxsuyl_24,165
cf56ohwcltfre0lxsuyl_25,440
cf56ohwcltfre0lxsuyl_26,34
cf56ohwcltfre0lxsuyl_28,34
cf56ohwcltfre0lxsuyl_29,845
cf56ohwcltfre0lxsuyl_30,1023
cf56ohwcltfre0lxsuyl_31,586
cf56ohwcltfre0lxsuyl_35,438
cf56ohwcltfre0lxsuyl_36,394
cf56ohwcltfre0lxsuyl_39,620
cf56ohwcltfre0lxsuyl_46,381
cf56ohwcltfre0lxsuyl_47,844
fcmhwx3at3xaiq9bvag3_1,440
fcmhwx3at3xaiq9bvag3_2,747
fcmhwx3at3xaiq9bvag3_3,657
fcmhwx3at3xaiq9bvag3_5,687
fcmhwx3at3xaiq9bvag3_11,61
fcmhwx3at3xaiq9bvag3_12,35
fcmhwx3at3xaiq9bvag3_19,817
fcmhwx3at3xaiq9bvag3_27,394
fcmhwx3at3xaiq9bvag3_28,61
fcmhwx3at3xaiq9bvag3_36,394
fcmhwx3at3xaiq9bvag3_37,61
fcmhwx3at3xaiq9bvag3_45,61
fcmhwx3at3xaiq9bvag3_46,61
fcmhwx3at3xaiq9bvag3_54,919
fcmhwx3at3xaiq9bvag3_62,381
va2nwi1vsej4dnwtodqu_0,956
va2nwi1vsej4dnwtodqu_1,687
va2nwi1vsej4dnwtodqu_8,578
va2nwi1vsej4dnwtodqu_9,578
va2nwi1vsej4dnwtodqu_10,325
va2nwi1vsej4dnwtodqu_16,34
va2nwi1vsej4dnwtodqu_24,752
va2nwi1vsej4dnwtodqu_25,34
va2nwi1vsej4dnwtodqu_27,491
va2nwi1vsej4dnwtodqu_33,752
va2nwi1vsej4dnwtodqu_36,491
va2nwi1vsej4dnwtodqu_41,381
va2nwi1vsej4dnwtodqu_42,752
va2nwi1vsej4dnwtodqu_45,135
va2nwi1vsej4dnwtodqu_50,807
va2nwi1vsej4dnwtodqu_54,135
gxbs82ozv474116tz6k9_0,526
gxbs82ozv474116tz6k9_8,933
gxbs82ozv474116tz6k9_16,943
gxbs82ozv474116tz6k9_17,933
gxbs82ozv474116tz6k9_18,933
gxbs82ozv474116tz6k9_25,740
gxbs82ozv474116tz6k9_26,39
gxbs82ozv474116tz6k9_27,1015
gxbs82ozv474116tz6k9_32,381
gxbs82ozv474116tz6k9_33,740
gxbs82ozv474116tz6k9_36,34
gxbs82ozv474116tz6k9_37,278
gxbs82ozv474116tz6k9_41,704
gxbs82ozv474116tz6k9_42,740
gxbs82ozv474116tz6k9_46,34
gxbs82ozv474116tz6k9_47,34
gxbs82ozv474116tz6k9_50,147
gxbs82ozv474116tz6k9_51,849
gxbs82ozv474116tz6k9_60,430
gxbs82ozv474116tz6k9_61,578
zmmp4gjl0rt9qre1fxmg_4,687
zmmp4gjl0rt9qre1fxmg_12,35
zmmp4gjl0rt9qre1fxmg_13,317
zmmp4gjl0rt9qre1fxmg_20,750
zmmp4gjl0rt9qre1fxmg_24,874
zmmp4gjl0rt9qre1fxmg_25,741
zmmp4gjl0rt9qre1fxmg_28,392
zmmp4gjl0rt9qre1fxmg_32,165
zmmp4gjl0rt9qre1fxmg_33,882
zmmp4gjl0rt9qre1fxmg_34,882
zmmp4gjl0rt9qre1fxmg_35,394
zmmp4gjl0rt9qre1fxmg_36,342
zmmp4gjl0rt9qre1fxmg_37,637
zmmp4gjl0rt9qre1fxmg_41,648
zmmp4gjl0rt9qre1fxmg_47,384
zmmp4gjl0rt9qre1fxmg_56,402
mww1cj4l808ymlc66mud_11,491
mww1cj4l808ymlc66mud_19,325
mww1cj4l808ymlc66mud_20,325
mww1cj4l808ymlc66mud_28,362
mww1cj4l808ymlc66mud_29,362
mww1cj4l808ymlc66mud_35,491
mww1cj4l808ymlc66mud_36,491
mww1cj4l808ymlc66mud_37,1015
mww1cj4l808ymlc66mud_38,278
mww1cj4l808ymlc66mud_43,135
mww1cj4l808ymlc66mud_47,875
mww1cj4l808ymlc66mud_49,235
mww1cj4l808ymlc66mud_50,943
mww1cj4l808ymlc66mud_51,279
mww1cj4l808ymlc66mud_52,279
mww1cj4l808ymlc66mud_56,1022
mww1cj4l808ymlc66mud_58,933
mww1cj4l808ymlc66mud_60,704
rgdoiz25fz1rj03ayl3y_16,929
rgdoiz25fz1rj03ayl3y_17,362
rgdoiz25fz1rj03ayl3y_24,531
rgdoiz25fz1rj03ayl3y_25,531
rgdoiz25fz1rj03ayl3y_26,362
rgdoiz25fz1rj03ayl3y_27,362
rgdoiz25fz1rj03ayl3y_32,874
rgdoiz25fz1rj03ayl3y_33,766
rgdoiz25fz1rj03ayl3y_34,440
rgdoiz25fz1rj03ayl3y_35,34
rgdoiz25fz1rj03ayl3y_37,278
rgdoiz25fz1rj03ayl3y_40,874
rgdoiz25fz1rj03ayl3y_41,191
rgdoiz25fz1rj03ayl3y_42,394
rgdoiz25fz1rj03ayl3y_43,438
rgdoiz25fz1rj03ayl3y_47,34
rgdoiz25fz1rj03ayl3y_51,394
rgdoiz25fz1rj03ayl3y_52,34
rgdoiz25fz1rj03ayl3y_61,578
u0zu7lmricfqnyqorb0s_2,362
u0zu7lmricfqnyqorb0s_3,362
u0zu7lmricfqnyqorb0s_4,317
u0zu7lmricfqnyqorb0s_10,851
u0zu7lmricfqnyqorb0s_19,392
u0zu7lmricfqnyqorb0s_20,882
u0zu7lmricfqnyqorb0s_21,338
u0zu7lmricfqnyqorb0s_29,1005
u0zu7lmricfqnyqorb0s_34,278
u0zu7lmricfqnyqorb0s_35,34
u0zu7lmricfqnyqorb0s_36,161
u0zu7lmricfqnyqorb0s_37,325
u0zu7lmricfqnyqorb0s_44,851
u0zu7lmricfqnyqorb0s_49,34
u0zu7lmricfqnyqorb0s_56,578
u0zu7lmricfqnyqorb0s_59,637
vgpxoqzc8itelp8333h9_7,726
vgpxoqzc8itelp8333h9_27,1015
vgpxoqzc8itelp8333h9_28,1015
vgpxoqzc8itelp8333h9_35,1015
vgpxoqzc8itelp8333h9_37,278
vgpxoqzc8itelp8333h9_43,1015
vgpxoqzc8itelp8333h9_44,381
vgpxoqzc8itelp8333h9_49,201
fm53f7bygzx36slbpms9_15,578
fm53f7bygzx36slbpms9_22,392
fm53f7bygzx36slbpms9_29,491
fm53f7bygzx36slbpms9_30,491
fm53f7bygzx36slbpms9_36,342
fm53f7bygzx36slbpms9_42,325
fm53f7bygzx36slbpms9_43,578
fm53f7bygzx36slbpms9_46,34
fm53f7bygzx36slbpms9_47,648
fm53f7bygzx36slbpms9_49,34
fm53f7bygzx36slbpms9_50,34
fm53f7bygzx36slbpms9_53,384
fm53f7bygzx36slbpms9_54,844
fm53f7bygzx36slbpms9_56,417
fm53f7bygzx36slbpms9_57,430
fm53f7bygzx36slbpms9_58,394
fm53f7bygzx36slbpms9_60,944
psivagvr6cyiq9wtzjey_6,702
psivagvr6cyiq9wtzjey_10,781
psivagvr6cyiq9wtzjey_20,781
psivagvr6cyiq9wtzjey_32,933
psivagvr6cyiq9wtzjey_33,933
psivagvr6cyiq9wtzjey_38,702
psivagvr6cyiq9wtzjey_41,770
psivagvr6cyiq9wtzjey_48,874
psivagvr6cyiq9wtzjey_50,430
psivagvr6cyiq9wtzjey_62,702
cusbu2a3rgiifl3qc16g_2,960
cusbu2a3rgiifl3qc16g_3,960
cusbu2a3rgiifl3qc16g_9,300
cusbu2a3rgiifl3qc16g_17,300
cusbu2a3rgiifl3qc16g_25,300
cusbu2a3rgiifl3qc16g_26,876
cusbu2a3rgiifl3qc16g_27,804
cusbu2a3rgiifl3qc16g_29,607
cusbu2a3rgiifl3qc16g_32,943
cusbu2a3rgiifl3qc16g_33,781
cusbu2a3rgiifl3qc16g_42,658
cusbu2a3rgiifl3qc16g_49,440
cusbu2a3rgiifl3qc16g_50,223
cusbu2a3rgiifl3qc16g_51,223
cusbu2a3rgiifl3qc16g_60,440
cusbu2a3rgiifl3qc16g_62,933
cusbu2a3rgiifl3qc16g_63,440
9r77xnmaoqbuzavjjban_5,943
9r77xnmaoqbuzavjjban_6,526
9r77xnmaoqbuzavjjban_11,258
9r77xnmaoqbuzavjjban_14,230
9r77xnmaoqbuzavjjban_22,19
9r77xnmaoqbuzavjjban_27,337
9r77xnmaoqbuzavjjban_28,977
9r77xnmaoqbuzavjjban_33,300
9r77xnmaoqbuzavjjban_35,258
9r77xnmaoqbuzavjjban_36,646
9r77xnmaoqbuzavjjban_38,422
9r77xnmaoqbuzavjjban_45,381
9r77xnmaoqbuzavjjban_54,559
9r77xnmaoqbuzavjjban_57,402
qxl6u49c6enyjhkvvw9n_11,35
qxl6u49c6enyjhkvvw9n_14,943
qxl6u49c6enyjhkvvw9n_17,34
qxl6u49c6enyjhkvvw9n_18,34
qxl6u49c6enyjhkvvw9n_20,943
qxl6u49c6enyjhkvvw9n_22,726
qxl6u49c6enyjhkvvw9n_23,781
qxl6u49c6enyjhkvvw9n_25,677
qxl6u49c6enyjhkvvw9n_28,108
qxl6u49c6enyjhkvvw9n_31,933
qxl6u49c6enyjhkvvw9n_33,394
qxl6u49c6enyjhkvvw9n_34,919
qxl6u49c6enyjhkvvw9n_36,39
qxl6u49c6enyjhkvvw9n_37,300
qxl6u49c6enyjhkvvw9n_41,22
qxl6u49c6enyjhkvvw9n_44,39
qxl6u49c6enyjhkvvw9n_50,943
qxl6u49c6enyjhkvvw9n_53,513
qxl6u49c6enyjhkvvw9n_59,944
qxl6u49c6enyjhkvvw9n_61,300
8k8g4v1onucgrj4s8v4f_5,956
8k8g4v1onucgrj4s8v4f_14,620
8k8g4v1onucgrj4s8v4f_18,317
8k8g4v1onucgrj4s8v4f_22,362
8k8g4v1onucgrj4s8v4f_23,1015
8k8g4v1onucgrj4s8v4f_32,165
8k8g4v1onucgrj4s8v4f_40,294
8k8g4v1onucgrj4s8v4f_45,440
8k8g4v1onucgrj4s8v4f_51,1015
8k8g4v1onucgrj4s8v4f_52,876
8k8g4v1onucgrj4s8v4f_57,1015
8k8g4v1onucgrj4s8v4f_62,90
6m1n1h36dj8qn18oyvy9_15,294
6m1n1h36dj8qn18oyvy9_23,294
6m1n1h36dj8qn18oyvy9_25,278
6m1n1h36dj8qn18oyvy9_26,712
6m1n1h36dj8qn18oyvy9_27,712
6m1n1h36dj8qn18oyvy9_31,620
6m1n1h36dj8qn18oyvy9_32,607
6m1n1h36dj8qn18oyvy9_33,300
6m1n1h36dj8qn18oyvy9_35,781
6m1n1h36dj8qn18oyvy9_42,108
6m1n1h36dj8qn18oyvy9_44,646
6m1n1h36dj8qn18oyvy9_45,646
6m1n1h36dj8qn18oyvy9_46,658
6m1n1h36dj8qn18oyvy9_52,152
6m1n1h36dj8qn18oyvy9_53,543
6m1n1h36dj8qn18oyvy9_58,108
6m1n1h36dj8qn18oyvy9_59,108
6m1n1h36dj8qn18oyvy9_61,121
6m1n1h36dj8qn18oyvy9_62,543
tb1lknq4w4av5vryo2mz_6,943
tb1lknq4w4av5vryo2mz_7,308
tb1lknq4w4av5vryo2mz_8,491
tb1lknq4w4av5vryo2mz_9,278
tb1lknq4w4av5vryo2mz_13,278
tb1lknq4w4av5vryo2mz_16,34
tb1lknq4w4av5vryo2mz_20,491
tb1lknq4w4av5vryo2mz_32,165
tb1lknq4w4av5vryo2mz_33,578
tb1lknq4w4av5vryo2mz_38,713
tb1lknq4w4av5vryo2mz_39,586
tb1lknq4w4av5vryo2mz_40,874
tb1lknq4w4av5vryo2mz_44,279
tb1lknq4w4av5vryo2mz_45,713
tb1lknq4w4av5vryo2mz_46,844
tb1lknq4w4av5vryo2mz_47,430
tb1lknq4w4av5vryo2mz_48,874
tb1lknq4w4av5vryo2mz_54,381
tb1lknq4w4av5vryo2mz_55,402
tb1lknq4w4av5vryo2mz_56,402
j0zdfcp8o03eqwqdrzlu_20,101
j0zdfcp8o03eqwqdrzlu_21,726
j0zdfcp8o03eqwqdrzlu_23,620
j0zdfcp8o03eqwqdrzlu_24,238
j0zdfcp8o03eqwqdrzlu_27,59
j0zdfcp8o03eqwqdrzlu_31,933
j0zdfcp8o03eqwqdrzlu_39,933
j0zdfcp8o03eqwqdrzlu_40,933
j0zdfcp8o03eqwqdrzlu_41,770
j0zdfcp8o03eqwqdrzlu_47,279
j0zdfcp8o03eqwqdrzlu_52,135
j0zdfcp8o03eqwqdrzlu_53,279
j0zdfcp8o03eqwqdrzlu_55,279
j0zdfcp8o03eqwqdrzlu_56,1022
j0zdfcp8o03eqwqdrzlu_57,513
j0zdfcp8o03eqwqdrzlu_58,279
j0zdfcp8o03eqwqdrzlu_60,135
j0zdfcp8o03eqwqdrzlu_61,279
j0zdfcp8o03eqwqdrzlu_62,279
j0zdfcp8o03eqwqdrzlu_63,279
lkuro52yui9xrkhw7u3f_1,515
lkuro52yui9xrkhw7u3f_13,515
lkuro52yui9xrkhw7u3f_14,279
lkuro52yui9xrkhw7u3f_15,279
lkuro52yui9xrkhw7u3f_32,752
lkuro52yui9xrkhw7u3f_35,325
lkuro52yui9xrkhw7u3f_37,936
lkuro52yui9xrkhw7u3f_38,294
u7cv0qinnbc2y32uozyb_13,278
u7cv0qinnbc2y32uozyb_15,781
u7cv0qinnbc2y32uozyb_25,1015
u7cv0qinnbc2y32uozyb_28,1015
u7cv0qinnbc2y32uozyb_34,1015
u7cv0qinnbc2y32uozyb_40,1015
u7cv0qinnbc2y32uozyb_53,125
u7cv0qinnbc2y32uozyb_54,26
u7cv0qinnbc2y32uozyb_61,26
rbb2fchr6nxd1wxx5cva_2,264
rbb2fchr6nxd1wxx5cva_12,653
rbb2fchr6nxd1wxx5cva_24,781
rbb2fchr6nxd1wxx5cva_25,876
rbb2fchr6nxd1wxx5cva_27,817
rbb2fchr6nxd1wxx5cva_28,817
rbb2fchr6nxd1wxx5cva_34,817
rbb2fchr6nxd1wxx5cva_36,817
rbb2fchr6nxd1wxx5cva_52,394
rbb2fchr6nxd1wxx5cva_53,230
rbb2fchr6nxd1wxx5cva_54,817
rbb2fchr6nxd1wxx5cva_55,943
rbb2fchr6nxd1wxx5cva_57,933
rbb2fchr6nxd1wxx5cva_59,559
rcxn25xjxo178ms9rpp0_6,936
rcxn25xjxo178ms9rpp0_14,936
rcxn25xjxo178ms9rpp0_15,950
rcxn25xjxo178ms9rpp0_21,548
rcxn25xjxo178ms9rpp0_22,714
rcxn25xjxo178ms9rpp0_23,702
rcxn25xjxo178ms9rpp0_24,422
rcxn25xjxo178ms9rpp0_28,548
rcxn25xjxo178ms9rpp0_31,950
rcxn25xjxo178ms9rpp0_32,381
rcxn25xjxo178ms9rpp0_33,611
rcxn25xjxo178ms9rpp0_36,714
rcxn25xjxo178ms9rpp0_39,702
rcxn25xjxo178ms9rpp0_41,704
rcxn25xjxo178ms9rpp0_54,833
rcxn25xjxo178ms9rpp0_60,135
s55kzmo1ru9su476k75s_16,278
s55kzmo1ru9su476k75s_18,712
s55kzmo1ru9su476k75s_25,1015
s55kzmo1ru9su476k75s_26,491
s55kzmo1ru9su476k75s_27,1015
s55kzmo1ru9su476k75s_28,278
s55kzmo1ru9su476k75s_45,1015
s55kzmo1ru9su476k75s_46,34
s55kzmo1ru9su476k75s_48,1015
s55kzmo1ru9su476k75s_49,1015
s55kzmo1ru9su476k75s_55,1015
s55kzmo1ru9su476k75s_59,201
s55kzmo1ru9su476k75s_61,1015
1h2jk3rmzygu8ajln5lg_22,278
1h2jk3rmzygu8ajln5lg_27,34
1h2jk3rmzygu8ajln5lg_28,34
1h2jk3rmzygu8ajln5lg_31,34
1h2jk3rmzygu8ajln5lg_32,165
1h2jk3rmzygu8ajln5lg_33,578
1h2jk3rmzygu8ajln5lg_35,438
1h2jk3rmzygu8ajln5lg_43,394
1h2jk3rmzygu8ajln5lg_47,161
1h2jk3rmzygu8ajln5lg_54,430
surjirvj1bn00khrpwew_32,726
surjirvj1bn00khrpwew_33,781
surjirvj1bn00khrpwew_34,781
surjirvj1bn00khrpwew_35,781
surjirvj1bn00khrpwew_42,646
surjirvj1bn00khrpwew_43,646
surjirvj1bn00khrpwew_44,607
surjirvj1bn00khrpwew_45,977
surjirvj1bn00khrpwew_51,422
surjirvj1bn00khrpwew_53,526
surjirvj1bn00khrpwew_54,559
surjirvj1bn00khrpwew_55,278
surjirvj1bn00khrpwew_56,422
surjirvj1bn00khrpwew_57,422
surjirvj1bn00khrpwew_61,422
surjirvj1bn00khrpwew_62,422
surjirvj1bn00khrpwew_63,238
pibreaif6u7pve6c1n14_19,325
pibreaif6u7pve6c1n14_20,851
pibreaif6u7pve6c1n14_24,750
pibreaif6u7pve6c1n14_31,445
pibreaif6u7pve6c1n14_41,695
pibreaif6u7pve6c1n14_43,695
pibreaif6u7pve6c1n14_46,983
pibreaif6u7pve6c1n14_48,242
pibreaif6u7pve6c1n14_51,276
npobm3ia67fykq8pend6_14,695
npobm3ia67fykq8pend6_17,925
npobm3ia67fykq8pend6_19,543
npobm3ia67fykq8pend6_24,86
npobm3ia67fykq8pend6_25,950
npobm3ia67fykq8pend6_26,766
npobm3ia67fykq8pend6_27,514
npobm3ia67fykq8pend6_31,276
npobm3ia67fykq8pend6_32,430
npobm3ia67fykq8pend6_33,462
npobm3ia67fykq8pend6_34,766
npobm3ia67fykq8pend6_36,394
npobm3ia67fykq8pend6_37,677
npobm3ia67fykq8pend6_42,719
npobm3ia67fykq8pend6_43,719
npobm3ia67fykq8pend6_46,677
4m3iezzvvi6dmn93g4b9_6,242
4m3iezzvvi6dmn93g4b9_12,35
4m3iezzvvi6dmn93g4b9_20,704
4m3iezzvvi6dmn93g4b9_22,750
4m3iezzvvi6dmn93g4b9_26,381
4m3iezzvvi6dmn93g4b9_27,34
4m3iezzvvi6dmn93g4b9_28,482
4m3iezzvvi6dmn93g4b9_37,88
4m3iezzvvi6dmn93g4b9_46,59
4m3iezzvvi6dmn93g4b9_53,139
jmyvi74l9p9lopeetnhi_0,956
jmyvi74l9p9lopeetnhi_26,983
jmyvi74l9p9lopeetnhi_34,719
jmyvi74l9p9lopeetnhi_35,944
jmyvi74l9p9lopeetnhi_37,607
jmyvi74l9p9lopeetnhi_38,482
jmyvi74l9p9lopeetnhi_42,430
jmyvi74l9p9lopeetnhi_43,135
jmyvi74l9p9lopeetnhi_44,482
jmyvi74l9p9lopeetnhi_50,201
jmyvi74l9p9lopeetnhi_53,566
jmyvi74l9p9lopeetnhi_60,983
jmyvi74l9p9lopeetnhi_62,59
jmyvi74l9p9lopeetnhi_63,566
mbhe602qzkeiv1tatgiq_4,294
mbhe602qzkeiv1tatgiq_11,516
mbhe602qzkeiv1tatgiq_14,422
mbhe602qzkeiv1tatgiq_17,11
mbhe602qzkeiv1tatgiq_20,242
mbhe602qzkeiv1tatgiq_21,242
mbhe602qzkeiv1tatgiq_22,929
mbhe602qzkeiv1tatgiq_24,242
mbhe602qzkeiv1tatgiq_26,242
mbhe602qzkeiv1tatgiq_30,620
mbhe602qzkeiv1tatgiq_42,242
mbhe602qzkeiv1tatgiq_47,402
mbhe602qzkeiv1tatgiq_48,165
mbhe602qzkeiv1tatgiq_49,90
mbhe602qzkeiv1tatgiq_54,11
mbhe602qzkeiv1tatgiq_57,943
mbhe602qzkeiv1tatgiq_62,78
aaoqy1gxlwxomyh2fbkk_2,239
aaoqy1gxlwxomyh2fbkk_3,239
aaoqy1gxlwxomyh2fbkk_11,422
aaoqy1gxlwxomyh2fbkk_14,11
aaoqy1gxlwxomyh2fbkk_16,11
aaoqy1gxlwxomyh2fbkk_20,624
aaoqy1gxlwxomyh2fbkk_23,242
aaoqy1gxlwxomyh2fbkk_24,242
aaoqy1gxlwxomyh2fbkk_25,470
aaoqy1gxlwxomyh2fbkk_31,242
aaoqy1gxlwxomyh2fbkk_34,651
aaoqy1gxlwxomyh2fbkk_39,936
aaoqy1gxlwxomyh2fbkk_40,279
aaoqy1gxlwxomyh2fbkk_42,668
aaoqy1gxlwxomyh2fbkk_46,381
aaoqy1gxlwxomyh2fbkk_50,936
aaoqy1gxlwxomyh2fbkk_53,526
aaoqy1gxlwxomyh2fbkk_54,201
aaoqy1gxlwxomyh2fbkk_57,201
f77hlef98l9bn7tst3tn_0,607
f77hlef98l9bn7tst3tn_2,239
f77hlef98l9bn7tst3tn_5,242
f77hlef98l9bn7tst3tn_8,748
f77hlef98l9bn7tst3tn_25,242
f77hlef98l9bn7tst3tn_30,748
f77hlef98l9bn7tst3tn_34,11
f77hlef98l9bn7tst3tn_36,465
f77hlef98l9bn7tst3tn_37,11
f77hlef98l9bn7tst3tn_42,748
f77hlef98l9bn7tst3tn_45,465
f77hlef98l9bn7tst3tn_53,11
f77hlef98l9bn7tst3tn_54,11
f77hlef98l9bn7tst3tn_57,294
ntkxy5dapw72ob4nhiyv_6,78
ntkxy5dapw72ob4nhiyv_7,242
ntkxy5dapw72ob4nhiyv_11,242
ntkxy5dapw72ob4nhiyv_12,78
ntkxy5dapw72ob4nhiyv_13,242
ntkxy5dapw72ob4nhiyv_19,936
ntkxy5dapw72ob4nhiyv_20,242
ntkxy5dapw72ob4nhiyv_22,242
ntkxy5dapw72ob4nhiyv_24,950
ntkxy5dapw72ob4nhiyv_27,781
ntkxy5dapw72ob4nhiyv_43,762
ntkxy5dapw72ob4nhiyv_47,465
ntkxy5dapw72ob4nhiyv_48,90
ntkxy5dapw72ob4nhiyv_49,201
ntkxy5dapw72ob4nhiyv_55,465
ntkxy5dapw72ob4nhiyv_57,242
oiaha2c2yhmy7ekpttqc_2,687
oiaha2c2yhmy7ekpttqc_3,687
oiaha2c2yhmy7ekpttqc_4,876
oiaha2c2yhmy7ekpttqc_5,422
oiaha2c2yhmy7ekpttqc_6,422
oiaha2c2yhmy7ekpttqc_7,422
oiaha2c2yhmy7ekpttqc_33,317
oiaha2c2yhmy7ekpttqc_34,317
oiaha2c2yhmy7ekpttqc_38,422
oiaha2c2yhmy7ekpttqc_39,526
oiaha2c2yhmy7ekpttqc_40,223
oiaha2c2yhmy7ekpttqc_43,317
oiaha2c2yhmy7ekpttqc_44,317
oiaha2c2yhmy7ekpttqc_45,781
oiaha2c2yhmy7ekpttqc_47,936
oiaha2c2yhmy7ekpttqc_52,482
oiaha2c2yhmy7ekpttqc_60,381
z74j8v8c2qko8nnstr5r_3,465
z74j8v8c2qko8nnstr5r_14,362
z74j8v8c2qko8nnstr5r_18,422
z74j8v8c2qko8nnstr5r_26,78
z74j8v8c2qko8nnstr5r_33,11
z74j8v8c2qko8nnstr5r_39,281
z74j8v8c2qko8nnstr5r_40,465
z74j8v8c2qko8nnstr5r_44,432
z74j8v8c2qko8nnstr5r_47,620
z74j8v8c2qko8nnstr5r_56,658
z74j8v8c2qko8nnstr5r_57,242
z74j8v8c2qko8nnstr5r_60,817
9a9qpzxwbigj1ca015qd_3,687
9a9qpzxwbigj1ca015qd_5,748
9a9qpzxwbigj1ca015qd_14,78
9a9qpzxwbigj1ca015qd_18,78
9a9qpzxwbigj1ca015qd_20,78
9a9qpzxwbigj1ca015qd_23,762
9a9qpzxwbigj1ca015qd_26,748
9a9qpzxwbigj1ca015qd_39,11
9a9qpzxwbigj1ca015qd_40,294
9a9qpzxwbigj1ca015qd_41,78
9a9qpzxwbigj1ca015qd_44,11
9a9qpzxwbigj1ca015qd_54,78
9a9qpzxwbigj1ca015qd_57,242
9a9qpzxwbigj1ca015qd_58,78
vm3lggtysvmdrmg4qre8_0,534
vm3lggtysvmdrmg4qre8_5,135
vm3lggtysvmdrmg4qre8_11,373
vm3lggtysvmdrmg4qre8_13,695
vm3lggtysvmdrmg4qre8_14,695
vm3lggtysvmdrmg4qre8_15,904
vm3lggtysvmdrmg4qre8_17,356
vm3lggtysvmdrmg4qre8_19,642
vm3lggtysvmdrmg4qre8_21,356
vm3lggtysvmdrmg4qre8_23,931
vm3lggtysvmdrmg4qre8_29,704
vm3lggtysvmdrmg4qre8_31,950
vm3lggtysvmdrmg4qre8_33,817
vm3lggtysvmdrmg4qre8_39,620
vm3lggtysvmdrmg4qre8_41,817
vm3lggtysvmdrmg4qre8_44,817
vm3lggtysvmdrmg4qre8_45,465
vm3lggtysvmdrmg4qre8_51,817
lkkcvhcg16cm6cwl9fus_6,242
lkkcvhcg16cm6cwl9fus_25,491
lkkcvhcg16cm6cwl9fus_28,242
lkkcvhcg16cm6cwl9fus_32,78
lkkcvhcg16cm6cwl9fus_35,482
lkkcvhcg16cm6cwl9fus_38,11
lkkcvhcg16cm6cwl9fus_44,276
lkkcvhcg16cm6cwl9fus_58,482
lkkcvhcg16cm6cwl9fus_63,242
fj0qpp2kssq7n4jofx5j_11,432
fj0qpp2kssq7n4jofx5j_18,281
fj0qpp2kssq7n4jofx5j_25,432
fj0qpp2kssq7n4jofx5j_32,165
fj0qpp2kssq7n4jofx5j_37,748
fj0qpp2kssq7n4jofx5j_51,983
fj0qpp2kssq7n4jofx5j_52,844
fj0qpp2kssq7n4jofx5j_53,11
fj0qpp2kssq7n4jofx5j_57,242
fj0qpp2kssq7n4jofx5j_58,90
9703skew0leurczrmmtr_3,432
9703skew0leurczrmmtr_5,943
9703skew0leurczrmmtr_13,642
9703skew0leurczrmmtr_15,239
9703skew0leurczrmmtr_23,242
9703skew0leurczrmmtr_27,534
9703skew0leurczrmmtr_29,704
9703skew0leurczrmmtr_42,11
9703skew0leurczrmmtr_44,226
9703skew0leurczrmmtr_52,11
9703skew0leurczrmmtr_55,624
9703skew0leurczrmmtr_59,11
9703skew0leurczrmmtr_63,381
icj8lgyvn8yfbzlzmo7h_11,651
icj8lgyvn8yfbzlzmo7h_20,242
icj8lgyvn8yfbzlzmo7h_21,11
icj8lgyvn8yfbzlzmo7h_24,242
icj8lgyvn8yfbzlzmo7h_31,340
icj8lgyvn8yfbzlzmo7h_32,78
icj8lgyvn8yfbzlzmo7h_36,11
icj8lgyvn8yfbzlzmo7h_45,11
icj8lgyvn8yfbzlzmo7h_53,11
icj8lgyvn8yfbzlzmo7h_55,730
icyd6i0m7g5akm1ibe2l_3,936
icyd6i0m7g5akm1ibe2l_5,936
icyd6i0m7g5akm1ibe2l_6,78
icyd6i0m7g5akm1ibe2l_10,465
icyd6i0m7g5akm1ibe2l_13,78
icyd6i0m7g5akm1ibe2l_14,78
icyd6i0m7g5akm1ibe2l_16,624
icyd6i0m7g5akm1ibe2l_21,430
icyd6i0m7g5akm1ibe2l_23,430
icyd6i0m7g5akm1ibe2l_24,748
icyd6i0m7g5akm1ibe2l_44,356
icyd6i0m7g5akm1ibe2l_48,432
icyd6i0m7g5akm1ibe2l_49,642
icyd6i0m7g5akm1ibe2l_50,356
icyd6i0m7g5akm1ibe2l_52,90
icyd6i0m7g5akm1ibe2l_61,356
icyd6i0m7g5akm1ibe2l_62,356
icyd6i0m7g5akm1ibe2l_63,668
4vjesk5oqy9imfug41vz_8,943
4vjesk5oqy9imfug41vz_9,430
4vjesk5oqy9imfug41vz_10,294
4vjesk5oqy9imfug41vz_11,18
4vjesk5oqy9imfug41vz_12,781
4vjesk5oqy9imfug41vz_13,294
4vjesk5oqy9imfug41vz_14,75
4vjesk5oqy9imfug41vz_15,620
4vjesk5oqy9imfug41vz_20,242
4vjesk5oqy9imfug41vz_23,936
4vjesk5oqy9imfug41vz_35,741
4vjesk5oqy9imfug41vz_40,294
4vjesk5oqy9imfug41vz_42,11
4vjesk5oqy9imfug41vz_44,11
4vjesk5oqy9imfug41vz_47,430
4vjesk5oqy9imfug41vz_52,11
4vjesk5oqy9imfug41vz_55,78
4vjesk5oqy9imfug41vz_57,950
7cacj6yesxs6o2nkhyq6_5,762
7cacj6yesxs6o2nkhyq6_11,276
7cacj6yesxs6o2nkhyq6_12,695
7cacj6yesxs6o2nkhyq6_13,695
7cacj6yesxs6o2nkhyq6_14,936
7cacj6yesxs6o2nkhyq6_15,865
7cacj6yesxs6o2nkhyq6_39,933
7cacj6yesxs6o2nkhyq6_40,294
7cacj6yesxs6o2nkhyq6_41,854
7cacj6yesxs6o2nkhyq6_42,11
7cacj6yesxs6o2nkhyq6_46,845
7cacj6yesxs6o2nkhyq6_47,394
7cacj6yesxs6o2nkhyq6_49,11
7cacj6yesxs6o2nkhyq6_52,762
7cacj6yesxs6o2nkhyq6_53,11
7cacj6yesxs6o2nkhyq6_61,11
bnj1a7mu263q8gcl5fjx_0,239
bnj1a7mu263q8gcl5fjx_4,543
bnj1a7mu263q8gcl5fjx_9,225
bnj1a7mu263q8gcl5fjx_13,658
bnj1a7mu263q8gcl5fjx_14,543
bnj1a7mu263q8gcl5fjx_15,658
bnj1a7mu263q8gcl5fjx_30,658
bnj1a7mu263q8gcl5fjx_36,614
bnj1a7mu263q8gcl5fjx_43,658
bnj1a7mu263q8gcl5fjx_49,543
bnj1a7mu263q8gcl5fjx_50,658
bnj1a7mu263q8gcl5fjx_60,658
4tdaqe491skdoyk7tvuu_3,543
4tdaqe491skdoyk7tvuu_18,543
4tdaqe491skdoyk7tvuu_24,960
4tdaqe491skdoyk7tvuu_25,543
4tdaqe491skdoyk7tvuu_28,614
4tdaqe491skdoyk7tvuu_35,614
4tdaqe491skdoyk7tvuu_37,614
4tdaqe491skdoyk7tvuu_44,943
4tdaqe491skdoyk7tvuu_47,658
4tdaqe491skdoyk7tvuu_51,658
4tdaqe491skdoyk7tvuu_61,658
wyeqoyjsv0ahug6mv4hr_0,614
wyeqoyjsv0ahug6mv4hr_5,543
wyeqoyjsv0ahug6mv4hr_6,543
wyeqoyjsv0ahug6mv4hr_24,147
wyeqoyjsv0ahug6mv4hr_31,543
wyeqoyjsv0ahug6mv4hr_36,614
wyeqoyjsv0ahug6mv4hr_40,614
wyeqoyjsv0ahug6mv4hr_43,182
wyeqoyjsv0ahug6mv4hr_49,543
m3p1ch2k9vewooap698f_1,816
m3p1ch2k9vewooap698f_8,816
m3p1ch2k9vewooap698f_12,816
m3p1ch2k9vewooap698f_15,781
m3p1ch2k9vewooap698f_17,816
m3p1ch2k9vewooap698f_18,816
m3p1ch2k9vewooap698f_27,816
m3p1ch2k9vewooap698f_29,607
m3p1ch2k9vewooap698f_30,816
m3p1ch2k9vewooap698f_32,943
m3p1ch2k9vewooap698f_33,943
m3p1ch2k9vewooap698f_41,816
m3p1ch2k9vewooap698f_42,147
m3p1ch2k9vewooap698f_50,39
m3p1ch2k9vewooap698f_54,816
m3p1ch2k9vewooap698f_60,816
5rv4aiiag6tjtjd99l4w_22,491
5rv4aiiag6tjtjd99l4w_36,816
5rv4aiiag6tjtjd99l4w_41,816
5rv4aiiag6tjtjd99l4w_42,816
5rv4aiiag6tjtjd99l4w_45,816
5rv4aiiag6tjtjd99l4w_46,607
5rv4aiiag6tjtjd99l4w_50,816
5rv4aiiag6tjtjd99l4w_51,816
5rv4aiiag6tjtjd99l4w_53,943
5rv4aiiag6tjtjd99l4w_56,816
5rv4aiiag6tjtjd99l4w_57,816
5rv4aiiag6tjtjd99l4w_60,816
5rv4aiiag6tjtjd99l4w_62,239
5rv4aiiag6tjtjd99l4w_63,816
6r6dxn8r530ch8g5pu0d_0,943
6r6dxn8r530ch8g5pu0d_2,543
6r6dxn8r530ch8g5pu0d_3,147
6r6dxn8r530ch8g5pu0d_4,147
6r6dxn8r530ch8g5pu0d_6,147
6r6dxn8r530ch8g5pu0d_7,147
6r6dxn8r530ch8g5pu0d_14,147
6r6dxn8r530ch8g5pu0d_21,147
6r6dxn8r530ch8g5pu0d_31,147
6r6dxn8r530ch8g5pu0d_37,39
6r6dxn8r530ch8g5pu0d_40,607
6r6dxn8r530ch8g5pu0d_41,39
6r6dxn8r530ch8g5pu0d_43,607
6r6dxn8r530ch8g5pu0d_47,147
6r6dxn8r530ch8g5pu0d_49,543
6r6dxn8r530ch8g5pu0d_61,513
joohtw3b2zce8axapy3j_12,726
joohtw3b2zce8axapy3j_20,543
joohtw3b2zce8axapy3j_36,39
joohtw3b2zce8axapy3j_38,1023
joohtw3b2zce8axapy3j_39,279
joohtw3b2zce8axapy3j_40,300
joohtw3b2zce8axapy3j_42,279
joohtw3b2zce8axapy3j_45,658
joohtw3b2zce8axapy3j_47,241
joohtw3b2zce8axapy3j_57,614
joohtw3b2zce8axapy3j_63,1022
ixwrrw6q9xfzub3t28eq_9,294
ixwrrw6q9xfzub3t28eq_13,491
ixwrrw6q9xfzub3t28eq_17,543
ixwrrw6q9xfzub3t28eq_21,543
ixwrrw6q9xfzub3t28eq_24,726
ixwrrw6q9xfzub3t28eq_25,147
ixwrrw6q9xfzub3t28eq_32,514
ixwrrw6q9xfzub3t28eq_33,963
ixwrrw6q9xfzub3t28eq_42,132
ixwrrw6q9xfzub3t28eq_48,943
ixwrrw6q9xfzub3t28eq_49,943
ixwrrw6q9xfzub3t28eq_51,854
xiibsijqp13zi3mwtgdl_8,726
xiibsijqp13zi3mwtgdl_14,294
xiibsijqp13zi3mwtgdl_15,239
xiibsijqp13zi3mwtgdl_16,607
xiibsijqp13zi3mwtgdl_28,39
xiibsijqp13zi3mwtgdl_29,147
xiibsijqp13zi3mwtgdl_30,147
xiibsijqp13zi3mwtgdl_32,147
xiibsijqp13zi3mwtgdl_33,607
xiibsijqp13zi3mwtgdl_38,405
xiibsijqp13zi3mwtgdl_40,147
xiibsijqp13zi3mwtgdl_48,1022
xiibsijqp13zi3mwtgdl_55,950
xiibsijqp13zi3mwtgdl_61,543
xiibsijqp13zi3mwtgdl_62,543
jmx786fess9jzh7lscms_13,294
jmx786fess9jzh7lscms_16,781
jmx786fess9jzh7lscms_24,726
jmx786fess9jzh7lscms_29,300
jmx786fess9jzh7lscms_32,288
jmx786fess9jzh7lscms_33,607
jmx786fess9jzh7lscms_34,147
jmx786fess9jzh7lscms_38,543
jmx786fess9jzh7lscms_39,543
jmx786fess9jzh7lscms_40,781
jmx786fess9jzh7lscms_43,513
jmx786fess9jzh7lscms_44,543
jmx786fess9jzh7lscms_50,543
jmx786fess9jzh7lscms_51,543
jmx786fess9jzh7lscms_54,543
jmx786fess9jzh7lscms_56,943
jmx786fess9jzh7lscms_61,658
in98669ce9zo2l65tync_5,607
in98669ce9zo2l65tync_9,39
in98669ce9zo2l65tync_31,543
in98669ce9zo2l65tync_32,960
in98669ce9zo2l65tync_37,607
in98669ce9zo2l65tync_41,543
in98669ce9zo2l65tync_48,543
in98669ce9zo2l65tync_61,279
gr26ak46ob3n1ynzpbjf_17,781
gr26ak46ob3n1ynzpbjf_19,726
gr26ak46ob3n1ynzpbjf_26,147
gr26ak46ob3n1ynzpbjf_31,741
gr26ak46ob3n1ynzpbjf_37,607
gr26ak46ob3n1ynzpbjf_40,658
gr26ak46ob3n1ynzpbjf_44,543
gr26ak46ob3n1ynzpbjf_48,543
p942h10edpms52bl7x3x_7,933
p942h10edpms52bl7x3x_13,781
p942h10edpms52bl7x3x_15,514
p942h10edpms52bl7x3x_18,75
p942h10edpms52bl7x3x_21,493
p942h10edpms52bl7x3x_25,491
p942h10edpms52bl7x3x_33,491
p942h10edpms52bl7x3x_35,462
p942h10edpms52bl7x3x_40,440
p942h10edpms52bl7x3x_56,462
iyj5oo6hrem42oe2au4r_9,22
iyj5oo6hrem42oe2au4r_19,362
iyj5oo6hrem42oe2au4r_28,462
iyj5oo6hrem42oe2au4r_29,781
iyj5oo6hrem42oe2au4r_30,491
iyj5oo6hrem42oe2au4r_47,513
iyj5oo6hrem42oe2au4r_50,279
iyj5oo6hrem42oe2au4r_52,1022
iyj5oo6hrem42oe2au4r_56,933
iyj5oo6hrem42oe2au4r_59,933
3bo22881ve7lv7dzwz6o_0,933
3bo22881ve7lv7dzwz6o_1,933
3bo22881ve7lv7dzwz6o_11,135
3bo22881ve7lv7dzwz6o_13,121
3bo22881ve7lv7dzwz6o_21,513
3bo22881ve7lv7dzwz6o_22,121
3bo22881ve7lv7dzwz6o_37,513
3bo22881ve7lv7dzwz6o_38,513
3bo22881ve7lv7dzwz6o_39,1022
3bo22881ve7lv7dzwz6o_46,513
3bo22881ve7lv7dzwz6o_54,513
3bo22881ve7lv7dzwz6o_55,933
2l8qsta9e3cueata8049_9,22
2l8qsta9e3cueata8049_20,491
2l8qsta9e3cueata8049_27,781
2l8qsta9e3cueata8049_29,781
2l8qsta9e3cueata8049_35,279
2l8qsta9e3cueata8049_36,279
2l8qsta9e3cueata8049_37,135
2l8qsta9e3cueata8049_38,279
2l8qsta9e3cueata8049_51,1022
2l8qsta9e3cueata8049_52,933
4xlg1tnpfqzuwj52a5fp_8,294
4xlg1tnpfqzuwj52a5fp_22,462
4xlg1tnpfqzuwj52a5fp_32,239
4xlg1tnpfqzuwj52a5fp_34,405
4xlg1tnpfqzuwj52a5fp_38,816
4xlg1tnpfqzuwj52a5fp_48,1022
4xlg1tnpfqzuwj52a5fp_50,1022
4xlg1tnpfqzuwj52a5fp_63,1022
cy5ub0g85c7pkrm0r08i_12,491
cy5ub0g85c7pkrm0r08i_13,781
cy5ub0g85c7pkrm0r08i_20,482
cy5ub0g85c7pkrm0r08i_36,279
cy5ub0g85c7pkrm0r08i_41,135
cy5ub0g85c7pkrm0r08i_42,1022
cy5ub0g85c7pkrm0r08i_44,279
cy5ub0g85c7pkrm0r08i_48,279
cy5ub0g85c7pkrm0r08i_60,1022
30xud234e9xanod5mpga_0,294
30xud234e9xanod5mpga_7,956
30xud234e9xanod5mpga_14,294
30xud234e9xanod5mpga_15,294
30xud234e9xanod5mpga_17,781
30xud234e9xanod5mpga_25,239
30xud234e9xanod5mpga_28,518
30xud234e9xanod5mpga_36,147
30xud234e9xanod5mpga_38,1015
30xud234e9xanod5mpga_44,147
30xud234e9xanod5mpga_45,147
30xud234e9xanod5mpga_53,147
30xud234e9xanod5mpga_55,147
30xud234e9xanod5mpga_61,147
30xud234e9xanod5mpga_62,147
0wpmef041oswna95smq7_6,294
0wpmef041oswna95smq7_12,294
0wpmef041oswna95smq7_20,294
0wpmef041oswna95smq7_21,239
0wpmef041oswna95smq7_26,491
0wpmef041oswna95smq7_32,933
0wpmef041oswna95smq7_36,405
0wpmef041oswna95smq7_37,147
0wpmef041oswna95smq7_45,147
0wpmef041oswna95smq7_53,147
0wpmef041oswna95smq7_55,929
9zqyq5mar9kwjm28fo7h_2,687
9zqyq5mar9kwjm28fo7h_4,956
9zqyq5mar9kwjm28fo7h_6,687
9zqyq5mar9kwjm28fo7h_16,362
9zqyq5mar9kwjm28fo7h_33,933
9zqyq5mar9kwjm28fo7h_43,147
9zqyq5mar9kwjm28fo7h_45,844
9zqyq5mar9kwjm28fo7h_47,430
9zqyq5mar9kwjm28fo7h_49,279
9zqyq5mar9kwjm28fo7h_53,462
9zqyq5mar9kwjm28fo7h_55,646
rnd8sx8mvwqxr8fevliu_8,165
rnd8sx8mvwqxr8fevliu_17,325
rnd8sx8mvwqxr8fevliu_21,279
rnd8sx8mvwqxr8fevliu_23,278
rnd8sx8mvwqxr8fevliu_24,362
rnd8sx8mvwqxr8fevliu_27,1006
rnd8sx8mvwqxr8fevliu_29,442
rnd8sx8mvwqxr8fevliu_32,165
rnd8sx8mvwqxr8fevliu_33,491
rnd8sx8mvwqxr8fevliu_40,294
rnd8sx8mvwqxr8fevliu_41,658
rnd8sx8mvwqxr8fevliu_43,39
rnd8sx8mvwqxr8fevliu_47,279
rnd8sx8mvwqxr8fevliu_49,135
rnd8sx8mvwqxr8fevliu_62,933
esk42v3v6nlhtql7zdm2_7,294
esk42v3v6nlhtql7zdm2_16,781
esk42v3v6nlhtql7zdm2_18,373
esk42v3v6nlhtql7zdm2_19,106
esk42v3v6nlhtql7zdm2_24,462
esk42v3v6nlhtql7zdm2_29,135
esk42v3v6nlhtql7zdm2_30,135
esk42v3v6nlhtql7zdm2_32,462
esk42v3v6nlhtql7zdm2_35,135
esk42v3v6nlhtql7zdm2_55,952
akuwtfl862na2jkeaj2s_4,933
akuwtfl862na2jkeaj2s_9,440
akuwtfl862na2jkeaj2s_11,39
akuwtfl862na2jkeaj2s_17,1006
akuwtfl862na2jkeaj2s_19,933
akuwtfl862na2jkeaj2s_21,279
akuwtfl862na2jkeaj2s_22,817
akuwtfl862na2jkeaj2s_25,874
akuwtfl862na2jkeaj2s_26,933
akuwtfl862na2jkeaj2s_27,337
akuwtfl862na2jkeaj2s_29,515
akuwtfl862na2jkeaj2s_38,300
akuwtfl862na2jkeaj2s_43,950
akuwtfl862na2jkeaj2s_50,430
akuwtfl862na2jkeaj2s_52,614
akuwtfl862na2jkeaj2s_59,405
akuwtfl862na2jkeaj2s_60,405
6djbf8zwyuvzbd31max4_11,781
6djbf8zwyuvzbd31max4_12,493
6djbf8zwyuvzbd31max4_18,135
6djbf8zwyuvzbd31max4_19,726
6djbf8zwyuvzbd31max4_21,462
6djbf8zwyuvzbd31max4_26,933
6djbf8zwyuvzbd31max4_29,513
6djbf8zwyuvzbd31max4_33,513
6djbf8zwyuvzbd31max4_34,39
6djbf8zwyuvzbd31max4_35,607
6djbf8zwyuvzbd31max4_40,1022
6djbf8zwyuvzbd31max4_41,1022
6djbf8zwyuvzbd31max4_42,39
6djbf8zwyuvzbd31max4_49,513
6djbf8zwyuvzbd31max4_57,1022
ck88thv7spzqsk7j4epf_18,491
ck88thv7spzqsk7j4epf_27,147
ck88thv7spzqsk7j4epf_28,405
ck88thv7spzqsk7j4epf_35,147
ck88thv7spzqsk7j4epf_36,39
ck88thv7spzqsk7j4epf_38,750
ck88thv7spzqsk7j4epf_42,147
ck88thv7spzqsk7j4epf_52,147
qjsxqrzuu2mvh75fiukc_0,933
qjsxqrzuu2mvh75fiukc_1,607
qjsxqrzuu2mvh75fiukc_4,662
qjsxqrzuu2mvh75fiukc_8,929
qjsxqrzuu2mvh75fiukc_9,662
qjsxqrzuu2mvh75fiukc_16,662
qjsxqrzuu2mvh75fiukc_17,462
qjsxqrzuu2mvh75fiukc_18,19
qjsxqrzuu2mvh75fiukc_19,19
qjsxqrzuu2mvh75fiukc_24,929
qjsxqrzuu2mvh75fiukc_32,662
qjsxqrzuu2mvh75fiukc_36,19
qjsxqrzuu2mvh75fiukc_37,462
qjsxqrzuu2mvh75fiukc_42,929
qjsxqrzuu2mvh75fiukc_44,19
qjsxqrzuu2mvh75fiukc_46,381
qjsxqrzuu2mvh75fiukc_47,462
d12ibf5p4191n6nwfmh7_12,493
d12ibf5p4191n6nwfmh7_18,726
d12ibf5p4191n6nwfmh7_23,1022
d12ibf5p4191n6nwfmh7_30,279
d12ibf5p4191n6nwfmh7_36,39
d12ibf5p4191n6nwfmh7_38,513
d12ibf5p4191n6nwfmh7_40,752
d12ibf5p4191n6nwfmh7_41,600
d12ibf5p4191n6nwfmh7_42,607
d12ibf5p4191n6nwfmh7_43,1022
d12ibf5p4191n6nwfmh7_44,405
d12ibf5p4191n6nwfmh7_45,39
d12ibf5p4191n6nwfmh7_57,933
9490wbs7xvqsvxp11nrx_1,687
9490wbs7xvqsvxp11nrx_5,279
9490wbs7xvqsvxp11nrx_7,1022
9490wbs7xvqsvxp11nrx_9,362
9490wbs7xvqsvxp11nrx_10,300
9490wbs7xvqsvxp11nrx_11,279
9490wbs7xvqsvxp11nrx_13,300
9490wbs7xvqsvxp11nrx_14,960
9490wbs7xvqsvxp11nrx_19,300
9490wbs7xvqsvxp11nrx_20,933
9490wbs7xvqsvxp11nrx_26,712
9490wbs7xvqsvxp11nrx_27,960
9490wbs7xvqsvxp11nrx_34,394
9490wbs7xvqsvxp11nrx_42,874
9490wbs7xvqsvxp11nrx_44,960
9490wbs7xvqsvxp11nrx_50,201
9490wbs7xvqsvxp11nrx_59,440
9490wbs7xvqsvxp11nrx_61,960
e5vpxn37cwm9b2c52crv_15,662
e5vpxn37cwm9b2c52crv_19,325
e5vpxn37cwm9b2c52crv_23,662
e5vpxn37cwm9b2c52crv_25,19
e5vpxn37cwm9b2c52crv_26,19
e5vpxn37cwm9b2c52crv_28,19
e5vpxn37cwm9b2c52crv_34,19
e5vpxn37cwm9b2c52crv_35,19
e5vpxn37cwm9b2c52crv_37,702
e5vpxn37cwm9b2c52crv_39,627
e5vpxn37cwm9b2c52crv_47,662
e5vpxn37cwm9b2c52crv_48,662
e5vpxn37cwm9b2c52crv_52,19
e5vpxn37cwm9b2c52crv_53,19
e5vpxn37cwm9b2c52crv_54,19
e5vpxn37cwm9b2c52crv_61,19
e5vpxn37cwm9b2c52crv_62,19
e5vpxn37cwm9b2c52crv_63,950
0qpuxv3v5dgu1cglzb4v_1,607
0qpuxv3v5dgu1cglzb4v_2,239
0qpuxv3v5dgu1cglzb4v_7,933
0qpuxv3v5dgu1cglzb4v_10,816
0qpuxv3v5dgu1cglzb4v_11,816
0qpuxv3v5dgu1cglzb4v_26,279
0qpuxv3v5dgu1cglzb4v_41,876
0qpuxv3v5dgu1cglzb4v_43,653
0qpuxv3v5dgu1cglzb4v_44,653
0qpuxv3v5dgu1cglzb4v_54,135
ncg7oipnp4qmvt42v679_10,702
ncg7oipnp4qmvt42v679_15,600
ncg7oipnp4qmvt42v679_19,752
ncg7oipnp4qmvt42v679_26,634
ncg7oipnp4qmvt42v679_36,752
ncg7oipnp4qmvt42v679_37,381
ncg7oipnp4qmvt42v679_54,106
ncg7oipnp4qmvt42v679_61,752
ncg7oipnp4qmvt42v679_62,90
gjss9yv8ijrbuzq6efs9_21,781
gjss9yv8ijrbuzq6efs9_25,279
gjss9yv8ijrbuzq6efs9_26,279
gjss9yv8ijrbuzq6efs9_27,147
gjss9yv8ijrbuzq6efs9_33,147
gjss9yv8ijrbuzq6efs9_43,607
gjss9yv8ijrbuzq6efs9_48,462
gjss9yv8ijrbuzq6efs9_56,381
gjss9yv8ijrbuzq6efs9_58,147
gjss9yv8ijrbuzq6efs9_61,600
b50pdaypyu76h0gk6ifu_8,370
b50pdaypyu76h0gk6ifu_12,841
b50pdaypyu76h0gk6ifu_17,568
b50pdaypyu76h0gk6ifu_19,615
b50pdaypyu76h0gk6ifu_21,841
b50pdaypyu76h0gk6ifu_26,841
b50pdaypyu76h0gk6ifu_42,841
b50pdaypyu76h0gk6ifu_52,754
fc8asvqab54bg585vvro_10,841
fc8asvqab54bg585vvro_13,518
fc8asvqab54bg585vvro_14,568
fc8asvqab54bg585vvro_15,841
fc8asvqab54bg585vvro_16,841
fc8asvqab54bg585vvro_22,568
fc8asvqab54bg585vvro_28,568
fc8asvqab54bg585vvro_29,568
fc8asvqab54bg585vvro_39,841
fc8asvqab54bg585vvro_46,754
fc8asvqab54bg585vvro_63,754
tj5rp3mezbtzz1fgf2vq_28,568
tj5rp3mezbtzz1fgf2vq_32,568
tj5rp3mezbtzz1fgf2vq_38,568
tj5rp3mezbtzz1fgf2vq_40,754
tj5rp3mezbtzz1fgf2vq_41,615
tj5rp3mezbtzz1fgf2vq_46,568
tj5rp3mezbtzz1fgf2vq_47,518
tj5rp3mezbtzz1fgf2vq_49,754
tj5rp3mezbtzz1fgf2vq_55,568
3hrkdwvh9q19finy8ca4_2,615
3hrkdwvh9q19finy8ca4_6,841
3hrkdwvh9q19finy8ca4_10,568
3hrkdwvh9q19finy8ca4_14,568
3hrkdwvh9q19finy8ca4_17,568
3hrkdwvh9q19finy8ca4_22,568
3hrkdwvh9q19finy8ca4_27,841
3hrkdwvh9q19finy8ca4_28,808
3hrkdwvh9q19finy8ca4_33,754
3hrkdwvh9q19finy8ca4_34,568
3hrkdwvh9q19finy8ca4_35,615
3hrkdwvh9q19finy8ca4_37,841
3hrkdwvh9q19finy8ca4_60,754
2lf4p0vqohgdmqgmmi8q_2,568
2lf4p0vqohgdmqgmmi8q_7,568
2lf4p0vqohgdmqgmmi8q_8,568
2lf4p0vqohgdmqgmmi8q_14,568
2lf4p0vqohgdmqgmmi8q_15,841
2lf4p0vqohgdmqgmmi8q_17,568
2lf4p0vqohgdmqgmmi8q_29,841
2lf4p0vqohgdmqgmmi8q_32,754
2lf4p0vqohgdmqgmmi8q_38,568
2lf4p0vqohgdmqgmmi8q_44,568
2lf4p0vqohgdmqgmmi8q_60,568
2lf4p0vqohgdmqgmmi8q_62,841
zgbg4kd97spt7k9xv1th_18,491
zgbg4kd97spt7k9xv1th_20,568
zgbg4kd97spt7k9xv1th_21,568
zgbg4kd97spt7k9xv1th_25,568
zgbg4kd97spt7k9xv1th_26,568
zgbg4kd97spt7k9xv1th_30,568
zgbg4kd97spt7k9xv1th_32,568
zgbg4kd97spt7k9xv1th_39,568
zgbg4kd97spt7k9xv1th_42,841
zgbg4kd97spt7k9xv1th_51,568
zgbg4kd97spt7k9xv1th_55,754
zgbg4kd97spt7k9xv1th_56,754
zgbg4kd97spt7k9xv1th_62,754
mwoq9vht34iryvjmjx8f_0,754
mwoq9vht34iryvjmjx8f_7,568
mwoq9vht34iryvjmjx8f_8,754
mwoq9vht34iryvjmjx8f_24,754
mwoq9vht34iryvjmjx8f_28,568
mwoq9vht34iryvjmjx8f_30,568
mwoq9vht34iryvjmjx8f_35,841
mwoq9vht34iryvjmjx8f_36,568
mwoq9vht34iryvjmjx8f_46,754
mwoq9vht34iryvjmjx8f_47,754
mwoq9vht34iryvjmjx8f_53,754
mwoq9vht34iryvjmjx8f_54,568
mwoq9vht34iryvjmjx8f_59,754
mwoq9vht34iryvjmjx8f_62,754
jin0rqo1o06dfjvpqxnp_10,841
jin0rqo1o06dfjvpqxnp_11,754
jin0rqo1o06dfjvpqxnp_13,841
jin0rqo1o06dfjvpqxnp_16,568
jin0rqo1o06dfjvpqxnp_17,568
jin0rqo1o06dfjvpqxnp_22,568
jin0rqo1o06dfjvpqxnp_25,568
jin0rqo1o06dfjvpqxnp_35,754
jin0rqo1o06dfjvpqxnp_39,568
jin0rqo1o06dfjvpqxnp_41,754
jin0rqo1o06dfjvpqxnp_45,754
javyt0fgx2nvbiurirem_10,568
javyt0fgx2nvbiurirem_12,568
javyt0fgx2nvbiurirem_17,568
javyt0fgx2nvbiurirem_18,568
javyt0fgx2nvbiurirem_21,568
javyt0fgx2nvbiurirem_23,568
javyt0fgx2nvbiurirem_43,754
javyt0fgx2nvbiurirem_62,754
3ya628u7mnqpwrujxqkg_6,615
3ya628u7mnqpwrujxqkg_9,754
3ya628u7mnqpwrujxqkg_11,754
3ya628u7mnqpwrujxqkg_21,754
3ya628u7mnqpwrujxqkg_25,568
3ya628u7mnqpwrujxqkg_36,841
3ya628u7mnqpwrujxqkg_38,615
3ya628u7mnqpwrujxqkg_41,841
3ya628u7mnqpwrujxqkg_43,841
3ya628u7mnqpwrujxqkg_44,841
3ya628u7mnqpwrujxqkg_45,754
3ya628u7mnqpwrujxqkg_46,754
3ya628u7mnqpwrujxqkg_49,568
3ya628u7mnqpwrujxqkg_51,568
3ya628u7mnqpwrujxqkg_53,274
3ya628u7mnqpwrujxqkg_54,754
3ya628u7mnqpwrujxqkg_59,615
fct6indhdgy5ng7wncrt_3,875
fct6indhdgy5ng7wncrt_16,754
fct6indhdgy5ng7wncrt_17,754
fct6indhdgy5ng7wncrt_19,568
fct6indhdgy5ng7wncrt_23,482
fct6indhdgy5ng7wncrt_27,754
fct6indhdgy5ng7wncrt_28,568
fct6indhdgy5ng7wncrt_29,754
fct6indhdgy5ng7wncrt_30,568
fct6indhdgy5ng7wncrt_31,754
fct6indhdgy5ng7wncrt_32,754
fct6indhdgy5ng7wncrt_33,754
fct6indhdgy5ng7wncrt_35,754
fct6indhdgy5ng7wncrt_39,754
fct6indhdgy5ng7wncrt_43,841
fct6indhdgy5ng7wncrt_48,615
fct6indhdgy5ng7wncrt_54,568
fct6indhdgy5ng7wncrt_57,518
fct6indhdgy5ng7wncrt_58,841
fct6indhdgy5ng7wncrt_60,841
x5x6a8e2scp13soi9cfj_2,841
x5x6a8e2scp13soi9cfj_4,754
x5x6a8e2scp13soi9cfj_6,754
x5x6a8e2scp13soi9cfj_10,568
x5x6a8e2scp13soi9cfj_11,754
x5x6a8e2scp13soi9cfj_13,754
x5x6a8e2scp13soi9cfj_16,518
x5x6a8e2scp13soi9cfj_17,568
x5x6a8e2scp13soi9cfj_20,615
x5x6a8e2scp13soi9cfj_24,568
x5x6a8e2scp13soi9cfj_36,615
x5x6a8e2scp13soi9cfj_38,615
x5x6a8e2scp13soi9cfj_41,841
x5x6a8e2scp13soi9cfj_46,754
x5x6a8e2scp13soi9cfj_59,568
1n6y4kb724uzpp6xku1x_3,754
1n6y4kb724uzpp6xku1x_8,754
1n6y4kb724uzpp6xku1x_9,754
1n6y4kb724uzpp6xku1x_10,754
1n6y4kb724uzpp6xku1x_11,754
1n6y4kb724uzpp6xku1x_14,754
1n6y4kb724uzpp6xku1x_24,615
1n6y4kb724uzpp6xku1x_25,754
1n6y4kb724uzpp6xku1x_26,841
1n6y4kb724uzpp6xku1x_29,568
1n6y4kb724uzpp6xku1x_39,568
1n6y4kb724uzpp6xku1x_45,841
1n6y4kb724uzpp6xku1x_51,841
1n6y4kb724uzpp6xku1x_52,568
1n6y4kb724uzpp6xku1x_53,841
1n6y4kb724uzpp6xku1x_61,518
1n6y4kb724uzpp6xku1x_63,568
cmi67hic4lf88bplyf8c_3,754
cmi67hic4lf88bplyf8c_4,754
cmi67hic4lf88bplyf8c_5,841
cmi67hic4lf88bplyf8c_7,754
cmi67hic4lf88bplyf8c_10,754
cmi67hic4lf88bplyf8c_13,754
cmi67hic4lf88bplyf8c_14,754
cmi67hic4lf88bplyf8c_32,841
cmi67hic4lf88bplyf8c_33,568
cmi67hic4lf88bplyf8c_36,841
cmi67hic4lf88bplyf8c_37,568
cmi67hic4lf88bplyf8c_39,754
cmi67hic4lf88bplyf8c_40,615
cmi67hic4lf88bplyf8c_44,941
cmi67hic4lf88bplyf8c_53,615
cmi67hic4lf88bplyf8c_54,754
cmi67hic4lf88bplyf8c_55,754
cmi67hic4lf88bplyf8c_56,754
cmi67hic4lf88bplyf8c_60,568
cmi67hic4lf88bplyf8c_63,754
drwrmx5n6btt1n2ac0p1_0,754
drwrmx5n6btt1n2ac0p1_2,754
drwrmx5n6btt1n2ac0p1_24,615
drwrmx5n6btt1n2ac0p1_28,754
drwrmx5n6btt1n2ac0p1_40,568
drwrmx5n6btt1n2ac0p1_48,615
drwrmx5n6btt1n2ac0p1_51,568
drwrmx5n6btt1n2ac0p1_53,754
drwrmx5n6btt1n2ac0p1_60,568
mulsux8z4d1k74btjqml_8,568
mulsux8z4d1k74btjqml_24,841
mulsux8z4d1k74btjqml_32,754
mulsux8z4d1k74btjqml_41,754
mulsux8z4d1k74btjqml_43,754
mulsux8z4d1k74btjqml_49,754
mulsux8z4d1k74btjqml_50,841
mulsux8z4d1k74btjqml_52,568
mulsux8z4d1k74btjqml_54,841
mulsux8z4d1k74btjqml_62,568
xpybrb16dauxwcpjucu2_0,841
xpybrb16dauxwcpjucu2_1,841
xpybrb16dauxwcpjucu2_5,754
xpybrb16dauxwcpjucu2_8,568
xpybrb16dauxwcpjucu2_10,841
xpybrb16dauxwcpjucu2_11,754
xpybrb16dauxwcpjucu2_15,568
xpybrb16dauxwcpjucu2_19,754
xpybrb16dauxwcpjucu2_25,568
xpybrb16dauxwcpjucu2_30,841
xpybrb16dauxwcpjucu2_34,615
xpybrb16dauxwcpjucu2_38,518
xpybrb16dauxwcpjucu2_39,754
xpybrb16dauxwcpjucu2_41,754
xpybrb16dauxwcpjucu2_55,754
xpybrb16dauxwcpjucu2_59,841
rls4fnz76td2tjaufg4t_10,568
rls4fnz76td2tjaufg4t_23,841
rls4fnz76td2tjaufg4t_24,841
rls4fnz76td2tjaufg4t_25,568
rls4fnz76td2tjaufg4t_31,841
rls4fnz76td2tjaufg4t_36,568
rls4fnz76td2tjaufg4t_39,568
rls4fnz76td2tjaufg4t_41,568
rls4fnz76td2tjaufg4t_51,754
rls4fnz76td2tjaufg4t_62,754
xib614ir8nrtoumlrfxc_35,325
xib614ir8nrtoumlrfxc_39,578
xib614ir8nrtoumlrfxc_41,317
xib614ir8nrtoumlrfxc_43,1005
xib614ir8nrtoumlrfxc_44,1005
xib614ir8nrtoumlrfxc_51,392
xib614ir8nrtoumlrfxc_53,1005
xib614ir8nrtoumlrfxc_58,172
xib614ir8nrtoumlrfxc_59,392
2w13vy99vczsyel4fg62_12,317
2w13vy99vczsyel4fg62_13,362
2w13vy99vczsyel4fg62_19,362
2w13vy99vczsyel4fg62_20,491
2w13vy99vczsyel4fg62_22,362
2w13vy99vczsyel4fg62_27,59
2w13vy99vczsyel4fg62_34,325
2w13vy99vczsyel4fg62_35,34
2w13vy99vczsyel4fg62_42,719
2w13vy99vczsyel4fg62_45,34
2w13vy99vczsyel4fg62_50,377
2w13vy99vczsyel4fg62_51,394
2w13vy99vczsyel4fg62_53,394
2w13vy99vczsyel4fg62_58,90
2w13vy99vczsyel4fg62_59,637
pkzzvcj5ww7z3g473qr0_4,687
pkzzvcj5ww7z3g473qr0_13,491
pkzzvcj5ww7z3g473qr0_19,342
pkzzvcj5ww7z3g473qr0_22,491
pkzzvcj5ww7z3g473qr0_38,34
pkzzvcj5ww7z3g473qr0_51,394
pkzzvcj5ww7z3g473qr0_52,34
pkzzvcj5ww7z3g473qr0_59,637
pkzzvcj5ww7z3g473qr0_60,430
nqfsdwguoj006ss7tgmk_3,103
nqfsdwguoj006ss7tgmk_4,307
nqfsdwguoj006ss7tgmk_11,373
nqfsdwguoj006ss7tgmk_12,307
nqfsdwguoj006ss7tgmk_19,373
nqfsdwguoj006ss7tgmk_20,307
nqfsdwguoj006ss7tgmk_27,377
nqfsdwguoj006ss7tgmk_35,307
nqfsdwguoj006ss7tgmk_40,103
nqfsdwguoj006ss7tgmk_44,307
nqfsdwguoj006ss7tgmk_49,103
nqfsdwguoj006ss7tgmk_51,514
nqfsdwguoj006ss7tgmk_52,307
nqfsdwguoj006ss7tgmk_54,741
nqfsdwguoj006ss7tgmk_57,373
nqfsdwguoj006ss7tgmk_58,103
nqfsdwguoj006ss7tgmk_59,103
nqfsdwguoj006ss7tgmk_60,1006
nqfsdwguoj006ss7tgmk_61,1006
2q83sbf5ruve2ku5g4gq_0,956
2q83sbf5ruve2ku5g4gq_1,176
2q83sbf5ruve2ku5g4gq_2,657
2q83sbf5ruve2ku5g4gq_11,781
2q83sbf5ruve2ku5g4gq_12,445
2q83sbf5ruve2ku5g4gq_13,317
2q83sbf5ruve2ku5g4gq_14,317
2q83sbf5ruve2ku5g4gq_18,578
2q83sbf5ruve2ku5g4gq_19,121
2q83sbf5ruve2ku5g4gq_22,445
2q83sbf5ruve2ku5g4gq_38,878
2q83sbf5ruve2ku5g4gq_40,491
2q83sbf5ruve2ku5g4gq_42,278
2q83sbf5ruve2ku5g4gq_47,878
2q83sbf5ruve2ku5g4gq_48,1015
2q83sbf5ruve2ku5g4gq_49,1015
2q83sbf5ruve2ku5g4gq_51,121
2q83sbf5ruve2ku5g4gq_52,878
2q83sbf5ruve2ku5g4gq_60,121
w9xs4f8balwk4r1deljl_2,445
w9xs4f8balwk4r1deljl_4,440
w9xs4f8balwk4r1deljl_9,176
w9xs4f8balwk4r1deljl_10,878
w9xs4f8balwk4r1deljl_13,491
w9xs4f8balwk4r1deljl_16,445
w9xs4f8balwk4r1deljl_18,878
w9xs4f8balwk4r1deljl_26,878
w9xs4f8balwk4r1deljl_29,878
w9xs4f8balwk4r1deljl_35,878
w9xs4f8balwk4r1deljl_39,578
w9xs4f8balwk4r1deljl_51,876
w9xs4f8balwk4r1deljl_58,201
w9xs4f8balwk4r1deljl_59,844
p0hvlj7tjr9dadgympg7_5,878
p0hvlj7tjr9dadgympg7_12,878
p0hvlj7tjr9dadgympg7_14,878
p0hvlj7tjr9dadgympg7_17,165
p0hvlj7tjr9dadgympg7_18,278
p0hvlj7tjr9dadgympg7_23,807
p0hvlj7tjr9dadgympg7_29,445
p0hvlj7tjr9dadgympg7_33,430
p0hvlj7tjr9dadgympg7_54,172
lnxm547i5y16z73f5rrl_1,172
lnxm547i5y16z73f5rrl_19,807
lnxm547i5y16z73f5rrl_23,106
lnxm547i5y16z73f5rrl_26,878
lnxm547i5y16z73f5rrl_27,878
lnxm547i5y16z73f5rrl_31,620
lnxm547i5y16z73f5rrl_62,230
lnxm547i5y16z73f5rrl_63,402
kibqh7iaucczq5avrnms_1,768
kibqh7iaucczq5avrnms_3,878
kibqh7iaucczq5avrnms_6,878
kibqh7iaucczq5avrnms_11,768
kibqh7iaucczq5avrnms_13,878
kibqh7iaucczq5avrnms_14,878
kibqh7iaucczq5avrnms_20,878
kibqh7iaucczq5avrnms_21,768
kibqh7iaucczq5avrnms_23,417
kibqh7iaucczq5avrnms_25,445
kibqh7iaucczq5avrnms_30,768
kibqh7iaucczq5avrnms_34,106
kibqh7iaucczq5avrnms_37,768
kibqh7iaucczq5avrnms_50,807
kibqh7iaucczq5avrnms_55,422
kibqh7iaucczq5avrnms_56,445
jnouo2u38t17mzk565j2_0,956
jnouo2u38t17mzk565j2_3,726
jnouo2u38t17mzk565j2_4,956
jnouo2u38t17mzk565j2_5,440
jnouo2u38t17mzk565j2_6,362
jnouo2u38t17mzk565j2_9,726
jnouo2u38t17mzk565j2_12,362
jnouo2u38t17mzk565j2_18,624
jnouo2u38t17mzk565j2_26,904
jnouo2u38t17mzk565j2_34,258
jnouo2u38t17mzk565j2_36,519
jnouo2u38t17mzk565j2_41,897
jnouo2u38t17mzk565j2_42,342
jnouo2u38t17mzk565j2_48,1006
jnouo2u38t17mzk565j2_49,983
jnouo2u38t17mzk565j2_50,637
jnouo2u38t17mzk565j2_51,637
jnouo2u38t17mzk565j2_58,637
jnouo2u38t17mzk565j2_59,637
jnouo2u38t17mzk565j2_60,844
p201hjlxm4uo4i7ku0hf_6,687
p201hjlxm4uo4i7ku0hf_14,384
p201hjlxm4uo4i7ku0hf_16,165
p201hjlxm4uo4i7ku0hf_24,165
p201hjlxm4uo4i7ku0hf_27,325
p201hjlxm4uo4i7ku0hf_28,491
p201hjlxm4uo4i7ku0hf_29,445
p201hjlxm4uo4i7ku0hf_30,807
p201hjlxm4uo4i7ku0hf_31,807
p201hjlxm4uo4i7ku0hf_33,317
p201hjlxm4uo4i7ku0hf_34,317
p201hjlxm4uo4i7ku0hf_35,807
p201hjlxm4uo4i7ku0hf_36,807
p201hjlxm4uo4i7ku0hf_39,878
p201hjlxm4uo4i7ku0hf_40,874
p201hjlxm4uo4i7ku0hf_41,362
p201hjlxm4uo4i7ku0hf_44,445
p201hjlxm4uo4i7ku0hf_47,878
p201hjlxm4uo4i7ku0hf_61,624
w2a4hpumywe4qj1fe16h_0,171
w2a4hpumywe4qj1fe16h_1,817
w2a4hpumywe4qj1fe16h_2,702
w2a4hpumywe4qj1fe16h_3,956
w2a4hpumywe4qj1fe16h_4,294
w2a4hpumywe4qj1fe16h_9,171
w2a4hpumywe4qj1fe16h_10,440
w2a4hpumywe4qj1fe16h_11,653
w2a4hpumywe4qj1fe16h_12,653
w2a4hpumywe4qj1fe16h_16,158
w2a4hpumywe4qj1fe16h_19,422
w2a4hpumywe4qj1fe16h_21,741
w2a4hpumywe4qj1fe16h_26,422
w2a4hpumywe4qj1fe16h_27,422
w2a4hpumywe4qj1fe16h_32,373
w2a4hpumywe4qj1fe16h_33,373
w2a4hpumywe4qj1fe16h_41,526
w2a4hpumywe4qj1fe16h_42,373
w2a4hpumywe4qj1fe16h_62,430
w2a4hpumywe4qj1fe16h_63,402
kxzqiolqextnc6dy0hxd_0,239
kxzqiolqextnc6dy0hxd_6,526
kxzqiolqextnc6dy0hxd_10,136
kxzqiolqextnc6dy0hxd_12,702
kxzqiolqextnc6dy0hxd_16,702
kxzqiolqextnc6dy0hxd_17,702
kxzqiolqextnc6dy0hxd_18,702
kxzqiolqextnc6dy0hxd_19,702
kxzqiolqextnc6dy0hxd_60,702
kxzqiolqextnc6dy0hxd_62,627
k1lrxzz25vq5mlia34he_1,627
k1lrxzz25vq5mlia34he_7,702
k1lrxzz25vq5mlia34he_8,627
k1lrxzz25vq5mlia34he_9,627
k1lrxzz25vq5mlia34he_18,627
k1lrxzz25vq5mlia34he_20,627
k1lrxzz25vq5mlia34he_22,627
k1lrxzz25vq5mlia34he_27,184
k1lrxzz25vq5mlia34he_28,627
k1lrxzz25vq5mlia34he_36,184
adhsmhv13p0qbp7sdh2p_1,627
adhsmhv13p0qbp7sdh2p_3,627
adhsmhv13p0qbp7sdh2p_5,627
adhsmhv13p0qbp7sdh2p_6,956
adhsmhv13p0qbp7sdh2p_8,627
adhsmhv13p0qbp7sdh2p_9,627
adhsmhv13p0qbp7sdh2p_20,627
adhsmhv13p0qbp7sdh2p_26,526
adhsmhv13p0qbp7sdh2p_28,627
adhsmhv13p0qbp7sdh2p_34,526
adhsmhv13p0qbp7sdh2p_47,294
adhsmhv13p0qbp7sdh2p_50,526
adhsmhv13p0qbp7sdh2p_53,627
adhsmhv13p0qbp7sdh2p_55,879
adhsmhv13p0qbp7sdh2p_58,526
adhsmhv13p0qbp7sdh2p_63,702
